,discrete_label,continuous_label,binary_label,L_O_DSphi_Mean,L_O_DSphi_Std,L_O_DSphi_Slope,L_O_DSphi_Intercept,L_O_DSphi_Kurtosis,L_O_DSphi_Skewness,L_D_DSphi_Mean,L_D_DSphi_Std,L_D_DSphi_Slope,L_D_DSphi_Intercept,L_D_DSphi_Kurtosis,L_D_DSphi_Skewness,R_D_DSphi_Mean,R_D_DSphi_Std,R_D_DSphi_Slope,R_D_DSphi_Intercept,R_D_DSphi_Kurtosis,R_D_DSphi_Skewness,R_O_DSphi_Mean,R_O_DSphi_Std,R_O_DSphi_Slope,R_O_DSphi_Intercept,R_O_DSphi_Kurtosis,R_O_DSphi_Skewness,L_O_DSI_Mean,L_O_DSI_Std,L_O_DSI_Slope,L_O_DSI_Intercept,L_O_DSI_Kurtosis,L_O_DSI_Skewness,R_D_DSI_Mean,R_D_DSI_Std,R_D_DSI_Slope,R_D_DSI_Intercept,R_D_DSI_Kurtosis,R_D_DSI_Skewness,R_O_DSI_Mean,R_O_DSI_Std,R_O_DSI_Slope,R_O_DSI_Intercept,R_O_DSI_Kurtosis,R_O_DSI_Skewness,L_D_DSI_Mean,L_D_DSI_Std,L_D_DSI_Slope,L_D_DSI_Intercept,L_D_DSI_Kurtosis,L_D_DSI_Skewness,start_timestamp,end_timestamp,pid,condition
0,0,0.3808231874795684,0,-1.7770293235030499,0.6747749348692031,-3.866162474307847,10.129715913727859,-1.3353991755748096,0.18103629201785346,0.29158367685593106,0.1158508271637798,3.675675515058846,15.928233018389811,-1.3533641007377981,-0.43067097970388074,0.11101073330931004,0.1384695224995761,4.671881299776228,16.481371030977794,-1.2947549861203451,-0.4757072831356282,2.3367878244805445,0.9120558406590005,-9.612294627825396,39.461893051622134,-1.6239715713781158,-0.23439175555712402,1.238745464268942,0.1419502885326851,39.28007429687108,-31.658013871396125,-1.3928418208571598,0.2836546679752393,-0.3590772223769019,0.13369423126353452,30.636117551378803,28.000731994761356,-1.3363178742052748,-0.17747290961666518,-0.6774918265204467,0.11236644242923574,47.96794537724507,49.49789092806277,-1.3592616048358992,0.13166374553926627,0.4964092399524158,0.12492739283929058,55.933217720378096,-10.765766096665883,-0.9049378641124939,-0.5475886523525608,2024-09-18 22:43:47.626821120,2024-09-18 22:43:55.572243968,010,RP
1,0,0.3808231874795684,0,-1.749789643367731,0.6850724992132069,-3.2031378610372943,11.39518254447787,-1.4166729792053288,0.09041477060511671,0.2896570926250979,0.11507731541494728,7.225885957004786,14.906970882053463,-1.3437105404647893,-0.3976451339132384,0.10950140745266519,0.1375251314455914,9.301629412943749,15.981458487679555,-1.280202021465122,-0.4651538546088075,2.3012594247841656,0.9087147966021663,-9.579431417759992,39.04475683419371,-1.6405567301932578,-0.13767042234170823,1.241951609407454,0.14504293084731,44.20238531432044,-37.89722358076866,-1.461700021439135,0.26300765392628483,-0.35816100039777604,0.13250314216713596,21.334188661792513,24.64107435378251,-1.331136031338347,-0.16856892949200755,-0.677109866324974,0.1119732516246125,39.0959820297591,43.47227516601377,-1.3525250498248809,0.13337453724063097,0.5016938424513845,0.11848476852911972,51.612251769693785,-8.893548907905927,-0.7829717553528255,-0.5500307937951044,2024-09-18 22:43:47.703991040,2024-09-18 22:43:55.641423104,010,RP
2,0,0.3808231874795684,0,-1.7084672311247266,0.7056390122435718,-2.3240906052179784,13.029367358820243,-1.4542708628189158,0.015444553594127152,0.2862132833351018,0.1141017810214694,9.843209772814236,14.182742612366683,-1.344149603879079,-0.33128494097592426,0.10712425268184023,0.13596614674084673,14.367212970189911,15.460923047447565,-1.256988356148056,-0.45170653175911196,2.270915694698965,0.9032432563483574,-9.495601507290067,38.56371049351216,-1.6298618553901618,-0.05267869805980078,1.2449302881765087,0.1475418931280189,48.35575374968238,-43.19954245058435,-1.5293325632319825,0.23338696541534001,-0.35733469434927384,0.13134660902275216,11.008531798798606,20.933730345557965,-1.3357372337474003,-0.15553755081276835,-0.6778297645730719,0.11275210642189555,28.995515957889943,36.65402375541128,-1.3627806735649006,0.12790154033914933,0.506474702044962,0.11209782289238894,45.40402959300075,-5.995992359755676,-0.6952412298100916,-0.5240625363305069,2024-09-18 22:43:47.771848960,2024-09-18 22:43:55.712610816,010,RP
3,0,0.3808231874795684,0,-1.6534402997320063,0.7381095487965506,-1.3422387258777349,14.78068839877281,-1.3547306597741469,0.002179440649593864,0.28114370332977473,0.11323590118599756,11.508436039585165,13.764475672297179,-1.365217422536697,-0.23419648407689406,0.10400014529889856,0.13375745702026332,20.174808064862795,14.901817029876879,-1.2266790593041057,-0.44134162297635093,2.245127072657908,0.896491153031864,-9.346021192709426,37.98300520138648,-1.5999411845902818,0.02085990731858363,1.2477052618369118,0.14949875522977304,51.78424052081695,-47.61146937805149,-1.5902907143883775,0.19755865410533444,-0.3565413898761513,0.13017117196598066,-0.22583387741773686,16.919480875464362,-1.349620834911379,-0.1385156272784486,-0.6795736801234331,0.11474141495482247,18.143398086418877,29.329775807532133,-1.375925441240579,0.10824067881434767,0.5108072827275354,0.10580158080175588,36.824665535136006,-1.8103073393531564,-0.6679676702613708,-0.46248123393631313,2024-09-18 22:43:47.839670784,2024-09-18 22:43:55.773981952,010,RP
4,0,0.369461906882416,0,-1.585616151439177,0.7822831714664379,-0.385880594805932,16.388141496348755,-1.1032298731872552,0.06339248819912324,0.27440284932777737,0.11278913517151472,12.188573785508531,13.65542062401461,-1.4007639824823652,-0.12336068954360743,0.10030096867098653,0.13087250899730477,27.098911057939485,14.281952970959754,-1.1937069046269848,-0.4424020340453983,2.2231502437205948,0.8890749672193284,-9.121450271657594,37.27835439452086,-1.5575269502668279,0.08403565908599608,1.2503059891357131,0.15096799555710672,54.50507456586309,-51.14802116798728,-1.6410808263855077,0.1576517112573894,-0.35574208485333214,0.12893583860349375,-12.274258327801963,12.633529752439362,-1.3728629448627763,-0.11730618220007541,-0.6822495627323016,0.11797138959038378,7.071684299408573,21.824653521052383,-1.372697390113371,0.06797563358871872,0.514740345317775,0.09962065543621858,25.271445672251957,3.991767327985633,-0.7381923761086315,-0.3557350387408664,2024-09-18 22:43:47.907485184,2024-09-18 22:43:55.836029952,010,RP
5,0,0.3636602552656746,0,-1.5063910524208648,0.8363714165523052,0.45230419892807056,17.681346998237636,-0.7795375267112661,0.17547519663449948,0.2660080688024096,0.11302569606079405,11.888547535723886,13.837550429156451,-1.4223078428684055,-0.028110627318585175,0.09623539651516083,0.12732224079391966,35.58545835459852,13.57541930507147,-1.1673029521471603,-0.4649364211631559,2.2041696165002227,0.8813372763582314,-8.817736224983381,36.43578627342174,-1.5072645137801255,0.13853012798027056,1.252764619488051,0.15199989029243796,56.519373851680186,-53.80547187700301,-1.6796358042168287,0.1152819827434801,-0.3549167911275042,0.12762315006825686,-25.055181267180945,8.107495463534189,-1.4053106453917807,-0.09189064353149025,-0.6857645163357139,0.12246861939447361,-3.693544698253481,14.467098106437858,-1.336828731391729,0.003545475141049605,0.5183146114986182,0.09357491716069423,9.982476902491918,11.825936362490971,-0.9590125077226874,-0.19109754785267163,2024-09-18 22:43:48.850579968,2024-09-18 22:43:55.916016128,010,RP
6,0,0.3635586979162434,0,-1.4175801165566981,0.8975880453770771,1.1344630233794764,18.608192224911544,-0.49007584899181067,0.299903304671218,0.2560378526706203,0.11412690606732527,10.697116392339284,14.261133289137755,-1.3910084160006972,0.019843718268032905,0.092032353701741,0.12318966368708376,46.12838224790669,12.75469640927154,-1.162641269584831,-0.5194433208081404,2.1873481776030688,0.8733556054398619,-8.43386233077307,35.44779339937164,-1.451487172581676,0.1863037847081508,1.2551131699902018,0.15263729491135092,57.82269720188496,-55.57402878244144,-1.7049175951238882,0.07170698320654283,-0.354064690323459,0.12624589062014277,-38.47754553776793,3.3764597547634154,-1.4456083472067833,-0.06289444965100523,-0.6900376907188034,0.12825381172176165,-13.685712109314633,7.556342820246164,-1.2611286848856567,-0.08430665218492682,0.5215620470666141,0.08768539700987314,-10.009044520553806,22.220337749320915,-1.406705253321539,0.04821129142371034,2024-09-18 22:43:50.175961856,2024-09-18 22:43:55.983800832,010,RP
7,0,0.3917159725805345,0,-1.3396644605644616,0.9781282977523549,1.9686187255801084,19.637288543061377,-0.3909177590083939,0.40135140694295235,0.24605275768368542,0.11815867917894239,6.620603212356429,15.370982322070235,-1.2688667311878024,0.03424255889716763,0.09066036487084694,0.12226570720018495,52.35703851201067,12.253291784944128,-1.1449077515981998,-0.5125074651525421,2.1628688950848924,0.8553014312705605,-7.92226976931603,34.134830862525014,-1.3595236501623216,0.2328241008332125,1.259996385854662,0.15168529893300758,57.26150232197746,-55.149285974299936,-1.6852805134607378,-0.011236644982202306,-0.3555360063585402,0.12810178445803752,-47.14612417130059,0.23785529685194096,-1.4469786715435624,-0.079482305215346,-0.6932433316433766,0.13365058177088482,-24.94490723158267,-0.2928905967573225,-1.0919351587436599,-0.20176415302906267,0.5226708052906145,0.08602042224847391,-28.02618557841718,31.648468985495523,-1.4623085691633708,0.09936313856877622,2024-09-18 22:43:50.243840000,2024-09-18 22:43:56.900813056,010,RP
8,0,0.3916571491138786,0,-1.2612154432861848,1.0620015889499101,2.6369193979248133,20.325723467363687,-0.4076896971790962,0.46494655065757046,0.23563733882846186,0.12416452250360911,1.4638521722878508,16.655061769683833,-1.0984375956406907,0.0056107818708728534,0.09064716722811961,0.12225824121288828,56.99071562086396,11.833953070665338,-1.1447550348989624,-0.5123749224926859,2.1379176823905666,0.8339258452623048,-7.293139629694326,32.59213217446688,-1.2583184228767805,0.26946060283990486,1.264585044996261,0.1501672972667233,56.21091919481933,-54.08348777926181,-1.641528955950858,-0.08642808095493487,-0.35758002063768707,0.1303755333372032,-53.97383474405622,-2.2999649416747263,-1.470626983957867,-0.08609905067349535,-0.6975682467910254,0.14099653142845833,-34.14606396030923,-6.819209971607128,-0.8918210085400582,-0.3406436574186176,0.5232997055064952,0.08510748484436678,-45.778721209298325,40.95599132728975,-1.4886921042167458,0.12652718171628743,2024-09-18 22:43:50.311508736,2024-09-18 22:43:56.963298048,010,RP
9,0,0.3916571491138786,0,-1.1839260451413263,1.1451025088154403,3.1729583807839443,20.75654806715956,-0.5078323882326541,0.492362603597504,0.2250413117756715,0.13177100542769093,-3.990832443367852,17.898102168132407,-0.945820168636553,-0.04600218621906046,0.09216018615843746,0.1229031799132587,59.85331803077724,11.483907068083411,-1.1527677864917993,-0.5344506045627014,2.1125318766796846,0.8090571465625068,-6.518943134959947,30.771475174865092,-1.1553671949912219,0.2919002320869967,1.268912045910928,0.1481768277920586,54.605905707604144,-52.290091530255225,-1.5783966581715514,-0.15356784477055477,-0.360224127367467,0.13287692829414444,-59.01341417558799,-4.258055624376086,-1.516010391391179,-0.07607817576756395,-0.7032283587126292,0.15038597523266153,-40.70176492188005,-11.622635342720972,-0.7141337445366926,-0.4775745075925142,0.5234118498732782,0.08495426268498257,-62.04120417128118,49.47310144365599,-1.4915718059654546,0.13048797330011444,2024-09-18 22:43:50.378789120,2024-09-18 22:43:57.036936960,010,RP
10,0,0.3916571491138786,0,-1.109329912857266,1.2239452827841037,3.6130692122099943,21.00808575432818,-0.6562798985565941,0.49017370712572256,0.21452879256196078,0.1404153686579106,-9.190465219483352,18.97161940661845,-0.8595948890506802,-0.09846048699483305,0.09527055287310476,0.12370766222612166,61.161367545666195,11.173122699449213,-1.136677207256414,-0.5901043690476688,2.087063988161474,0.7808505268822908,-5.554426283835361,28.592443071890344,-1.063983641324285,0.2939197753483238,1.2730568482153468,0.14576249743250888,52.40051737176697,-49.70883749015521,-1.4996181699491775,-0.2129719967897322,-0.3634957361321012,0.13539293270989958,-62.46780095057166,-5.706779291081618,-1.573999832007292,-0.045703533099080575,-0.7104149085346108,0.1616681015913502,-44.590951614650486,-14.67807681279318,-0.6080111890411479,-0.5880152121170349,0.5229645274513797,0.08551222864116702,-75.77337967484111,56.62678969504726,-1.488641036642016,0.11981475824995472,2024-09-18 22:43:50.447152128,2024-09-18 22:43:57.102627072,010,RP
11,0,0.3916571491138786,0,-1.0387224902544487,1.2958021361847878,3.9870673091583906,21.141456484181106,-0.8251484037256174,0.4656032178448062,0.20436937721768147,0.14945909585831146,-13.887715225581609,19.83822371162862,-0.851690598859264,-0.137043197485639,0.09994165513981573,0.12403170899094325,61.400786370314854,10.863503783264498,-1.0544904539254414,-0.682217558563566,2.0621953450878427,0.7500170816080626,-4.333423604368358,25.93636598522221,-1.0041269532652455,0.2682167044140695,1.2771391183971905,0.1429141354134596,49.57919496696246,-46.31952935094884,-1.4074095984130954,-0.2652649729518384,-0.3674193655334976,0.13769789445374017,-64.6245381949539,-6.7443068214852495,-1.6304412282854972,0.005859419112549856,-0.7192715884543242,0.17443753221011557,-46.26429238170073,-16.276591070101162,-0.593591640007141,-0.6559392448169991,0.5219141245588469,0.08666717802955774,-86.36955938002515,62.07749297235913,-1.4983114093347336,0.1081717358780387,2024-09-18 22:43:50.515250944,2024-09-18 22:43:57.166237184,010,RP
12,0,0.3916571491138786,0,-0.9730953827926277,1.3587614730046929,4.315828890759761,21.199713166521345,-0.9950258689428346,0.42490294878823487,0.1948262063255283,0.1582845060481276,-18.061912345801936,20.518933861316814,-0.9073400716792315,-0.15593137111998878,0.10602923313554086,0.12321243244828607,61.1241406467774,10.519054241153254,-0.8725982999340687,-0.806096547166281,2.0389136344990275,0.7180442474264028,-2.772789218757835,22.653477743717254,-0.9991159900596509,0.20900367140057238,1.2813056138767382,0.13956204815013099,46.1555093760765,-42.139313274907266,-1.302575769895671,-0.31089850294413307,-0.3720130046921179,0.13956412903004242,-65.79928346036986,-7.478189146680556,-1.6701986605088384,0.07723587958705322,-0.729876020469754,0.1880800070870592,-46.38813637481352,-16.857588374257134,-0.6596960428089278,-0.6772391320910132,0.5202215322597872,0.08824104580530347,-93.75977014003487,65.77585128657435,-1.5278512404446656,0.1094151192943279,2024-09-18 22:43:50.576487936,2024-09-18 22:43:57.226653952,010,RP
13,0,0.3916571491138786,0,-0.9130960260422728,1.411718447456418,4.611594732532969,21.210828823993328,-1.1532876414061974,0.3730511890202026,0.18614207561634805,0.16636036358374473,-21.805194657950654,21.058864192849434,-1.001843036271396,-0.15548749451644953,0.11329197302394878,0.1206863154631914,60.79756271002008,10.11212416553457,-0.5741682665072827,-0.9531957456978039,2.018456863722612,0.6873418617573834,-0.7937200122962088,18.602089606693283,-1.0640921910935737,0.11740264616740143,1.2857131845031198,0.13559105283800907,42.15666699081401,-37.20138256479706,-1.1853862601619805,-0.34960729662324846,-0.3772842273996457,0.14077301419785399,-66.29616547157387,-8.012497569501814,-1.6801684091548628,0.16571016894465682,-0.7422267056058016,0.20185079519156532,-45.60997013741895,-16.852937877875462,-0.7781892358744633,-0.6569495813361889,0.5178574277058304,0.09000536635167765,-98.33037525495419,67.9211151948796,-1.5692980800753977,0.13329951429302106,2024-09-18 22:43:51.525959936,2024-09-18 22:43:57.304763904,010,RP
14,0,0.3710788671353245,0,-0.8590188187896971,1.4543088083832412,4.879065354832038,21.191208957905555,-1.292012433687881,0.3139595659541586,0.1785246008887111,0.17328248217698544,-25.237270746751037,21.505473687584068,-1.1113752544246338,-0.1392613983984962,0.12141033577759515,0.11607954318330439,60.73351607499497,9.62632342038089,-0.15710062182359552,-1.1141507286551342,2.0022340231487727,0.6612113717556903,1.6264579198407014,13.743450615675172,-1.1854308201657136,0.009121182019203264,1.2905101308304663,0.1308692893952314,37.59643205761846,-31.518576453435944,-1.0572050348215618,-0.3799246489185594,-0.383226683863756,0.14112632095853736,-66.38539840356468,-8.44065608717237,-1.6507713687819439,0.26801507554784065,-0.7562361161122806,0.21496232094157866,-44.43678283490282,-16.60470006359176,-0.9193863690624671,-0.6044028833161954,0.5148069628552439,0.09170270708781314,-100.735536492051,68.85935559306633,-1.6042252929268044,0.18377317146690433,2024-09-18 22:43:51.591496192,2024-09-18 22:43:58.247004160,010,RP
15,0,0.3713097468168872,0,-0.8108258708886709,1.486797536817674,5.116628096059392,21.1486944320008,-1.4063982228608276,0.2507900680156846,0.17213101270924028,0.17879934014117327,-28.45538449507775,21.898054150168544,-1.217174522429797,-0.11215476300009819,0.1300110598738725,0.10925805932145308,61.06816629443289,9.060462975506887,0.37077472985382043,-1.279564180379882,1.9917343165658832,0.6435018557759388,4.374355143247626,8.287446748347236,-1.3059464079121226,-0.08149682108373563,1.2958182502892508,0.12529021992773304,32.4436023395569,-25.041012016724856,-0.9228170883641384,-0.39887607654779017,-0.38981746058280226,0.1404570356349471,-66.29485498458546,-8.842892019796222,-1.576136121813039,0.3809152659004349,-0.7717307437816278,0.22666532748330193,-43.212769702265604,-16.348622903193643,-1.0604090436759255,-0.5294523167432978,0.5110735651393763,0.09307105424879679,-101.70431405461272,68.9783863739457,-1.6120160985932577,0.2597728737402857,2024-09-18 22:43:51.653575936,2024-09-18 22:43:58.309488896,010,RP
16,0,0.3715838865431505,0,-0.7681936727989422,1.5099264935390577,5.317628779010621,21.084968782329522,-1.4938436680471343,0.18619780852014983,0.16705444015401852,0.18282549879391186,-31.506077985061165,22.26323021924324,-1.3063142122968523,-0.07958298409850006,0.138694472329669,0.10034320076131645,61.71530738254733,8.440428007914267,0.9919379826844898,-1.4383409338261883,1.9884330650119986,0.6378534330476344,7.146473627904573,2.7897155400382956,-1.3495819916783978,-0.11302988453957478,1.3017186628024635,0.11882388710866434,26.596861435634978,-17.62163090273716,-0.793429535295239,-0.40199610965476856,-0.39701557716070357,0.1386387152571614,-66.21121636780742,-9.286884280777269,-1.4534634587954636,0.5015643670966501,-0.7884581801849118,0.23631507637852828,-42.14701490190675,-16.231158669783742,-1.1869687012215226,-0.4405568840372272,0.506681604535573,0.09386717081700743,-101.90936798888308,68.63560208981343,-1.5762264779179884,0.35718861634937893,2024-09-18 22:43:51.728667904,2024-09-18 22:43:58.371974144,010,RP
17,0,0.3718622517572921,0,-0.7305846053197326,1.5247277108463193,5.471750443579365,20.997576638230502,-1.5535102659941944,0.12245767251770906,0.16331574264306326,0.1854389512706234,-34.36730468706689,22.612721887608757,-1.3714872941608804,-0.04709683117525993,0.1470614996653285,0.08970546590384557,62.20695151425107,7.851752420705859,1.6684312779852908,-1.5731191882053333,1.9936998297261652,0.6466570821836367,9.520523195983046,-1.981065474735402,-1.2888109523595244,-0.0663841726996629,1.3082440244898432,0.11157207581648858,19.882311493774473,-9.01091520477618,-0.6902568128855431,-0.38392745251785754,-0.40476171395938015,0.13559253683041386,-66.28677252067827,-9.83034765830527,-1.2820480801343017,0.627670023638943,-0.8060999043850757,0.24341896411535885,-41.3530015578771,-16.33465060184061,-1.2918261961327275,-0.34425138362118135,0.5016776655389688,0.09388648788413247,-101.90854997898637,68.12524345191922,-1.4871411124134981,0.47077270864517634,2024-09-18 22:43:51.793092096,2024-09-18 22:43:58.454194176,010,RP
18,0,0.3724626670656154,0,-0.6973380648180095,1.5323300937331725,5.566448929549676,20.881696724440452,-1.586092807783535,0.061532596522517004,0.1608644953492275,0.186859783980418,-36.93684546067599,22.94182700482405,-1.4107618420861463,-0.02005874462733579,0.15473793081897347,0.07795207608357957,61.25760403717469,7.521125104359592,2.310127443955836,-1.6511042063364798,2.0087143702506065,0.6702153945610648,11.162929535450642,-5.423136971954633,-1.175285958032165,0.03552580625401174,1.3153780853591046,0.10382183034180609,12.107142910338263,1.0745295394302006,-0.6476234867362285,-0.34011641663591846,-0.4129791642978404,0.13129158279115777,-66.64906928772716,-10.524676935674428,-1.0622973375204317,0.7575168448481825,-0.8242876588502908,0.24766552189406826,-40.881712528300866,-16.69829110974371,-1.372403600072865,-0.2453281031358309,0.49613014581960074,0.09297806205300511,-102.13982761157291,67.67464756691857,-1.3413690552961701,0.5954375596247047,2024-09-18 22:43:51.855365888,2024-09-18 22:43:58.522497792,010,RP
19,0,0.3727748564588667,0,-0.6677655801334297,1.5338037438952727,5.588231212075529,20.731628457251354,-1.5936627435747748,0.005157938397212444,0.15958924794679172,0.18741276233992502,-39.02952240317891,23.228692128045793,-1.4274352657816605,-0.003103905159224087,0.16139516786982933,0.0659234758010331,55.74281765550003,8.00337858695328,2.708424062023762,-1.6084902853646592,2.034393944167094,0.7066320781554056,11.997158917745695,-7.406947449472095,-1.0805303727669138,0.1456924529274346,1.3230619591129675,0.09609033749768113,3.24118667010914,12.711709214394572,-0.7102216645959047,-0.2703146600224666,-0.4215759091278535,0.12576226476741073,-67.41180798107783,-11.419194235575171,-0.7949465463758756,0.8898887638968287,-0.8426219798702572,0.2489373444770119,-40.7429959792117,-17.330943937849295,-1.4286601438784283,-0.14727726204162228,0.49012704340007524,0.09105365723054258,-102.94501242595847,67.45613457311904,-1.140067846237562,0.7269090216342445,2024-09-18 22:43:51.932900864,2024-09-18 22:43:58.590329856,010,RP
20,0,0.3730783025087588,0,-0.6412329168287287,1.5300757408418313,5.523554217078969,20.541884781879173,-1.5796150482259015,-0.04503354435982564,0.15933425835142373,0.18747914419802988,-40.39023246924435,23.435547735128644,-1.4295737416583925,0.0007645218808243533,0.16676823934043242,0.05470451220843737,38.86857417675282,10.517956318869937,2.4664946759726574,-1.339534687802729,2.071330325141227,0.7524551274797907,12.178970038770755,-8.226669970292301,-1.0309116183791904,0.22786601586524016,1.331205216696937,0.08914524671884262,-6.17391802874784,25.218751887328395,-0.9086895263381072,-0.18340909052080356,-0.4304475659628654,0.1190830540000227,-68.68642436623324,-12.56590418313754,-0.4805906006544274,1.0239082781888376,-0.8606929407776827,0.24731057914824733,-40.9155624934128,-18.21573580602851,-1.4615363667028571,-0.05277418102007843,0.483772213836054,0.08809063296462487,-104.60480407394068,67.60489764473698,-0.887003575478774,0.8619127032867497,2024-09-18 22:43:52.861235968,2024-09-18 22:43:58.647597824,010,RP
21,0,0.3777005185957945,0,-0.617223464957806,1.5219271343238356,5.359262081765676,20.3078623117244,-1.5487844278479637,-0.08737997034913246,0.15991938588472976,0.18744354365016838,-40.73019751606655,23.513548173733124,-1.4283351698018802,-0.00869453180456124,0.17067174676390737,0.045607857796143805,-0.27186254985329217,17.046399256263157,1.2302314487933934,-0.7667035350803622,2.119733248614806,0.8035991766167186,11.951103036612887,-8.333150464329723,-1.0105648190897634,0.27125716488980856,1.3396992165425234,0.08395818324491772,-14.45858448776045,36.37015431056657,-1.1949780768072544,-0.09760063811572639,-0.4394808416481321,0.11138113589522511,-70.5944708121903,-14.024917448245883,-0.11965459677686408,1.1587775813246264,-0.8781035123370895,0.24304098124123857,-41.347879195413164,-19.307717949181978,-1.4720343045890925,0.035851872515758464,0.477180788768193,0.08412922434615006,-107.3759341346554,68.2377329450964,-0.5870538854972907,0.9980902043579719,2024-09-18 22:43:52.943453184,2024-09-18 22:43:59.585752832,010,RP
22,0,0.377961338957402,0,-0.5953858213997147,1.51006470929773,5.0826537675099805,20.026139988259285,-1.5076816247759346,-0.1201367984241028,0.16116027411853037,0.18764320320866426,-39.786541654896794,23.412009959331503,-1.4343539765448632,-0.02817598517670504,0.17301223664027074,0.039924894968823545,-65.50004270260857,28.332308888011564,-0.31421063167957763,-0.11159080869259069,2.1793848736185977,0.8560972926539856,11.526791279625362,-8.12131455617427,-0.9960620039757337,0.2829316528590449,1.3484305082368258,0.08151863212954698,-18.81568004818134,42.37163701019066,-1.3883695016026842,-0.024368075433277174,-0.4485571277249217,0.10282808181051804,-73.28124851977658,-15.87082635212716,0.2869948010163794,1.293365522448833,-0.8944944763947198,0.23653524820562238,-41.952554605402334,-20.526328365180255,-1.46103070407064,0.11617531371544626,0.47047439754751436,0.07926550371434282,-111.52718788332857,69.47068652957743,-0.24530466356748537,1.1337950925184157,2024-09-18 22:43:53.000381952,2024-09-18 22:43:59.665080064,010,RP
23,0,0.3782155762797332,0,-0.575565091374736,1.4952492840303753,4.681500023246699,19.694507988650816,-1.464546241077563,-0.1416322952784886,0.16288604742695903,0.18832900961897106,-37.39105516819022,23.090481185469876,-1.4529594263040875,-0.05115085473574691,0.17379319558023903,0.038163795889385906,-132.1366158654951,39.964444724422904,-0.7845262601861607,0.1318020279065868,2.249621231455913,0.9065405299914119,11.049887981955697,-7.858062609417072,-0.9760488526962776,0.27553037380134215,1.3572931457111768,0.08249223201931113,-17.050327981753483,40.14229330176148,-1.298737864283387,0.05342444450177224,-0.45755603009546103,0.09363551765228502,-76.93109585984433,-18.20028681252373,0.7363965981187017,1.4255126064965498,-0.9095679252160552,0.22830930907903782,-42.596756363896795,-21.74464330684344,-1.4299347675716618,0.18529194111082695,0.4637764313610648,0.07364136332220066,-117.3751275457231,71.43581778370526,0.13334362999224014,1.2678581229862915,2024-09-18 22:43:53.077530880,2024-09-18 22:43:59.736608768,010,RP
24,0,0.3784644165157274,0,-0.5578102929020083,1.4784432674580554,4.144656415616784,19.311932009173393,-1.428614571733135,-0.15075707378344658,0.16495157928294638,0.1896461320562654,-33.52275450622799,22.52963129771682,-1.4809539943384284,-0.06959752339122503,0.17310937714550134,0.039412068776194305,-169.48243166333847,46.33899818234551,-0.6450818090340773,0.0035859102881450416,2.3293563248474323,0.9522602514903941,10.601995932724568,-7.6958262818987135,-0.9518916516978071,0.2599600025733753,1.3661991843995847,0.08692233771327806,-9.779803713047354,30.361159856353325,-0.962331006878745,0.16424524374459545,-0.4663588646210067,0.08405110514458597,-81.78401711235016,-21.140701364660593,1.2199423011372712,1.55078748484993,-0.9231053388692727,0.2189394825441834,-43.091760136036655,-22.778233842849534,-1.3820987570715801,0.2396197939751012,0.45720735852658206,0.06743255394250602,-125.3230638701184,74.29862699451499,0.5441914985418674,1.3993588903847949,2024-09-18 22:43:53.138657024,2024-09-18 22:43:59.804454144,010,RP
25,0,0.3789692697160793,0,-0.5423498949053948,1.4609193088383798,3.4641675849310096,18.878790925622006,-1.4079886303582652,-0.14778348561599966,0.16724189197362105,0.19163479029325214,-28.323152340434127,21.736817584071293,-1.50775654790989,-0.07654295407140015,0.17113085466891953,0.04200537736481507,-179.44219692259728,47.70809652303262,-0.6440576951061217,-0.12037215382106635,2.4171488500768556,0.9913455796945208,10.22271085096685,-7.709813778082716,-0.9314761792809683,0.24311959627584434,1.3750865268159185,0.09426078771165965,0.10263970433640011,16.858861525450646,-0.5900751210042614,0.30672320280233295,-0.474852341502344,0.0743547811485575,-88.15030653227036,-24.858379460997927,1.7162072965074895,1.6601961469748565,-0.9349766794637081,0.20901376350187223,-43.18641706917566,-23.378292829272656,-1.324423858020459,0.2750863760138739,0.45088019436555987,0.06083567342377629,-135.90853155291788,78.27846512251745,0.9824800281144781,1.5274117839960442,2024-09-18 22:43:53.200679936,2024-09-18 22:43:59.869288704,010,RP
26,0,0.3792264718593671,0,-0.5295352365969918,1.4442651223431813,2.6394837589061995,18.397699656766314,-1.4062335056568258,-0.13522773411201205,0.1696682518520624,0.1942428720485119,-22.071056983532436,20.744757654923205,-1.5210150562868368,-0.06828869642255302,0.16808131972597065,0.04459548163437974,-177.69594696942917,46.86736927657775,-0.6987018408419177,-0.14389692623997954,2.511294606226535,1.0225707996481517,9.927317594675332,-7.930419129805942,-0.9237132064995999,0.22816869133768664,1.383923268610075,0.10368724734842097,9.905175345138295,3.2919973602002797,-0.32963857609119485,0.45265820924922684,-0.4829325957481701,0.06485561303861234,-96.40954083512439,-29.55930981039581,2.1774613529975984,1.7360836265190618,-0.9451391599853209,0.1990885368215718,-42.57181698928748,-23.236291348303972,-1.268092286258606,0.28788231903599193,0.44489639973162287,0.054054948756112095,-149.86586412376062,83.67478339132965,1.4429491824044218,1.6509693258340947,2024-09-18 22:43:53.279117312,2024-09-18 22:43:59.930888960,010,RP
27,0,0.3794845639872832,0,-0.5197621080121488,1.4302399440425335,1.683203366950858,17.874865330219535,-1.419435916831477,-0.11812761666745364,0.1721582746276481,0.19734048257638503,-15.129210313408954,19.604618744035303,-1.5135768285808018,-0.04545420789055944,0.1642164264231234,0.04645467347145474,-173.90516032468818,45.55808396506063,-0.7124149921781093,-0.12271664426993069,2.6099237825180044,1.0452880168137009,9.718462138192878,-8.364445463970377,-0.9354903574986722,0.21554880415802882,1.392707931989169,0.1144132657550506,18.306602268732547,-8.495750187434728,-0.2081927475549903,0.5762227726908746,-0.4905094032349119,0.055890054814338806,-106.9514744639876,-35.46070391442446,2.5083102457730657,1.7457187716748936,-0.9536271551374841,0.18965314330952998,-40.906036620504196,-22.009107330361147,-1.227193173989781,0.2757830747521945,0.439342522182586,0.04728946441579896,-168.21230656988678,90.90281903056442,1.9193380193370908,1.768655189547633,2024-09-18 22:43:54.225537024,2024-09-18 22:43:59.993735168,010,RP
28,0,0.3834323590655072,0,-0.5133890095947515,1.420491587766865,0.6258727467916193,17.3213161896077,-1.4367741302879737,-0.10304583215095722,0.17464412854304992,0.20073335203655393,-7.880134498029518,18.37621922221039,-1.4876457127375584,-0.012578642957756661,0.15980548278343987,0.04733063816063452,-171.6846331399093,44.43614568542095,-0.7161935588070918,-0.10691829430545104,2.7110921203306444,1.0593205435819015,9.592762123862288,-9.0068618062093,-0.9704425688265692,0.2039821887450589,1.401465470958249,0.12581590223960568,25.01852334803811,-18.062596606638195,-0.19921587091071036,0.6655800308294986,-0.4975101543076562,0.047820629971526626,-119.95429670031531,-42.678480661240236,2.5474020297204376,1.6351016238141227,-0.9605361852595424,0.18110345986659562,-37.86525062045101,-19.370943384864542,-1.2146293391810519,0.2397132763469013,0.43428775721187596,0.04072133835043549,-192.36913459290597,100.54356001914265,2.403966712087625,1.8786484447820517,2024-09-18 22:43:54.285983232,2024-09-18 22:44:00.920238080,010,RP
29,0,0.3838025788741092,0,-0.5106736508507285,1.4162163355620159,-0.4837651921967231,16.7529538631464,-1.446259634080649,-0.09573699433987029,0.17705303356325813,0.20417989379444507,-0.6681860299754402,17.11830436359174,-1.4536521093074635,0.023472976881093933,0.15511603964132498,0.04726772079788366,-171.8579549849091,43.65792535811619,-0.7656884709185103,-0.11710694663200312,2.8128673947851284,1.0648718128514363,9.544095049319218,-9.846273776960183,-1.0286675784512402,0.19126919408444953,1.4102397951096228,0.13744352360444267,30.19832933161644,-25.586885769271674,-0.27020600959647467,0.7191655048796799,-0.5038831232147557,0.041026719391218124,-134.83615381197885,-50.94166230504506,2.1062095679651325,1.3370123611639686,-0.9660038773273302,0.17372582528729236,-33.217757723132365,-15.088482756665735,-1.2363517537839455,0.1848545136374095,0.42978242385794085,0.03450552898855876,-224.33319622922153,113.41446482719387,2.8874663929178324,1.9786260888410812,2024-09-18 22:43:54.346393088,2024-09-18 22:44:00.994430208,010,RP
30,0,0.3841316046369998,0,-0.5117442069128016,1.4178910490697958,-1.5852578814904361,16.188753462684414,-1.4426722029545425,-0.09855969483219709,0.17930303238621015,0.2074185118673769,6.237868401317136,15.881531280017706,-1.4246382089952916,0.05571174345796172,0.15039937471139478,0.046484098502738144,-174.09687737618168,43.1840614965841,-0.8897152227218674,-0.15133685352779028,2.9134154429204018,1.0624513390294847,9.564947641663847,-10.866666169948513,-1.1069177244273551,0.1749203367365673,1.4190843304667684,0.14897191628823575,34.11637175700358,-31.414008572742798,-0.3955692900468102,0.74002565757755,-0.5095996746029027,0.03586410624988,-149.45574085588385,-59.16259690769418,1.1649757154799776,0.8255410181852715,-0.9701904798349551,0.1676920277023662,-26.90216773081673,-9.100227019361519,-1.2870562265492145,0.12043750309373397,0.42585731713625535,0.0287624270063495,-266.91447370098996,130.6674816751392,3.358442195819616,2.065678158645595,2024-09-18 22:43:54.429742080,2024-09-18 22:44:01.052471040,010,RP
31,0,0.3846997985124264,0,-0.5166090903880934,1.4251818702651953,-2.6179493554381357,15.647543564805007,-1.4313457873542588,-0.10928389445153265,0.1813050509384469,0.21020642225032507,12.654250057611051,14.705720548716975,-1.4096623175615786,0.07908094340096596,0.14587635082220204,0.045286542944259725,-177.5024172771209,42.8934048945062,-1.0731045752908572,-0.19117796271771126,3.011082144968858,1.0528131580742532,9.646714503430397,-12.047049798891388,-1.1991227266853932,0.15264953412564355,1.428052121980443,0.1601550149332362,37.032787235013664,-35.88475039381151,-0.5561475726130465,0.7325418934826311,-0.514655198705079,0.032562414829489,-160.22742189436875,-65.46187565304892,0.11842833021952304,0.2136770372349101,-0.9732611570234312,0.16306475640449927,-19.07826212353177,-1.568131468344838,-1.3510158546592526,0.057764606548146934,0.42252400329410367,0.02357478462063935,-324.02947150235946,153.91022948444962,3.8020927763552335,2.1358017974393237,2024-09-18 22:43:54.485701888,2024-09-18 22:44:01.130099200,010,RP
32,0,0.4038453318615461,0,-0.5251954766391942,1.4370463183432525,-3.5324680063254803,15.144763781705192,-1.424418476571037,-0.12208429725206278,0.18297024426559821,0.2123629345463539,18.465884321654293,13.621292635086634,-1.410005924139141,0.09171575085480124,0.14172531945956474,0.04399822950555526,-180.89232137022162,42.63702203397693,-1.261307446367446,-0.20882207241756373,3.104461027866285,1.036899209826913,9.779475279356692,-13.359999877744581,-1.2971684615062902,0.1227100747177075,1.4371864791598825,0.17078708204243967,39.1686354575969,-39.29263328680061,-0.7367409732439403,0.7011170514731888,-0.5190687653602706,0.031084368161748345,-164.7975347977919,-68.54125292190615,-0.507250274369416,-0.26534798687392186,-0.9753714716339088,0.1598125408907273,-10.1213332256506,7.1279403168,-1.4089056385922825,0.007018752426417228,0.4197761368757748,0.018990575360197885,-400.89776451468646,185.28731487010904,4.19473382688033,2.1817254155616856,2024-09-18 22:43:54.558883840,2024-09-18 22:44:01.193181184,010,RP
33,0,0.4038453318615461,0,-0.5373990499348452,1.4519570777472113,-4.297476228097054,14.69054035790307,-1.4328176118738556,-0.129950815846484,0.1842201144663991,0.21380474873873828,23.59492065029717,12.653341016976656,-1.4198501571031021,0.09510961563636398,0.13807387742557853,0.04288949903931216,-183.1945122879652,42.29437663468713,-1.3929386127579497,-0.18054733737078546,3.1924403522421536,1.0157803047303164,9.951577724965931,-14.769818297655391,-1.3918334344488634,0.08407743464419433,1.4465131102980693,0.18068057283134478,40.70685381077329,-41.8829977162705,-0.9244957035260417,0.6498145761273205,-0.5228816697474054,0.031084209285640704,-164.79787892129823,-69.16979010119915,-0.6932820468985188,-0.48185263935189887,-0.9766564644935926,0.1578328028800943,-0.5542684369682039,16.458670147970246,-1.4467970853431498,-0.025651959273481417,0.4175916734999922,0.015032995245813523,-503.3847505056197,227.20928037801787,4.485165162927037,2.1857237734151886,2024-09-18 22:43:54.620470016,2024-09-18 22:44:01.256002816,010,RP
34,0,0.4038453318615461,0,-0.5531265393145145,1.4681421392106788,-4.9003322114976475,14.289496202362866,-1.4600821379664342,-0.12702009699995245,0.18499653288677978,0.21456222602183786,27.967546000247033,11.826100956602774,-1.430376410881923,0.09329352410861308,0.13499469317648405,0.04212075032336611,-183.9611951664041,41.83378509786802,-1.4442160551799208,-0.1025833885224956,3.2742335662695448,0.9905869593958075,10.14931295393682,-16.231221148354226,-1.4738313439992976,0.0365312804648605,1.4560350638737638,0.18965802807874874,41.7978321417255,-43.859109192262125,-1.10830484539748,0.5823136491540423,-0.526155109233708,0.03205719631736062,-164.0773064167377,-69.33011308047124,-0.7542638146832372,-0.503932384976548,-0.9772231935518328,0.1569795647825261,9.056483754231605,25.850205976660497,-1.4615847709483571,-0.039366891895099475,0.4159355804596215,0.011718303054815415,-633.4818443991318,280.48763866078446,4.538921560588318,2.100528672513687,2024-09-18 22:43:55.572243968,2024-09-18 22:44:01.318031104,010,RP
35,0,0.4063233364564723,0,-0.5723178932312395,1.483766490511527,-5.3434785119479224,13.941831635515564,-1.5011415943449347,-0.10986705907940279,0.18526978474403266,0.21477230894740812,31.490830575172772,11.165700597926936,-1.4347395040824213,0.09137336160261067,0.13250498379504713,0.04171992501698765,-183.63556773984007,41.33262792756179,-1.4399328987363227,0.005287807847650291,3.3493990666640157,0.9624240970969978,10.356988095264283,-17.689686259728497,-1.5349381353377796,-0.019320571231249112,1.4657316177166664,0.19755323208395376,42.56289808928636,-45.3857854711193,-1.2787673756495905,0.5019047999242923,-0.5289672296633166,0.03354601383232803,-165.268494144904,-70.42161749845793,-0.8497843411630233,-0.4503837587177848,-0.9771462935407592,0.15709020603575533,18.199368862581846,34.78344582885294,-1.4601782766431364,-0.03777851667049627,0.41476256526553773,0.009081544851185964,-771.2863544499191,336.9007069259532,4.01927025131992,1.8172102315750722,2024-09-18 22:43:55.641423104,2024-09-18 22:44:02.276637952,010,RP
36,0,0.4063233364564723,0,-0.5949444672541755,1.4970402716827296,-5.6392737715589165,13.644945270279441,-1.5450258392448732,-0.07771960183887956,0.18504404035405372,0.21465019058759252,34.047575773620615,10.69969901458845,-1.4314271514443542,0.09382145317410037,0.13056981694924555,0.041609071837704514,-183.23679831943414,40.92519521493432,-1.4192094951494667,0.11466608587416185,3.4178476973970455,0.9322765225816492,10.557584049295578,-19.08421433296067,-1.569048538019714,-0.08209929574636625,1.475561170248813,0.2042166672360782,43.09597108008312,-46.59074151993644,-1.4282254820812892,0.41148156953071496,-0.531409855939147,0.03524406170349221,-168.97634218979718,-72.79569366020412,-0.9761723524193586,-0.3880511814679593,-0.9764655109172651,0.15800624210990932,26.480161377610465,42.85696430876003,-1.4544468460191604,-0.02720603194678837,0.41401950748394195,0.007202513433434806,-829.3206448607692,360.35492493152077,2.443535491827018,1.2056823845354785,2024-09-18 22:43:55.712610816,2024-09-18 22:44:02.344517120,010,RP
37,0,0.4063233364564723,0,-0.6209890834912369,1.506281565552131,-5.805131471237115,13.395076728130327,-1.5789316648698326,-0.03203994502890512,0.18436012041087196,0.21444499781195878,35.512508109778004,10.452909728789265,-1.4244871890823103,0.10294774737628609,0.12910910907102366,0.041665808073445214,-183.66969480694738,40.71343065987179,-1.402852360577923,0.20683481697504352,3.4798322406529043,0.9009268350636135,10.733963694542561,-20.352392934266987,-1.5728456468691387,-0.14985208753579624,1.4854670890172592,0.20952223146308577,43.464939754018836,-47.56573753071291,-1.5506513890231355,0.3135670971049142,-0.5335852632163957,0.036994417739969504,-174.59969138787852,-76.16382228670265,-1.1014081288780155,-0.3371048100632117,-0.9751839410620572,0.15958551697470225,33.64230636755464,49.80743690992907,-1.455723919230849,-0.014741208279684918,0.41364750977259457,0.006185121633070456,-646.0419792903723,284.2336559420207,0.43198105272625575,0.4920130880344313,2024-09-18 22:43:55.773981952,2024-09-18 22:44:02.412368128,010,RP
38,0,0.4063233364564723,0,-0.6504196054368225,1.5099681450554294,-5.859676326778514,13.188751635549234,-1.5917499003837088,0.024107092719483903,0.1832952597777803,0.21438693153819835,35.786132809188125,10.440571490297716,-1.4205626333289463,0.11807122392176789,0.1280070868406915,0.04178359855864556,-185.1900762259651,40.70564216949141,-1.392322706046902,0.2783912544022703,3.53591734872495,0.868906260825731,10.870495626473181,-21.437174074885206,-1.5458096067551115,-0.22040693263677036,1.4953853470925047,0.21337374308129498,43.7134754395458,-48.36849064278487,-1.6414349909059183,0.2103896808320663,-0.5356030826308223,0.03874858060289065,-181.07659896527508,-79.98518459810649,-1.2100154266447702,-0.2981622142388748,-0.9732670067690605,0.16170453192624928,39.557619328770244,55.50012575902214,-1.4712769934730763,-0.006977674349237233,0.4135835572212684,0.006013273376533248,-230.2447302743118,112.22543457830133,0.019404108683055643,0.33473857496264814,2024-09-18 22:43:55.836029952,2024-09-18 22:44:02.480236032,010,RP
39,0,0.4063233364564723,0,-0.6831679895758095,1.5067932069851935,-5.819986621510151,13.023971440424813,-1.5762815890233473,0.08666636503535072,0.18195964837158043,0.2146363613183997,34.83342086519866,10.661722987789176,-1.4244767243261545,0.13586064921002713,0.1271228577139936,0.04190066364675461,-187.3119828461966,40.81163454348306,-1.3822507322695385,0.3360242119395622,3.5869335818308854,0.8364838461536853,10.955026115642932,-22.294951064033985,-1.4895262765813575,-0.291824345039264,1.5052532519297983,0.21570963587722175,43.86330765442761,-49.02538648722434,-1.6972151116715306,0.10398000988913576,-0.537577081759592,0.04052318641351406,-187.2631501879035,-83.66837779912137,-1.299185532406752,-0.2670684586212998,-0.9706439045727342,0.164250785555365,44.20473939289308,59.90706084493789,-1.502984302177355,-0.009410958256831893,0.41376168217004755,0.0064330062136627,153.16838889595087,-46.37521024486468,0.5899277351738577,0.6266498729632253,2024-09-18 22:43:55.916016128,2024-09-18 22:44:02.547968000,010,RP
40,0,0.4063233364564723,0,-0.7191224303868282,1.4957203254242217,-5.699814008984273,12.901135897106336,-1.530119786883076,0.15108596734638244,0.18049019475272088,0.21524676289438627,32.70902642401502,11.096341450557638,-1.436243394850032,0.1518538372542137,0.12630148994804036,0.04199040394955686,-189.11138106755683,40.88504919496407,-1.3661688653782766,0.3902055641194997,3.633921141973575,0.8036849317201843,10.981170833965813,-22.904708857171954,-1.4065194089896242,-0.3628232196742724,1.5150181493565018,0.21650378274188262,43.91705959695006,-49.535142355750445,-1.7158319358475778,-0.0037387227437630957,-0.539621582603863,0.0423652769877947,-192.13735891024652,-86.68146569247364,-1.3696153941545917,-0.23985785787227418,-0.9672130047883455,0.16710789899736786,47.64684877327267,63.08465177069296,-1.547414865817448,-0.026220815597907975,0.41411357514890296,0.007105880838986097,381.8883069451786,-141.14513209662954,0.7204609333796528,0.8525237818781017,2024-09-18 22:43:55.983800832,2024-09-18 22:44:02.613235200,010,RP
41,0,0.4063233364564723,0,-0.7581352919940822,1.4760266693047,-5.508646302308396,12.823700827107306,-1.455531981012411,0.2126629839968685,0.17904277068664187,0.21614987366670652,29.55567593553277,11.708269890985704,-1.4514529564166951,0.16248375958796668,0.12538575315218448,0.04202745527427887,-189.7403831826572,40.790740848741535,-1.3341978718284626,0.45202588052929005,3.678066677207895,0.7703291573813954,10.950646255979226,-23.277207088008563,-1.298994982258029,-0.4330493072088025,1.5246436230390563,0.21576164972003462,43.86173545327799,-49.87351525426636,-1.696399685803588,-0.11087133295711875,-0.5418475246645097,0.044326618888945235,-194.94865992509872,-88.63244881707803,-1.4206385478314494,-0.21387791664435346,-0.9628512833696773,0.17013839132620834,50.01192365883869,65.15404487869912,-1.5966319824651567,-0.060170230247330814,0.41456890056791673,0.007781261694446998,500.8236660427796,-190.62591660974863,0.41085880833772137,0.8983106799625432,2024-09-18 22:43:56.900813056,2024-09-18 22:44:02.675257856,010,RP
42,0,0.5460118167491382,0,-0.8000448276610381,1.4473279502442151,-5.251448202923469,12.798606027521231,-1.358749159173326,0.2667602574862972,0.17778411608271152,0.21716466894494726,25.576133769042062,12.452969665057665,-1.4644339679731617,0.1666254282977945,0.12422933717157386,0.041954301244816965,-188.89351719951233,40.466116437702695,-1.269105398212805,0.5314196397450646,3.720630365008704,0.7360946243312898,10.874839806235379,-23.461259197684708,-1.167935714030635,-0.5031022029090864,1.5341107002669634,0.2135137194256252,43.67222647934017,-49.99802994643795,-1.6394651806430252,-0.21546935672131154,-0.544358209088939,0.04644578971619351,-195.32320106979327,-89.32578792787143,-1.4490073746359038,-0.18793656678060106,-0.9574275107653601,0.1731683727911925,51.47490417318734,66.28348936942018,-1.6394558889519966,-0.11252851946634618,0.4150557868555911,0.008312614701572456,565.9332910560353,-217.89388742703696,-0.03161714656938486,0.8270869621153593,2024-09-18 22:43:56.963298048,2024-09-18 22:44:03.613957120,010,RP
43,0,0.5460118167491382,0,-0.8447017938263066,1.4095873120149442,-4.9288399583748514,12.83660004567798,-1.2489533134655004,0.30894099957430515,0.1768833846548554,0.21802709942054513,20.99132635627383,13.28698314570761,-1.4717222876682736,0.1660040490087989,0.12271202625835918,0.04167086843763814,-186.973871358982,39.94394261183047,-1.146876390999794,0.6347125866540179,3.7628584598279735,0.7006278649353334,10.77460346483253,-23.543307798936855,-1.0129836780907828,-0.5742820517219489,1.5434137919092563,0.20980956219308936,43.31339971592154,-49.850498496031776,-1.5472129383505728,-0.31543638887294007,-0.5472447140855395,0.04873701577055698,-193.29380674898476,-88.7790140088537,-1.4500513861260729,-0.16227043817954312,-0.9508190297688758,0.17597789941646025,52.24099178696335,66.6717291250443,-1.663121707142266,-0.1830421294098817,0.4155018018506701,0.008630115023987493,606.0263988087526,-234.8050606741094,-0.40664392590004317,0.7062237921350749,2024-09-18 22:43:57.036936960,2024-09-18 22:44:03.692062976,010,RP
44,0,0.5460118167491382,0,-0.8919877401433133,1.363118734977195,-4.537396093151822,12.952698312734405,-1.1371186017363282,0.335071679587133,0.17650253268663052,0.21843614046248125,16.000546076201672,14.175863093181285,-1.4735947904485045,0.16443296031561452,0.12075489479337916,0.0410543923032464,-184.90115993327436,39.32772011491631,-0.9442683513950132,0.7622138793471039,3.8058859141932375,0.663705259037937,10.677870804690325,-23.638758089146116,-0.8335585123518423,-0.6479718212726877,1.5525531386585292,0.20471497753174067,42.73917993829643,-49.354847956893806,-1.4237007529155974,-0.40840549896844563,-0.5505812071619006,0.051185314357126484,-189.23793125183485,-87.19084862945597,-1.4202031864359752,-0.13833232219485464,-0.9429308568785089,0.17830149791751962,52.52958010284272,66.53176197784175,-1.655235753446768,-0.2700180313467806,0.41583548881007937,0.008734222437658978,627.1731248648183,-243.8008429467065,-0.60085984222939,0.5950479109330795,2024-09-18 22:43:57.102627072,2024-09-18 22:44:03.754115072,010,RP
45,0,0.5460118167491382,0,-0.9418155851570927,1.3085981846361354,-4.0697945478530375,13.167004066444644,-1.0348318905778378,0.3414381684148742,0.1767854168747461,0.21810982782128344,10.75578942100402,15.098533283390827,-1.4730680395281297,0.1663295873524054,0.11833102215375751,0.0399974126491255,-183.75622863787078,38.74406236183881,-0.6492466151776881,0.9075396321969734,3.8506457236358713,0.6254199726211647,10.615682119032952,-23.877230955132013,-0.6316798478062293,-0.7243857909202858,1.5615255663459902,0.19831341340700373,41.88719938409966,-48.407932740903654,-1.2751795044586791,-0.49156220378569204,-0.5544207308396656,0.053747529448313736,-183.74554615591623,-84.87233998829657,-1.359589474826865,-0.1183004217284178,-0.9337141756906148,0.17984227553658558,52.55892364426127,66.07501206568739,-1.6057257490221766,-0.3705802411527005,0.4159884767199706,0.008713417956877283,614.5462873542361,-238.6441739504021,-0.6198563953564871,0.5484426167579317,2024-09-18 22:43:57.166237184,2024-09-18 22:44:03.815633920,010,RP
46,0,0.5460118167491382,0,-0.9941094617221153,1.2470944290888073,-3.5147768105874118,13.505927116753572,-0.9532643632458542,0.3249380568272738,0.17784630341857768,0.21684223603076996,5.355611170942258,16.047524350700684,-1.4733588331835783,0.1750955493468654,0.11546783605480244,0.038442331701313726,-184.50946445315498,38.3049085920363,-0.267916868755842,1.0585850156971792,3.897802197146968,0.5863497181521505,10.617428781839864,-24.38463723390687,-0.4167744358498715,-0.8001563354412063,1.570314318450033,0.19071274103044356,40.66745246393343,-46.860682899000764,-1.1106312507725196,-0.5613867501235491,-0.5587920465663805,0.056357853913947716,-177.46893527148046,-82.16822954230709,-1.2733878614551335,-0.10437687980487173,-0.9231808806108964,0.18029821339736504,52.533211020220094,65.49765601096483,-1.5082805084713489,-0.4811003019472421,0.415898182197059,0.0087710440026976,533.9744107922602,-205.07898678824662,-0.6477734080940611,0.556167793830266,2024-09-18 22:43:57.226653952,2024-09-18 22:44:03.897965824,010,RP
47,0,0.5411826538375013,0,-1.0487650885172037,1.1801283929749347,-2.857304836694293,14.003358440023671,-0.9023992725241952,0.2834913773169186,0.17975849435688954,0.21455181603908258,-0.14202634998217156,17.025530442831794,-1.4754000790298187,0.19178410074369626,0.1122405611667112,0.036398190025722796,-187.92521586438207,38.09283168599358,0.17341144175711065,1.1986554926669581,3.947715696067802,0.5476642191714304,10.705201684679945,-25.261092720182504,-0.2115293369631437,-0.8642137217468273,1.5788784651289665,0.18205816213490433,38.94312172253231,-44.48645625260231,-0.9426690060351679,-0.6133191871236274,-0.5636977336506864,0.05893522490900891,-171.0057867940863,-79.39557445697896,-1.171437178491203,-0.09807081890745568,-0.9114120000970605,0.179393910905102,52.63477068792957,64.97196162733603,-1.3608619780573739,-0.597717013139924,0.4155110253648302,0.00921547546857555,362.1502751596974,-133.47743216776126,-0.6589177036631444,0.4217838442312253,2024-09-18 22:43:57.304763904,2024-09-18 22:44:03.965567232,010,RP
48,0,0.4313265711329934,0,-1.105599645672174,1.1097545954707708,-2.0800409440361327,14.70030746929004,-0.8903119183341244,0.2169400196472645,0.1825442612742941,0.21131245784226596,-5.691460850678757,18.03894351655872,-1.4766304489217152,0.21424437813631755,0.1087587639416505,0.03393971700886152,-194.57871560261384,38.162140598294215,0.6276567644231545,1.3067095446444363,4.000437108652656,0.511141948236356,10.885979528561823,-26.548676470091834,-0.05414909751060604,-0.8924940859360759,1.5871434734256442,0.17255026852173166,36.50246045542,-40.9346418757975,-0.7888091778710047,-0.6414227229553774,-0.5691133762343198,0.06138995485339476,-164.83936125096113,-76.8122854178432,-1.0665328279270596,-0.09966014059075408,-0.898559293123542,0.1769095248008509,53.02317586684137,64.64446742607426,-1.165249234161545,-0.7168214548021793,0.4147858556014017,0.010343896319709498,145.21686946051975,-43.23390344693873,0.01257419312877106,-0.06915411977195182,2024-09-18 22:43:58.247004160,2024-09-18 22:44:04.032742912,010,RP
49,0,0.3968400810200743,0,-1.1643106629761357,1.0386273886148456,-1.1683230075352862,15.63970906452632,-0.9219204668662511,0.1287491373164306,0.18616893145505767,0.20735887526970692,-11.22087602371654,19.088978499324984,-1.4716150581565692,0.2368807043984404,0.10514854475005876,0.03119732345052923,-204.87200380807803,38.54199306044789,1.0249596605466982,1.3565847056652494,4.055725030702722,0.4790634590206349,11.140979483017015,-28.18474935581755,0.013490473443944051,-0.8456792802798097,1.594995320127038,0.16246540565959366,33.023799775530996,-35.672806094784264,-0.6727144072730975,-0.6382786505545532,-0.5749876030463774,0.06362823814550464,-159.32918562959344,-74.61230654049126,-0.9722157933916749,-0.10794634824381247,-0.8848401951283805,0.17270125246661883,53.84092510079616,64.64061467208101,-0.9259330233327923,-0.8354126989745768,0.4136971185673403,0.012272026871862761,-29.803672991200166,29.329693639182764,1.3127309426166782,-0.7321817546946315,2024-09-18 22:43:58.309488896,2024-09-18 22:44:04.976761856,010,RP
50,0,0.3968400810200743,0,-1.2244630657103548,0.969991670992392,-0.12156346999831182,16.851150020847466,-0.99658723281973,0.028504870229741172,0.1905421850039089,0.2030602505590828,-16.592823004467473,20.161632750654363,-1.4545420453393467,0.2513168787454024,0.10153318136150395,0.028346419808189856,-218.93644414719225,39.229313690239636,1.2707886159081827,1.3159032200492182,4.1130774031926185,0.4539257602824095,11.416767833654744,-29.958049794101647,-0.019941423742404485,-0.6801429199893617,1.6022793313392223,0.15217599273567228,28.044085861273302,-27.93445914182073,-0.6239326007529984,-0.5956950501227081,-0.5812428464315164,0.06555462502780966,-154.73147425475258,-72.93656252837727,-0.900688442035122,-0.12032365332464788,-0.8705268355692529,0.16671167690778715,55.22401384430992,65.07398601931973,-0.6488011204640003,-0.9512833124513665,0.4122374056550413,0.014903995780577078,-130.50378933097736,70.79854354195417,2.287848011048318,-1.2414691822720387,2024-09-18 22:43:58.371974144,2024-09-18 22:44:05.030540032,010,RP
51,0,0.3968400810200743,0,-1.2855062625033369,0.9075422594130164,1.02717558616547,18.32044064870625,-1.1046468326152041,-0.06586862124262634,0.1955262995138914,0.19886396639152845,-21.57884593598608,21.219231893643734,-1.4229771487716012,0.24832748586362952,0.09801530564630657,0.025600123418411586,-236.29915838020307,40.1609342326006,1.2560696597823986,1.1477797832862873,4.171773225723688,0.43792879543053426,11.632375434584004,-31.5276323895635,-0.10224701822100668,-0.38053384434237114,1.6088030067103118,0.1421695658962325,20.962052780079166,-16.72381353941162,-0.6725095171841442,-0.5074246291519233,-0.5877767668354734,0.0670733338367069,-151.22993065872376,-71.88943969133751,-0.8611563289525508,-0.1331178478796749,-0.8559303123440616,0.15897149312021885,57.31567642691226,66.05822482629819,-0.33998703149048115,-1.0630243115476896,0.4104192744589031,0.0180385638952839,-176.3613136815308,89.38208240379288,2.5683398448463857,-1.5079566250074756,2024-09-18 22:43:58.454194176,2024-09-18 22:44:05.112487936,010,RP
52,0,0.4136376833572517,0,-1.3468048971286777,0.8551116306013341,2.1879201584536254,19.9467015839319,-1.2248494493862454,-0.12921221768519062,0.20094722284770153,0.1952205537698687,-25.866725242673297,22.19784660167974,-1.381111286507938,0.22100671673303007,0.09466314595233905,0.023204930066376542,-255.21694427777345,41.15963884567686,0.9102628461914635,0.8239444405371464,4.230924533007583,0.43232017292285985,11.715407223797943,-32.56700383734095,-0.14841172011505233,0.004866844763087697,1.6143416939107895,0.1330615176956014,11.148492853285397,-0.9974768373250734,-0.8327315633495309,-0.3755384759749845,-0.5944642815946949,0.0680896154407628,-148.96442317735037,-71.55402880729169,-0.8586314644871771,-0.14213129389676782,-0.841381538575217,0.14959639622615176,60.282139134927384,67.7202789739505,-0.0051508664613511,-1.1698306214801746,0.4082763539561145,0.02145578784655734,-193.06177702494472,95.82255841203275,2.344196192547324,-1.5912093070726516,2024-09-18 22:43:58.522497792,2024-09-18 22:44:05.170512896,010,RP
53,0,0.4169416292352414,0,-1.407666727581657,0.8161586998786247,3.204652503907534,21.511082703211887,-1.3276130783162179,-0.1377527166845043,0.20660442819555647,0.19250503052587664,-29.112724811760557,23.014817862948373,-1.3399201956476756,0.1681880594481677,0.09150218415944626,0.021432876581413404,-271.9262030190105,41.881841506424465,0.32359771491500355,0.35938474724657377,4.289538221437751,0.43690998490317107,11.648841295424429,-32.96814997218554,-0.13281886517904784,0.3747088342310098,1.6186470503496895,0.12558541160427122,-1.7231924617860441,19.7892403954548,-1.0745934565462574,-0.22042604120911036,-0.6011601051084338,0.0685128044925049,-148.04949798668642,-72.00145177092722,-0.8930671722240802,-0.14335276731074473,-0.8272096065281002,0.13878385279909686,64.32953062684007,70.21400571796578,0.35057879698858274,-1.2710562784313926,0.40586369937576233,0.02494623328307216,-196.7519624622208,96.85447934435807,1.86554949230624,-1.5631491859383215,2024-09-18 22:43:58.590329856,2024-09-18 22:44:05.247691008,010,RP
54,0,0.4169416292352414,0,-1.4673656756390234,0.7930956726176578,3.8879325905784268,22.705018832613092,-1.3881993013457314,-0.08474739551536845,0.21227888529769376,0.19094947776480978,-31.030460961158518,23.58711166310833,-1.3128474450800702,0.09618382413293326,0.08851240586476794,0.020557274817588532,-281.0342871343842,41.87502088475435,-0.17027998595045002,-0.15240764656060837,4.346582657019074,0.4500893406457956,11.482432302325263,-32.90934110568258,-0.11762838950453647,0.6381798936419185,1.6214591738007862,0.12053114288835545,-17.09500206051742,44.718847917169306,-1.3043023080565603,-0.08703999016567858,-0.6077017218116633,0.06826298756672958,-148.57463099965577,-73.28905907602332,-0.9586407617250137,-0.13384946561495856,-0.8137183858724615,0.12681180287206684,69.721279545504,73.73348705273018,0.7216837633826172,-1.365449885782097,0.4032572228050952,0.028315881176203452,-195.65018313336748,95.89734949167004,1.2924320561532836,-1.4716936108589869,2024-09-18 22:43:58.647597824,2024-09-18 22:44:05.310635008,010,RP
55,0,0.4169416292352414,0,-1.525168822629616,0.7866594785232816,4.093935307627971,23.243942493056768,-1.4025809789265296,0.009138840627884653,0.21774113770296297,0.19060094667790198,-31.479123400449733,23.854300143105895,-1.3090168420443424,0.017191283649633286,0.08563011648809504,0.02080664295902962,-278.471492923938,40.845546377690546,-0.2207926968916718,-0.5829912100467577,4.40105088017775,0.46933997996556615,11.297403812499942,-32.72044899272634,-0.17541634324674948,0.7644448717215278,1.6225230489173335,0.11860339674184824,-33.05723763214336,70.63612999169007,-1.4032476384661203,-0.030367929443192828,-0.6139126798388745,0.06728330271552306,-150.57139324699693,-75.43768753533695,-1.0431232640690278,-0.11297282506669674,-0.8011629524033549,0.1140355613872308,76.79592768235477,78.52605215454987,1.0998041927931501,-1.4500216291224792,0.40055194570483915,0.0313884003902847,-193.6344219202803,94.56064445560003,0.7106919082262122,-1.3444736732147746,2024-09-18 22:43:59.585752832,2024-09-18 22:44:05.372675072,010,RP
56,0,0.4287264013930908,0,-1.5803741077589126,0.7956739440276429,3.7976379486976306,23.0016886847644,-1.3882858750505622,0.10548506188253326,0.2227617966645465,0.19131538466094666,-30.502047123476604,23.79469081917231,-1.3285769200118225,-0.05523923318272401,0.08275242868723681,0.02232621969417094,-264.70149606712346,38.904691676699535,0.1809445450470628,-0.888870400863379,4.452014547798669,0.49188266000589553,11.164275824754382,-32.703518387443495,-0.3241689380883752,0.7755357264004348,1.621608515270577,0.12022208939495828,-46.79640155454869,92.8854432448774,-1.3275589785551227,-0.07597292601819852,-0.6196059571034016,0.06556077732388609,-153.91198263613015,-78.36478131094157,-1.1278021532427978,-0.08417667066622331,-0.7897289478074301,0.10087639432965335,85.9856195404237,84.90533284622879,1.469065134960446,-1.5185566551834553,0.39785893029768277,0.034010906600379004,-192.45286709078897,93.5690918334634,0.1668851101354023,-1.197582176711625,2024-09-18 22:43:59.665080064,2024-09-18 22:44:06.326847232,010,RP
57,0,0.4314342332435605,0,-1.6323557939863598,0.8173980494606944,3.093974834179944,22.050467747021617,-1.367474216227404,0.17161596367042833,0.227125349327933,0.19278859858690808,-28.293116044444837,23.426083865170277,-1.3632511977064115,-0.11107495804303845,0.07974309186500012,0.025192715926982592,-243.55038213039236,36.42146049597976,0.8023546360147056,-1.1238818368318206,4.498668925122709,0.5151593012980747,11.124779621748221,-33.04670038319708,-0.534568709857429,0.7126730405870281,1.6185311634088562,0.12536921984672417,-56.10015501669025,107.79984916658078,-1.1489475871526245,-0.19480458211818022,-0.6245871632608774,0.06316124677160129,-158.056872820597,-81.72029382890192,-1.1901078488578107,-0.057752867342655854,-0.7795182233657849,0.08779856534280898,97.83463148601207,93.26387811962239,1.7988856078163282,-1.5599152568613182,0.39530102706646675,0.036064092735694595,-192.786916114954,93.20886594521802,-0.30884308396031557,-1.0420916379296061,2024-09-18 22:43:59.736608768,2024-09-18 22:44:06.381735168,010,RP
58,0,0.4314342332435605,0,-1.680607383889176,0.8482701620081267,2.132333729243464,20.583615810282495,-1.3519780063595153,0.1953137158357515,0.23064582675767745,0.1946130711762756,-25.11464177346348,22.792587315563388,-1.4009450428521024,-0.14640435022223097,0.07643988201914113,0.02946763653741119,-218.74429975361383,33.720788465525885,1.4479574729900513,-1.3346843001242754,4.54037274076109,0.5370932291745225,11.193949595030311,-33.824703602729265,-0.7642357207374983,0.6125490708750481,1.6131706451002745,0.1335923469473988,-60.53576357640215,114.6545167801823,-0.9709371374100133,-0.3290766527492259,-0.6286576804938644,0.060287638264463234,-161.49464178065645,-84.52484691401501,-1.2149196445333077,-0.053536021122296884,-0.7705425269524142,0.07527729390608089,113.01518566895454,104.08300674935246,2.035229055750303,-1.5565444960558754,0.3930078582870425,0.037477210088122104,-194.65531912945636,93.50107007524842,-0.6911917150173559,-0.8886007118319228,2024-09-18 22:43:59.804454144,2024-09-18 22:44:06.459841024,010,RP
59,0,0.4314342332435605,0,-1.724774422024416,0.8846546635078409,1.04848784279657,18.808405013059083,-1.3427211150246585,0.1821590994403882,0.23318166437597293,0.19634371231169256,-21.213263231890664,21.9465440272579,-1.4309846569195408,-0.16321450714424465,0.07266456970247141,0.035224899986246665,-192.83794380459912,31.012486208870552,1.9904919462180208,-1.5190419214845408,4.576682919184452,0.5562005807902477,11.367917815947564,-35.02735529493983,-0.9792046801561014,0.5001170468056383,1.6054834039496828,0.14415240327269926,-61.17191908020267,115.21050087101831,-0.8460557455874964,-0.43568624640704645,-0.6316182139289968,0.057371632089250994,-160.72393303667843,-84.51616352027051,-1.2211491241242194,-0.09642742435713014,-0.7627250406415966,0.06376629589601161,132.324807559046,117.92744422336482,2.0936971148492507,-1.4843058142689018,0.39111054915645577,0.03824916936499505,-197.40741924515854,94.20812414853265,-0.9572814234678062,-0.7507099477999837,2024-09-18 22:43:59.869288704,2024-09-18 22:44:06.530361856,010,RP
60,0,0.4314342332435605,0,-1.764679048677224,0.9233418222083206,-0.06551635016310035,16.884384669521374,-1.3367086709968412,0.14543058324181993,0.2346483607717343,0.19756054634557113,-16.766247816067487,20.934172566332915,-1.4476002323438677,-0.1675283776048212,0.06823595261362339,0.04252911838560847,-167.73841290735493,28.445790394630656,2.344317776528868,-1.6566681400305958,4.607377624268827,0.5716116955805358,11.629717658970552,-36.58250091850496,-1.1593570633990502,0.39008714653870813,1.5955082850795184,0.15620182797812915,-59.53329179503659,111.98586029703739,-0.7777116753805102,-0.5003865686039907,-0.6332732460660452,0.055189727413396256,-149.32374660074527,-77.56273372459752,-1.269153434657561,-0.1822474432766953,-0.7559084300614674,0.05368284563590152,156.5603496317903,135.345288100041,1.8622959512853043,-1.3161035741984837,0.38973656779217947,0.03847746934223922,-199.3773431794979,94.70464142630102,-1.095515706508897,-0.6468292560513705,2024-09-18 22:43:59.930888960,2024-09-18 22:44:06.598230016,010,RP
61,0,0.4314342332435605,0,-1.8003405986882624,0.9617880734736483,-1.15889894065154,14.91358718736821,-1.3323746314187943,0.09844200225217219,0.23502869947062888,0.19792525163919555,-11.864241383263964,19.788437222514144,-1.4511351479717063,-0.16722520043323338,0.0629849067442352,0.05139134705298485,-144.88365064918415,26.125483224903206,2.4776213701427316,-1.736397395976712,4.632461181379543,0.5830280441132363,11.951723946914214,-38.36589723464434,-1.2963503190996553,0.29049279457842986,1.583365188686904,0.1689078344430204,-56.8752853325367,107.05434689217348,-0.7533350993785728,-0.5270734521334721,-0.6334365880362738,0.05491579083638591,-120.20202465682802,-59.14036037367319,-1.2916675580399657,-0.2007576981520007,-0.7498677445028966,0.04543852165455839,185.76562998565663,156.299653963504,1.2333567524404287,-1.0330647509289925,0.38900476717613236,0.03839454833164603,-197.28505537612335,93.74482703391928,-1.1283300427003455,-0.5958270610134309,2024-09-18 22:43:59.993735168,2024-09-18 22:44:06.666013952,010,RP
62,0,0.4314342332435605,0,-1.8319869055384268,0.9981851841574304,-2.2071314784353646,12.956564032704746,-1.3310302093358282,0.051401283549828605,0.2343788285536008,0.19723107037092955,-6.522475193632926,18.52873009515361,-1.4472168040628663,-0.1700996897899763,0.05676884342634596,0.06173351371304207,-125.09894660753089,24.101722512763736,2.410037288466129,-1.7604544452620308,4.6521516753843315,0.5906352170809376,12.295731083885661,-40.2016059619739,-1.390032305853537,0.20560308751266643,1.5692483743390016,0.18151137905201714,-53.99899726603441,101.73783867566064,-0.761755147111737,-0.5250123595535912,-0.631937798128597,0.05789719370485416,-74.66826514467242,-30.185699065606563,-0.83629583094929,0.046872459348451224,-0.7443269931293034,0.0395357272611857,216.41935851058784,178.08677037515855,0.23299679969613862,-0.6404603796721046,0.3890205692372794,0.038401391547108164,-185.93859908041912,89.33393965744692,-1.1285386001604096,-0.5965327091341394,2024-09-18 22:44:00.920238080,2024-09-18 22:44:06.733856000,010,RP
63,0,0.4273154540703371,0,-1.8600411018589857,1.0314225084769086,-3.197327631014699,11.052839190203242,-1.335894817775848,0.01104564660611649,0.2328266881063998,0.19544040132308083,-0.7125396864978574,17.16589825535167,-1.4440438148728612,-0.1821240934184259,0.04948317779207426,0.07337435810536201,-108.60204923136625,22.373974510699295,2.1890537205026632,-1.738585359019219,4.666856416085723,0.5949907045200677,12.61236837959901,-41.86011229436833,-1.4455752015679606,0.137633060151583,1.5534165586678665,0.1933473915002646,-51.33842912327901,96.74996589609827,-0.7955772999778254,-0.5025585942382375,-0.6286288445950973,0.06508364243916495,-27.561756060398302,-0.32611486726010286,0.338819055608623,0.5693330113133079,-0.7389790267315713,0.036659764940262594,236.46299106490252,191.74119099517793,-0.6240473420556176,-0.15663331894701027,0.3898713959919695,0.03906499414880777,-159.87924785700886,79.33234555215812,-1.1521895985961343,-0.5900080003481804,2024-09-18 22:44:00.994430208,2024-09-18 22:44:07.650986752,010,RP
64,0,0.4275224504824881,0,-1.885071605814375,1.0609611447415541,-4.118584479172367,9.236173342164376,-1.3503506925421773,-0.018672653058685287,0.23056038543677748,0.19269908614648887,5.588826068105034,15.711438107598592,-1.4481529801163564,-0.2058236145233696,0.0410695905398208,0.08603405069182564,-95.19502445849042,20.909620675938427,1.86672629603986,-1.682195538974492,4.677137213512981,0.5968951549260857,12.841864815212881,-43.06316381813519,-1.47152683844171,0.0874361724173609,1.5361815577456313,0.20384951505293278,-49.09709016689502,92.42204445335851,-0.8493317249453693,-0.4656484026754835,-0.623390169954641,0.07661288863575813,6.674151837863903,21.160600648509057,1.5948378045665645,1.1095065629341505,-0.7335083994166838,0.037506170878499244,229.98943747356915,185.69918416398122,-0.3136712201222136,0.4215291344778346,0.3916227857579639,0.04102369878939793,-118.36584053519162,63.35476020897467,-1.0741154047033994,-0.45805057983457975,2024-09-18 22:44:01.052471040,2024-09-18 22:44:07.718880768,010,RP
65,0,0.4276994673693062,0,-1.9077083356973255,1.0866359216116037,-4.95770669703676,7.542141608120523,-1.3763487027954429,-0.03572011041192717,0.2278073592841919,0.1893169450963446,12.337473868738238,14.189432657725023,-1.4601065620011848,-0.23903475556061232,0.03152218991852826,0.09935081224621267,-84.48415130072966,19.66312546240728,1.487102510840244,-1.6012675562341754,4.683664342239686,0.5972516905712483,12.917968277837709,-43.50342739709187,-1.478221975171472,0.054548575967841136,1.5178966831227452,0.21255135581184303,-47.35249010543384,88.87618766864064,-0.9179993593728968,-0.41816252512252955,-0.6161353337023155,0.09199747020129707,25.751823614181937,32.86660843596716,2.31888584218746,1.4748082725931684,-0.7276160351495381,0.04226824235643118,199.12915602481323,161.88956698944833,1.1326064913961886,1.0208742367167065,0.3943157253326844,0.04478733063799474,-69.41437660665147,44.37118026016788,-0.6584311946132466,-0.132121493257635,2024-09-18 22:44:01.130099200,2024-09-18 22:44:07.786720000,010,RP
66,0,0.4278627239390002,0,-1.9285433070642284,1.1084315311741209,-5.699145586185103,6.008950923778074,-1.4132942175957413,-0.039309174566724156,0.2248076877039409,0.1857103579072634,19.358400174491763,12.648082819124943,-1.47299530111657,-0.274840307732333,0.02089119178935148,0.11290680110233044,-76.03082011781933,18.588374444983042,1.0830158353631933,-1.503483726752358,4.687162748441758,0.5969249970797722,12.775628228054357,-42.88144871847735,-1.476019886216178,0.037005132450932746,1.4989456073483052,0.2190887253642456,-46.11978961741396,86.13105605885063,-0.996427314277585,-0.3626674326834996,-0.6068135824768582,0.11054231765028585,34.32349079859452,37.827960414606615,2.481798442765503,1.6527684939445664,-0.721043515816068,0.05043889435763829,162.49067849092285,134.16285010643332,2.424504192403856,1.4732363854348698,0.3979655014924379,0.050552723602053456,-25.018361804444666,26.95644490202507,0.04363251479831076,0.30594520379368745,2024-09-18 22:44:01.193181184,2024-09-18 22:44:07.854022912,010,RP
67,0,0.4280268011474223,0,-1.9480362595735354,1.1262999046704967,-6.327160859892819,4.674461224774328,-1.457462893053433,-0.029594715664875433,0.22178569000905035,0.18231391140481304,26.308506973489735,11.16514962777666,-1.4764866145118105,-0.30361124885843865,0.009281923671798281,0.12626136855412196,-69.42688319453639,17.64441503058254,0.6774783437199581,-1.3944121402349454,4.688359685025562,0.5966196459783947,12.361006126633278,-40.95284279046146,-1.4733081735029363,0.031341235018869894,1.4797315549515953,0.22320422293294817,-45.38550838056047,84.15836888823542,-1.0791744740897034,-0.3010759317820766,-0.5954099539376692,0.13157760787426456,37.12474475086499,39.10444256206025,2.295496462917688,1.7012542027336681,-0.7135941280947645,0.0611737942432789,131.95571677892775,111.1628246619786,2.940703874714881,1.7138642237054518,0.40256213473717484,0.05818789378414282,7.78970708590895,13.864158886519192,0.6981185537283094,0.7098722127798269,2024-09-18 22:44:01.256002816,2024-09-18 22:44:07.916672000,010,RP
68,0,0.4282008511442596,0,-1.9664387415574314,1.1400779141338133,-6.827900265832446,3.5733523937767955,-1.5020921393850915,-0.007769343328102803,0.2189240281181797,0.17948338280858717,32.699228492423416,9.841353182081914,-1.4651014193756888,-0.3170506514777612,-0.003152026136234547,0.13898589822981855,-64.32244266225791,16.797253979582113,0.28613654669087785,-1.2779874680014895,4.687939817214046,0.5967983654832326,11.640477160565172,-37.56985637238417,-1.4748332615897142,0.0330769581295402,1.4606659004243678,0.22475461437972524,-45.12207824798094,82.90828105310585,-1.1604729189758205,-0.2351985299447781,-0.5819429161972378,0.15451239322220348,37.12555415605581,38.604953251013605,1.9433367156873054,1.673959982529374,-0.7051477931014973,0.07360879101187733,109.44944857837555,94.17803712121737,2.8420964543398037,1.7877693960153787,0.4080723572481129,0.06736011516340193,28.8419769816566,5.230386465399577,1.0724448907499022,0.9971812070415336,2024-09-18 22:44:01.318031104,2024-09-18 22:44:07.979156992,010,RP
69,0,0.4285745271223448,0,-1.983745665194414,1.1495378483477738,-7.189521897372147,2.737817101267683,-1.5385317438375608,0.02358967964283531,0.21634441892869904,0.177423825587812,37.988859172933296,8.781322336467557,-1.4438352260033038,-0.3121541285900152,-0.01622037263524077,0.15069366267703274,-60.43010495820368,16.01980117919123,-0.08056860360349116,-1.1569774336266625,4.686507191360595,0.597657058681138,10.604882637777504,-32.69985874547936,-1.481224408783461,0.037673219306763164,1.4421553785481191,0.22372162757026795,-45.289706284374205,82.31479351087484,-1.2342915147089775,-0.16725482234724567,-0.5664600670167292,0.1788241913401404,35.90107173779504,37.33652350256378,1.5329727335009604,1.6054463411068007,-0.695667808679782,0.08694014084758307,93.39203502073345,81.96983235101906,2.418038761752922,1.7580453083698124,0.4144429959863136,0.0776713350324452,41.147766771695096,-0.05340373900738963,1.1506726149920175,1.1618580167393004,2024-09-18 22:44:02.276637952,2024-09-18 22:44:08.056859136,010,RP
70,0,0.4314738639666026,0,-1.9996830398878875,1.1545656199403285,-7.39968446602898,2.2029764727599837,-1.558769050518693,0.06023123174871658,0.21409814562892546,0.17617203263224016,41.70512202394994,8.071010711444258,-1.425067200459555,-0.29222311004800927,-0.029710607245634808,0.1610616468546681,-57.518629933935564,15.291086576725831,-0.41572712416634117,-1.0333758216549496,4.684553288644557,0.5991626460583516,9.267217785820757,-26.41277555515196,-1.4901008871829655,0.0415691078158101,1.424587613519903,0.2202264559073001,-45.8281084610692,82.28615566468585,-1.2946845268491138,-0.10037396766389653,-0.549032781576078,0.2040407502066167,34.228985110283524,35.79283490562512,1.118752920180734,1.515474497748172,-0.6851987511620975,0.1004316908610486,81.95544832896395,73.15577084593592,1.8645858502953923,1.6703648460777656,0.4216054782197056,0.08873505758999618,47.849136489225735,-3.173458071939974,1.0184934810455504,1.2309939346976355,2024-09-18 22:44:02.344517120,2024-09-18 22:44:09.000948992,010,RP
71,0,0.4319352108878753,0,-2.013736478765828,1.155419593503751,-7.44132311240426,2.0151361982682756,-1.5590149280646168,0.09638453840684794,0.2121674957955711,0.17563967446308718,43.53061905804011,7.764217564024666,-1.4197181417258324,-0.2642321866516992,-0.04340397091327977,0.16984428139586724,-55.40250281881541,14.595311379129233,-0.7147473353474063,-0.9087238594427526,4.682434092317046,0.6011416443087876,7.655408217531152,-18.84594442837194,-1.4981333475429375,0.04278068633638239,1.4083147930131759,0.21454518544843607,-46.638517701964005,82.68171440388282,-1.3366851769033417,-0.039021270132393884,-0.5297505892262627,0.22972760238153717,32.4769905066657,34.20470485720189,0.7257010492264433,1.4148802183719935,-0.6738567808304626,0.1134309220843126,73.77266709557702,66.71221196230293,1.2880551212446258,1.5525584997941304,0.4294810821609547,0.10020616207508679,51.22454168824888,-4.999971597468071,0.7670528113067325,1.2347300309706963,2024-09-18 22:44:02.412368128,2024-09-18 22:44:09.068822016,010,RP
72,0,0.4322340455441015,0,-2.0252172677741465,1.152990670588496,-7.289023460690601,2.238143822198525,-1.5429642977447224,0.12573105926882586,0.2104771737203558,0.17569553108471,43.31489428460598,7.883203470980133,-1.4314301359860178,-0.23502160741783032,-0.057091318581578454,0.176880600391318,-53.93087624900384,13.921015162684432,-0.9745983099633637,-0.784356344818173,4.680358517660523,0.6033925809597024,5.804432564594694,-10.166825393886906,-1.5028301966922326,0.04080415894328838,1.393635874066695,0.20711683038860407,-47.556789156227985,83.27684742354529,-1.3579201707120636,0.010843599170820992,-0.5087156687167295,0.25548163205892965,30.810038484375383,32.673549330767194,0.3641227989161835,1.3095163734605348,-0.661815377134519,0.12539498938561744,67.91236776548573,61.94544928481309,0.7404759792401872,1.4206871351894979,0.4379864368738859,0.11178832345176305,52.7103245129976,-6.086407219914077,0.46198470298295247,1.196336910696063,2024-09-18 22:44:02.480236032,2024-09-18 22:44:09.136660224,010,RP
73,0,0.4325329021591343,0,-2.033356427536866,1.1489680433704383,-6.909246377886475,2.9510394680887235,-1.522125636184176,0.14344594216514614,0.20891357194201673,0.17624898665335917,41.03813408996985,8.426576821428956,-1.4571687063304137,-0.20939535426931824,-0.07058683580430557,0.18209675813069667,-52.977585622494125,13.26047986235647,-1.1934780509792111,-0.6615556931694325,4.678385341312431,0.6057958136302317,3.7519606319390864,-0.5531176216451421,-1.5031589901558906,0.035954426529960386,1.380779382820452,0.1985320587609773,-48.32244373491265,83.72263403666872,-1.3606946728381377,0.042230170730570414,-0.4860377227652477,0.2809283941398229,29.294557030239698,31.238259788394377,0.037279363956175704,1.2025137732922777,-0.6492897215313183,0.13591308581773154,63.74715675800076,58.3903736598156,0.2446739273710854,1.2838039802882486,0.4470385970516373,0.12323249905068384,53.157543910242666,-6.763473852345685,0.14365926938795504,1.1315806757051394,2024-09-18 22:44:02.547968000,2024-09-18 22:44:09.204476160,010,RP
74,0,0.4328299010585903,0,-2.037413326556084,1.1458139897277475,-6.2678856458943,4.229726255725368,-1.5102109633172067,0.14908097199906564,0.20734910509221904,0.17729824571610167,36.782246326421905,9.373234140934859,-1.4896388035524657,-0.19088616541158154,-0.08373772186347028,0.18550462820960034,-52.43307688104302,12.609373591689263,-1.3708058117739597,-0.5415945298243073,4.676422315332623,0.6084053216116283,1.5395900187214049,9.800226879987846,-1.4989377088368516,0.028475349504226956,1.3698902020621218,0.18949305053304355,-48.557387855978135,83.51828986163474,-1.3534230454677574,0.04864215701282889,-0.4618297261371191,0.30572093220982144,27.95001535802341,29.908147938324234,-0.2547989876941372,1.0955156014648855,-0.6365212111889128,0.14471725254951393,60.84640119331262,55.73002498405382,-0.1913888858010644,1.1468645248725526,0.45655903767643297,0.13433138729164104,53.056319002452014,-7.2233419464133295,-0.1652513227766872,1.05053326785509,2024-09-18 22:44:02.613235200,2024-09-18 22:44:09.272292864,010,RP
75,0,0.4331249083008984,0,-2.0367833519948455,1.1464742408262563,-5.346772475739615,6.109782834509292,-1.5115157378935897,0.1489356792377084,0.20566773069532734,0.17892263298741576,30.74233911482349,10.677292877988057,-1.5172989392449694,-0.18335419660240942,-0.09642916193925449,0.18719637193475783,-52.198513920049116,11.966541048215149,-1.5073404337060694,-0.4256646181740703,4.67422540164327,0.6115092142536671,-0.7805546878342678,20.648488549246657,-1.4896955720047214,0.017812120891683422,1.3610231384289393,0.18074257738110577,-47.78076595376759,82.03072803493534,-1.3493510576251484,0.026856281358445335,-0.4362051707283778,0.3295384052769684,26.774448016604396,28.679152668240995,-0.5134711099547964,0.9893419186787301,-0.6237618428587254,0.15168093727815768,58.903273979967686,53.74161472815703,-0.5667186037340803,1.0124531492776878,0.466476254829704,0.1449118874760769,52.68503007142154,-7.576315513307055,-0.4529585512785115,0.9594200815377576,2024-09-18 22:44:02.675257856,2024-09-18 22:44:09.340113920,010,RP
76,0,0.4337276522275913,0,-2.031087296878331,1.1538201161515227,-4.1647505376535525,8.54102808830467,-1.5111335053630197,0.15533968725470781,0.20378634308731458,0.1812237403118715,23.26037266538763,12.259853715672524,-1.5248009540609384,-0.19095422397514814,-0.10858616998396417,0.1873348990333969,-52.18214831703143,11.33374037271839,-1.6052053772436135,-0.3147093430153933,4.671405738945802,0.6156309510536863,-3.136637126852863,31.652504675370942,-1.4743425485850703,0.002529318791883851,1.3541440846612782,0.17296988353637793,-45.49230279122784,78.60313272236094,-1.360880462378627,-0.019800735092933296,-0.4092771508398615,0.3520838424191459,25.757112012270397,27.5417974182452,-0.7406091628571203,0.8843477334447079,-0.6112581155898995,0.1568075217039269,57.686684273889334,52.26145392388707,-0.8830758371780854,0.8818471806061744,0.4767270379885743,0.15482713325194006,52.20048176404516,-7.885381052949819,-0.7138781764958773,0.8619876187098571,2024-09-18 22:44:03.613957120,2024-09-18 22:44:09.407639040,010,RP
77,0,0.4379861800997892,0,-2.020224952606964,1.1699455730626582,-2.790593520005448,11.3623733383017,-1.48066372845456,0.18105698687126004,0.20166678892918707,0.18424606754843592,14.82774554503902,14.009736168872914,-1.4993728667372077,-0.21578307019597529,-0.12017512226142407,0.18613866135351814,-52.298683683247,10.714999294254255,-1.667669371371242,-0.20919286285551816,4.667455196801804,0.6214355885744347,-5.431678744422349,42.352117183011984,-1.4530220880341627,-0.018656060564224506,1.3491378402203873,0.16671033635252624,-41.33175039921929,72.76222846613081,-1.3912808476188294,-0.0799468033256164,-0.38115916412270484,0.3730814486981527,24.884693773230104,26.485029078053863,-0.9381794186152108,0.7806193555783262,-0.5992351014064237,0.16021032067420288,57.01004246951961,51.162418580407135,-1.1429926390710203,0.7556931981360703,0.4872566273592699,0.16394938033304393,51.69036072069741,-8.186470831751093,-0.9457076556616224,0.7604248938959598,2024-09-18 22:44:03.692062976,2024-09-18 22:44:10.348836864,010,RP
78,0,0.4382010865672326,0,-2.0043840646600954,1.1955672741000958,-1.3338985480547956,14.326355006405736,-1.4019506233030308,0.2312403546771614,0.19931657494194613,0.18791819859219672,6.020533852375008,15.800007813222578,-1.4411151860954559,-0.2551965175932584,-0.1312060012041718,0.18385804363927466,-52.47270555482192,10.115266131787884,-1.6986207347697966,-0.1088766084902833,4.661792365163353,0.629535314856707,-7.55023476265447,52.197626771733546,-1.4306393060232858,-0.04486458993036266,1.345820965930075,0.16226452443239966,-35.25412537584581,64.44574106634076,-1.4307125516371395,-0.13706481082531585,-0.351967160608979,0.3922743054246987,24.144234604310522,25.49797769875624,-1.10803694247405,0.6780852050355758,-0.5878820647192348,0.16208571685055534,56.71166658139451,50.33977164353902,-1.3491537229257455,0.6344317031315743,0.4980179408454119,0.17216448707920032,51.20337366219278,-8.500198715583439,-1.1476901539251778,0.655966368321995,2024-09-18 22:44:03.754115072,2024-09-18 22:44:10.412843008,010,RP
79,0,0.4384149576508863,0,-1.9840121772725574,1.229778875193464,0.08586432310870004,17.17035586264092,-1.287908411784647,0.29920990098933226,0.1967809487608787,0.19204113591992497,-2.61126734315182,17.51384766525371,-1.3670308875321744,-0.3015257754695335,-0.14173346957309058,0.18074429990553928,-52.64569507493388,9.538342978942648,-1.7018073315825066,-0.01271259022087968,4.65382001422383,0.6402464064714772,-9.380626790713546,60.65574870458694,-1.4182756496098374,-0.07134762449587743,1.3439582961585528,0.15966525215661317,-27.600287341251843,54.09363514863531,-1.462609751289173,-0.17655314799950395,-0.32182214482012195,0.4094230156798122,23.524380320781415,24.570666530398153,-1.2518229935863414,0.5765799330184992,-0.5773412577530254,0.1626826107679273,56.64371577431801,49.702754108949634,-1.5045375438675854,0.518526160843755,0.5089700500727669,0.17936825441174903,50.766523471664634,-8.83863999339344,-1.3196324155921835,0.5492840525632965,2024-09-18 22:44:03.815633920,2024-09-18 22:44:10.473224192,010,RP
80,0,0.4386275627392378,0,-1.9597707112520761,1.2702472570894585,1.373767630612025,19.6922695665396,-1.1775823084077233,0.36975582782783956,0.1941312179382928,0.19632293164058828,-10.63985765454018,19.065528525165952,-1.3029908861025115,-0.3447633294886914,-0.15185411787953132,0.17701830773549956,-52.78359988486612,8.984593000977524,-1.6800717720389957,0.08106625534808709,4.642983404408285,0.6533891617253335,-10.844560227605806,67.3511131648799,-1.428609684520452,-0.08979878888106742,1.3432821815238007,0.15870800529353057,-18.986510449016823,42.50424117547976,-1.4759402066893665,-0.1921486003410246,-0.29085245960802397,0.4243056267100956,23.015779864837338,23.69419618348477,-1.3709100185881116,0.4758837184295567,-0.5677016692987082,0.1622712342452471,56.66795317954945,49.17049161577126,-1.6128268766868483,0.40852427549740367,0.5200761998263149,0.18546465496035164,50.39495177243626,-9.209215008239061,-1.4613901085360042,0.4407424705147066,2024-09-18 22:44:03.897965824,2024-09-18 22:44:10.554563840,010,RP
81,0,0.4388543264534262,0,-1.932491038777066,1.313726517140771,2.477478957731058,21.787705884574027,-1.110803407374865,0.4268117426485197,0.19145351303712782,0.20043851717508898,-17.796784267913008,20.407256868855843,-1.2698233813985036,-0.3762926299960373,-0.16169843819183508,0.17284809785105132,-52.88092269749197,8.449237389672385,-1.634829213360029,0.1746682579487172,4.628822941761752,0.668210889264511,-11.917850912779995,72.16562172157225,-1.467273514094544,-0.09104288677992722,1.3435134760379646,0.15903316154100056,-10.078256079953643,30.540272858379268,-1.471592695553224,-0.18690779181548403,-0.2591949440815429,0.43671925732837774,22.61106253347728,22.860673088988914,-1.466367696456508,0.37575053479182635,-0.5589990036285323,0.16111347432599624,56.656620434033044,48.67099437158442,-1.6786732736268857,0.30501232219447055,0.5313018006580176,0.19036591184350124,50.097396983155754,-9.616837225430176,-1.5726388324097584,0.3305643578320033,2024-09-18 22:44:03.965567232,2024-09-18 22:44:10.606834944,010,RP
82,0,0.4392619716589253,0,-1.9031428392677412,1.35667176559494,3.3846377478416785,23.441449093320195,-1.1066733404808347,0.4596519741268434,0.18884066062154187,0.20408995174692668,-23.95183199002656,21.523079776092796,-1.2739736317059756,-0.3914608659567112,-0.1714172616036612,0.16833938180809893,-52.95878629883646,7.921949874799963,-1.5658831299196774,0.27034894604771104,4.611015583266704,0.6834599549767156,-12.630935296704473,75.24143948433776,-1.527357521210184,-0.06842144140141639,1.3443827227209773,0.16022580421677676,-1.3974738184293813,18.87873965695137,-1.4586030021462575,-0.16913135400823814,-0.22699459114157972,0.4464836981437353,22.304632565528113,22.063030949775214,-1.5389448899405693,0.2759320574303111,-0.5512215192023077,0.1594376005519704,56.49534507826673,48.14144994190078,-1.707589317736657,0.20854981379323315,0.5426128077814771,0.19399424359356288,49.87903367514509,-10.065002511897319,-1.6528192640285384,0.21893710132212243,2024-09-18 22:44:04.032742912,2024-09-18 22:44:10.690284032,010,RP
83,0,0.4394522348462917,0,-1.8728107861161525,1.3957904195179058,4.1086101715033205,24.694649445137955,-1.1592407394939297,0.46494052152508947,0.18638810255843977,0.2070517301093403,-29.062273147200948,22.41686194794188,-1.3071851360135665,-0.39023994410209367,-0.18116327077206482,0.16353725103380687,-53.057452481259425,7.38793836966164,-1.4715253678970026,0.3699793569384224,4.589397599227097,0.6975782759316195,-13.05157242113666,76.89885513570317,-1.5915550901719453,-0.019720649059434166,1.3456495147879766,0.16189905351072548,6.747616318556332,7.920073374959237,-1.4466248466184806,-0.14741154534925205,-0.19440287347346863,0.4534465901878631,22.092424404221763,21.294830786176096,-1.5890724910976914,0.1761977101853552,-0.5443198326726802,0.1574211550138221,56.084094816711705,47.52768510623124,-1.7055074764772595,0.11964072849128936,0.5539747019388904,0.19628468712359737,49.74278599550437,-10.556245045469554,-1.701187012203738,0.10607749300211106,2024-09-18 22:44:04.976761856,2024-09-18 22:44:10.757594880,010,RP
84,0,0.5215988663053499,0,-1.8426663848198892,1.428467703687539,4.672977745322629,25.610739008317438,-1.2460619524763492,0.44563661445817365,0.18419273708540623,0.20919877265985273,-33.119727929836415,23.100413338920536,-1.3527171779111264,-0.3764756322988619,-0.19106977634865424,0.15843403762565314,-53.226699078522905,6.829986511289504,-1.3488329354663189,0.47465968646755924,4.5639647323401,0.7089399336774577,-13.261679194981143,77.52583613750235,-1.6393302752644312,0.05308401696030151,1.347118100472782,0.16374483005020116,14.228689255044705,-2.1677248414732992,-1.4414096379311896,-0.12782516033350114,-0.1615751911164218,0.45748918083058554,21.971699429591986,20.550081534488907,-1.616888977478531,0.07634913961410834,-0.5382187844576738,0.15518438233410295,55.33298622356438,46.78125258566001,-1.6782192010094157,0.03875743707928121,0.565352037654724,0.19718805051421082,49.68980418551012,-11.09223204694239,-1.7169163834686094,-0.007732905898336474,2024-09-18 22:44:05.030540032,2024-09-18 22:44:11.676139776,010,RP
85,0,0.5215988663053499,0,-1.813923528273319,1.4530590786247957,5.099966530361217,26.25094928282866,-1.3400326641360243,0.4087584171860465,0.18235206622596759,0.21052187932930996,-36.10845448811491,23.584451284134065,-1.3935166960984486,-0.35646335560789094,-0.20123048168121538,0.1529783801651892,-53.518361592654685,6.2304743179206294,-1.1941138209801148,0.5844784200127737,4.53485340206899,0.7160653932296709,-13.339182216294708,77.49123585438223,-1.6535712412568355,0.1454288391403507,1.3486480754430312,0.16555385133772846,21.02241486156038,-11.351839344208392,-1.4444174604277182,-0.11346590705040975,-0.12866791099929514,0.4585315575064975,21.940919996130358,19.823092341304758,-1.6222834940920552,-0.02377154940469702,-0.5328302210012272,0.15279387425306984,54.1517923056932,45.85371146185507,-1.6309594307402109,-0.03356929632392867,0.5767083169686649,0.19667318949283957,49.719483854059774,-11.67363985402553,-1.6992198557662868,-0.12212854003714875,2024-09-18 22:44:05.112487936,2024-09-18 22:44:11.732454144,010,RP
86,0,0.5215988663053499,0,-1.7877745593509746,1.4690539458061664,5.403627362851424,26.660467527518573,-1.4186735247286497,0.36324007195468927,0.1809613402738962,0.21113370729909853,-37.98014289535377,23.87293756213731,-1.4189601285135944,-0.33723205766263636,-0.21168359141140897,0.14708319409688625,-53.983268690947696,5.5726278073731255,-1.0034774328198555,0.698510841383736,4.50230832908638,0.7177747198297779,-13.348811347149308,77.10046451167311,-1.6237113104177885,0.25191407828822227,1.3501602857908614,0.1672142756284071,27.14087712306887,-19.644534413097315,-1.4544927020766856,-0.10521810731762332,-0.09583549948211678,0.45653649117180617,21.999711688155195,19.10835335809691,-1.6049481060875885,-0.12427926657456485,-0.528065562670509,0.150274256761077,52.434426660743945,44.68881501791129,-1.568384719871852,-0.0965807215951044,0.5880057712068408,0.19472837104771415,49.82912486289791,-12.299812993570267,-1.6474648770653189,-0.23664207505685836,2024-09-18 22:44:05.170512896,2024-09-18 22:44:11.811810048,010,RP
87,0,0.5215988663053499,0,-1.7653122964661583,1.477107121912232,5.586923108030858,26.862664062017803,-1.4694400331146744,0.3181681158559916,0.18010825113403986,0.21126264793646957,-38.64901673516851,23.961006812221438,-1.4281680019986434,-0.3246250960415873,-0.22240210424068163,0.14063412083585186,-54.67141754212076,4.840961696811432,-0.7734611818993793,0.8150869424302418,4.466638906357474,0.7132727163045078,-13.340342135358894,76.58649120591397,-1.54559842151031,0.3675529665098053,1.351639000333471,0.16869738709694995,32.58501969244114,-27.043183442937583,-1.469718024890182,-0.1028552135041215,-0.06322831508967038,0.45151135174433776,22.148909742193016,18.400438244072056,-1.5644305233659936,-0.2252479167998685,-0.5238466960674655,0.14762548575252285,50.04184229059664,43.21425374905823,-1.4951145321530044,-0.14906563596772984,0.5992045699055015,0.1913621114759982,50.013023503530356,-12.968032238106662,-1.5612920017419443,-0.3506741321939775,2024-09-18 22:44:05.247691008,2024-09-18 22:44:11.874066176,010,RP
88,0,0.5215988663053499,0,-1.7474509407398549,1.4789256417502894,5.641992223653925,26.859104618870994,-1.4913396792008577,0.28121305885253856,0.17986648881093562,0.21122947080590243,-38.011433314521355,23.836983044953982,-1.4286926553573733,-0.32135798439202296,-0.2332915056751538,0.13350253509585563,-55.631792517069144,4.021575360285196,-0.5015794460783636,0.9322194443490774,4.428168707326304,0.7021709755627912,-13.351282510092348,76.12173141386391,-1.4196928275265588,0.48841892018004457,1.3531308367742714,0.17003402498985407,37.32336635142718,-33.50339794233932,-1.4886040863275236,-0.10606696865380445,-0.03099144724525571,0.443508006963267,22.39067018903817,17.693919273949504,-1.5001801252112008,-0.32671424741641625,-0.5201144531029879,0.14484425383828692,46.78788849969792,41.335057038863965,-1.4168435974176556,-0.18917649094433442,0.6102612558388779,0.18660425484771362,50.26047746649639,-13.672022097765712,-1.4407575265567842,-0.46343784016624945,2024-09-18 22:44:05.310635008,2024-09-18 22:44:11.935283968,010,RP
89,0,0.5215988663053499,0,-1.7348637180496365,1.4770069679798827,5.553390793419772,26.634376199654845,-1.4930499120020433,0.25712113746503734,0.18029003670499505,0.21140489342649885,-35.99003742687714,23.488645168705826,-1.4307179268961197,-0.3256338999122367,-0.24419564680418848,0.12556661880556824,-56.90675980073154,3.103616982929773,-0.18673685520502392,1.0479012815840314,4.387187759067954,0.684462642352333,-13.411583326006877,75.83913419757725,-1.2489812790117192,0.6118216179559768,1.3547393053965955,0.1712819680276279,41.29468892638138,-38.94353819269441,-1.5103367489567967,-0.11528397097030044,0.0007354377095131061,0.4326211706670687,22.728613730620044,16.98328452037754,-1.4115859560616635,-0.4286791670819639,-0.5168350650044597,0.1419490422242243,42.433015933863764,38.93087054851377,-1.341714819030128,-0.21448279003835005,0.6211267578494738,0.18050793562311862,50.55193490364463,-14.399159429718454,-1.2865443645679022,-0.57386468167406,2024-09-18 22:44:05.372675072,2024-09-18 22:44:12.015286016,010,RP
90,0,0.5215988663053499,0,-1.7279530915030425,1.4742588591492691,5.304124019080771,26.165277496486155,-1.4877865309094744,0.24649600364797722,0.18140961111904186,0.21215326244775884,-32.59138917354344,22.91239123580187,-1.4395311196113716,-0.33121181696275165,-0.25490973203129075,0.1167408717518011,-58.51347655233382,2.084345371825362,0.17016222089873834,1.1598713352334413,4.3439171176292035,0.6604806921081013,-13.548842329912356,75.85504812096536,-1.037433859749455,0.7361476613700317,1.3566133053069624,0.17248580321340623,44.4315807662493,-43.27647364331474,-1.5339812635136878,-0.13215251076815926,0.03181752588381384,0.4189861172434226,23.167960548982315,16.262852815557576,-1.298013727115987,-0.5311022847330161,-0.5140047221578198,0.13900783608789188,36.692950626640645,35.86034989199702,-1.2809983686509698,-0.22259387804150724,0.6317446581177802,0.17315257624636118,50.85227623532739,-15.125653864797808,-1.1003147534621445,-0.6804537177404479,2024-09-18 22:44:06.326847232,2024-09-18 22:44:12.074495232,010,RP
91,0,0.5497472347953005,0,-1.7268580929420279,1.4735722542265206,4.883446992986533,25.433019961292207,-1.4864211042679856,0.2454422699607781,0.18323151555831935,0.2137743193053273,-27.952616997870606,22.121800376341074,-1.4512781752217394,-0.32948221991999815,-0.26519741797007396,0.10701087950098458,-60.397864959710475,0.9826421617795754,0.5642797847715539,1.2644393628445296,4.298491004942248,0.6308776970881063,-13.792994360913934,76.28906219160768,-0.7894156706944697,0.8603856864114561,1.3589293970794576,0.17363621484280703,46.69590003103226,-46.45643127525329,-1.5568599839746342,-0.1594508909744141,0.06212370343182295,0.4027767824742118,23.71559085663985,15.526699666911659,-1.158852606964842,-0.633887714006591,-0.5116511495693536,0.1361644460706873,29.276278062229608,31.97924132565182,-1.2471927616104206,-0.21274222015481561,0.642050266810012,0.16464768926953569,51.099736394268824,-15.808599385861559,-0.8853203025609715,-0.781039052090594,2024-09-18 22:44:06.381735168,2024-09-18 22:44:13.017762048,010,RP
92,0,0.5497472347953005,0,-1.7314908997099596,1.4774359136926323,4.2942002805303705,24.435368707270303,-1.4920009966685053,0.24659956565908092,0.18573827219223932,0.21645749779834952,-22.349584438492617,21.151173197820178,-1.4555966198648667,-0.31295263926453015,-0.2748094849746345,0.09646920845045226,-62.32936032497483,-0.12869940970474938,0.9810427111529161,1.3538483052568404,4.250959044580184,0.5966538014311248,-14.1793289826812,77.27574678500659,-0.5103892972617681,0.9830790423691272,1.3618699349470558,0.17464021570530866,48.109990468238166,-48.51954958928301,-1.5729341201598606,-0.20037709754971367,0.09152481070357496,0.3842049995761753,24.379911564966655,14.768633209046529,-0.993579127977501,-0.7368609553986759,-0.5098307774893585,0.13365431327637395,19.97238362903043,27.18253587390431,-1.2474642270191552,-0.18837200130620646,0.6519707809323922,0.15513713823060485,51.18808208740262,-16.37313385295527,-0.6474369309438393,-0.8724430668922052,2024-09-18 22:44:06.459841024,2024-09-18 22:44:13.079844096,010,RP
93,0,0.5497472347953005,0,-1.7415919138678257,1.4876670552056526,3.5568265265111627,23.19454031760242,-1.498871462321659,0.24151625436131063,0.18889100044577006,0.22026045589432428,-16.155318787006554,20.05159432819802,-1.4432920486623186,-0.2783833282744958,-0.2835032940077964,0.0853509280619507,-63.666125357752456,-1.0495562556361167,1.3815499625738212,1.4112923603468228,4.201308996547234,0.5592339200476486,-14.747593884416139,78.95919886402251,-0.2095569912187858,1.0999261175563448,1.3656006292966814,0.17531277422551056,48.76791056904506,-49.59748936257219,-1.5723721374319632,-0.257487473880487,0.11989149398367638,0.3635210983408244,25.170319115001885,13.982292837256537,-0.8018405546844356,-0.839735710047309,-0.5086210715303707,0.13179605619643858,8.802085145509775,21.476925978410737,-1.2734199458369597,-0.15959331368383506,0.6614265898576923,0.14480352481131226,50.93834733188845,-16.691977368717662,-0.3968410868455283,-0.9499820611311066,2024-09-18 22:44:06.530361856,2024-09-18 22:44:13.157083904,010,RP
94,0,0.5497472347953005,0,-1.7567973213722419,1.5053009586679051,2.708074904284613,21.757538737922605,-1.4969799753298014,0.22348536815292083,0.19263480488300438,0.2251173191163761,-9.76510500538798,18.881099097374957,-1.4128607217112223,-0.22783716247223393,-0.2910625968819025,0.07406933773704447,-62.853935402992036,-1.2944296626422145,1.6723752028391496,1.402804171726012,4.149506348528815,0.5205710538223888,-15.532599498379598,81.45262022768162,0.0949807758841823,1.198641052190248,1.3702512355111074,0.17539303794005745,48.82166423541165,-49.89794573828125,-1.5428896462509285,-0.33182326395318124,0.14709225948964036,0.34101539297438643,26.09591394994996,13.161493053654642,-0.5835610881649886,-0.9420654738551523,-0.5081092162733163,0.13094596004211348,-3.8076259087277324,15.065310183654374,-1.2961097872843605,-0.14259039097491272,0.6703336173285984,0.13387241789797333,50.05497712628475,-16.55353388236269,-0.15052865636271218,-1.00681615153798,2024-09-18 22:44:06.598230016,2024-09-18 22:44:13.229577216,010,RP
95,0,0.5497472347953005,0,-1.7767146136769738,1.5306430301620557,1.794764268974395,20.18878390479207,-1.4783731245386647,0.1895589486322385,0.19690788581157606,0.230872893927226,-3.522903815860588,17.693687542298644,-1.3712276786009294,-0.16731451441102974,-0.2973164247527428,0.06324811713728233,-56.50312437433826,0.20069307366218542,1.6645106723080483,1.2694161089347877,4.095543821806213,0.48323335614857815,-16.538456641956138,84.73397392217339,0.3711244983888058,1.250102476270608,1.3759021912929947,0.17457934133565772,48.451110061568606,-49.66398850429031,-1.472207465635421,-0.4226368628762734,0.1729925840508075,0.3170193057068185,27.162903755761135,12.301019088967488,-0.33908972229670287,-1.0431666742401744,-0.5083798886523181,0.13141517089606752,-16.947962557635766,8.383996682065474,-1.2800566023762743,-0.1530600630754703,0.6786064722920503,0.12261605295737467,48.06099432319568,-15.614501812512078,0.06438441847216625,-1.0332369836639623,2024-09-18 22:44:06.666013952,2024-09-18 22:44:13.297436928,010,RP
96,0,0.5497472347953005,0,-1.800995841764483,1.5634380958548761,0.8654322343216815,18.558639855342285,-1.4416803450223092,0.14094973051114468,0.20165252516994278,0.23732898301160052,2.321616774597316,16.531840114925554,-1.3295542033564471,-0.10420087395371135,-0.3021548857441199,0.05372833376366562,-38.435788888373594,5.386438599948361,1.1022493049288684,0.9428417522104567,4.039490968851077,0.45039223738667206,-17.689965283639953,88.45845500255267,0.5793355480727858,1.1996637661946985,1.3825787295492726,0.1725718593743418,47.83244022243203,-49.13211443397156,-1.3502753342913187,-0.5277257169236009,0.19745582021875036,0.29190442967215025,28.369730266781936,11.398231640787863,-0.06945128006161116,-1.1419854583315256,-0.509505008281461,0.13337155312024657,-29.396204840081772,2.022486409510619,-1.2147565479816433,-0.1956264640623508,0.6861621573072038,0.11135567529726283,44.21229308114962,-13.33680240005997,0.20760468036296187,-1.0162773817464634,2024-09-18 22:44:06.733856000,2024-09-18 22:44:13.361340160,010,RP
97,0,0.5497472347953005,0,-1.8293939377616169,1.6030739156436347,-0.0367236864046842,16.93281791071901,-1.3925863639531666,0.08204783327067107,0.20682450398868987,0.24428507904971947,7.618585233522565,15.424289887981132,-1.2982527046102095,-0.045111970807942235,-0.30553892637373575,0.04647621064379476,-1.658714606307694,16.49319812002831,-0.0029222902016128316,0.44312503231575495,3.981529845769275,0.4255576380774636,-18.778682910959677,91.76788647422342,0.7067273153191533,0.9758460391281911,1.3902523956369683,0.16911224003370437,47.11631680507191,-48.50357231184159,-1.1703278626741154,-0.6440590717673933,0.22034618287526653,0.2660782784809022,29.69816543707839,10.456122607541603,0.223153900713712,-1.2368570130633407,-0.5115364501648476,0.13676429385476443,-40.015978621629316,-3.469631653980674,-1.1328733179620052,-0.257853515055417,0.6929241285081528,0.10046064538197305,37.41399485727962,-8.925059780488978,0.22638870646362763,-0.940695440798355,2024-09-18 22:44:07.650986752,2024-09-18 22:44:13.420856832,010,RP
98,0,0.616901978890912,0,-1.8617931480858854,1.648741779897838,-0.8777938408692464,15.36572944163764,-1.3413110957722594,0.0189055307091102,0.21239890623372823,0.25156246375442054,12.298672870961896,14.387775334081269,-1.2841626296488153,0.005105571978744782,-0.30750159523915094,0.042242789736398834,51.612050531845284,32.870787872106085,-0.93573302486464,0.009575940791726457,3.9219640851118918,0.4119006743315813,-19.478721650931114,93.39484673884321,0.8041892251562062,0.5414069560473043,1.3988481733152642,0.16401393263483938,46.418557894573496,-47.93251491875294,-0.9287821950234241,-0.7683352137534545,0.24153352535879619,0.2399768391524675,31.097090187510297,9.489010178610211,0.534317350114947,-1.3250723632763806,-0.5145003796144957,0.14130289512094912,-48.14947572416112,-7.772923538319824,-1.0885681241040222,-0.31571364885943487,0.6988265219472424,0.09034033684658924,26.223526983256168,-1.3256961548985584,0.06814845342074394,-0.7934862806822396,2024-09-18 22:44:07.718880768,2024-09-18 22:44:14.375513088,010,RP
99,0,0.616901978890912,0,-1.8982141195302151,1.6995179157222848,-1.6341900736277708,13.897957328243647,-1.2992247752986044,-0.04208248938069324,0.21837274474292898,0.25901139784239774,16.34639574895122,13.430392693647372,-1.2901127084126924,0.043392379638632954,-0.3081408507675403,0.041006971823876054,102.6236959646251,48.622552983448976,-1.145944940507261,-0.11933981312828744,3.861200255278648,0.41126206995238773,-19.513687034553424,92.34625335924532,0.9373271319247158,-0.03652050970681528,1.4082541463043476,0.15718185764854778,45.819976794502985,-47.52617230442781,-0.6246532060547727,-0.8972354171243266,0.26089918285504593,0.21405564162462606,32.452821269931476,8.533085449334036,0.8553548568334652,-1.4021184663997417,-0.5183914163224639,0.14649643225160253,-53.74563556953815,-10.861276144043869,-1.1159789702386924,-0.346268583792182,0.7038183083885252,0.08142116577120516,9.136712772751439,10.569414272050253,-0.28466215107299897,-0.5745100559532652,2024-09-18 22:44:07.786720000,2024-09-18 22:44:14.441824000,010,RP
100,0,0.616901978890912,0,-1.9387957104763798,1.7543649789457099,-2.2919439001932895,12.55638899765275,-1.2760323027044753,-0.09503153607811045,0.22476534743445525,0.2665061584164704,19.77726088458947,12.554757085973392,-1.3157191882394115,0.06802499448876385,-0.3076066194156585,0.041815005595179346,134.51794523946353,58.378610385852035,-1.109768518844339,-0.06527131423723262,3.7997136984945965,0.4234198977060654,-18.869448767953642,88.69850296663546,1.0727733644793087,-0.5989397810524827,1.4183304183831602,0.14862366567200128,45.36956260562213,-47.349030712292986,-0.2593942623213974,-1.0272600654036381,0.27834204833646997,0.18878208534802457,33.53490956144532,7.66582458188903,1.1693803460194054,-1.4603945739794721,-0.5231665233425136,0.15173505766543463,-57.203938157154745,-12.927185447178804,-1.2089152508728318,-0.33721059874799986,0.707867073067863,0.0740972117124605,-14.58735635301692,27.325909245407978,-0.7641877390811058,-0.311462357228007,2024-09-18 22:44:07.854022912,2024-09-18 22:44:14.500556800,010,RP
101,0,0.616901978890912,0,-1.9837543640155555,1.812074694050568,-2.845373146252014,11.355478603869896,-1.2779356706004634,-0.1350232831956174,0.23161641317791754,0.2739321611325711,22.622771245209464,11.760194868040049,-1.3583684841531156,0.0780950527472981,-0.30608577784415575,0.043364877262291185,148.154722366986,62.34805343698382,-1.1676235005083921,-0.04385484282590758,3.7380158711518896,0.44622168712226457,-17.797338409185613,83.52673343779698,1.0976988002683914,-1.0096735402955832,1.4289153542862705,0.13845682187944672,45.08525164816717,-47.423008331926454,0.16180876881747608,-1.1540510180374468,0.2937841544441243,0.16463200505323697,33.89890557998789,7.041038687602047,1.4443927173964095,-1.4871837623596234,-0.5287405732126237,0.15638786096017493,-59.10888067029346,-14.253263447567537,-1.3320307794812751,-0.2884249774114758,0.710962025408781,0.06864722500810995,-43.66561935259904,48.04459717565268,-1.209502596719115,-0.0641167162127306,2024-09-18 22:44:07.916672000,2024-09-18 22:44:14.571774976,010,RP
102,0,0.616901978890912,0,-2.0333291458976355,1.871192911639935,-3.295650425085936,10.298857935982827,-1.3066772994144236,-0.15834454698695044,0.23898171733308565,0.2811687668885672,24.922713288821157,11.04392717763741,-1.413891357142949,0.0731161771633968,-0.3037886397919742,0.044624229304480775,152.02253829865728,63.18272012747238,-1.2264283190558711,-0.10451105365664275,3.676636471480026,0.476442375618135,-16.611809249595147,78.07558374433077,0.9506158273729226,-1.2313540360618793,1.4398294985835762,0.12691597374328042,44.94705023545553,-47.71608880332672,0.62587145935905,-1.2710047780353635,0.3071751861723036,0.14209294241574652,32.721198237395306,6.948859839647239,1.62278247278282,-1.46192089515631,-0.5349864462570376,0.15989543024583333,-60.01768335895775,-15.108647132788947,-1.4438865555971208,-0.20821952272407715,0.7131156983607279,0.06513689732828083,-74.19620267582418,69.91047688688448,-1.4717771977837462,0.10420291341891637,2024-09-18 22:44:07.979156992,2024-09-18 22:44:14.647660800,010,RP
103,0,0.616901978890912,0,-2.0877294403642623,1.9299733927927059,-3.649294398439405,9.38126064782166,-1.3593592157857408,-0.16261282127755414,0.2469275968456436,0.28807155409261537,26.722152066049638,10.401563207786511,-1.4768690239304516,0.05280738053083471,-0.3009400805365697,0.045006333719653124,152.41995609612206,62.86927386294737,-1.2028440731798204,-0.20852084931254256,3.6161272074576627,0.510672458985516,-15.530113741202982,73.15886683447621,0.6598164463358756,-1.2990772714502958,1.4508789877425998,0.11436371022430682,44.876676269740486,-48.11062663949341,1.1024133148386879,-1.3667626388738612,0.3184955348054117,0.12167436716763474,28.556899307010713,7.904755082829334,1.6111104367224423,-1.3541564221654034,-0.541741916905855,0.1618422599419474,-60.35238861097633,-15.695418695957393,-1.5136118204729005,-0.10863368416211212,0.7143638195360392,0.06336425747191646,-101.13312814343743,89.24584770217362,-1.5474090172948392,0.17477189734765344,2024-09-18 22:44:08.056859136,2024-09-18 22:44:14.711054080,010,RP
104,0,0.5423419028271173,0,-2.147098991401486,1.9863828630899618,-3.916507077956979,8.590871603101782,-1.4289894980356466,-0.14678715730400804,0.25552529903771204,0.2944567494715167,28.070596134816977,9.827252528484047,-1.5407040194235577,0.017024807362148054,-0.29777651057421006,0.04429784918362001,152.23844873738068,62.33303404024797,-1.1147457421615976,-0.3123960725035553,3.557087140977716,0.5458097613969481,-14.650216464899616,69.11209659983443,0.29051494495299135,-1.2658721281751584,1.4618601926883414,0.10130561956292598,44.696754076583346,-48.34040552693753,1.5257230367924564,-1.4209705430974204,0.3277577103330861,0.10391829265528646,19.12568440506429,10.73140947084292,1.289714594736136,-1.127873344020387,-0.5488235319721652,0.16199947259807249,-60.372278986221886,-16.133727386427218,-1.5268388537252935,-0.0021513269090296144,0.7147632127292444,0.0629031071313695,-121.04433625151005,103.51803866180823,-1.5477898912448749,0.18447003251515515,2024-09-18 22:44:09.000948992,2024-09-18 22:44:14.773285888,010,RP
105,0,0.5715165687771503,0,-2.2114953182721524,2.0381468044517472,-4.10948008114624,7.911904040012428,-1.5055857611866494,-0.11104782312290878,0.26484443563755355,0.30008870325758963,29.021829038775476,9.313730067055939,-1.597620848739801,-0.03420070579606833,-0.29454657694273456,0.04255704937509669,152.0244395693762,61.77827828679737,-1.0247455932886123,-0.38537345197602385,3.500200047611095,0.5792031208348284,-13.993892298908294,65.98142249090334,-0.10019173153180594,-1.174275643920625,1.4725669541271236,0.08840714378389321,44.06973917828383,-47.89564159094218,1.7677683657140433,-1.3984158240676272,0.33500601839409805,0.08938756498601516,1.5991925215594154,16.46426088070676,0.5903509310044242,-0.7653797678705163,-0.5560449318876628,0.16033347936412626,-60.18706425235278,-16.46671204271791,-1.4845533048219068,0.09994225802665413,0.7143880664816892,0.0632271816248488,-133.43448461536588,112.32400346635185,-1.5579273544730368,0.18652355068210416,2024-09-18 22:44:09.068822016,2024-09-18 22:44:15.716960000,010,RP
106,0,0.5715165687771503,0,-2.2808702373612597,2.0828126869964123,-4.240917243211734,7.327018080846192,-1.5775188920250973,-0.05658734548619685,0.2749432698111626,0.30467159442677194,29.63358214053567,8.852446030063447,-1.6387532320025096,-0.10054535734832651,-0.2915111686059068,0.04005082709542744,150.3855303617025,60.83906169715898,-0.9964739905241453,-0.40630422224143675,3.446263713811297,0.6086638726961281,-13.547682383398099,63.688886204145405,-0.4745459186615082,-1.0517235045189441,1.4828014246410786,0.07650153252113746,42.46458889000173,-45.96655290289226,1.6265456788023407,-1.2466153682328516,0.3403143786584451,0.07858365586815723,-25.610530144163363,25.71563165312434,-0.336067581719917,-0.3187375004575112,-0.5632351768451692,0.15698285093169484,-59.78360470471518,-16.67222916830196,-1.399106589607115,0.18815074378178936,0.7133251731521794,0.06383722869303982,-139.84426040979028,116.75443127115207,-1.5835418330223312,0.21388616978848354,2024-09-18 22:44:09.136660224,2024-09-18 22:44:15.778956800,010,RP
107,0,0.5715165687771503,0,-2.3550370093511925,2.1178236964240953,-4.322913186976459,6.819379456458124,-1.6328072019048214,0.014598505864269548,0.28585479307376005,0.3078497719080191,29.96613146522846,8.434037690786026,-1.654476646576959,-0.18120973367520493,-0.28893862490048833,0.03723372749512054,143.47957057463972,58.45678982314897,-1.0615703503185414,-0.3632182433552532,3.3961883383940736,0.6325001215104836,-13.284213491546746,62.11569094472828,-0.8089142386217492,-0.9148334662812857,1.4923877252676632,0.06655493513322822,39.35081165459891,-41.72666829264312,0.9300593766920278,-0.9174377342596635,0.34378226916138005,0.07174757621624712,-59.507040749245995,37.4574654998545,-1.0791149616742701,0.06500787302214861,-0.5702525703200635,0.15221283682475614,-59.053583845300516,-16.67545797439402,-1.2896959077633308,0.25490125632062943,0.7116689016505673,0.06433438302256761,-142.33894306557067,118.29819927357732,-1.5924732829590909,0.2744652977901946,2024-09-18 22:44:09.204476160,2024-09-18 22:44:15.862088960,010,RP
108,0,0.5715165687771503,0,-2.4336229622921826,2.1406218573501348,-4.366125222957444,6.3744974011676865,-1.6602482544500323,0.09984452309455186,0.2975708030668174,0.3092234566035445,30.07881021075196,8.049424290292151,-1.6351198101326574,-0.2747028191018519,-0.28709357251164913,0.03474825694133054,124.58534141154925,52.76765074842519,-1.1908501773512412,-0.26696509257377254,3.350953058800851,0.649619170095334,-13.168183751303612,61.12596562028247,-1.0869554113778108,-0.7745858037035174,1.5011847262418057,0.059507066499679205,34.963345526088695,-35.48644028207914,-0.1324306408551963,-0.4426502098445747,0.3455292079686852,0.06861519509942599,-91.7929431155736,48.717142931838715,-1.3687817467104682,0.25169481410622646,-0.576991140225687,0.14636176255617356,-57.81839015918503,-16.360698863961822,-1.178064765741453,0.2945908241760527,0.7095168206884805,0.06443799444376155,-142.62811852326914,118.19704919540966,-1.5561574791401118,0.36250177283844537,2024-09-18 22:44:09.272292864,2024-09-18 22:44:15.917217024,010,RP
109,0,0.5715165687771503,0,-2.516019745790171,2.1488062546026976,-4.379066278799442,5.982182774416708,-1.6504473406988098,0.19584592479782786,0.31002796575660363,0.30838390288576634,30.023967216536562,7.691730519914223,-1.5721020247887292,-0.37863161444239546,-0.28622093841201324,0.03338651779236484,87.26214457132217,41.9762529070486,-1.2973102878758012,-0.18219218055181088,3.3115290309972085,0.659667618588284,-13.153503655360108,60.5582092140529,-1.2965387318106114,-0.6400931378260643,1.5090934080761909,0.05590723504757007,31.20711678141812,-30.094454219901912,-0.8974226527619193,0.004072921827606941,0.3456887314579331,0.06837235798147819,-114.75002072066069,56.66778909769673,-1.3801102973774002,0.2633065684542372,-0.5833799096435671,0.13979270149607945,-55.851865086795705,-15.582856007759604,-1.0845185841087095,0.30373341610870425,0.7069667285000909,0.06397262886265259,-141.8477504904629,117.28164010933965,-1.4613671016640133,0.4684913502952995,2024-09-18 22:44:09.340113920,2024-09-18 22:44:15.994843904,010,RP
110,0,0.5715165687771503,0,-2.6013440146517754,2.1403553460264617,-4.367348671728877,5.639023672900704,-1.5968822583767313,0.29858644450123245,0.3230986708804899,0.3049661454670005,29.83847714237415,7.359227694201035,-1.459455711577568,-0.48950644636381063,-0.2865281670054872,0.03390646818167452,35.075604706616495,27.050148723195857,-1.2383215440470552,-0.2225808265760084,3.27878888192624,0.6631522766900542,-13.175706814040641,60.20036101339627,-1.4310462699543651,-0.5206742184227953,1.5160568051384982,0.05552533627622705,30.646751686469937,-29.462216449662474,-1.0406091361107241,0.25129456887993734,0.34440304033167296,0.06992912842577516,-126.82028857408717,60.677292960655734,-1.3701891564345112,0.220914090011742,-0.5893779700210896,0.13285699017829497,-52.904779243153676,-14.180911394743806,-1.0242972705447648,0.2812684724632033,0.7041152241060262,0.06284631535890367,-140.63629796612733,116.02415845986162,-1.3068289228691978,0.5835755749134303,2024-09-18 22:44:09.407639040,2024-09-18 22:44:16.065496832,010,RP
111,0,0.5571164911865988,0,-2.688414148462663,2.113901813049792,-4.332715887455584,5.351865306895437,-1.4971630190200167,0.4031709347985442,0.3365875451483572,0.2987125432550565,29.532623320572483,7.059686814737381,-1.2957026810039807,-0.6025226632489432,-0.2881682583135629,0.03671234483750235,-14.900542263176474,12.706136688092805,-0.8157353640761196,-0.4354943578835925,3.2534210889552626,0.6614904202353504,-13.142833320966927,59.75917109505774,-1.4938986155122358,-0.426099907723886,1.5220540706477184,0.057407892960749614,34.04801070512139,-34.82291329118709,-0.9451468966097809,0.3134757471162392,0.34181910992961706,0.07227252534574785,-131.07452494378103,61.80377745073062,-1.3920365698183668,0.20670819251336084,-0.5949690063753005,0.1258688166507107,-48.73659976660053,-11.996766337245031,-1.0046796981558854,0.2289393891244969,0.7010573092070135,0.06103133015782394,-139.25559932169094,114.62615575247469,-1.098124832847491,0.7003584363870349,2024-09-18 22:44:10.348836864,2024-09-18 22:44:16.121344000,010,RP
112,0,0.5281925351543049,0,-2.775746032366067,2.069035865118486,-4.271666792419752,5.142937849350992,-1.3546449987110976,0.5035716624091301,0.350233671194771,0.28953825560380275,29.075051880899338,6.816937839574198,-1.0861883373796826,-0.7112462526413766,-0.29122620193338006,0.04171202461357661,-48.390374040087785,2.9074551581696073,-0.046962688712468115,-0.7369238454623254,3.235863559843961,0.6569519079772951,-12.930219912985423,58.8404274371983,-1.5032449902568972,-0.3644981465697168,1.5270920068233993,0.060393983853133944,40.335954783420185,-44.59671413735103,-0.9332666204447286,0.2955138362274258,0.33808640946428004,0.07464724991147731,-131.25464768618443,61.375412561721156,-1.3978405158583396,0.23712457834290743,-0.600157331321042,0.11908775349550381,-43.15747289935132,-8.901273761834876,-1.023606700496814,0.15150185972820662,0.6978862794063986,0.058550826468813384,-137.66165093742237,113.07217738966004,-0.8452289005412439,0.8122208943940042,2024-09-18 22:44:10.412843008,2024-09-18 22:44:17.065001984,010,RP
113,0,0.5281925351543049,0,-2.861574006294357,2.0066044544028854,-4.173467217092273,5.057314695447098,-1.180512700970461,0.5923315924623296,0.3637185075834293,0.2775902557065332,28.371241890565916,6.6808542412749,-0.8461587927781933,-0.807152756481634,-0.29571191647091705,0.04852859158011609,-64.86542644852611,-2.181479567796977,0.7492295327815248,-1.0213718258084605,3.226268333909523,0.6524643179399029,-12.389426975991043,56.971615927924326,-1.490601493514865,-0.3375928656559464,1.5311971247627576,0.06355131236747487,48.22932325381919,-56.8486010955016,-1.0215243605371003,0.2601124063924354,0.3333559376206723,0.07656638223875399,-129.98953685579366,60.33278393944001,-1.3532887609007798,0.2984472242628497,-0.604965827278303,0.11270731029422781,-36.075830133698474,-4.824644421584437,-1.0706713095568035,0.05645487211867112,0.6946933006280288,0.0554708915726928,-135.5009540183634,111.13160498526366,-0.5629802651205815,0.9121375251126925,2024-09-18 22:44:10.473224192,2024-09-18 22:44:17.142643968,010,RP
114,0,0.5281925351543049,0,-2.9439032017304543,1.9289678536040484,-4.017471631492385,5.172952401188292,-0.9962084756822054,0.6603803069552205,0.37667930268891253,0.2632936759567897,27.23272861949956,6.741994773290513,-0.6047659983056,-0.879124271777575,-0.3015614333914094,0.05676921640155476,-70.41510534114383,-4.234480099082419,1.3011566135977137,-1.236335142289378,3.2245016666091066,0.6512552704715949,-11.38365410202294,53.70661162407456,-1.4864793689019984,-0.33497434726778713,1.534410131245995,0.06629812123158614,56.94342206062544,-70.37456371764038,-1.14381297434861,0.22439002916066886,0.32778006833146484,0.07775551453084545,-128.765799932345,59.206862700579755,-1.2552416148117058,0.37256982522125875,-0.6094350126197187,0.1068495837821453,-27.536818044326516,0.21809894764897242,-1.1307085832348898,-0.04691576844960622,0.6915662888536942,0.051896504477048355,-132.02464509734526,108.3037938471971,-0.2740366009487949,0.9913432862535934,2024-09-18 22:44:10.554563840,2024-09-18 22:44:17.205128960,010,RP
115,0,0.5281925351543049,0,-3.0205911438007904,1.8401760282808033,-3.7701490381373435,5.611921204593273,-0.835201701729603,0.6973873981613387,0.38872687568113395,0.24738168213757133,25.338029158720786,7.150427089212991,-0.4089408302353972,-0.9134595899296664,-0.30864502814326217,0.06611963666926604,-70.45992520501993,-4.747105597875528,1.5353946233231168,-1.3689055561076016,3.2301701870833543,0.6563298829932757,-9.849585980696574,48.81583898996024,-1.4966572325619318,-0.33283596516066116,1.5367838329168653,0.06835483969208465,66.05346777527971,-84.509901385145,-1.256342486423623,0.19034018356725896,0.3215124611670358,0.07809456060190191,-128.34134031914283,58.263340195483714,-1.1178249099562663,0.44505921956022976,-0.61362103965214,0.10156873214289462,-17.73122278907971,6.119748637861194,-1.188838156094891,-0.14901289260155837,0.688587850712476,0.0479696405973645,-125.91518131930934,103.70366407673488,-0.013653315156286094,1.0380817139796663,2024-09-18 22:44:10.606834944,2024-09-18 22:44:17.267628800,010,RP
116,0,0.5281925351543049,0,-3.089445455409764,1.7460296253161385,-3.3834658796907005,6.546966714455567,-0.7409097582715636,0.693557771300923,0.39946526600109256,0.23090563009202558,22.2011496384414,8.131411854149944,-0.32201637477225153,-0.895927142267716,-0.3167796663450954,0.07631501598707172,-68.21723071258342,-4.609831584118564,1.499548922419061,-1.424527580968274,3.2426578738685867,0.6698676449909121,-7.853486781648751,42.46617074983621,-1.4929743797143011,-0.3031197523053077,1.5383849856313214,0.06966469825909469,75.22549896033694,-98.72577813720689,-1.3397555190736932,0.15965969641971495,0.31470713669051154,0.07757520854018034,-129.0784818956044,57.621919445723684,-0.9612663445967105,0.5055835988366867,-0.6175899023071114,0.09686616243242131,-6.965707823721207,12.698049185648138,-1.2346249776582694,-0.24129459514608617,0.6858321734855549,0.043867311864426876,-115.0438884921462,95.90080009079846,0.16579443183624676,1.0370621048387099,2024-09-18 22:44:10.690284032,2024-09-18 22:44:17.347780096,010,RP
117,0,0.5281925351543049,0,-3.1483229747415353,1.653964811925,-2.7989004476371426,8.188157416689622,-0.7543068125880299,0.6441923956295627,0.40851039293118546,0.21521613800367653,17.2026251707744,9.972548832039047,-0.40412608545746,-0.8187117087003911,-0.32574428100390873,0.08708786362371962,-65.32935443758616,-4.280663589721024,1.2770284685215803,-1.4170685487442647,3.26116548495441,0.6927436655786594,-5.588572313131966,35.22525913775779,-1.4394218727663124,-0.2299194009588554,1.5392996113001272,0.07032494816603133,84.03634465206491,-112.35711265800701,-1.388199119181454,0.13654308673575183,0.3075160514490066,0.07627210932795087,-131.13060161593302,57.32476483306442,-0.8068767151264997,0.5467014628682855,-0.6214067745452423,0.09271488614865796,4.389889355726651,19.727906985152586,-1.2635683222717193,-0.31694450129357143,0.6833611122153694,0.03979643678343502,-96.27050228238919,82.78751751322572,0.19680277696106652,0.9712305738232596,2024-09-18 22:44:10.757594880,2024-09-18 22:44:17.415645952,010,RP
118,0,0.5281925351543049,0,-3.195225058123644,1.5726220886918847,-1.9645958241956962,10.72267419344484,-0.8853143611559999,0.5573880483828578,0.41550627943877366,0.20188524617865197,9.799159774210638,12.928387580591648,-0.6590346115805796,-0.6941925996765667,-0.33529717617464855,0.09813865035816614,-62.56878533690577,-3.9791370401422435,0.9460451495699131,-1.3632281683136442,3.2847520160110677,0.7243928939731562,-3.299010625282678,27.836431802239215,-1.3305711768353146,-0.11906474445458468,1.5396392655847262,0.07052513462516483,91.90514755402512,-124.5007738835351,-1.4050758535443189,0.1257344049516827,0.30008510238491315,0.07432175378738588,-134.5253866772472,57.36906443441174,-0.6749844106452993,0.5629570981338226,-0.6251219592060667,0.08908428236318658,15.94829887373703,26.96963183795441,-1.2759892702028794,-0.3708695774307838,0.6812202620084625,0.03598165358709748,-65.61817066111792,61.70042741028274,0.017989003337709253,0.8286620080379995,2024-09-18 22:44:11.676139776,2024-09-18 22:44:17.468784128,010,RP
119,2,0.6827293057992783,1,-3.2283925363904133,1.5108753659244987,-0.8711014041275007,14.187742728475575,-1.079421541801174,0.4605296694927609,0.42013946561227905,0.19251072145167938,0.010566366541421249,16.99556065240782,-0.9708055638892441,-0.5673859173668432,-0.34519387013532166,0.10913541567710894,-60.263352392979115,-3.80253983986116,0.5663560636366181,-1.2785283786253234,3.3123786036386043,0.7630641345381023,-1.1851621636234624,20.925705792628378,-1.1985094450403446,0.007806477159624256,1.5395443564764169,0.07048408159338024,98.15088627607764,-134.10764304949387,-1.4010844595764615,0.12930904453244085,0.29254906796361546,0.07190423495044128,-139.18689570958009,57.71899661258659,-0.583365853707015,0.5506789056522212,-0.6287562818828333,0.0859564625870931,27.324686230713322,34.180568118038366,-1.2745910035331707,-0.39954022852799836,0.6794360597229313,0.032641995884903234,-19.455518875917544,30.21878108491853,-0.37458304562284406,0.6163227193527206,2024-09-18 22:44:11.732454144,2024-09-18 22:44:18.392459008,010,RP
120,2,0.6199549731624426,1,-3.2464039823772373,1.4761853495690063,0.4075195356813528,18.322973043532468,-1.2256970819216506,0.39421536504525856,0.4221534281091175,0.18835874055582325,-11.054654429971906,21.666760264174286,-1.1412806163388731,-0.5012714647325082,-0.355203091766952,0.11973390474935171,-58.519011362995954,-3.786133763281555,0.17840216527000008,-1.1751125408734762,3.342954005066824,0.8063021513128255,0.6453764798172474,14.842536112018998,-1.0867507540571515,0.1270093040630168,1.539181522376721,0.07038830348361723,102.17095735789,-140.2596496888041,-1.3899097644981233,0.1444417161925227,0.2850262915319076,0.06922504941068575,-144.92488367165717,58.30740214362557,-0.5450358847383772,0.5084412111118595,-0.6322888460747617,0.08333078351433824,38.133907793518304,41.11164455508505,-1.2621007252953773,-0.40114364080024745,0.6780147024437949,0.02995425628797276,42.85711634593018,-12.057754986884953,-0.8726311566462224,0.37366442541611133,2024-09-18 22:44:11.811810048,2024-09-18 22:44:18.454945024,010,RP
121,2,0.6199549731624426,1,-3.248274190203046,1.472608161631467,1.7099463705286313,22.554374662019523,-1.241036286402826,0.3871978393229422,0.42136404376514874,0.18994121645732487,-21.381552977435867,26.009417624551133,-1.0823425344467403,-0.5252989308138679,-0.365119927107638,0.12960705526456154,-57.33198304562074,-3.9330494705533847,-0.1927878612500562,-1.0613295683498598,3.3753829589943765,0.8514423466164875,2.1702632068665944,9.674530555010014,-1.0244399634031787,0.22236265789121473,1.5387341431071142,0.07034541706940374,103.65871325867981,-142.50320132168068,-1.3820509972720711,0.16382053547876696,0.27761402850529243,0.06649578178928547,-151.41470828270738,59.03484714131606,-0.5653594536364217,0.43795027748080656,-0.6356501841703799,0.08121801915027843,47.983393912758466,47.50065317776482,-1.240363022555144,-0.3762467526921893,0.6769432471954371,0.02800928438873034,116.07526911641006,-61.57636959474685,-1.2862540778367837,0.16490263558405654,2024-09-18 22:44:11.874066176,2024-09-18 22:44:18.536303872,010,RP
122,2,0.5565801223029986,1,-3.233540191774061,1.499434777969875,2.8527222897693685,26.224392179938988,-1.153025269533612,0.4323123650049674,0.41767451919049914,0.1968055348210217,-29.20461778220164,29.198024690323365,-0.9170141771333467,-0.6044666332005424,-0.37477641147548635,0.13847467677628153,-56.64351286284465,-4.228652484102477,-0.5326720148453701,-0.9424158193484243,3.408621294270991,0.8959944449387651,3.4185821244612375,5.347348174347254,-1.0191803318649761,0.2870826621448054,1.5383866454516106,0.07036688447760585,102.71767974492641,-141.0195067713702,-1.380580714940905,0.17860325920037623,0.2703853923308966,0.06391415751320388,-158.19301218799788,59.773079664458095,-0.639506802039187,0.34487143097058004,-0.6387239054267316,0.07962750288653861,56.48278584339342,53.07690556327392,-1.211766882123215,-0.3289390799971968,0.6761929516449618,0.026782447984940925,189.4039746886507,-111.0736326980063,-1.4926691028690142,0.03912450154211649,2024-09-18 22:44:11.935283968,2024-09-18 22:44:18.601435136,010,RP
123,2,0.5565801223029986,1,-3.202315401427178,1.5514129189270476,3.7197815940789227,28.91191388866428,-1.0647532008188763,0.49309098155242154,0.41108603028829327,0.2077287125134264,-33.985318490539775,30.970889666359334,-0.8151585074985928,-0.6770370476114277,-0.38404949557435664,0.14612702712322484,-56.36568141922684,-4.647211516758939,-0.8330581977244353,-0.8215210494729357,3.4417392265371447,0.9378947365154955,4.438785618239579,1.7228574195159032,-1.062920190071427,0.3213290110369668,1.538304770323917,0.07038350250881664,99.7857771919235,-136.5009370648154,-1.3812208016120695,0.18187454099880396,0.26338856435121916,0.06164524562467454,-164.69501799112408,60.37878434448037,-0.752101620527617,0.23887848389404295,-0.6413585157693896,0.07855040288340472,63.28274408139304,57.58692681785636,-1.1818386927489835,-0.2680200917489557,0.675724537781613,0.026143422152768478,251.59678648390698,-153.0101222541773,-1.5317713545844007,-0.004912311092755069,2024-09-18 22:44:12.015286016,2024-09-18 22:44:18.671996160,010,RP
124,2,0.5565801223029986,1,-3.155293456239891,1.6204511393918055,4.296326935896664,30.55617226670192,-1.052228546298992,0.5330424281704974,0.40170061987196864,0.22116030630945832,-36.25708974585612,31.564495425664003,-0.8345360460001623,-0.7055069643057865,-0.3928656721497859,0.15243812045114344,-56.39392000239639,-5.155235286902714,-1.0893680089943218,-0.7006190215494468,3.4739887456483394,0.9756476926178246,5.2785685702667315,-1.3376878062396766,-1.1405198234552751,0.3290090637950261,1.538615652926863,0.07028197363895752,95.42418015919863,-129.82113726065595,-1.3756530747531521,0.17060524921989725,0.25664833489754335,0.05980608927831839,-170.34756019761602,60.71941767857712,-0.8807177396320194,0.13227096716815478,-0.6433881446713858,0.077941904679146,68.13627481306364,60.83807143679669,-1.1592756504619586,-0.2070823976590186,0.6754945032421281,0.025905391193390692,296.36899936443507,-183.19563000204556,-1.5169397149679824,-0.00636707365361896,2024-09-18 22:44:12.074495232,2024-09-18 22:44:18.725019136,010,RP
125,2,0.5565801223029986,1,-3.0936929717046566,1.6977336842920492,4.636235564544142,31.343089381197373,-1.1233820161669694,0.5345148480945328,0.38971503799810814,0.2356112598557374,-36.90628041579808,31.38293247461159,-0.9407897759062562,-0.6853831047474143,-0.4012023256034696,0.15736651279889027,-56.614779718545755,-5.713981286608694,-1.2992381998577531,-0.5811147091314469,3.5048680353335695,1.008374725250087,5.975474083921683,-3.943248112701243,-1.235999802868328,0.31538031902208147,1.5393921766162946,0.06994356580860804,90.10400666061327,-121.70540293513054,-1.3555214736111825,0.1458390793016063,0.2501694853504464,0.058455978859817695,-174.70116159546464,60.704899686462554,-1.002865657329671,0.03719921124920511,-0.6446583737164251,0.07770507535369858,70.95530303653726,62.7419302620902,-1.150482787374257,-0.1621547883393832,0.6754612249796837,0.025882645835345233,323.30899000877986,-201.38268643827467,-1.5133465351349782,-0.004245151819561169,2024-09-18 22:44:13.017762048,2024-09-18 22:44:18.802373120,010,RP
126,0,0.7783549340023075,0,-3.0191507585035873,1.7752799093413525,4.813243123745655,31.531906627918858,-1.2459406909783373,0.4973576203094405,0.37540662455858237,0.24985201759734466,-36.689020491717095,30.773301341156163,-1.0818481341491628,-0.6284169986914736,-0.40908681716986045,0.16094313234490457,-56.913690004383454,-6.282640297285335,-1.4620662279012075,-0.46411520492920993,3.5341750166098427,1.0357770708694165,6.554257439120251,-6.1638928937679855,-1.3358558372637155,0.2855898934060661,1.5406449119671533,0.06927126468352801,84.07656050903957,-112.53212516395025,-1.3153965256644304,0.11198517561253465,0.24394134290359082,0.057594280198677406,-177.5476451072723,60.31121097683812,-1.1031699527685535,-0.037356377630009124,-0.6450525701024422,0.07767976624034376,71.82820733987396,63.332969750436796,-1.151271779568605,-0.1469657813127048,0.6755897058601821,0.02592636683851427,335.3337379471057,-209.54802138468045,-1.5223214130336842,-0.017549342326149183,2024-09-18 22:44:13.079844096,2024-09-18 22:44:19.741836288,010,RP
127,0,0.8026802093420253,0,-2.9335867501312407,1.8466842819149043,4.891381119482347,31.34929084195554,-1.3827634741152852,0.4297305257203215,0.35911424975696143,0.2629568399716993,-36.10590343923538,29.966144425378314,-1.2224749414892575,-0.5483534258561474,-0.4165931203667002,0.1632476591228585,-57.18553772350336,-6.823101600081903,-1.5789395773939445,-0.35044543966336483,3.5620390035958107,1.0580171961377416,7.028075360301419,-8.034278553604336,-1.4302231597197541,0.24387186239542635,1.542322702241793,0.0682032467767454,77.32395505352294,-102.25849130617239,-1.2542756005118854,0.07596537344245306,0.23794293125200605,0.05716655355562534,-178.96243232667922,59.58284573179883,-1.1766321488244311,-0.08723249308240226,-0.6445147873289756,0.07764125373874571,70.97689043507611,62.74565544403511,-1.1432098378597273,-0.1680666481216465,0.6758542706878258,0.02593290083340655,336.11700720648776,-210.1661147713155,-1.5224151961326637,-0.04822303103469994,2024-09-18 22:44:13.157083904,2024-09-18 22:44:19.804322048,010,RP
128,0,0.8224856215084143,0,-2.8390675259297047,1.9072502347249687,4.916291511797351,30.95768357914772,-1.5072999782014398,0.34111828809090283,0.34121793052522914,0.27427290697297824,-35.445874766912326,29.094768033622262,-1.3458268186076574,-0.4554352213635856,-0.42383374396268947,0.16437856802577808,-57.34829505588715,-7.306142603413651,-1.6524504412718517,-0.240576876118225,3.588917352049345,1.0755320707413625,7.401975941232879,-9.565079894942466,-1.5126667077838707,0.1931689919995544,1.5443206547082433,0.06671874745380525,69.54281959173164,-90.39641268216023,-1.1761196058733494,0.04650863875454776,0.2321482489090318,0.05707729976337894,-179.2525017538468,58.61315439471869,-1.2267532379225352,-0.11264220032808543,-0.6430666216693331,0.07731455048594285,68.6539139383429,61.14904050070731,-1.099408395444204,-0.22252958199381942,0.6762390338818621,0.025835768340107052,328.8594909404281,-205.38762443643606,-1.497850530910029,-0.09039739820943031,2024-09-18 22:44:13.229577216,2024-09-18 22:44:19.881516032,010,RP
129,0,0.8275290429635591,0,-2.7376840617056577,1.9538173439137454,4.9170205787363,30.461248869485093,-1.6045980295069076,0.23933735917907867,0.3221194181860262,0.283366983167605,-34.860683238033616,28.229303002202744,-1.4459464715416466,-0.3559048507461792,-0.4309451764826778,0.16442620925341273,-57.355804683337354,-7.71720737156681,-1.6862401039620991,-0.13462356879588344,3.6155486978733298,1.0888095873078538,7.67765876693257,-10.758949157498813,-1.579159482844608,0.1350766109541304,1.5464929206424005,0.06484431276250148,60.121940743834216,-75.97815573562151,-1.0903482411160277,0.03361908058817418,0.22653128177737236,0.05720560175440684,-178.84818685832323,57.514709012574954,-1.2609156553694774,-0.11638743389886541,-0.6408166851426134,0.07640931025609572,64.99348567785768,58.64891004794866,-0.9966828902270239,-0.2988067236965043,0.6767364043498474,0.025593918887430057,316.0153048231187,-196.85906110551835,-1.4445233967342832,-0.13663603440684005,2024-09-18 22:44:13.297436928,2024-09-18 22:44:19.954211840,010,RP
130,0,0.8348362749749153,0,-2.6314469856045135,1.98448371648349,4.910563085373496,29.921886428626895,-1.66763749967155,0.12998447173807084,0.3022241438310294,0.2899731092309683,-34.422439408198684,27.403292278718332,-1.5214725731209402,-0.253081350395003,-0.43806792350857676,0.16345858364367216,-57.203315122908315,-8.058937473699201,-1.684449473842682,-0.03244263202055938,3.642862582136594,1.0981774697146747,7.8582082117860015,-11.62637265735374,-1.626746109472025,0.07008144242126593,1.54866744927848,0.06266625109711124,48.112584993607626,-57.51039428024437,-1.0129205259232372,0.047791364484878696,0.22107042755639764,0.05741999019087643,-178.19759536916905,56.39421859778414,-1.28622142571022,-0.10203716911684087,-0.6379621397753813,0.0746767044065424,59.822178079708664,55.16428473375485,-0.8275120770763778,-0.37871038524520356,0.6773442335976304,0.025183161658806744,299.3549586154559,-185.76635501703635,-1.3663725540291496,-0.1804866096632406,2024-09-18 22:44:13.361340160,2024-09-18 22:44:20.022074880,010,RP
131,0,0.8348362749749153,0,-2.522203002195982,1.9983209398242603,4.905958386918226,29.37382297213371,-1.6937807448754603,0.01684437556091599,0.28192484700340376,0.29394952367088184,-34.15933359339627,26.630364897056474,-1.5721505417588602,-0.1485588932467365,-0.4453244956978552,0.16152379490682273,-56.92134922382722,-8.34847113754235,-1.6512653336938234,0.06623386182785826,3.6718537736392753,1.103660615570934,7.951262441297576,-12.195873000274744,-1.6524221821309195,-0.0019593319722330167,1.5506603269234358,0.060351307950569665,32.25777327757519,-33.02084925642683,-0.9666916806604191,0.09742154376892793,0.21575203524419545,0.05759075133021168,-177.69910971616434,55.338944582344034,-1.3072880254728807,-0.07285912183895553,-0.634782251737791,0.07198757248213206,52.408188564609034,50.26778794654127,-0.610243048694683,-0.4378495928417341,0.6780623889473429,0.024592289291730858,280.0547157617626,-172.89456960538985,-1.2708637024849427,-0.21703532681194088,2024-09-18 22:44:13.420856832,2024-09-18 22:44:20.083660032,010,RP
132,0,0.8348362749749153,0,-2.411582124418806,1.9951243324215484,4.907196334785488,28.83410696198216,-1.6825303430628784,-0.09749708296257101,0.2615886173705227,0.2952478549248858,-34.075328429139034,25.913718050224936,-1.597366128853935,-0.04313923529114405,-0.4527993543185858,0.1586646079478073,-56.55880290789924,-8.609789437728931,-1.5905366896018547,0.1617157600105465,3.7034394551522545,1.1049440922012574,7.969555218682044,-12.514765236881624,-1.6526451718971966,-0.08125598743817947,1.5522880852066325,0.058171105462331014,11.264595532756509,-0.48589743016977993,-0.9746076579902949,0.1814148820183905,0.21057269321568733,0.05759984088630656,-177.67349623989213,54.413186616281386,-1.3257930797515907,-0.031534179936936545,-0.6316243774028922,0.06843459528257238,41.12375023273765,42.97476313722497,-0.4030837929978133,-0.4443784419031135,0.6788894642372862,0.023822375780077946,258.74176498307287,-158.65705820516823,-1.1663191459174738,-0.24268214222123963,2024-09-18 22:44:14.375513088,2024-09-18 22:44:20.145211904,010,RP
133,2,0.982017322751133,1,-2.3009812186644614,1.9752185974597423,4.915024417222533,28.309378873306276,-1.6344459686120951,-0.21110940349143173,0.24154881431865108,0.29389516552284517,-34.15951949821844,25.251191432489506,-1.5958286972890112,0.06252111428441358,-0.4605244285196598,0.1549341958418119,-56.16086149778988,-8.863448646441457,-1.505325078734282,0.2543157295251686,3.7383237529076863,1.1014350921068432,7.928944136065906,-12.640960199333279,-1.6234991714408245,-0.16764073448126093,1.5533776145203628,0.056513285280297774,-15.384250524259919,40.897550380558535,-1.0344162131678332,0.2755961149759901,0.2055398336054444,0.05734928942295798,-178.35938660772587,53.659958645321076,-1.340987401445179,0.019686185446457553,-0.6288831541839688,0.0644649572287305,23.188923667115464,31.58312345790686,-0.3184996899688737,-0.3645457690990312,0.6798200465787415,0.02288703161293927,235.5085295793507,-143.10341954832515,-1.0612897070724068,-0.25463428429222673,2024-09-18 22:44:14.441824000,2024-09-18 22:44:21.100759040,010,RP
134,2,0.982017322751133,1,-2.19157781790018,1.9393236578858608,4.927905694483065,27.79988880873307,-1.5508184262582774,-0.32229971992652856,0.22210097807220294,0.2899867446235675,-34.38882384838902,24.6377914114799,-1.565863680008712,0.16746510157299588,-0.4684728473713478,0.1504020281191728,-55.74824976410019,-9.116541302957087,-1.3974047176073263,0.3442648233929263,3.7768914287295576,1.0923771847657324,7.845093621144278,-12.630066855280749,-1.56116558878674,-0.2603336721216772,1.553774635254874,0.05584551947349011,-46.05218429121103,88.55471584976671,-1.082074507222311,0.32399623288553825,0.20067036013641884,0.05676841921313462,-179.91604473868537,53.10381749203202,-1.3505684559630413,0.07871475094531193,-0.6269741471160849,0.06102658997858747,-4.469707898468987,14.19760870249937,-0.4642235772101273,-0.2034464413025444,0.6808426155067107,0.021812111098823438,209.91189734262886,-125.91696521273161,-0.9653730438586874,-0.2503199853690068,2024-09-18 22:44:14.500556800,2024-09-18 22:44:21.168669952,010,RP
135,2,0.982017322751133,1,-2.084363486491449,1.888474500520768,4.942333156603095,27.301618769699505,-1.433791115512843,-0.4292964011288831,0.20350064447318125,0.28368568225526686,-34.726035994750674,24.066770704930665,-1.5060927680794376,0.2700967821742115,-0.4765615542676116,0.14514567863500527,-55.30091826348127,-9.354291560070777,-1.2669822443497387,0.4314765130781432,3.8191426148602163,1.0769655566557996,7.730112768134861,-12.522403090458905,-1.4623680548345177,-0.35785109579167945,1.5533520816879138,0.05659975495450998,-76.15916997753452,135.30200522422697,-1.0109390414426522,0.26410918745643003,0.19598739345498953,0.05581909473710971,-182.4252178463449,52.75304294616376,-1.3515943273304178,0.1434510302140261,-0.6263040009459303,0.05959805472576655,-40.882776293371116,-8.605046362315754,-0.6474736715394718,-0.09830801569529656,0.6819379599820566,0.020634348536574722,180.9618011950798,-106.40472154165124,-0.8903466987565887,-0.22695719527251207,2024-09-18 22:44:14.571774976,2024-09-18 22:44:21.222681856,010,RP
136,2,0.982017322751133,1,-1.9801873679808475,1.8239842994601836,4.952607310331993,26.807090434489,-1.2867582848442238,-0.5299899644680343,0.18596193474055359,0.27522529861688566,-35.11417160465377,23.529899288413223,-1.416477326100002,0.367889945149743,-0.48466052214906846,0.139234764718888,-54.74292274024401,-9.531733519252777,-1.113035716678533,0.5150773579787722,3.8646689820869855,1.0544433650625311,7.58968508610356,-12.331620536072613,-1.3247984705890536,-0.4578922054757735,1.5520187733118966,0.059000257127321855,-99.98249133589736,172.1747035558067,-0.7932874888047832,0.08764967456783615,0.19151562907628708,0.05449762992376103,-185.89117745016543,52.60106578910016,-1.34127079756619,0.2117563586106905,-0.6272398875513954,0.06178906398750359,-75.25172955973945,-30.20088638709898,-0.24942336269394527,-0.28166316255945645,0.6830780452775704,0.019398929361557238,147.10632022457264,-83.48509766697742,-0.849889535719413,-0.18164960140585426,2024-09-18 22:44:14.647660800,2024-09-18 22:44:21.300332032,010,RP
137,2,0.982017322751133,1,-1.8797975262813245,1.7474372791472557,4.95010260604728,26.30519063368642,-1.1149783667174753,-0.6216921371159239,0.1696564221408208,0.26491158442581114,-35.467393264737765,23.017271043956853,-1.2997566533532299,0.4571342079111375,-0.49260408958269986,0.13272126498126846,-53.91820833481846,-9.560329928703577,-0.9347059060747878,0.5926102826096347,3.912664354325482,1.0241992695248026,7.420201065344451,-12.03275621030121,-1.147894485973886,-0.5570304103997239,1.5497273182796576,0.06294255553931553,-114.32767112979509,194.17671518513598,-0.5452692638929428,-0.13811674214331957,0.18727592544722738,0.05283239391259995,-190.24268381331822,52.62787467070343,-1.3175079279431163,0.2815664740270983,-0.6300808295171317,0.06845752265691983,-93.92318947634115,-42.17920113614777,0.742933696450915,-0.7271624570630955,0.6842254456281859,0.018156101155270544,106.23462034618437,-55.68843044750915,-0.8559836883722052,-0.112375227626639,2024-09-18 22:44:14.711054080,2024-09-18 22:44:21.362358272,010,RP
138,2,0.982017322751133,1,-1.7838648217539899,1.6606933361569556,4.922029790663883,25.780235795190453,-0.926405327934102,-0.7008927154781617,0.15471133592258304,0.253122800315567,-35.659128785008456,22.5168714521641,-1.1632201633109762,0.5327789445692152,-0.5002000685524622,0.12565174850471006,-52.5407799831101,-9.280901749351496,-0.7344408628643508,0.6587480548200328,3.961960501220405,0.9859075799710659,7.204609468430683,-11.544378140640902,-0.9346270545232391,-0.6500510168787816,1.5464797607098086,0.06801481703587635,-120.0187483901352,202.60656529106697,-0.4054080974598375,-0.32855355397591784,0.18327967168992074,0.050877114544003316,-195.3446026511178,52.80269464029486,-1.279205108175515,0.35110252618162024,-0.6350324142305563,0.07920779801729026,-95.70817063406835,-43.77779065934247,1.5197646793927975,-1.1383571478810082,0.6853335271336332,0.01695734987228896,55.73357691238742,-21.196088845140075,-0.9113643623797261,-0.01981478637585962,2024-09-18 22:44:14.773285888,2024-09-18 22:44:21.424843008,010,RP
139,2,0.982017322751133,1,-1.6929820202909867,1.5658844631591324,4.849724348875926,25.210496126014355,-0.7327271883770776,-0.7630232300182013,0.141206386273025,0.2403020448479614,-35.509663483808104,22.014191258319737,-1.020428556865045,0.5885269242925849,-0.5072348507860381,0.11811197755137412,-50.098906454739556,-8.411911340113496,-0.5243449739982728,0.7034113297507636,4.011080422431112,0.9397499506527723,6.905230938792291,-10.697436630955364,-0.6952466460534872,-0.7288242316661675,1.5423298331596282,0.07362786917867062,-120.0869862939125,202.21374153533264,-0.4151728629300355,-0.43933107785698,0.17952361977797096,0.04870083042900912,-201.03023289323323,53.089675093801745,-1.226264718714126,0.41914743793395864,-0.6421862498485806,0.09284348582498904,-88.68207230028547,-39.950407439321,1.736633502281486,-1.3610709385838073,0.6863474346289934,0.015853044176970418,-7.327618338552766,22.029292048606056,-1.0011041325563381,0.09088856883739596,2024-09-18 22:44:15.716960000,2024-09-18 22:44:21.502948864,010,RP
140,2,0.9021042340508312,1,-1.6076458844718966,1.46539102924742,4.706523896767049,24.566423772806186,-0.5504724893273463,-0.8022776916889574,0.12916993861860893,0.22693862013532784,-34.77849271794675,21.49233576962492,-0.8918890546127183,0.6174153310014444,-0.5134763749797,0.11030602056837126,-45.701261680584935,-6.466518179745412,-0.3374317482140716,0.7099728176445904,4.058307393070361,0.8867355563079307,6.451813240677052,-9.183441373348929,-0.45399551991759024,-0.7808436202870642,1.5373805251316521,0.07915644664515495,-117.51715012129212,197.66857796544724,-0.5336124252304066,-0.46904919814902357,0.17598620462048695,0.04637657082353406,-207.16253050630684,53.457747483380786,-1.1593423792260362,0.4853360442469862,-0.6515070485243554,0.1080290560691941,-79.52372159293236,-34.81026514268392,1.572091617419269,-1.426301168440952,0.6872058212084955,0.014895081997228984,-85.63407831524697,75.84823711206187,-1.0920306515971245,0.20978422943113792,2024-09-18 22:44:15.778956800,2024-09-18 22:44:22.440700928,010,RP
141,2,0.7862149522547938,1,-1.5282395769746493,1.361803035026539,4.45539910227944,23.808917239320756,-0.40174089123656964,-0.8116182142936669,0.1185766939297228,0.21353675935732414,-33.17039679711276,20.933235988538694,-0.8030309597923564,0.613124273545533,-0.5186788653286063,0.1026615151690047,-37.91490142407681,-2.6656580496861246,-0.23982008395452148,0.6571820999469732,4.101774643577004,0.8290942723930568,5.725061679195072,-6.4829128286367395,-0.2582260951065085,-0.7884091292935173,1.5317755352707247,0.0840393959790473,-114.32282226349608,192.1169022663266,-0.6983532535704113,-0.4363105649035693,0.17262641820984215,0.043972172749510874,-213.71742133597735,53.893272954273456,-1.0794368005269963,0.5503350603748572,-0.6628314016657192,0.1235962137824655,-71.17474266762639,-30.176854445579647,1.2379565256371112,-1.401751119823413,0.6878432795228235,0.014147864357047221,-179.95864392282033,140.78334381435278,-1.1510866943376938,0.3223145166272903,2024-09-18 22:44:15.862088960,2024-09-18 22:44:22.518758912,010,RP
142,2,0.7611961556395921,1,-1.4550283132128214,1.2578803226766186,4.046902000109936,22.888356990957558,-0.31354337841468016,-0.7832396150633415,0.10934889748156738,0.20057372964056802,-30.366399523509525,20.32053230838056,-0.7779746194769785,0.5720243755618657,-0.5225922584900837,0.09593343379577288,-24.86988630738116,4.003189946234069,-0.3144312758880594,0.5348960692597386,4.13958030596345,0.7706535542566637,4.544368098894629,-1.811776685232765,-0.18208551351874913,-0.731662712225421,1.5256846154344164,0.087837861724592,-111.59529288080785,187.25922150314634,-0.8591061016481176,-0.3628770459947011,0.1693857300048961,0.04154727536684809,-220.85700824475506,54.4100255682352,-0.987693500961242,0.6156615031721829,-0.6758808638964795,0.13860470075873044,-64.44390102763991,-26.556399499420486,0.8480440529750668,-1.3328638437973823,0.6881934328631462,0.013706195087842524,-285.2546999487793,213.31041119809714,-1.1761849848022734,0.4035985170330442,2024-09-18 22:44:15.917217024,2024-09-18 22:44:22.582395904,010,RP
143,2,0.7611961556395921,1,-1.3881661292089855,1.1565099004975872,3.419043443695428,21.746200302832047,-0.3139770927622183,-0.7099624248495434,0.10136133291578776,0.1884522880839075,-26.086805518287868,19.64419337884858,-0.8297440336687516,0.4954189005678641,-0.524976319549074,0.09123301111967036,-5.33121130165279,14.201240312119895,-0.5486896781308279,0.38391751681804537,4.169923534427283,0.7170089712634063,2.6918652260178835,5.775127842521612,-0.2989506066173857,-0.6021526403720828,1.5192853517440101,0.0902637706831209,-109.8208651651514,183.8492317612685,-0.9846882308669893,-0.267532668325498,0.16619264616184548,0.039159460109705065,-228.93374215229267,55.04710440402313,-0.8860633219223022,0.6826337918738452,-0.6902884528473973,0.15233523871901136,-59.32436455525649,-23.950923825002967,0.45153833511644903,-1.2428575070421777,0.6881924905534211,0.013707489410110558,-385.401433408002,282.2303723199112,-1.1760690576129342,0.4033099635583212,2024-09-18 22:44:15.994843904,2024-09-18 22:44:22.654499072,010,RP
144,2,0.7611961556395921,1,-1.327701610837847,1.0606306012162383,2.502494640216227,20.32256616492816,-0.4231799437520012,-0.5881032112480277,0.09444900855828865,0.17745682189085688,-20.178101957781728,18.905801724500545,-0.9515130270626031,0.39081186406635865,-0.5256167970318885,0.08984167244159726,18.869330417597034,26.91803701623373,-0.6744119722686492,0.32293308187428776,4.191246474886479,0.6751248532627014,0.036477318185227946,16.84711456874286,-0.5895085810968923,-0.4305086722658484,1.5127453473908148,0.09118694982955959,-109.14864180069586,182.11410005802915,-1.0609670317792717,-0.16547467084600584,0.162968897376894,0.036879773584741864,-238.34391329948397,55.84264474691092,-0.7791123670661699,0.7494038736984081,-0.7056345090556928,0.16427731733209505,-55.577584785713455,-22.217461754768042,0.06977484953834523,-1.142479227975791,0.6877828822331976,0.014314163044992514,-454.70369592118453,329.73741854275966,-1.0494366699878266,0.2523434213912682,2024-09-18 22:44:16.065496832,2024-09-18 22:44:22.720611072,010,RP
145,2,0.7804794562479429,1,-1.2735763380555096,0.9730879844428996,1.2361109618356494,18.57428167220492,-0.6389169984424954,-0.42193578866062303,0.08841690572451065,0.16772814296512797,-12.692225470526186,18.122207302861753,-1.1155753525362988,0.2710889677358764,-0.5243403931928317,0.09272409295688185,41.69023687079877,38.8598751931369,-0.3762900279276069,0.45512547384176794,4.202360721615533,0.6518720828273232,-3.22757826695449,30.56344813498946,-0.8527587419350597,-0.3018307860206033,1.5062080319911855,0.09062534013860181,-109.55474507782613,182.01223697896845,-1.0881251322807213,-0.0691879003391895,0.15963622689746085,0.034814141943353596,-249.1347154506157,56.77092596370883,-0.6748643286995542,0.80439898962199,-0.721486431190281,0.1741204627446941,-52.936891339164724,-21.19324881060163,-0.2860223260299417,-1.0367507449830458,0.6869165788966367,0.015655564988332153,-474.7901494588856,343.1412251601205,-0.6067130950026209,-0.06605349200997156,2024-09-18 22:44:16.121344000,2024-09-18 22:44:22.783096832,010,RP
146,2,0.7804794562479429,1,-1.22562351532948,0.8964072770767813,-0.4035468864809941,16.505403446390893,-0.9227986247999329,-0.2283658023703297,0.08305229845533164,0.15927248336941116,-3.916741050917457,17.325294346733052,-1.2825673366117751,0.15175885224952412,-0.5210266137840235,0.10001401174038352,57.028312021264,46.71326830225792,0.18874432468700864,0.7207306566394064,4.20253909005063,0.6514959382900516,-6.469109083791824,44.18668380243674,-0.8574465579613246,-0.29958558117336587,1.4997835358676566,0.08872246420932614,-110.93029696157947,183.37143301188675,-1.0785143445258225,0.010913612739613119,0.15612300033092685,0.03312220233212306,-260.3260657817538,57.6428864541936,-0.576508149813939,0.8159480433312831,-0.7374367349384039,0.18174417353263964,-51.16362750202266,-20.729938412696324,-0.6083858235702122,-0.9283796649480984,0.6855578583680659,0.017767182304031272,-450.9132001831685,326.127087827464,0.11419732340789679,-0.46454140013753775,2024-09-18 22:44:17.065001984,2024-09-18 22:44:22.845957888,010,RP
147,2,0.8564635249289475,1,-1.1835811692399114,0.8325111555389815,-2.3634922523727866,14.20261507644714,-1.2016590673088337,-0.03800490867108443,0.0781403925933384,0.152009186463726,5.660207948044794,16.55770912877984,-1.4154795628331072,0.04793345367689033,-0.5156157371050317,0.11097113630970995,63.66977267503253,49.82913676914667,0.5885874318861362,0.964467701463698,4.191560727921911,0.6734385139320834,-8.973980085280933,54.61498249861689,-0.6537269050803078,-0.4109375364607711,1.4935448221787508,0.08571756183699347,-113.12655872871262,185.959586040169,-1.053933262919123,0.06662768323281186,0.15236997204848807,0.03201828518843532,-269.24140725142644,58.02430569719542,-0.45522779725930773,0.7268480424091112,-0.75313446740797,0.18719978827679834,-50.05440607228635,-20.697698458673653,-0.8920619589487004,-0.8191784684947331,0.6836853280895991,0.02057988939214841,-404.081476912564,293.2645771178961,0.8176022084696282,-0.8248725715399136,2024-09-18 22:44:17.142643968,2024-09-18 22:44:23.773406976,010,RP
148,2,0.8564635249289475,1,-1.1471299064894727,0.7824428831973599,-4.487300788449646,11.852483066155624,-1.3974253378247439,0.11215667778239514,0.07348304989533619,0.14584179563680194,15.420941215479182,15.8668222072299,-1.4904373884948223,-0.027390916611734716,-0.5081126999480277,0.12439859181825098,64.27630840701721,49.659608607381614,0.6585260881743826,1.101118004481555,4.169705697385024,0.712479106058106,-10.455988949850973,60.59839669598841,-0.4943724023343443,-0.5416350995199243,1.487528650476858,0.08191470300347461,-115.97832998807239,189.52108869171707,-1.0408888958256068,0.09305588731481955,0.1483345815317732,0.0317355874124211,-271.8422497196974,57.3236063548271,-0.22955642212524996,0.4780002110114278,-0.7683064463376141,0.19068050216149154,-49.435850715008876,-20.981882784525265,-1.1339958221900046,-0.7104780578540375,0.6812929848343938,0.023955409766406793,-352.97761831046216,257.48117515847014,1.2723291090326354,-1.085117959538017,2024-09-18 22:44:17.205128960,2024-09-18 22:44:23.844796928,010,RP
149,2,0.8564635249289475,1,-1.115954643802106,0.7461739670059387,-6.531155984312818,9.711526149910199,-1.473890826551154,0.19455535110539218,0.06891888166884716,0.1407214965906846,24.68071783012349,15.29903252836351,-1.5015282178307687,-0.06414364955243762,-0.4985875068515621,0.13906133610581312,61.92230360621058,47.87368697352603,0.49043812796469854,1.1339475327312791,4.137703453234927,0.7610347209006467,-11.094399598421042,62.90533552995494,-0.5104929787374703,-0.6163751205963686,1.481739812439168,0.0776566300648682,-119.31396897493593,193.79225801029432,-1.0631351257223718,0.09062520351950008,0.14399341513618677,0.0324498755115746,-265.02108860237297,55.16129163096563,0.16712596048067097,0.0697683886751553,-0.7827674404720617,0.192480630200638,-49.15919989381308,-21.480221076534512,-1.3334298982198445,-0.6031206338392832,0.6783902553460399,0.027727498333460776,-307.1499288038997,225.3675186307955,1.4383547857857213,-1.242238858661884,2024-09-18 22:44:17.267628800,2024-09-18 22:44:23.912656128,010,RP
150,2,0.8564635249289475,1,-1.0898206044320065,0.7225680964799794,-8.235355184711848,8.024940234885067,-1.4586686266092481,0.2057571751713169,0.06434244769186007,0.13667228875965742,32.73456675444425,14.893777850886469,-1.4611142731518807,-0.05685299404426745,-0.4871732774088331,0.1538837448134813,58.60019568411849,45.54844938823094,0.21546218469355738,1.0972606002084178,4.096647559702731,0.8115882197635399,-11.22525199273065,62.985901183068265,-0.6627557649202775,-0.6177891082650533,1.4761553256701583,0.07330556189719832,-122.95411012041859,198.49936446729097,-1.132636321733405,0.0675121195384755,0.13934290819802905,0.03420013426003198,-249.31226161227292,51.73989558248196,0.6575985323163662,-0.4047927676306755,-0.7964211695971581,0.1929489547411678,-49.09840378079926,-22.103008164457673,-1.4916629718008774,-0.49736606319903115,0.6750013383665505,0.03172856613296073,-269.43339856601716,198.86790463270972,1.3805690635513397,-1.3182559265622236,2024-09-18 22:44:17.347780096,2024-09-18 22:44:23.980489984,010,RP
151,2,0.8564635249289475,1,-1.068650004088185,0.7095252773741113,-9.417192189890068,6.936317527774751,-1.4141067345440603,0.167403918442574,0.05972106655208614,0.13376360402835516,38.930122749104555,14.675051548419841,-1.3952049891941818,-0.007704042473988171,-0.4740623730033252,0.1679959509908717,55.30651556062966,43.21873800921744,-0.0826516001048141,1.0221711538927543,4.0478932482962815,0.8580131140244165,-11.123149799407354,62.02532297280916,-0.8646809002120772,-0.5618325776061275,1.4707247998821682,0.06922881966314388,-126.69835608940649,203.33841440499205,-1.243081778743924,0.04060319840923587,0.13439863014609163,0.03686563014080332,-228.65845343115745,47.73138291247147,1.0475112258036425,-0.8214731168563867,-0.8092551042966065,0.19244268473264142,-49.15182145261939,-22.77636239600767,-1.611487949637674,-0.392878774253005,0.6711643420552379,0.03580397677927406,-239.56435603462504,177.78705339786586,1.1805438568106172,-1.3375186364556269,2024-09-18 22:44:17.415645952,2024-09-18 22:44:24.048361984,010,RP
152,2,0.8684419719764019,1,-1.0525845202381416,0.7042566793965793,-10.026023968252812,6.446762371480508,-1.3873162407726498,0.11233533455487736,0.05510787605885093,0.13203879737560892,42.80397554992925,14.64116382056841,-1.332620429809454,0.07147219826150737,-0.45950024463666383,0.1807285149851928,52.455750124454255,41.10343001478644,-0.36501320164490103,0.9291315201195586,3.9929543456241863,0.8959326566945661,-10.955602376905787,60.74522011979664,-1.054446362053989,-0.4710093285514605,1.4653657128861728,0.0657882034469969,-130.28312060505823,207.91241790246642,-1.3711780625235999,0.03126991945801397,0.12919346102315124,0.04021324515043633,-207.500363023797,43.80769006260466,1.2006608423287828,-1.1088801516607767,-0.8213312491099152,0.19128830230593447,-49.24561708253289,-23.446964191585323,-1.6964770785738255,-0.28884345578494014,0.6669303906743088,0.03982019373745326,-216.29711176127822,161.2551172486739,0.9020306429507658,-1.318873115615236,2024-09-18 22:44:17.468784128,2024-09-18 22:44:24.114384128,010,RP
153,2,0.8873794908331172,1,-1.0420172386259063,0.7036026367818312,-10.132679241732317,6.44157355664805,-1.3870991617736275,0.0681451119167434,0.05064820129318563,0.1314300480296819,44.24239417949439,14.759202313904499,-1.2924401570551811,0.16186704210579095,-0.44377704946356616,0.19159851057558128,50.178517264367876,39.268074338037785,-0.61841106815716,0.8298911202668254,3.933414921842264,0.9226110372460498,-10.809817192019075,59.519496245474876,-1.2031091815218142,-0.3635957497255465,1.459956493776769,0.06333774517639092,-133.26838249580325,211.56604043987417,-1.4834728024437978,0.052317420669887746,0.12377484651092056,0.043970545080495714,-188.64952889201382,40.350066482966476,1.1135405799843658,-1.2624640418383823,-0.8327738017290378,0.18975379493975372,-49.33572884165024,-24.085502468534017,-1.750256977444915,-0.18418401448177238,0.6623623746160066,0.04366987206027403,-198.2905445575901,148.34019595706647,0.5871373909786288,-1.2748922351868586,2024-09-18 22:44:18.392459008,2024-09-18 22:44:24.176868864,010,RP
154,2,0.9465802003900372,1,-1.0375791955572082,0.7043388125293601,-9.876122543519909,6.752740716070194,-1.395167822121355,0.0493647676921551,0.0465753992521255,0.13170350791759444,43.54958688772676,14.97166060343899,-1.2785827255779842,0.24492941217535444,-0.4272179264652012,0.20029594142795853,48.48069861503674,37.71182353590035,-0.8415084988554522,0.7305912110498037,3.8708681200978163,0.9366958374779228,-10.725773155119905,58.51805336955463,-1.303427347223009,-0.25224191328235546,1.4543325769607447,0.0622318522636101,-134.85907741584637,213.12994958473638,-1.5333021631581598,0.08876442565173454,0.11820132094451112,0.04788132431738248,-173.14746217484856,37.46625874725687,0.8580353660013271,-1.311125747563434,-0.8437541439132681,0.18803406563312056,-49.40555153431838,-24.686138839401654,-1.7758525808982093,-0.07782291350404198,0.6575328596609546,0.04727452742827857,-184.39061613866613,138.24288912430256,0.2618943455366174,-1.2132277312457211,2024-09-18 22:44:18.454945024,2024-09-18 22:44:25.125336064,010,RP
155,2,0.9465802003900372,1,-1.0400747805779151,0.703474197872102,-9.407616322533672,7.215375517579581,-1.3870752916889022,0.059083315420759314,0.04319453133376237,0.13246873040529047,41.344213085651,15.2141560924021,-1.2836976494028298,0.3087888574806316,-0.41017262190661175,0.20667004929259847,47.31784349842827,36.408483930717026,-1.0373030156288978,0.6340004464394916,3.806886750855225,0.9379511715271001,-10.717986332299471,57.802160164278256,-1.359562408217372,-0.14539988050623676,1.448289430702869,0.06282785285965972,-133.87490756193588,210.8896136582752,-1.443705738198395,0.08912264564401477,0.11253858139353183,0.05173366198756189,-160.9811366919071,35.11658875442544,0.5140124587199857,-1.2881972894946652,-0.8544740931341338,0.18624800922001078,-49.458808523014326,-25.26127056019744,-1.7751433269587136,0.031087329439767462,0.6525208896972817,0.050584653064888345,-173.67715035792358,130.32796867164086,-0.05761222443127112,-1.1382377351826685,2024-09-18 22:44:18.536303872,2024-09-18 22:44:25.184758784,010,RP
156,2,0.9465802003900372,1,-1.050377312229996,0.6985664264658422,-8.85595268724592,7.697908219134627,-1.3448229751759382,0.094553599086507,0.0408562566922149,0.13325419189822507,38.34481683666471,15.43337432050526,-1.295744222108553,0.3489106107868867,-0.39300429643157064,0.210714060369698,46.62617179885273,35.32428584310565,-1.2092693822316507,0.5408852663840579,3.7430192351778757,0.9270338799539514,-10.786438741907812,57.37384769002879,-1.3808977700987088,-0.04894525708405617,1.441593912903439,0.06545325608238128,-129.22114888000957,203.28442164381082,-1.1242896543597947,-0.008819020835355518,0.10685540630729569,0.05536876262440298,-151.71024002240864,33.21105933857182,0.1411686483796526,-1.2199417669718315,-0.8651485954183612,0.1844427055557715,-49.51031296190987,-25.83377771771981,-1.7484723495240262,0.1430038079625356,0.6474076849127407,0.0535772549679304,-165.43599849324983,124.10453678574252,-0.3608978849072213,-1.0523896224309282,2024-09-18 22:44:18.601435136,2024-09-18 22:44:25.246829056,010,RP
157,2,0.9465802003900372,1,-1.0693120948683223,0.6880585372585205,-8.315804851632727,8.107809293584447,-1.2607220933102719,0.15189960911992073,0.039926168383243484,0.13362159812876379,35.18202434184851,15.595316572063988,-1.3025565386479896,0.3638584085466133,-0.37607714516762825,0.2125465017940677,46.332801011359706,34.42470753197196,-1.35938254926732,0.45085939235585215,3.680795770174876,0.9053248377379454,-10.919949025580177,57.19410218388079,-1.378657964084916,0.032627448775948524,1.4340033644709278,0.07033042090222741,-120.73963242186882,190.14103911794288,-0.5628310638449334,-0.22514830616494574,0.10121956800563378,0.05867978270239546,-144.80208630125006,31.65680462172702,-0.22314332371219114,-1.1242737049690459,-0.8759883152990127,0.18259902391099447,-49.578986773832845,-26.43061309824188,-1.6944715757958988,0.2579146367808531,0.6422714163544573,0.05625107084391434,-159.11680527398084,119.19617588911609,-0.640639316635975,-0.9573446162199529,2024-09-18 22:44:18.671996160,2024-09-18 22:44:25.324692992,010,RP
158,2,0.9465802003900372,1,-1.0975571163890059,0.6716187760129123,-7.850662228213225,8.383449803058205,-1.1392581528896693,0.22757287317262084,0.0407548876818171,0.13328588433213448,32.316321263834645,15.682951956602896,-1.2961756530170219,0.35074328715870573,-0.35974287302202196,0.21238768552871767,46.35632302491679,33.67635682772047,-1.4872073751426518,0.3630100799266242,3.621726768236149,0.874805477465359,-11.094251646225509,57.18034816068287,-1.3639490573071988,0.0954199449888947,1.425290504666775,0.07749998106017107,-109.5601528306463,173.1550455193608,0.11099975911291216,-0.5151389353893121,0.09569373809776384,0.06160608900663469,-139.7644081406998,30.374578668005093,-0.5580167449428486,-1.012719559657657,-0.8871817878883462,0.18063462022178386,-49.68636218673379,-27.080835638494406,-1.6101891009331102,0.375345555451918,0.6371814334047361,0.058620192170151846,-154.29497377004216,115.31389255394156,-0.8916273235158241,-0.854692927663554,2024-09-18 22:44:18.725019136,2024-09-18 22:44:25.386731008,010,RP
159,2,0.9465802003900372,1,-1.1355792888142484,0.6504678881211577,-7.500413488079771,8.482685785393576,-1.0011424275540624,0.3152335162524489,0.04365250039229767,0.13221920674229343,30.04443101586668,15.688485463293516,-1.2792270460804551,0.30427116894814504,-0.34432638192319037,0.21053181442974592,46.60288104487595,33.04660141737895,-1.5898441454167094,0.27649036608558003,3.5672803441662033,0.8379614477867948,-11.265986332855778,57.18893160284149,-1.3466156278185986,0.13566970997549094,1.4152704719794267,0.08679704878623885,-97.4639270953524,154.93781810120782,0.7059694061625512,-0.8058685841794637,0.09033142129171733,0.06412546747190483,-136.18074757961867,29.301400481435554,-0.8530317477529712,-0.8925978695055986,-0.8988773461101731,0.17840442779696744,-49.8608338197065,-27.818773978698133,-1.4915788342249383,0.49446919136031114,0.6321926272323264,0.06070729255499361,-150.64101836022178,112.23414116610171,-1.1104932142921535,-0.7463002494847981,2024-09-18 22:44:18.802373120,2024-09-18 22:44:25.464704000,010,RP
160,2,0.8583679238522353,1,-1.1836063186002614,0.6276753249790504,-7.285207744568237,8.377182081213478,-0.8844273959661035,0.3963511761580489,0.04886891021430259,0.13072803743785466,28.534595104857797,15.605545433819229,-1.2694878030647356,0.22201048738901685,-0.33011118742912166,0.20731705643039874,46.96008412918149,32.50204913365555,-1.662778530203337,0.19114541609994506,3.5188359280286914,0.7976972110003481,-11.363780369945827,56.98727864399256,-1.3349271375659206,0.14971331464387416,1.40382479291167,0.09788943767909118,-85.96641591123459,137.68178601394737,1.0953348578432234,-1.043779856036533,0.08517318368934897,0.06624522642204692,-133.70914063948592,28.388433196631922,-1.104135835646385,-0.7686115802254944,-0.9111667565895119,0.1757035112327614,-50.145090673476226,-28.690539627838312,-1.3342913469307598,0.6143146213831702,0.6273409059898302,0.06253767558031707,-147.89631106480064,109.78140577594577,-1.2956608243271803,-0.6342748885691722,2024-09-18 22:44:19.741836288,2024-09-18 22:44:25.532541952,010,RP
161,2,0.8529188353998677,1,-1.241621364266646,0.6083198631435063,-7.199015799263639,8.061548181941143,-0.8197153986872077,0.4254504159320736,0.05658005864051203,0.12948969819761424,27.83685843503039,15.42498891737835,-1.2879777030348316,0.11751746742860684,-0.3173253091744774,0.20309754735186325,47.28983854620864,32.00626263748676,-1.701645049932045,0.10810287361278846,3.477619668020727,0.7572465657287416,-11.27960957274864,56.226192097785514,-1.3361584439718597,0.13482734392863807,1.3909174695668551,0.11034429126152145,-75.90645912082425,122.57962004411675,1.252778044816802,-1.2088502230090605,0.08024370294512488,0.06799264131718202,-132.0713376400399,27.597893185152646,-1.31112533263366,-0.6438266684573567,-0.9240737432145903,0.17227938935490764,-50.60300936100662,-29.760912278148357,-1.1345333264059274,0.7339960592872918,0.6226406833194768,0.0641348735274045,-145.85413545106448,107.81471856222232,-1.4471602931731609,-0.5206768727228442,2024-09-18 22:44:19.804322048,2024-09-18 22:44:26.465957888,010,RP
162,2,0.8529188353998677,1,-1.3093638693713692,0.5991823725228188,-7.19342635426828,7.581187434737311,-0.7547595267095377,0.32659055258907593,0.06687891057118,0.12951402581043514,27.8446387829084,15.137780892951055,-1.3125563674262084,0.03615959859196932,-0.3061290917416969,0.1982220478233169,47.42089994684324,31.516917030301002,-1.704620796477037,0.030118697048697317,3.444629976499344,0.720051823182226,-10.868764813249491,54.43887308324049,-1.3570539426315351,0.0917102323354028,1.3766012155259986,0.12368839749579166,-67.54095859519013,109.97696569992988,1.214409431050436,-1.3036418993853294,0.0755502380690265,0.06940540073032497,-131.0421677574738,26.900266971158448,-1.476085548460472,-0.5202031138452804,-0.9375501332600344,0.1678582187491837,-51.32357805246684,-31.118427442472083,-0.8897112389809552,0.8528123671764296,0.6180847359290187,0.0655179756381813,-144.345749364826,106.21790437863477,-1.5661833096261568,-0.4071712138988867,2024-09-18 22:44:19.881516032,2024-09-18 22:44:26.531028992,010,RP
163,2,0.8484041573954558,1,-1.3863236209004557,0.6074334761284071,-7.174632336533573,7.053637720587288,-0.5104846391092539,0.039670056797859087,0.07976969239604263,0.13197519277105402,28.248970164948137,14.7465883394371,-1.2274473396229786,0.05052206933916536,-0.2966074395006326,0.1930220185980647,47.142901420879696,30.982935281077857,-1.6747668836698049,-0.03858239020795382,3.420562279485711,0.689562328956827,-9.973399259558994,51.114633305498195,-1.4008698302409095,0.028844126232293543,1.361014963631984,0.1374481123779344,-60.79637081388921,99.74477041222202,1.035069296224676,-1.339516870351991,0.0710828756167277,0.07052294839787422,-130.44101766366262,26.272122633905518,-1.6022990594637323,-0.39885656786040596,-0.9514805210537218,0.16218318030383166,-52.4223680213744,-32.87886203984728,-0.5987916905432087,0.9700921520892368,0.6136461784501921,0.0667003825667246,-143.2319322043941,104.89372782926345,-1.6544666465709983,-0.2948031279795116,2024-09-18 22:44:19.954211840,2024-09-18 22:44:26.610637056,010,RP
164,2,0.7920349271204066,1,-1.4717225293066656,0.6382360229571852,-7.050318158810923,6.623887926898075,0.028750117072176895,-0.39235416649211025,0.09516397576727374,0.13789501603211776,28.604413574528746,14.277890279756473,-0.8887202063581894,0.21017266221331915,-0.2887689782785194,0.187807740881458,46.205802980289945,30.34280251715689,-1.621352318842661,-0.09312762302208326,3.4057452072659347,0.6689039484274253,-8.482413651652399,45.88893964016226,-1.4576776369974986,-0.033616762750641606,1.344374880631529,0.15117161919274436,-55.467027092145294,91.56847792598856,0.765433283869648,-1.3287981244587956,0.06681644229296228,0.0713794860101232,-130.12500059480425,25.69448959311441,-1.693378592553287,-0.2801928525386068,-0.9656940914976055,0.1550582586614575,-54.04356694704335,-35.18955328421506,-0.26271667805284826,1.0847470378624848,0.6092820053504735,0.0676893605936393,-142.4004960478489,103.76205979493554,-1.7136747455644394,-0.1839729425619003,2024-09-18 22:44:20.022074880,2024-09-18 22:44:26.678989056,010,RP
165,2,0.8441818873980097,1,-1.564487403802419,0.6925590077662499,-6.800064701070335,6.361384430133994,0.6707943274114623,-0.8235189837423309,0.11287792905445822,0.14778977501981155,28.55548254961552,13.776716266648679,-0.31614527945705806,0.4831273795700523,-0.2825531264501027,0.18286796382509976,44.331326532590566,29.525954911463852,-1.559161668046655,-0.12942155319283077,3.400104317432659,0.660430690622834,-6.412430839716831,38.80293378335953,-1.4945980203757425,-0.06651042136315793,1.3269603584752556,0.16444243686234988,-51.32286269693845,85.10340428230577,0.44548205783328365,-1.282016390034206,0.06271348765712584,0.07199907551122502,-129.98342165707678,25.15171370972207,-1.7525586670025077,-0.16400703355490434,-0.9799804394586994,0.1463889595285077,-56.36610222968657,-38.23767763362224,0.11444381057143627,1.1945621048205908,0.6049376546831077,0.06848578308443531,-141.76904699691215,102.7614347969713,-1.7449253099548165,-0.07458950539257325,2024-09-18 22:44:20.083660032,2024-09-18 22:44:26.734731008,010,RP
166,2,0.8587012521639783,1,-1.6632251811468552,0.7669468695004733,-6.479612097223621,6.222945995833887,1.0960544660555431,-1.1282624828932197,0.13263131120225874,0.16149253290838542,28.028430475248694,13.282552515126413,0.2672839873671564,0.7726995668015216,-0.2778439311191955,0.17846775741227228,41.244150023362245,28.459436778160814,-1.5050926794085582,-0.1458728603664329,3.4031671912991466,0.6652774117407938,-3.949431828712027,30.440576823745364,-1.466653986110268,-0.045108515287390315,1.3090955045728097,0.1768915617198708,-48.15394482776256,80.03811270147106,0.1051324917795089,-1.2076156515471548,0.058727555189261885,0.07239285273542795,-129.9341412717906,24.63071445250844,-1.7821550881362627,-0.04959063171965409,-0.9941059058542077,0.13621343598301253,-59.61601177460687,-42.26462938861066,0.5227651665562472,1.2952364112059545,0.6005521701962481,0.06908378961182261,-141.2905914178311,101.85237130428982,-1.748536890598331,0.03366988242814157,2024-09-18 22:44:20.145211904,2024-09-18 22:44:26.811891968,010,RP
167,2,0.8652170869726525,1,-1.7662165640027336,0.8551449781442152,-6.16173077101174,6.117049049313726,1.174879859369427,-1.276446529528147,0.1540498039500412,0.17824726277783348,27.18922968245496,12.811504497865172,0.6395343165139593,0.9936213755832816,-0.2744881147755197,0.17484042081611506,36.726852045165046,27.08108437951679,-1.472302025610446,-0.14483757837276032,3.414114210397923,0.6831107066597106,-1.392284228225479,21.753417368497512,-1.3532576987418854,0.034614461363644745,1.2911269473008622,0.1882103186065098,-45.78251007066755,76.11103246731196,-0.23343246158946807,-1.1124252490610438,0.05480632368378273,0.07255786788655723,-129.9231319443528,24.12060922335302,-1.783201768412418,0.06414122812663417,-1.007828706997683,0.12472116841580921,-64.08465986087715,-47.58635988597409,0.9412006658608676,1.3790822376927048,0.5960635451827752,0.06947060420403783,-140.95857332350403,101.02026693911397,-1.7240227755625004,0.14106627266071944,2024-09-18 22:44:21.100759040,2024-09-18 22:44:26.874376960,010,RP
168,2,0.8541894244397623,1,-1.871441337384368,0.950008056488812,-5.8941991191586585,5.96935211763196,0.9739197582587074,-1.300377973705178,0.17667249818965683,0.19695738852962164,26.268552613782177,12.359069185896654,0.7301034345559811,1.113592047497499,-0.2723145007499692,0.17217279487837145,30.690361848678005,25.357430564658657,-1.4640424728098824,-0.13295885916029673,3.4318694927467766,0.712224120270366,0.974390510740465,13.656018932167854,-1.1830231092742853,0.15281648743654677,1.2733999624778793,0.19816119705101176,-44.06154459443742,73.10796923327402,-0.5538063536295388,-1.00216890128594,0.05089481363606105,0.07247687086994602,-129.92781770826295,23.612652068402156,-1.7552555157653065,0.17850376496583578,-1.0209135362310584,0.11225915596629665,-70.14776068498634,-54.61479841959942,1.3285079563470443,1.4331941995991786,0.5914137105211102,0.0696271299034066,-140.80844680884343,100.27604599993248,-1.6703201000458296,0.24752005966032134,2024-09-18 22:44:21.168669952,2024-09-18 22:44:27.810928128,010,RP
169,2,0.8573699025807013,1,-1.9766391765130265,1.0447382271548373,-5.696619693229855,5.739838340666253,0.6157008281168479,-1.2441173447655043,0.19996580015258636,0.21642362547253688,25.443370601897136,11.912196039012848,0.5903595721619723,1.1410396369368214,-0.2711520850585123,0.17058814948042003,23.23469744920472,23.30013665905556,-1.4711890442239797,-0.1197395631543161,3.4552190635996918,0.7499465179505352,2.978873336735675,6.707340058862074,-1.015417182474022,0.27876643184022104,1.2562355287516689,0.20658337339374214,-42.868877353860896,70.85340680961785,-0.8441039322265165,-0.8818073533582621,0.04693905700009985,0.07211872859216208,-129.96296228673611,23.100338894678934,-1.696358693583881,0.29488451354824724,-1.03314683255065,0.09932690365241917,-78.26736282600879,-63.86167799578347,1.6094853561820308,1.437142838746508,0.5865526487533831,0.0695298954834762,-140.9146644776238,99.65386969754445,-1.5862218438934546,0.35236138438547854,2024-09-18 22:44:21.222681856,2024-09-18 22:44:27.888577792,010,RP
170,2,0.86947531425081,1,-2.0793991216602596,1.133490914064412,-5.571592844743292,5.414434732392211,0.19938903541238107,-1.1417209958673582,0.22334388972051902,0.23550347033890556,24.812808874570145,11.458210751061689,0.3097196288600239,1.0995328657954988,-0.27084434116267736,0.1701336738184794,14.667179186410818,20.97252248345837,-1.4766641186047138,-0.11452453449541092,3.4829366384785776,0.7931786056769696,4.575843369531351,1.062627476319994,-0.9023990941804612,0.38639121483496947,1.2399105485635324,0.2133921392106284,-42.100187190754,69.20046619431518,-1.0961724264109218,-0.7557170935032959,0.04289023677144552,0.07143972702522748,-130.08653926962145,22.579442470052,-1.6031564373417693,0.41458881881679405,-1.0443520690298684,0.08656240852144607,-88.92165706569035,-75.86551653811813,1.6611919565031101,1.3617946089208424,0.5814413662357563,0.06915458175056356,-141.3836674689297,99.20631277655632,-1.4709729884512963,0.4540969183093345,2024-09-18 22:44:21.300332032,2024-09-18 22:44:27.950571008,010,RP
171,2,0.86947531425081,1,-2.1772655939262293,1.2116580803599415,-5.513832244187097,4.994922764050394,-0.2120136915191706,-1.0152983886439055,0.24619466510473542,0.2532044168036899,24.417237569079873,10.988606373897621,-0.03292952708063712,1.0125490509143649,-0.27125850441116195,0.17077830548755227,5.459896286851549,18.481043301011404,-1.4653381268983636,-0.12318956962980154,3.513894099109956,0.8388630556484779,5.802298651845765,-3.388662993994502,-0.8673723501659212,0.4611914678686668,1.224642740354458,0.21857338580803884,-41.66208833154114,68.02117402322801,-1.3050263597925318,-0.6277576117351582,0.03870884024134425,0.07038622986210133,-130.40348581784303,22.047767699437294,-1.4711553720138026,0.5387101027189425,-1.0544027232586877,0.07471887115967776,-102.32455928519346,-90.89129396655301,1.326432261455862,1.175749286659723,0.5760537485672388,0.06848101033032405,-142.34398781881453,98.99778776903743,-1.3250036265711405,0.5501617496836372,2024-09-18 22:44:21.362358272,2024-09-18 22:44:28.027798016,010,RP
172,2,0.86947531425081,1,-2.267851655264512,1.2760244163376802,-5.514400729064433,4.494157178799402,-0.5818411640981367,-0.8788628644622081,0.2679096343153057,0.2687395523070191,24.26099308345707,10.500246214884852,-0.38164519879918846,0.8986925263849428,-0.2722900666084835,0.17242196514056218,-3.8407613749536798,15.954198829386566,-1.4331221647831065,-0.14621576775678485,3.547138456428444,0.884288630749176,6.7270110058359105,-6.861639435617937,-0.9073751963545318,0.49900701026347605,1.2105807545256084,0.22217458777337545,-41.465774337771755,67.19766838480834,-1.4683766855127498,-0.5012804222656012,0.034368364331659074,0.06889905207148601,-131.0671295339282,21.504562859726793,-1.2950908236723817,0.6680402538291295,-1.0632312437797644,0.06461588798775532,-117.72917771275958,-108.17334004870624,0.525955078143105,0.8737774361005429,0.5703775620352487,0.06749920092674683,-143.93384765296764,99.0966371186526,-1.1507913497506113,0.6366282028515091,2024-09-18 22:44:21.424843008,2024-09-18 22:44:28.089337856,010,RP
173,2,0.86947531425081,1,-2.348957015802832,1.324867027914748,-5.561473562637821,3.9363376568399233,-0.8892057020222257,-0.7421798108805044,0.28791647390819586,0.28156359911226325,24.32601664063818,9.996139064595361,-0.7004670799618853,0.7718459803665573,-0.2738633231441989,0.174911772220818,-12.715684984001543,13.517640254226542,-1.3892405256375764,-0.178967296837515,3.581928319412594,0.9272243385622512,7.418630839334197,-9.573003894678783,-1.0044858760775006,0.5019321030814325,1.1977990382406738,0.22429327464119664,-41.42163650252057,66.61479636507393,-1.5862119536585964,-0.37911567204481,0.02985839593357076,0.06691975165432833,-132.27981705539185,20.949663151660193,-1.0693543767990112,0.8030237981318623,-1.0708342073806492,0.05701592938836623,-132.50595917172484,-124.89191376286668,-0.5046601865692923,0.5293660833574824,0.5644150247189967,0.06621579606368681,-146.28525744677427,99.56559719784593,-0.9538373117431607,0.7078878662680612,2024-09-18 22:44:21.502948864,2024-09-18 22:44:28.151349248,010,RP
174,2,0.86947531425081,1,-2.4186912153279563,1.3580130680024702,-5.639040319658572,3.3609027159616724,-1.1229588461918363,-0.6133653113584325,0.3057131493133165,0.2913970751217281,24.576109498254997,9.486760167419549,-0.9677378619596864,0.6426794220849392,-0.27592834880411427,0.17805756435371078,-20.75025024615666,11.274417712305828,-1.351019986240747,-0.21364418992797685,3.617731116667297,0.9659238371848056,7.932710584892465,-11.698413922481517,-1.1356509367297052,0.4748419072091781,1.1862967634428767,0.22506324135777747,-41.43562558591427,66.15494852380094,-1.6604251042202745,-0.26354727612781487,0.02518694026159311,0.06439874052951473,-134.29517514003084,20.382484553672143,-0.7884158835619206,0.9437526386903419,-1.077274406069397,0.05237814169966032,-142.65274229523362,-136.67614823026847,-1.2148458950953074,0.2919671567300996,0.558183283619897,0.06465983590849951,-149.50237207406894,100.44972495326745,-0.7436477774310091,0.7564246683592227,2024-09-18 22:44:22.440700928,2024-09-18 22:44:28.233261312,010,RP
175,2,0.8102657619952469,1,-2.4755970545746964,1.3768403859688858,-5.724528848967225,2.8283732426688712,-1.2799722589119884,-0.500211159806297,0.3209017440539586,0.2982388974874597,24.954522917347855,8.992050073788594,-1.1721339072712305,0.5200310017525026,-0.2784544356667633,0.18164104747280685,-27.672408047829624,9.294495233501204,-1.3353469820784223,-0.24173062056683303,3.6541842010647345,0.9990485391882632,8.309874153234885,-13.365810843587104,-1.278219077014626,0.4234009282320087,1.176001048326499,0.2246379190175297,-41.40860716214085,65.69656543241781,-1.694456209055308,-0.15627943324786694,0.020381628041214,0.06130444842590633,-137.4252737843625,19.800950813734868,-0.4471623577591033,1.0899908365287174,-1.0826794433873692,0.050598197539475503,-146.24290281706888,-141.33418462133733,-1.358271215794197,0.23561364985111982,0.5517147137082504,0.06288666312058476,-153.63163924540703,101.76083586280903,-0.5343978199905819,0.7729479744274245,2024-09-18 22:44:22.518758912,2024-09-18 22:44:29.151200000,010,RP
176,2,0.7573718562456385,1,-2.5187589227777436,1.3841746623101268,-5.786462239617674,2.4252966026464944,-1.366193129171739,-0.41022894108432106,0.33321832480217356,0.3023613414752507,25.378123628733565,8.543544157810947,-1.3109973982072027,0.4116522070688235,-0.28142114023908094,0.18542008386916056,-33.355809059936504,7.612970180755599,-1.3515448372346663,-0.2560481996752939,3.6910288173678842,1.0255651331343802,8.578390743965443,-14.663087442618359,-1.41230748191742,0.35326653420001564,1.1667755926596635,0.2231703094020219,-41.23984498205855,65.11764457013399,-1.692879755892655,-0.058417995891917006,0.015489315334081405,0.05763206760669658,-142.05733918202077,19.200370922110878,-0.041121792581075844,1.2411996135418462,-1.08723545468471,0.05103866948799034,-145.6156576325111,-141.3185057352962,-1.2374340531585075,0.2691602314330369,0.5450564950621103,0.06097870647257407,-158.62316612295314,103.45858696263171,-0.34466121905718916,0.747311163676181,2024-09-18 22:44:22.582395904,2024-09-18 22:44:29.214266112,010,RP
177,2,0.7573718562456385,1,-2.5478756691147137,1.3840197758806005,-5.783913717594942,2.2633069666810237,-1.397954156183098,-0.3493022524459422,0.342553602770848,0.3042785731154071,25.73215103190394,8.185358956977703,-1.390032565274018,0.32415409766406406,-0.28480988602059765,0.18913557218645427,-37.79822523534022,6.234691778941869,-1.3983053649766553,-0.2520574717986637,3.7280373324498717,1.0446761709139687,8.757190170494976,-15.647131882968331,-1.5217161272242594,0.26998987216887915,1.1584355518364335,0.2207909489471029,-40.83437317074668,64.3039896179488,-1.6608923907490212,0.029479270354701066,0.010573863584215831,0.053410288244099,-148.68623296004571,18.57218794417046,0.43332898278862597,1.3965055031767188,-1.0911751414705682,0.05290634918951697,-144.318541388187,-140.47680481608103,-1.12339422284066,0.2807267743302982,0.5382688085640132,0.05904194432553823,-164.28852380152242,105.43138796738604,-0.19542465603391568,0.6706841665757546,2024-09-18 22:44:22.654499072,2024-09-18 22:44:29.276260096,010,RP
178,2,0.7573718562456385,1,-2.563283612899068,1.3810772981398811,-5.670161519686501,2.465767894096721,-1.4000779617889303,-0.3191586199897463,0.3489594777987132,0.30468283931153434,25.87090291759531,7.97210322769474,-1.4227621619641624,0.2621728604938232,-0.28859936799351865,0.19252645177974198,-41.08531872730071,5.142802981488737,-1.4649929413513445,-0.22832708519610073,3.7649559885395076,1.05581691322282,8.857660944176395,-16.348703616229432,-1.5945830057791142,0.17919792245366395,1.1507679047181716,0.21758894207056426,-40.111706299411566,63.15926421284451,-1.603791498987723,0.10722611880331391,0.005712344131311517,0.048705000121595884,-157.97061473850084,17.902382514021152,0.978502213119393,1.5545315290413486,-1.0947607395334698,0.055605158890581256,-143.85711068307563,-140.48911687855215,-1.0520065535385446,0.24025051688870466,0.5314213166301397,0.057197114179176875,-170.27104084882993,107.4856607118695,-0.10595785786864509,0.5391306271259,2024-09-18 22:44:22.720611072,2024-09-18 22:44:29.354670080,010,RP
179,2,0.7691253241548007,1,-2.5659241512744533,1.3800713092896808,-5.402273080940594,3.138177029834681,-1.3982870795463271,-0.3148530007170873,0.3526387208272711,0.3043499934056403,25.63011477934114,7.961829109557005,-1.42810940173452,0.22705514797044868,-0.29276610739717746,0.19535034439426502,-43.350275371626694,4.3085086248531175,-1.5359075083702711,-0.186228293923533,3.801472223107059,1.0587094119639497,8.884043589291961,-16.77244493356573,-1.62424345973698,0.0867872222494824,1.1435545205104634,0.21360300932821547,-39.01162058504167,61.61191507246343,-1.5266691417965892,0.17469795609809105,0.0009901557187914055,0.043619529941878094,-170.82406732284238,17.169142427166918,1.5942124600482748,1.712979837872128,-1.0982636028041648,0.05881811428661177,-143.7384384452845,-140.86269526836278,-0.9979171684766888,0.16695640169441173,0.5245881733486378,0.05556573907103485,-176.05622526374353,109.35701361776354,-0.08831474195632838,0.3577900749417863,2024-09-18 22:44:22.783096832,2024-09-18 22:44:29.422447872,010,RP
180,2,0.7691253241548007,1,-2.5572566328853963,1.3849899379820652,-4.954963095776372,4.328887757623523,-1.4082479451906054,-0.3244753307497195,0.3539182425119764,0.3040269330592995,24.85370183835574,8.203821525452454,-1.4254928478608175,0.2157740014547972,-0.2972886585743742,0.19740127970936883,-44.739534303982275,3.6994438615269116,-1.595205864857586,-0.12910025199289005,3.8372006328807062,1.0534412543878733,8.832802333032534,-16.89323470242262,-1.610190717916475,-0.0009951470473489018,1.1365940574349787,0.20882731906338015,-37.49320496838033,59.61455396125273,-1.4345097167349887,0.2314627319290622,-0.0035044822757793795,0.03829112632428171,-188.55961787621152,16.339196161225082,2.274968465132578,1.8677664079928848,-1.101942765490892,0.06239949879160157,-142.86454786599518,-140.4285549660606,-0.9547841730574369,0.08792896520951687,0.5178422909901439,0.054252830454213745,-181.04963332928037,110.7551569061601,-0.14292531942052733,0.14346992576109435,2024-09-18 22:44:22.845957888,2024-09-18 22:44:29.490331904,010,RP
181,2,0.7691253241548007,1,-2.5391266148234823,1.3984405039532495,-4.332140739458045,6.000146149281,-1.4292658430232006,-0.3326927407839066,0.3532101697818467,0.3043234919937352,23.429705791772832,8.7243896393492,-1.4288921035500985,0.22100929905608857,-0.3021519700505898,0.1985174886620068,-45.39073354713526,3.2851004366916863,-1.630517601185292,-0.061278840855804075,3.8716772255143157,1.0405418986796269,8.691356843752464,-16.650128350774384,-1.5587883831016047,-0.07763150341117693,1.1297194513953113,0.20323173090772523,-35.52606020593728,57.13448124608824,-1.332655977843454,0.27647596012248704,-0.00768624970574722,0.03288359136800209,-213.1163919307918,15.361934195232038,3.0035881215592557,2.011308790499064,-1.1060253420913124,0.06623311960760193,-140.5721593398315,-138.47637062235165,-0.9263031656392715,0.02421207755405587,0.5112497468244019,0.05333000467469735,-184.72213105444493,111.439142734449,-0.25830589091078826,-0.07714316920729324,2024-09-18 22:44:23.773406976,2024-09-18 22:44:29.557786880,010,RP
182,2,0.784220074413153,1,-2.513611267783759,1.4213133997849123,-3.568195009026057,8.030944819662327,-1.44899265647836,-0.3268367297060916,0.3509679473918739,0.3056336979554006,21.321479347631886,9.516844158003403,-1.443003712085774,0.23291268125221593,-0.3073482633548893,0.19857931878938598,-45.42238277790729,3.0395095357691604,-1.6345324362910485,0.012664310245245928,3.9043567331022473,1.0210437894993114,8.436542095362478,-15.93926993412905,-1.4833182924226376,-0.13664805437330355,1.1228090732514813,0.19679069036238325,-33.07575724482139,54.13776033914887,-1.227376652042743,0.3079406873739229,-0.011478231297619282,0.0275768216907462,-247.39992187746282,14.160286473677536,3.7370724495173233,2.129212468538515,-1.110691344808967,0.07014757630247238,-136.9469903624796,-135.10583689324312,-0.9087490728512706,-0.013004850919700706,0.5048651250432451,0.05282398172661133,-186.77056722862463,111.29394577827739,-0.415649518674698,-0.2745245969615039,2024-09-18 22:44:23.844796928,2024-09-18 22:44:30.487219968,010,RP
183,2,0.784220074413153,1,-2.4828648940354197,1.4528391983653617,-2.7169206234609975,10.254253164127856,-1.4553164972740005,-0.3016541647093241,0.347644755949035,0.308103809744985,18.578163214440657,10.541398983334437,-1.463889758505896,0.2420435676783938,-0.3128722232668009,0.19750338323721603,-44.92974654443905,2.942730307827488,-1.6049756139919003,0.08832218856998247,3.9346142876275905,0.9965186077963466,8.03352514843796,-14.608822829059562,-1.4028040173457148,-0.17231891759543438,1.1157907511508889,0.18951175088334976,-30.087597497132542,50.57146301165111,-1.1262331495405216,0.32335349525274326,-0.014816752705878058,0.022555210003848084,-295.7126337655955,12.618499033491284,4.376965128080992,2.194152428831448,-1.1160643607878444,0.07390932774153997,-132.59302304191937,-130.98234750620765,-0.8887357423842848,-0.023676497792148372,0.498728390707113,0.052714769344428127,-187.20730712423133,110.36559901068016,-0.5952903822771729,-0.42548832711837054,2024-09-18 22:44:23.912656128,2024-09-18 22:44:30.569102080,010,RP
184,2,0.784220074413153,1,-2.4489763177544304,1.490978722140157,-1.8345217637713442,12.507299646118897,-1.4450127661680092,-0.2598145375142414,0.3436585827491171,0.31165180383458563,15.317829962258642,11.735896264378232,-1.4835223589239137,0.2420712770928819,-0.31871062934274275,0.1952401790343428,-43.98046240574452,2.9829591478803317,-1.543810841437798,0.1615241624450219,3.9617553933449465,0.969072025405913,7.436721984229334,-12.462473429827492,-1.3388275218092862,-0.18095185590350477,1.108639080794811,0.1814556402395598,-26.472762951357453,46.34873958449184,-1.0381144297724887,0.31968918154523046,-0.01765511788774255,0.017997503821080927,-363.9322152800532,10.574733836083356,4.715036643175782,2.156085392799189,-1.1222080861147037,0.07726863742686914,-128.23710378692363,-126.90871480961604,-0.8531861660362781,-0.01691842381251943,0.4928635915554381,0.05294419135405767,-186.32564062267306,108.83312443615843,-0.7810397806789822,-0.5191863660122712,2024-09-18 22:44:23.980489984,2024-09-18 22:44:30.636940800,010,RP
185,2,0.784220074413153,1,-2.4138394461174446,1.5329955915271254,-0.965982291949876,14.668273839440449,-1.4238012543195215,-0.20878988275484472,0.3393645898214416,0.3160306825187889,11.69184007268012,13.032203489477013,-1.4950428492387413,0.23093138861100582,-0.32482930808576743,0.19177902722450746,-42.60606331100003,3.160301934429457,-1.4563711098602927,0.2281956871177485,3.985038181309953,0.9412747055270868,6.595328751032422,-9.282636891155498,-1.309635095629994,-0.16281758436985191,1.1013680503007577,0.17274503855053716,-22.09998169208659,41.34021374789584,-0.9729469977997431,0.2936997784809567,-0.019966038883527208,0.014070252935475511,-457.80644427018075,7.859418732572242,4.372742505406711,1.933908958191322,-1.1291271111516619,0.08001925645864293,-124.455185869515,-123.5257244886887,-0.7995443950247991,-0.0065779692791964285,0.487279300950004,0.053430757909134846,-184.57085589797026,106.9375576377069,-0.9612198384618242,-0.5570861907305517,2024-09-18 22:44:24.048361984,2024-09-18 22:44:30.697668096,010,RP
186,2,0.784220074413153,1,-2.3790369994890956,1.576050558278644,-0.13969461377616493,16.66766134519716,-1.4010447870712208,-0.1568845508983603,0.3350332253614759,0.32091912567533043,7.84832236715251,14.370551243656278,-1.4957226468710558,0.21015101001649486,-0.3311622598325441,0.18715895969300375,-40.78949143789816,3.4920598380054426,-1.3508037604160925,0.28413018327114803,4.003712100602168,0.916005513776515,5.466590111194365,-4.886652977221035,-1.3219352754668785,-0.12430435681336333,1.0940223478482602,0.16356539798468267,-16.7956633931237,35.37483109901426,-0.9409366164310993,0.24243579327571366,-0.021742900215169007,0.010923931368896217,-574.0612081551274,4.5182444336837,2.9112998358703566,1.441649619324187,-1.1367693214859425,0.08204236238211507,-121.57985018243141,-121.20824379824512,-0.7387932562373147,-0.006623151608451673,0.481970376213207,0.05408497405700524,-182.3973562519191,104.91012241303179,-1.1279126065708316,-0.5485543982201286,2024-09-18 22:44:24.114384128,2024-09-18 22:44:30.772603136,010,RP
187,2,0.784220074413153,1,-2.345742262249409,1.6176972479613854,0.6306804935495218,18.47941388769543,-1.3846820407757252,-0.1105632729887004,0.3308329535463283,0.3260184253253255,3.910011742214857,15.706439266922228,-1.4868911152410993,0.1830938681399914,-0.33760728210902524,0.1814806646613845,-38.451267005649726,4.018572252574157,-1.2379332139687784,0.32478015884364764,4.017074913609774,0.8961853017957174,4.03770698217338,0.7802285734042894,-1.3637402296107626,-0.07892461829722791,1.0866704783103092,0.15416340160969713,-10.35834637335149,28.25610920803371,-0.9507817803185241,0.164273863950711,-0.023000085162322232,0.008679550224256932,-677.0533462397102,1.4277153770514235,0.5735372027266097,0.7317889899229622,-1.1450282217524308,0.08332160481505096,-119.71996290296966,-120.0827362310544,-0.691579737153547,-0.027382264611246473,0.47692047025742823,0.05482086276700368,-180.17372544821697,102.92853786879644,-1.2759953509111923,-0.5056343755974136,2024-09-18 22:44:24.176868864,2024-09-18 22:44:30.837443072,010,RP
188,2,0.784220074413153,1,-2.3146481288800405,1.6562112895014511,1.3408618024752612,20.103623262186076,-1.3790065650952572,-0.07354685074864213,0.32681889972255007,0.3311338917217507,-0.028695849302300448,17.00937834589557,-1.472099276693267,0.1531853518311035,-0.3440293589274566,0.17491513008065943,-35.43755962485804,4.808439080306567,-1.1313890856467592,0.34518777711634036,4.024541838506484,0.8844030735813322,2.349955046914364,7.542507595083674,-1.405295523180643,-0.04498420530380345,1.0794006170477815,0.14484515948509552,-2.6001288173168646,19.80658064981554,-1.006018578834529,0.0608124437663865,-0.023772295857367783,0.0073745201829309385,-688.4418599609428,0.6341564244119149,-1.0451385370062258,0.1585552928967062,-1.1537459057277781,0.08392789640102905,-118.82216916242396,-120.09059118084019,-0.6806783506052354,-0.07255117037433527,0.4721048303327179,0.05556237200456927,-178.149584269435,101.10527925536586,-1.4024249337619503,-0.43942060971005187,2024-09-18 22:44:25.125336064,2024-09-18 22:44:30.899442944,010,RP
189,2,0.7740960612035714,1,-2.285933230828093,1.690727788599748,1.9903765889004796,21.549867986429874,-1.3848940143637183,-0.04713203853615936,0.32293041196387784,0.33622226396126037,-3.8903728559952024,18.256319709079616,-1.4552402532658373,0.1228403492503663,-0.3502701733088142,0.1677073922394375,-31.514494811978896,5.961412440468429,-1.0474805531123943,0.34026178761109005,4.025711854386402,0.8824938111013723,0.5090262471027418,14.950807002844668,-1.4136871548457415,-0.03885879542803904,1.07231791800068,0.13597008817314235,6.565855349165368,9.959315662089358,-1.0993706043208802,-0.060301972926470146,-0.02411257561353214,0.006876291189205972,-571.1747382849344,3.22750593456509,-1.299007821055225,-0.018043825291239025,-1.1627186690376583,0.08397981918679093,-118.74416923598267,-121.06606241004422,-0.722986399956953,-0.13723122544852834,0.46749308223138714,0.056245413255084774,-176.46625309449854,99.4967525689712,-1.5056547510081055,-0.3584739372814531,2024-09-18 22:44:25.184758784,2024-09-18 22:44:31.846272000,010,RP
190,2,0.7776780769205074,1,-2.259273305079627,1.7211897735235488,2.57852415516877,22.8255907902758,-1.4011361956908137,-0.03106490754622379,0.31899967097533116,0.3413944348758956,-7.598458960786892,19.423905908410582,-1.4396914023107124,0.09331761175925943,-0.3561614566406477,0.16017447877482835,-26.377816684296683,7.6052383867209175,-1.0037431784205313,0.30573302622228027,4.0204143746973,0.8911912936801188,-1.3341413460503586,22.363801045538864,-1.3748091513014744,-0.06679825166172318,1.0655417272775558,0.1279319740491736,16.98049440570152,-1.0934253390780664,-1.2078338931831165,-0.1826640923638198,-0.024088951235978897,0.006904070420865902,-396.6145831350677,7.445970647381257,-1.3044502994906813,-0.01425430208412882,-1.1717061314447224,0.08359252685787065,-119.33032383730345,-122.82007210745283,-0.8238284504899887,-0.2081708566491974,0.46305179169916805,0.05681715944902098,-175.1869564069331,98.1206340465544,-1.5850818077209106,-0.2686558438269022,2024-09-18 22:44:25.246829056,2024-09-18 22:44:31.909606912,010,RP
191,2,0.7776780769205074,1,-2.233901919450434,1.7481325540945738,3.102441966825876,23.930551064675903,-1.4258150926269124,-0.02452268728571009,0.31477110775201617,0.34687313573814293,-11.066030342589727,20.48326662935439,-1.4286066569580333,0.06535356265859704,-0.361540344533696,0.15269430151251426,-19.694985080833646,9.879468308289404,-1.014678845677512,0.2401110002277743,4.008725008203978,0.9099910607817948,-3.028687114056746,29.141173776144402,-1.3042891175712943,-0.12134494828483422,1.0592020961602546,0.12111774452730507,28.06909722709718,-12.730846620267332,-1.2958038122687143,-0.28156816290559433,-0.023780066297384307,0.00718869263637511,-240.18693754965264,11.288338701303548,-1.3423759399494566,-0.009338667580438541,-1.180442803181825,0.08283401191766857,-120.47284162897739,-125.2112988797902,-0.9750180360970249,-0.26731336053059873,0.45874663518661396,0.05723423790451053,-174.32951278536575,96.97307740400832,-1.6405541854296766,-0.17362604181566035,2024-09-18 22:44:25.324692992,2024-09-18 22:44:31.986974208,010,RP
192,2,0.7776780769205074,1,-2.2087136168943267,1.772359086387813,3.5571736198532835,24.85677781182723,-1.457097501185288,-0.026939407502873606,0.30992921781316646,0.35291555315740786,-14.196174130187519,21.399809144108527,-1.4256547250839124,0.04017915902450461,-0.3662648226622971,0.1456800535177041,-11.200614418998514,12.897608946116737,-1.0840350644780308,0.14750333454487963,3.9909487550380285,0.9372803835535393,-4.468931134937045,34.83527514932769,-1.2365980671419337,-0.18550095737886774,1.0534353221949893,0.11583913662159008,38.76744352077731,-23.838994355986113,-1.3333382152123157,-0.33169779091628915,-0.02327044878879146,0.007566258022545268,-121.33800002019262,14.176410284395729,-1.271667947280385,-0.0014614890007648028,-1.1886504221124383,0.08170719277408045,-122.12677510036633,-128.1660427742813,-1.1558183642720194,-0.2981501400927066,0.45454407122704427,0.05746097121331521,-173.89353154812545,96.04227378993343,-1.6720102864620991,-0.0755003890193503,2024-09-18 22:44:25.386731008,2024-09-18 22:44:32.054788096,010,RP
193,2,0.7776780769205074,1,-2.1823884667958056,1.7945875844821217,3.9372003714518184,25.592500682120612,-1.493200189660581,-0.03849903628732748,0.304130923596743,0.35971956139569294,-16.895492004669634,22.138441588001573,-1.4350402865158995,0.020354160065486678,-0.37022741041017604,0.13953496326420226,-0.8502605409464408,16.685210241751435,-1.1965816254960326,0.03994172839572592,3.9675810883753044,0.9706635820601122,-5.613299231960534,39.27121987611824,-1.2033315726345475,-0.24099617709385895,1.0483778538186743,0.11224753996850714,47.71594898370555,-33.02434418845856,-1.321077618277062,-0.3215547420113694,-0.022645912432218536,0.007955791935652632,-33.26833154563483,16.246608277051536,-1.1488047578018155,0.011751950071319309,-1.1960505489428257,0.0801693250416076,-124.24008727673574,-131.5974245880444,-1.335008013270932,-0.2926122244474879,0.45041251592556686,0.05746824420756633,-173.88014933989535,95.31779553369553,-1.679285505145918,0.024569428257374338,2024-09-18 22:44:25.464704000,2024-09-18 22:44:32.122579968,010,RP
194,2,0.7776780769205074,1,-2.1535135013126148,1.8151494215987434,4.2385919384683275,26.127864966046346,-1.531650872555042,-0.060211387197734875,0.2970382727087605,0.3673369248541888,-19.095420410607304,22.6720706954144,-1.4600272380882102,0.009885287210718708,-0.37336583921096533,0.1345873210888886,11.014747317226083,21.112530375792858,-1.3178686664161294,-0.06362297939791461,3.9392645802177877,1.0073378374548854,-6.474327077797582,42.50408733831294,-1.2188891193138036,-0.274609646872036,1.0441581324508076,0.11026517915881157,53.745855275976425,-39.11917187193492,-1.2931407895233347,-0.2639514738171371,-0.02198922947988617,0.008312256674984192,33.42791370791104,17.735054065557083,-1.0732237259954467,0.003425863702374139,-1.2023781328703715,0.0781922207981131,-126.5558402206371,-135.16797486833065,-1.4748389837104723,-0.25607478815794527,0.44632308801305803,0.05723316642118972,-174.30501286541528,94.79635159824795,-1.6620684323543973,0.12596636814609205,2024-09-18 22:44:25.532541952,2024-09-18 22:44:32.190432000,010,RP
195,2,0.7776780769205074,1,-2.1206882321725304,1.833783296176441,4.460877864871834,26.460131193192627,-1.5683023243376937,-0.09361232579266214,0.28834822362001156,0.3756144253685879,-20.771046567106495,22.9892943803537,-1.500458660551525,0.01346679763654492,-0.375669760019487,0.13101829714861926,23.607666421039237,25.868686379011905,-1.4098209337719938,-0.14389756247690683,3.90675377009767,1.044409091419324,-7.095284942691086,44.719531199775645,-1.27942658662809,-0.28005296491612586,1.0408873577861877,0.10957441604821702,56.35908886869192,-41.663463099769686,-1.2856835483721587,-0.19000526241073115,-0.021376136559491644,0.008601269971141584,85.10454598272727,18.819206396760308,-1.0745461770308917,-0.04568206887514312,-1.2073959484503793,0.07585924964588847,-128.23652450879527,-137.83226013527715,-1.5429788886517233,-0.20889653563565105,0.4422498926215332,0.056739416116263326,-175.20612195056682,94.48488861927345,-1.6199561072806201,0.228316714731124,2024-09-18 22:44:26.465957888,2024-09-18 22:44:32.257455104,010,RP
196,2,0.8391186388616901,1,-2.082616980787104,1.8495373418804724,4.6079885760801504,26.59667525581751,-1.5966774758850426,-0.14024241365372855,0.27781777390171286,0.38417464632293136,-21.9481089677942,23.09757477478481,-1.5509016755597453,0.03522754191939975,-0.3771828670880274,0.12880987986003795,35.85207987213086,30.52279027723928,-1.4546861663252388,-0.1908347532241984,3.8708912220934555,1.0791178857479835,-7.528645605739173,46.142568189508225,-1.3692957455819605,-0.256773963771724,1.0386512284044185,0.10967951126463053,55.822829480515445,-40.98045041294778,-1.3049647017138175,-0.1303040068233466,-0.020872023738328718,0.008796693288975062,124.9443498651163,19.60784143635476,-1.116845736058373,-0.12825279787504898,-1.210907763448584,0.07348496168844539,-127.30804114863204,-137.15829537631035,-1.5397384526727167,-0.18114417837655167,0.43816977211863456,0.05597796721471668,-176.64851699903303,94.40204043856103,-1.5525597357829055,0.3312893297716038,2024-09-18 22:44:26.531028992,2024-09-18 22:44:33.201498112,010,RP
197,2,0.7152459175164931,1,-2.038197503614385,1.8607736945606699,4.6880385965617375,26.55514856436002,-1.6080518477182655,-0.20110285592708757,0.26528366519730495,0.3924365812440807,-22.695662843526875,23.020788623213093,-1.6007936223997112,0.0776542814807913,-0.3780004976470238,0.12774294256773053,46.711282227799416,34.65688792783875,-1.4640496644284071,-0.20859080234881747,3.832591620914395,1.1089983681988094,-7.822432393915966,46.98018884809166,-1.4681521277593879,-0.20790439987679718,1.0375039144708795,0.1100115833356102,52.859359942764364,-37.84179285704323,-1.3288054707750323,-0.10041741665402555,-0.02052981738717846,0.008890814013746641,153.08460830031274,20.142799053193162,-1.1462743095946817,-0.21340189873684076,-1.2127675147535009,0.07172240657302437,-120.26570864820233,-128.85434458734906,-1.5210817126394904,-0.19008139113730757,0.43406169972165276,0.054947958272341384,-178.72742535077074,94.57873003463035,-1.4596408573377795,0.43442496926686835,2024-09-18 22:44:26.610637056,2024-09-18 22:44:33.268478976,010,RP
198,2,0.7137792827599782,1,-1.9866115230301136,1.8652683267783092,4.7121277463357965,26.361167278860606,-1.592325899080533,-0.2762497193504908,0.2506762543721684,0.3996673671930432,-23.109217445499617,22.792932070709817,-1.636525801308412,0.14116105392793712,-0.3782625185289055,0.12745752084317166,55.4767393328354,37.984771139809915,-1.4623730297847781,-0.21095560971802238,3.792826038604472,1.1320082156078073,-8.01362278028834,47.39427714463158,-1.5558922586058201,-0.1386383002281519,1.0374637484477882,0.11003191914294429,48.2389128324836,-33.04612332823457,-1.330004591748967,-0.09952748917338769,-0.020389396061296465,0.008907911886059367,166.15327706775395,20.387764973016765,-1.1447121787628585,-0.25812321027775165,-1.2128828536866543,0.07157688605804495,-103.11042182378799,-108.06086266647068,-1.5228978407727078,-0.19392959365636211,0.42990630787291917,0.05365770012818497,-181.56986600547208,95.05803071539316,-1.3412928641551427,0.5369303926915944,2024-09-18 22:44:26.678989056,2024-09-18 22:44:33.337320960,010,RP
199,2,0.7128673031887901,1,-1.9274136639679638,1.8604019163524053,4.692566870968924,26.0445175061889,-1.5394252100530108,-0.3645960487598702,0.2340274152534728,0.4050527924085538,-23.292082233131225,22.450985800891026,-1.6442184847120567,0.22432025496582145,-0.3781407016439185,0.12755760859424797,61.82839136279221,40.37983129144103,-1.4643190073145178,-0.21145894367681708,3.752597393335638,1.1466529698887533,-8.1256855047153,47.49242624405979,-1.615601543183643,-0.055335464487669,1.0385094706607414,0.10930743985457736,42.52136142038143,-27.158836540454377,-1.294298586745749,-0.1168854025031234,-0.020478567064530967,0.00891488301235521,157.12768101492412,20.21774975335835,-1.1602379259688105,-0.22759685409553546,-1.2112129293236678,0.07419921111704919,-75.16135439625643,-74.03640423022402,-1.3662538122582777,-0.07821845442857354,0.42568604612421673,0.052125994333313566,-185.3323276497459,95.8933857762182,-1.198207883461724,0.6373681748785379,2024-09-18 22:44:26.734731008,2024-09-18 22:44:33.396099072,010,RP
200,2,0.7119567394847125,1,-1.8606073621912238,1.843435170699244,4.640940416156967,25.63496790579245,-1.4408478877799067,-0.4638966732896651,0.21547285202360167,0.40777532821657697,-23.340731159132126,22.029293911174346,-1.6119244271340276,0.32444793287838636,-0.37782086962295314,0.12772169527075333,65.68390879988516,41.816751543007356,-1.4687044378540772,-0.21630587731784834,3.7129058844469043,1.152101306649877,-8.167877028265979,47.32655868168741,-1.6355946047924892,0.03483542328387266,1.040577071873167,0.10755517785833785,35.97441506582334,-20.43415149154439,-1.224435385807,-0.13840236433799685,-0.020815180198053094,0.009022949819234597,118.01893772232795,19.45658545547306,-1.2480999969711406,-0.1351431906401521,-1.2077622079358514,0.08044157057473662,-42.33292853304705,-34.128111233463514,-0.7827415776695474,0.2265078629015675,0.4213860479152727,0.05038388323965938,-190.19015589770194,97.14347814612222,-1.0320836897748389,0.733167710831098,2024-09-18 22:44:26.811891968,2024-09-18 22:44:33.458584064,010,RP
201,2,0.7110605525871259,1,-1.7866942430835155,1.8118488721396604,4.566247216162722,25.15848761361406,-1.2910605954547427,-0.5708256613986137,0.1952498198991942,0.40709153615893023,-23.33607934368873,21.556365289008532,-1.5307579277246768,0.43819763597242084,-0.37748238902650905,0.12778114594359805,66.99702019207916,42.290195239763285,-1.4691282744517038,-0.22381564733023412,3.6747127883589403,1.1482733515033448,-8.134995781593618,46.8937730318681,-1.6113426361544285,0.12401211671244347,1.043558764320275,0.10466171634241046,28.590968815732626,-12.836356088065465,-1.1364442800013645,-0.15042295509546144,-0.02140950632161431,0.009372186953593582,47.8573245402643,18.02460169228033,-1.2883656905853007,-0.07848528703218212,-1.2025735676916336,0.09047966567701952,-13.265050452786568,1.047800951382933,0.08660448209705196,0.6293673930236386,0.4169952822893038,0.04847659518400815,-196.31342783517698,98.8617732573105,-0.8462367113929483,0.819884217099777,2024-09-18 22:44:26.874376960,2024-09-18 22:44:33.540893184,010,RP
202,2,0.780553924379694,1,-1.7066888853318058,1.763708777651976,4.473100547526679,24.6341909874354,-1.088659018777346,-0.6810194067413867,0.17369163112687488,0.4024030223172831,-23.339431875871938,21.053863992094787,-1.395156135919347,0.5619491856018255,-0.3772787356469013,0.12774506913020708,65.64793975153898,41.76757170728458,-1.46596902068476,-0.22870990775087965,3.6389118118132817,1.135888356146661,-8.007145360023642,46.13729582949594,-1.547404723464456,0.20381786176187613,1.0473053972940616,0.10068321400806256,20.139963422052748,-4.09269239322083,-1.054333149810681,-0.14130904525064805,-0.022266075409222465,0.01009417861203255,-39.2599775123941,16.125834380144656,-0.9686374133326221,-0.18337285908172077,-1.1957230071504668,0.1038388742959575,7.5004827657523805,25.968499807745687,0.8086038250910854,0.9809602233085404,0.41250749548783255,0.04646504891554818,-203.82345206044926,101.07870173114021,-0.6464607797989235,0.8901877673265189,2024-09-18 22:44:27.810928128,2024-09-18 22:44:33.604672768,010,RP
203,2,0.6789791841107161,1,-1.622100492032312,1.6980052528864833,4.3596717832556395,24.07182574471836,-0.8375247842868139,-0.788931647001873,0.15122003567402273,0.3933169257815483,-23.390333094613844,20.53708700499478,-1.2028009194091196,0.6919026900511495,-0.3773222111041827,0.12776807736393475,61.48260772268326,40.19875349037393,-1.4671928960528853,-0.22783260346450498,3.606310403924558,1.1164628781335482,-7.749868661260906,44.94843198215408,-1.4586238773932092,0.26593606024394845,1.0516321471655214,0.09583042423975523,10.23123885916803,6.240500310369803,-1.0048118761123157,-0.10248114618966084,-0.023384794319914883,0.011268744399375029,-119.81751402777608,14.198092078536947,-0.20676870648598378,-0.46292335439694837,-1.1873158689563812,0.11970522715799041,20.364899537373898,41.17956839042648,1.1542644873642143,1.208564739040312,0.4079218222312856,0.04442621337565269,-212.72324801205554,103.77445496003544,-0.44199146178404725,0.9327783526331781,2024-09-18 22:44:27.888577792,2024-09-18 22:44:34.526444800,010,RP
204,2,0.6788849760128463,1,-1.5348878791990004,1.6149325511680734,4.21473661755413,23.46914814830002,-0.5485976641317527,-0.8873354775676933,0.1283352265318763,0.37969522748995593,-23.502941111659972,20.016255271730227,-0.9548452701198937,0.823826181298334,-0.37767460437185213,0.1280715559391873,54.47523100781262,37.57391131894085,-1.477355885678068,-0.22388785757971685,3.577617654201452,1.0922464922000479,-7.3160496656639245,43.17402844289388,-1.3688902925085316,0.30341468787971804,1.0563263775993272,0.09044214288349509,-1.5829743008588304,18.672137509059034,-1.0100928455100961,-0.030467094642447755,-0.024761672754471543,0.01290707873199077,-177.66847827219266,12.600631282239025,0.6580694749775682,-0.801650259407999,-1.1774831876018415,0.1371986562079504,27.643457498379263,49.54970645152763,1.1575282945429715,1.3162003726534048,0.4032432536452934,0.042451677879696406,-222.79923222845864,106.84228731347694,-0.24601779433928606,0.9319118969723622,2024-09-18 22:44:27.950571008,2024-09-18 22:44:34.587953152,010,RP
205,2,0.6787749451413088,1,-1.447389828223783,1.5161027149319806,4.012845907119479,22.808152348194167,-0.2431996818580946,-0.9663434497155026,0.1056015670187283,0.3616958054794298,-23.656878187218126,19.498203407341407,-0.6572643573611145,0.9523803068248818,-0.37834429736356917,0.12884287425059066,44.91253229077766,33.99240047237287,-1.4873938581689985,-0.22447471878787761,3.553434252488579,1.0660763948464413,-6.652110303070794,40.637836602263924,-1.3052636007630423,0.31285709171303006,1.0611565782978356,0.08494762623852582,-15.618449409345837,33.57362033353928,-1.0762381363788316,0.06921017501971614,-0.02638943044238156,0.01496955976739878,-210.8954394740147,11.434589469385001,1.2711822101228174,-1.0837688522247357,-1.1663774556612359,0.15550085199797092,31.49352107413953,53.73333298026836,0.9411393355644062,1.3351396816034375,0.39848313016464404,0.04064360776018478,-233.5096084846696,110.04963971249163,-0.0747175340066395,0.8689522136118369,2024-09-18 22:44:28.027798016,2024-09-18 22:44:34.649563904,010,RP
206,2,0.6786084940890682,1,-1.3622277675735297,1.4047102721109306,3.7064345541659147,22.049008068378825,0.0412419724712465,-1.0119797933093064,0.08362696835580455,0.3398093464334554,-23.776989557642654,18.988397553333268,-0.3245044464772815,1.0699077447217875,-0.37928909828316354,0.13014780959262387,33.45725710633689,29.68997287889048,-1.4799740345613905,-0.23657446288647072,3.5342416061952973,1.0411312009004203,-5.711359519419405,37.185324441471636,-1.2865934145813145,0.29705878933341473,1.0658815900904637,0.07981431243710861,-31.741558809852396,50.832743176195436,-1.179884880477659,0.1777007655056079,-0.028257956829902987,0.01739380681194548,-225.5977934262524,10.625067292439587,1.5330506975566092,-1.2652131550328904,-1.154168306178796,0.17389048466252996,33.388463071549836,55.535905869203965,0.6128686214893082,1.2955804736318735,0.39365964528766956,0.0391070318295356,-243.914099249723,113.01913779130736,0.05601951370109903,0.7277579153470056,2024-09-18 22:44:28.089337856,2024-09-18 22:44:34.727194112,010,RP
207,2,0.6784017725281878,1,-1.2821811714658333,1.2856678058341424,3.2143055403181133,21.1213220431342,0.2438167954059698,-1.0049226274129068,0.06303561388350698,0.31489557866246976,-23.693912182145183,18.49356029970342,0.013042352840199278,1.164637798504755,-0.38042344704768905,0.13188960697033433,21.013919696949326,24.994187767096793,-1.447381594951348,-0.2608637948336046,3.5203895272778176,1.0205730183740946,-4.474921854790481,32.75346803299102,-1.3106632105212335,0.26654240042872046,1.0702597826524396,0.07547541418334287,-49.00380226816199,69.44679876466618,-1.2688326261540797,0.26379859812010376,-0.03035452220236413,0.020112539870758565,-228.84646676825264,10.053474843550488,1.5151310521352102,-1.3536920993830086,-1.1410388756426275,0.19174437622457943,34.22189643066767,56.04851422560748,0.24359999510953934,1.2193570591158591,0.388798115057086,0.03793769852536808,-252.74410743452543,115.26643256232914,0.13522461116715645,0.50427155467275,2024-09-18 22:44:28.151349248,2024-09-18 22:44:34.797828864,010,RP
208,2,0.6781828075016437,1,-1.2100431745701654,1.1657078819944449,2.4099609447900057,19.91615679222381,0.27809979323847234,-0.9217830000531441,0.04443556654247493,0.28822018821779327,-23.076542155386882,18.02541922451592,0.29711310895296794,1.2187749312636988,-0.3816288209514073,0.13382908187992354,8.473404413674723,20.23369533583514,-1.4012140258563355,-0.290851502344537,3.512083799969718,1.0070993842814688,-2.9739101614341195,27.444621700538107,-1.350529677665375,0.23761215311849956,1.0740586617351715,0.0722395015843391,-65.54783097041921,87.40221561173166,-1.2953538286709643,0.29787392251247835,-0.032663792032910526,0.023059736427825685,-225.89667519167818,9.621357980613084,1.324104543295208,-1.3734193206984207,-1.1271830485280112,0.20853203041742258,34.50993546280545,55.89901425946997,-0.12526413312281326,1.1207278806291583,0.38393052964252633,0.037206279114059215,-258.70056794800126,116.3230460710985,0.15923917594436432,0.21616470878851496,2024-09-18 22:44:28.233261312,2024-09-18 22:44:34.850318848,010,RP
209,2,0.6776853492428077,1,-1.1484642250849695,1.0533463159559442,1.1268731149162052,18.294173458691322,0.057643518866099974,-0.7448854308748232,0.028383285585648572,0.26148416270864727,-21.341543540383444,17.60574312514526,0.43128432128350047,1.208803011391761,-0.3827667069717057,0.1356539738082723,-3.4959251461370218,15.661876243993557,-1.362742040314009,-0.3172057930726515,3.509378749980049,1.0024928023441433,-1.2986792975654573,21.557557529915236,-1.3696275075433222,0.22590295532972915,1.077065934535085,0.07020587477100454,-79.17192251057946,102.27338070779659,-1.2627741031776976,0.2750316772493562,-0.03516779515360472,0.026170948596427164,-220.03394582862015,9.261891266259727,1.043400723829965,-1.3471624639688502,-1.112803177079547,0.22381243064856707,34.54434300238497,55.44105464317957,-0.47088558119826684,1.0087131376822256,0.3790939054580211,0.036942735844978244,-260.9245643329851,115.91491212292395,0.12901939664443063,-0.09618761519003104,2024-09-18 22:44:29.151200000,2024-09-18 22:44:34.928428032,010,RP
210,2,0.673912046849289,1,-1.0997879609897032,0.9583708297604024,-0.7755121947679651,16.14710102459349,-0.41813304042329547,-0.4880104635005478,0.015347382659910248,0.2368091601456121,-17.611160852112373,17.270285224682603,0.2998651406924475,1.1144907042777128,-0.383693347433199,0.13706862274519357,-14.504460169884894,11.434735124705355,-1.3454671034354564,-0.3333266010478146,3.512184440647039,1.0073198007405693,0.4175748103355556,15.53340024833332,-1.3484959613201237,0.23850046798908983,1.0791022230205374,0.06923016110335067,-88.38938447543177,112.38118127885538,-1.2215489315811328,0.22440943225391002,-0.037845942635914016,0.029382154056269448,-213.145120441159,8.933321998658908,0.7256841257247673,-1.2915143117201646,-1.0981074514518894,0.23723500191274158,34.48707239170036,54.8705111720869,-0.7810557050717515,0.8890653132812467,0.3743274261293779,0.037127277116034516,-259.3773700302602,114.09206331963456,0.04569731561394086,-0.38276300690835874,2024-09-18 22:44:29.214266112,2024-09-18 22:44:35.861041920,010,RP
211,2,0.6732873808110478,1,-1.0658886558759038,0.8902509030616037,-3.2422963226573778,13.544073130691338,-0.9566116210745905,-0.22619206498076744,0.005675492365482222,0.21658564678086895,-10.948654544998424,17.062139005282443,-0.13058126635182976,0.94503140955338,-0.384273895502424,0.13787345687343155,-24.361393388561396,7.63855246271051,-1.3461111232939011,-0.3385943906193376,3.52029248742744,1.0209062234746615,2.0369695814590774,9.829271285271394,-1.2993517930511698,0.2704736566213446,1.0800335401274819,0.06897036134565686,-93.10878096690796,117.56060632464391,-1.2080256845804034,0.1896045823311516,-0.04067511547770598,0.03262897062989664,-206.2585789054084,8.610408484754979,0.4008733911463316,-1.217333421351554,-1.083306014534447,0.24854367539474495,34.42423779326529,54.29198384720831,-1.0494249988449516,0.7656055617723698,0.3696690264834726,0.03769299319082869,-254.84769663203414,111.20929991551935,-0.0891885752747581,-0.603821849973832,2024-09-18 22:44:29.276260096,2024-09-18 22:44:35.938690816,010,RP
212,2,0.6729808128803765,1,-1.0480333877890982,0.8551566025916617,-5.859430180377197,10.859121537545606,-1.2638823950317664,-0.07011601023522507,-0.0004302043502260822,0.20303629925655273,-1.1642787075901617,16.999499122235125,-0.655146716325596,0.7686995629713373,-0.3843921884285995,0.13801436749755908,-32.93825849032258,4.338790735878005,-1.3484093727742676,-0.33854477978256564,3.5334087819617803,1.0415817074160219,3.4552748094318924,4.791101644262032,-1.2548795150579066,0.3084385930134378,1.0797803318500265,0.0689936488128984,-94.37872812199284,118.90829437114888,-1.2075234864212454,0.20047213864524036,-0.04362987070944284,0.03584680887738493,-199.90718404327612,8.278075406303074,0.08498099469955855,-1.1313497699510986,-1.0686054257047308,0.25758124344858835,34.395834249834486,53.75557510101372,-1.272900128331253,0.6410589784538833,0.36515235013829483,0.0385396232479806,-248.5840872568475,107.77106366882079,-0.2692404220456477,-0.7422814678540064,2024-09-18 22:44:29.354670080,2024-09-18 22:44:36.000686848,010,RP
213,2,0.672677275775062,1,-1.0467989674675937,0.8529251756352579,-8.012280844167693,8.612752685264878,-1.27861201796062,-0.061063382128939823,-0.002923714684903167,0.19746596436532932,10.241675571119131,17.02994373726529,-0.9164738780260442,0.6828719152067165,-0.38395337262163665,0.13759791047239228,-40.045633250321664,1.6243440547698498,-1.3345736464531976,-0.3428351632310951,3.5511740465844377,1.0670630771729974,4.6203633408162466,0.592285618303177,-1.2444273878840058,0.3377335722208276,1.0783209095012642,0.06889023098716206,-93.63290662914936,117.96632103559125,-1.1776677669312898,0.26260168594324956,-0.046682878551214446,0.03897200346397979,-194.3442788597097,7.92744963286882,-0.21364533246668627,-1.0376214669994375,-1.0542019021327096,0.26429083823030336,34.41177020777779,53.27695360879304,-1.4503351957499404,0.5175570088198685,0.36080471445224055,0.0395525533659119,-241.82984994860132,104.25334995673325,-0.48106485825798817,-0.8022411590433318,2024-09-18 22:44:29.422447872,2024-09-18 22:44:36.079531008,010,RP
214,2,0.6723808616867261,1,-1.0620638353820038,0.876773939336495,-9.340004623253739,7.080318867341476,-1.2070956998080287,-0.1285897421621731,-0.001910028783205063,0.199613415753732,20.57821899351574,17.03930499058471,-0.8339093123611128,0.7124837751247164,-0.3828795980789095,0.1368804862653102,-45.360444277237974,-0.3675886735496495,-1.297651265101012,-0.3616940057535355,3.5731633404060714,1.0948358534676725,5.527904464360197,-2.7521055813189137,-1.2787853787045433,0.3480111636845623,1.0756892442789063,0.06835345253040274,-92.1135237810445,116.08552678389877,-1.086296178649978,0.3639366482227106,-0.049805656297529276,0.04194352690478119,-189.66592182847955,7.553564286056697,-0.4905757143959746,-0.9385700619472944,-1.0402741379133613,0.26871223817699363,34.46032627142261,52.8481862042173,-1.5819441031224346,0.39693150786872333,0.35664625304312225,0.04062018993039409,-235.5220906035836,100.99807112265084,-0.7071310983620065,-0.799447595483792,2024-09-18 22:44:29.490331904,2024-09-18 22:44:36.147386112,010,RP
215,2,0.6720841481151826,1,-1.093073407212709,0.9163959844329269,-9.913963737960543,6.163309877964225,-1.2001039811432543,-0.18272815078001353,0.0023745133474365908,0.2077512150133015,27.960975726204747,16.933606289930776,-0.6752137691747473,0.7858874844505742,-0.3811017358607009,0.13624284924881197,-48.42464492107987,-1.4547162378616152,-1.248587487544196,-0.4010050366540451,3.5988728807543664,1.1224608967341119,6.204653437214114,-5.329758989669231,-1.3502292535203086,0.33504183233750146,1.0719680390897341,0.06721790494459594,-90.67391012662172,114.19953363503355,-0.9282133461717628,0.4843441444842936,-0.05296959471516626,0.04470473324424876,-185.87870660504083,7.154080244951677,-0.7432446205947705,-0.8356404574124904,-1.026976027882664,0.2709718310924908,34.5124593122159,52.443468376921516,-1.669091722365891,0.2808779592853958,0.3526901691226646,0.041645513436761185,-230.21440407860413,98.19435710895634,-0.9304786258798003,-0.7521015115923775,2024-09-18 22:44:29.557786880,2024-09-18 22:44:36.202737152,010,RP
216,2,0.6715232649228554,1,-1.138554252138362,0.9616678598980912,-10.013225474662722,5.599399558202587,-1.2508486977053201,-0.18670131145439106,0.009591575548892051,0.21949672407604853,32.264741268713244,16.690530296555693,-0.655385341335522,0.8267573660940168,-0.3785514925792276,0.13615593520808567,-48.73687378831636,-1.4494163162125964,-1.2117690826684793,-0.45665668574623974,3.6277126922237546,1.1477947716681367,6.690657937172846,-7.271784718009542,-1.4410380259651416,0.2996733448524313,1.0672777681115553,0.06546725591682422,-89.81057021736393,112.85282493441431,-0.7240912401482258,0.6003930907909729,-0.056147199535063065,0.047204722936819335,-182.9370566286964,6.7285965791114535,-0.9698755368828857,-0.7297002194300045,-1.014429215408449,0.27126595199800796,34.52402917070907,52.02218382438081,-1.7142648537882565,0.1710329443445846,0.3489439669237073,0.04255097818233328,-226.14079811692082,95.91046717821162,-1.1378254750220076,-0.675750847808301,2024-09-18 22:44:30.487219968,2024-09-18 22:44:36.283032832,010,RP
217,2,0.67568133154047,1,-1.1968405793904833,1.0046566518440914,-9.893056599854855,5.159588407086867,-1.3059991928280572,-0.1463254506547523,0.019333215462455876,0.23261652120493628,34.35425963493482,16.335821696424645,-0.7833435162325135,0.8097099173953759,-0.37515827613103925,0.13713386096900987,-45.95014530683466,-0.2385773012828548,-1.2063928813337632,-0.5108612961608331,3.6590204482871114,1.1691322523325125,7.0262935403019915,-8.709351739632629,-1.5321724143465993,0.24577632636929916,1.0617626726803564,0.06322633727325618,-89.74927188087551,112.29242678335427,-0.5137925248111568,0.6853829359552069,-0.05931326194981892,0.049399033508403516,-180.76432122921372,6.278278463750434,-1.168925296447373,-0.6212793632708002,-1.0027160190659228,0.2698383643196722,34.437428922644706,51.53096163617997,-1.7211031854894936,0.06899281429361105,0.3454114284730741,0.04327836085181941,-223.32095452749655,94.13760991131304,-1.32026115364659,-0.5818057221315937,2024-09-18 22:44:30.569102080,2024-09-18 22:44:37.214940928,010,RP
218,2,0.67568133154047,1,-1.2659855306939254,1.0399837472046936,-9.715286501655308,4.700587862358378,-1.3348629789106417,-0.07981912804749129,0.031151246439065618,0.24539999588486294,35.161358638691695,15.904679851913748,-0.9836687000987019,0.7442421403195133,-0.37085376766258554,0.1396640639167165,-40.12975982912457,2.1177273719744654,-1.2240271438820478,-0.5354478296536915,3.6921003123272156,1.185274220641881,7.245107915327319,-9.749665197024388,-1.6083770019056913,0.17840124355448145,1.0555756964325342,0.060746198644804544,-90.49370589484201,112.52295662270878,-0.34696800363702396,0.7076787168386062,-0.06244553278852456,0.05124952877003923,-179.26555834394264,5.805666698580171,-1.3387808144726219,-0.5107286962308286,-0.9918742789775773,0.26695387264735426,34.183641962317644,50.905875224201466,-1.694405024064051,-0.023705356582692377,0.34209496064856965,0.04378617703651241,-221.6477078789344,92.8245639046897,-1.472399582669818,-0.4779749745752956,2024-09-18 22:44:30.636940800,2024-09-18 22:44:37.292813056,010,RP
219,2,0.67568133154047,1,-1.343852310576366,1.06446800099335,-9.565493156473293,4.145389919870941,-1.332746413432001,-0.002841135620375532,0.044581181091905064,0.25669557668431475,35.3394318603097,15.4245263885505,-1.1923573539803447,0.6483001657302284,-0.36558459085571654,0.14411431213596826,-31.919603847539115,5.330684687120858,-1.2270091276246649,-0.5048909358219872,3.7262797719575764,1.19552002084083,7.371122237760161,-10.466863691192357,-1.659781520806606,0.10257491224106122,1.0488649317693182,0.05838337210293073,-91.81386955083447,113.30034802191308,-0.264249413187426,0.6322288754083023,-0.06552465135282079,0.05272370554053731,-178.33473264460582,5.314678819363697,-1.47756446375273,-0.39835729013543114,-0.9818961716733193,0.26287104312994974,33.685083008650494,50.0752540486919,-1.6400476132472865,-0.10560906407710882,0.3389978247744109,0.044046934392851296,-220.93695386933126,91.89714677398769,-1.591075316239297,-0.3693479772574126,2024-09-18 22:44:30.697668096,2024-09-18 22:44:37.354435072,010,RP
220,2,0.67568133154047,1,-1.4281959472213983,1.0766428695450265,-9.483694376857525,3.4554261262857184,-1.3077630601351262,0.07459531067743615,0.05916242917674644,0.26581721822414783,35.26868578374191,14.913418875162447,-1.3755037634524099,0.5365559933889138,-0.3593302311763758,0.15064083929217653,-22.436558681177427,8.937866182290183,-1.1793212579064152,-0.4122627718739846,3.7609698046780196,1.199590280983061,7.4188303922723,-10.901997091363704,-1.681425867297072,0.022713331827692303,1.0417636886433685,0.056567583607210314,-93.21001505653204,114.10280910379682,-0.26362458878152806,0.43232522220178043,-0.06853332292815818,0.05379398360443695,-177.85613433255693,4.810928111032983,-1.5830162678240414,-0.2845933374054022,-0.972733149983199,0.25781849426591735,32.858598399613605,48.962647925289026,-1.564834068945971,-0.1753310525128649,0.33612574679982865,0.04404550301799743,-220.93999875082608,91.26362207807463,-1.6742802642681456,-0.2595117484241434,2024-09-18 22:44:30.772603136,2024-09-18 22:44:37.429624064,010,RP
221,2,0.7106293738448253,1,-1.5167460346674375,1.0763345465878016,-9.485893057274748,2.6123093200991456,-1.27122842215616,0.14717838582090792,0.07445748818330956,0.2724333002568647,35.1449732801263,14.383193567292276,-1.519966095702672,0.41848739279478797,-0.35212080419289704,0.15913810357941333,-12.895886572554643,12.45909004929168,-1.0808362317141083,-0.27441737284985407,3.7957099553004103,1.19750363182762,7.394505751083824,-11.067399093915014,-1.6720407861149844,-0.05751060154314129,1.0343848300853202,0.05574596293891726,-93.96570725232755,114.19670213004575,-0.27458004897800636,0.11448146517812464,-0.07145481807059695,0.05443780817737606,-177.6983364197913,4.302597699676086,-1.6525226594826288,-0.1701995099835501,-0.9643082444173617,0.25198105379873315,31.617072564114505,47.48860373791758,-1.4763968918263073,-0.2314417279158103,0.3334875836442308,0.04377902176238851,-221.32359668904468,90.80867146327978,-1.7206823141902938,-0.15150455738025354,2024-09-18 22:44:30.837443072,2024-09-18 22:44:37.495138048,010,RP
222,2,0.7266412615321537,1,-1.6072925575075636,1.0643078708459617,-9.57598263844604,1.6085943744040436,-1.2329846341397412,0.21283437442249026,0.0900707976428206,0.2764690161934309,35.054521250901715,13.842611309944077,-1.6228854098442633,0.29958081660113295,-0.34404889765089186,0.16925538262410778,-4.216241561800638,15.549406738432616,-0.967278100204878,-0.12167987431871247,3.830183723100901,1.1894464535275586,7.297864645968954,-10.952162380383797,-1.6329344739846245,-0.13501134900813422,1.0268185828422194,0.05629681730441767,-93.42272132125,112.92818631234951,-0.1993111562424743,-0.26171244221824946,-0.07427096722141678,0.0546394452696286,-177.6972245729545,3.802255258405368,-1.6834404842095212,-0.05655688343566817,-0.9565343882922869,0.24550140232903309,29.868098182172297,45.569863024138144,-1.3833271397134033,-0.2722909638967372,0.3310949998132675,0.04325821839885626,-221.62262702730948,90.37814365422292,-1.7298944537670553,-0.04857122551213241,2024-09-18 22:44:30.899442944,2024-09-18 22:44:37.553188864,010,RP
223,2,0.7266412615321537,1,-1.6977721794051197,1.0419554103890307,-9.751605680837411,0.44399517054532467,-1.1995068046287631,0.2715913096562805,0.105665604730345,0.27802376935026435,35.02114501967086,13.299469533147366,-1.6854884845228921,0.18284537207915852,-0.33527133998277264,0.1804703313713053,3.1512650912442384,18.056528869782394,-0.8814600033074593,0.017674792566398242,3.8641983316400417,1.1756740782298203,7.123435189112501,-10.526366373314477,-1.5673840147000258,-0.20698331526931582,1.0191327699196195,0.05843598647787571,-91.38381371889352,110.1322392011545,-0.018712471367165584,-0.6042598863978584,-0.07696005654131644,0.05439395962978817,-177.62268684429444,3.3301479774425617,-1.6739003367699603,0.05399180208360551,-0.9493347462969591,0.2384983042800587,27.50958502675235,43.11580492210658,-1.2955314688488948,-0.2958681464279503,0.32896127679249665,0.04250964503407281,-221.17106770849588,89.75671682294657,-1.7035857216364183,0.045304875189923315,2024-09-18 22:44:31.846272000,2024-09-18 22:44:37.633188864,010,RP
224,2,0.70080684113733,1,-1.7863512884983168,1.0110195463821765,-10.006784431925036,-0.8756322636941817,-1.1733885045986021,0.32474217174744446,0.12097658450171807,0.27730174914253725,35.03347589295138,12.761769743247473,-1.7102477210246556,0.06993924553358422,-0.32599929114109333,0.19218723993751566,9.153560953242332,19.98405438217379,-0.8487457550771076,0.1264791346708979,3.8976317564086913,1.1564693882338364,6.861165546926129,-9.742296721676482,-1.4806270792153529,-0.27053891924519413,1.0113746470589067,0.062170155808004425,-88.24532714938748,106.24908660030952,0.17641889399491362,-0.845563165433923,-0.07949518211004392,0.05371319973163857,-177.1225603599369,2.9196098083895707,-1.6242624975965254,0.15776981285427316,-0.9426604733919116,0.23109714268896686,24.424563246129576,40.02407035198719,-1.224470115623652,-0.2998843277131707,0.327099478118694,0.04157797389206809,-219.02362256137278,88.64251263549087,-1.6473433908254727,0.12520606509596163,2024-09-18 22:44:31.909606912,2024-09-18 22:44:38.567531008,010,RP
225,2,0.70080684113733,1,-1.8714978170613927,0.9733540987695336,-10.332961611017708,-2.338115098798819,-1.1536716811484304,0.3741527713391318,0.13581650454366692,0.27455593112572024,35.06042394143991,12.238215772454536,-1.6998840085224647,-0.03812072906439203,-0.3164780341871827,0.20382862580944705,13.96507034372009,21.419638009666247,-0.8721748250699437,0.19915932469542036,3.930360562981699,1.132170193385913,6.496036632275721,-8.531766195180927,-1.3803746224614748,-0.32238028499200877,1.0035730227732709,0.06733033998675603,-84.68457289837704,101.98715280588767,0.28393291709983703,-0.9747925363436297,-0.08184352810152119,0.05263315921873258,-175.63852249831655,2.62512364819937,-1.5393564188373607,0.2494367093259838,-0.9365029140292294,0.22346539212201838,20.480304305582877,36.17986466238375,-1.1825300955422373,-0.2823004432084531,0.3255203731443117,0.040527234587532185,-213.8965146443338,86.6276732612913,-1.5726630986530372,0.18566531760100863,2024-09-18 22:44:31.986974208,2024-09-18 22:44:38.629156864,010,RP
226,2,0.70080684113733,1,-1.9520290594485277,0.9307442670363935,-10.719219394814898,-3.9242277532829544,-1.136767539783789,0.42166360534967484,0.15007614799378488,0.2700464871848463,35.06030383846248,11.73828465243184,-1.6572024048414158,-0.1405624785839133,-0.30696047128725784,0.2149018090211809,17.8373757715178,22.475369273353024,-0.9401742983740342,0.2379006001068511,3.9621913685644423,1.1032571787134904,6.0068718908757806,-6.8003759581004015,-1.2775753570406598,-0.3586275526697622,0.9957388713735913,0.07365700333485443,-81.25475334427665,97.90851638876958,0.27269192770319695,-1.0198406185271567,-0.08396678240327501,0.05122197994252822,-172.29538133339352,2.5329112064896617,-1.431415482232421,0.3219141981659415,-0.9308993128583529,0.21584480462832817,15.54019227964557,31.466354314808736,-1.1805269127640559,-0.24251087080398687,0.32423064584839895,0.03943988179645572,-204.18210666083206,83.20209631332827,-1.4974687144219414,0.22195432834161444,2024-09-18 22:44:32.054788096,2024-09-18 22:44:38.712433152,010,RP
227,2,0.6721581539273078,1,-2.027126996267956,0.884798798602832,-11.151951960736628,-5.606422880692578,-1.1176579422221493,0.4686368097535559,0.16371799279567206,0.2640133071460937,34.986729428285,11.272042883515912,-1.585198360844238,-0.23667181872687884,-0.29767911696173016,0.22503632581538938,21.009883931144046,23.254203696091405,-1.035987725921139,0.24852266904843998,3.9928152298231825,1.0704743681437372,5.3650856082613,-4.421795525970889,-1.1868716222144882,-0.37496953652318277,0.9878637252446347,0.08088207594802897,-78.2228629655458,94.27352880844465,0.17053860001797894,-1.0153186372053395,-0.08582261756800745,0.04958765595705621,-165.78772645602427,2.7716633548951988,-1.3226878823186066,0.36711000674000294,-0.9259324613795022,0.20857151244925737,9.499572662140313,25.795962697109,-1.2226475856759598,-0.18321321971773968,0.32323174921284153,0.03841274945975187,-188.12070580095414,77.80658479919676,-1.4426325328611833,0.23242885511133068,2024-09-18 22:44:32.122579968,2024-09-18 22:44:38.780252928,010,RP
228,2,0.6721581539273078,1,-2.096323944041368,0.8369032194793807,-11.614200267187615,-7.3471261109970545,-1.0910864013570782,0.5156950985121304,0.17676517703338518,0.25666007582333633,34.79285703222543,10.849834467201413,-1.4871574638526717,-0.32572415922064923,-0.28882027896354967,0.23399698907364688,23.6715056945029,23.836810878173587,-1.14384102844221,0.2376737326789036,4.021787941356171,1.0349507150455992,4.53467587068179,-1.2375047346668135,-1.1258110626308258,-0.3673478041444266,0.9799171345099875,0.08877793122940775,-75.62186816454529,91.10316435809327,0.019963555227240803,-0.9862804616930518,-0.0873669596068573,0.04788349932896466,-154.3431024100013,3.5155124061483742,-1.2443483258281085,0.3784281489827249,-0.9217249553030301,0.20207316375464382,2.354382502175509,19.170093106583963,-1.299995572978974,-0.11240683593390464,0.32251943005366535,0.03754905170455102,-164.21160711371084,69.9614339345104,-1.4227452468781991,0.2213688873868495,2024-09-18 22:44:32.190432000,2024-09-18 22:44:38.848084992,010,RP
229,2,0.6721581539273078,1,-2.1594689832647265,0.7882053382253299,-12.08500029706835,-9.09718330426409,-1.0526114816610155,0.5626328000188493,0.18928735853191098,0.24814696425930352,34.434393356225165,10.48200463895136,-1.3666664983335808,-0.4069510140145641,-0.2805031444303935,0.2416787306362529,25.95151160320012,24.279480607419472,-1.2516264512182036,0.2113420998776824,4.0485276967222275,0.9982994664876542,3.475553586351534,2.9291250442135484,-1.1114670806990081,-0.333439824886498,0.9718453479985856,0.09717343111916969,-73.36053620359291,88.29509583614356,-0.14676801418311047,-0.9465840223778014,-0.08855672870321846,0.04630742226284009,-135.93477835848606,4.962060711575424,-1.2253465059495514,0.35600032892300193,-0.9184285250225173,0.1968304541264415,-5.706289782927242,11.759180691315075,-1.3877980523580555,-0.04386553432862354,0.32208380914401236,0.03694612088494171,-131.84735626630416,59.46589873181891,-1.4342333648201255,0.20045937541087178,2024-09-18 22:44:32.257455104,2024-09-18 22:44:38.908476928,010,RP
230,2,0.6721581539273078,1,-2.2166863852491887,0.7396133634041606,-12.539155963951146,-10.795376307806682,-0.9994797924829899,0.6084577109564948,0.2013848018221472,0.23859122902845356,33.87089972047429,10.178915572254459,-1.2275891387114028,-0.47948164820082506,-0.2727665760403917,0.2480867820248126,27.923732273635455,24.61666084254812,-1.3513623503957528,0.17421292605380112,4.072325784316989,0.9626637049432768,2.1533430515971284,8.230885568501186,-1.1532193561111872,-0.2750871089152817,0.9635725153323228,0.10594846821837892,-71.30872433680805,85.71112687435732,-0.31177093244861753,-0.9023738718896933,-0.08935275179192143,0.04508909913534997,-108.97726681264807,7.262581327527464,-1.2673626211937228,0.3134883376358521,-0.9162095543984747,0.19329679724448884,-14.230634405774884,3.96175679227739,-1.453887439275219,0.006242000279154149,0.3219100309516569,0.03668042018549481,-91.93002191766261,46.593196200901254,-1.4513321731490199,0.1863529484532273,2024-09-18 22:44:33.201498112,2024-09-18 22:44:38.983202816,010,RP
231,2,0.6436306577421604,1,-2.2683343061884953,0.6918046175508014,-12.947854605150948,-12.370062792404589,-0.9311716009403437,0.6515744372107545,0.21317229302114585,0.22807659206180914,33.064683111942834,9.951525683009596,-1.0741060119390904,-0.5422457758321534,-0.26556602184172906,0.2533043550436626,29.616388487104008,24.8651064718394,-1.4385054537740205,0.1294763344379055,4.092374842260553,0.930647668614263,0.5586493115407718,14.713797611804361,-1.2427753564751023,-0.20106538223161557,0.9550043060629823,0.11501753653868187,-69.34651083737462,83.226216460136,-0.4674923887862188,-0.8555573853836863,-0.08972249079827788,0.04445969921181305,-73.52539937591196,10.403118031055035,-1.3209506399294664,0.28021386148823435,-0.9152329526515436,0.191789122155178,-22.53634130063626,-3.626002190544249,-1.4789591806188445,0.026977676558197394,0.32197960824508237,0.03679407892396347,-47.03413681622188,32.14403294623273,-1.439934956112607,0.19377000004063885,2024-09-18 22:44:33.268478976,2024-09-18 22:44:39.922696960,010,RP
232,2,0.6424560628634151,1,-2.314966767726038,0.6452465897054932,-13.28063653839404,-13.744232240630366,-0.8493115500961492,0.6901644670376812,0.22476470556719033,0.2166710222121283,31.976935757543654,9.812713449514739,-0.9108848718303375,-0.5938593139215599,-0.25878147633157694,0.2574506060877051,31.024791730739576,25.02864140696048,-1.5107371064376791,0.07887396726728767,4.107820883063123,0.9050528600147976,-1.2660791384683543,22.200826324610865,-1.3486237611974898,-0.12795199881185246,0.9460331119675572,0.12430941003595596,-67.38754434630334,80.75084828578511,-0.611872493405484,-0.8060815719142943,-0.08964221022722704,0.04460581714639994,-32.30742678801285,14.103890855968205,-1.3029412362640715,0.2895822158948387,-0.9156463257196527,0.19238577845428018,-29.887690962858255,-10.36655441438564,-1.472528902176027,0.020049058782650824,0.3222724527453435,0.03728834266036277,-0.8319488052194379,17.268114182016625,-1.3827738228499282,0.22800807982709603,2024-09-18 22:44:33.337320960,2024-09-18 22:44:39.994353152,010,RP
233,2,0.6412788466449051,1,-2.357295983988505,0.6002261329178725,-13.50918466347808,-14.845146754175992,-0.7566735291975828,0.7227644151573089,0.2362651557190047,0.20445035515320348,30.561109132287452,9.779474791914609,-0.7434304516287189,-0.6325125531830199,-0.2522360938768147,0.2606333128264571,32.12596893877846,25.10332891712536,-1.566557362227172,0.022912741089775732,4.117841453962045,0.8883670452526657,-3.2060902859530005,30.20217148464228,-1.4273434062317734,-0.0756009004941564,0.9365443501251453,0.13374752659469052,-65.38695262736992,78.2377810550638,-0.7449155677909975,-0.7532273164493477,-0.0890982803906833,0.04562279297326411,9.641404744168337,17.85903258325596,-1.1677226630348967,0.35619811033833776,-0.9175655964898434,0.1948755360605586,-35.74311595766659,-15.796653514101967,-1.465215341025999,0.0002003103789331312,0.32276924511897825,0.03812672912904805,42.980470939771294,3.127225839911843,-1.2934558056954533,0.2825306123950575,2024-09-18 22:44:33.396099072,2024-09-18 22:44:40.062499072,010,RP
234,2,0.6389272250120447,1,-2.3961501573532065,0.5568824798267491,-13.612777182584953,-15.618258188065063,-0.6554500343714853,0.7488953815713758,0.24775534487656742,0.19152410586071053,28.75349410248779,9.876168152231795,-0.5787648897482054,-0.6558456066000155,-0.24572385642012823,0.26290345793090947,32.893780337929655,25.082786556872666,-1.6039443125893058,-0.038742615596309427,4.121744426955712,0.8820778034897032,-5.08530534917638,37.96032898233582,-1.4536958101553303,-0.05655166291669284,0.9264240401620403,0.14323425347837593,-63.34009649520707,75.67978809934321,-0.8667633227020022,-0.6963194593576352,-0.08808738674777485,0.04749165548257017,47.058933828233,21.1452985040655,-0.9588538259345984,0.4633001932801147,-0.9210633612107876,0.19878175127279907,-39.9150533218358,-19.764293175517885,-1.4827591169471817,-0.012656175104840697,0.3234535355671844,0.039245701839951956,81.6369873838534,-9.405772202361003,-1.2067152220898716,0.3431162469473073,2024-09-18 22:44:33.458584064,2024-09-18 22:44:40.123415040,010,RP
235,2,0.6377310559206666,1,-2.432425623674438,0.5152483803126776,-13.5840857286173,-16.042278200478982,-0.5457186019099094,0.7694576033711386,0.2592873163736265,0.1780594942225544,26.4612819174143,10.138925223827679,-0.4267937158596977,-0.660765607289342,-0.23904300318498656,0.2642219229256451,33.31136575350376,24.96284890991104,-1.6194171442841347,-0.10668112391567341,4.119071086540321,0.886069396481372,-6.720890589869796,44.6838261045336,-1.4433073735751125,-0.06645629782425308,0.9155678607197838,0.1526408195538431,-61.27554015065583,73.1019152101852,-0.9769438069751026,-0.6350899683227514,-0.08661554127212805,0.05009306616682672,76.66529244761585,23.64040580213623,-0.7713415007103555,0.575486988532611,-0.926161393884307,0.20344813066039943,-42.552515669031955,-22.410497225314455,-1.5279532068774961,-0.002952506906907467,0.3243130483394263,0.04056749421741102,113.69436224170599,-19.87256519761463,-1.1564603543391154,0.3946445414498233,2024-09-18 22:44:33.540893184,2024-09-18 22:44:40.198185984,010,RP
236,2,0.6365283890041039,1,-2.467036218859275,0.4753124403453874,-13.43308673171005,-16.13991149820665,-0.4256740098850349,0.786558627493662,0.2708764058080598,0.16429997893070225,23.550041909272192,10.62084929098717,-0.30278424468926834,-0.64320062515842,-0.23203047765469142,0.26444926772829364,33.3766563918292,24.74440152511265,-1.6079293189623338,-0.18100895993531077,4.109681640783492,0.8984326494135231,-7.992680674286582,49.847373027760575,-1.437725410435145,-0.08558028598682535,0.9038916097699085,0.1618028803229353,-59.244847926395344,70.5509209627629,-1.0744802326170717,-0.5697807563271592,-0.08469607764445754,0.05324730178110451,97.79879484691847,25.283174321888975,-0.6758480097024457,0.661742660247147,-0.9328277284801041,0.20814723631411716,-44.00120553604904,-24.0455446105788,-1.5833560720797035,0.03605363533856947,0.32533996583770075,0.042010355944400224,138.88950437420115,-28.1863066083178,-1.1602398459171224,0.4259667369126234,2024-09-18 22:44:33.604672768,2024-09-18 22:44:40.263345920,010,RP
237,2,0.63532662906244,1,-2.5008612228913183,0.43711856873729044,-13.187068256824269,-15.97902764711284,-0.2952498359561484,0.8024299796891863,0.28249545059084663,0.15057652735775864,19.836918036015454,11.396160901082123,-0.2306951078695625,-0.598028559735435,-0.22459241752354317,0.26336633415221744,33.09774885662312,24.43350343029608,-1.5639302652678728,-0.26059199480503104,4.09380595832353,0.9158263070011635,-8.876918948492232,53.34038368289254,-1.4659192713444025,-0.09105354245022003,0.8913426647709026,0.1705208270596008,-57.31180419292245,68.08445627214769,-1.158473192083879,-0.5010393093414466,-0.0823471876838022,0.05675674784260237,111.58884090044467,26.189027225046857,-0.6875883694121203,0.7071919850010684,-0.9409774314725009,0.21217603325081416,-44.653860657596965,-25.018275106916565,-1.6247867683932686,0.10341102353390319,0.32653018078685975,0.04349425723987284,157.749873199034,-34.51009461478477,-1.216732323140506,0.43140451892740495,2024-09-18 22:44:34.526444800,2024-09-18 22:44:40.325832960,010,RP
238,2,0.6507535266754491,1,-2.5346878509655264,0.4009112558501927,-12.886115489852624,-15.662280378268127,-0.1640304183910679,0.8169225099343377,0.2940700638885299,0.1373116820857863,15.10536391231321,12.557964669246557,-0.2446039761934653,-0.5200175673899354,-0.21672648490738783,0.2607265921826899,32.47768559051075,24.038774635958717,-1.4836259921138872,-0.3424266360113373,4.072051704187727,0.9342177026453956,-9.426887731349314,55.38677425162733,-1.5241229780450551,-0.06856730305843846,0.8779113798815589,0.17856441174031037,-55.54304266914775,65.7618692324918,-1.2287092426549102,-0.42968965395844055,-0.0795897833068851,0.06043475632828071,119.81930186241826,26.536392271212115,-0.7832303982704225,0.7110912412678044,-0.9504753663747992,0.21492162415119975,-44.85667749352502,-25.635166975014393,-1.6321569470958566,0.19394024506535448,0.32788159670379624,0.04494265122014426,171.2089314700514,-39.13625782035127,-1.311543704416649,0.4099550889351356,2024-09-18 22:44:34.587953152,2024-09-18 22:44:41.241950976,010,RP
239,2,0.6507535266754491,1,-2.5691445159508355,0.36730789629409255,-12.575212688603107,-15.307538715840023,-0.06181232576046014,0.8227905702450347,0.3054751959924546,0.12501247526712972,9.17320099454512,14.197814628313155,-0.38071954237939387,-0.40743408259360303,-0.20853280495338486,0.2563331636126327,31.490806156819588,23.566866138124904,-1.3681303390685757,-0.4212342216398334,4.045369339573875,0.9496834293011819,-9.727715185529128,56.35220075564672,-1.5857706200964548,-0.015680181332614545,0.8636408546076041,0.18568148381703814,-54.00121675826054,63.637656990954596,-1.2859578258541218,-0.35647449956429983,-0.07644633657110293,0.06411808804959833,124.19837217838909,26.494510561132238,-0.927735153563515,0.6799716032402199,-0.9611393574527658,0.2158969961837757,-44.87497894132494,-26.131108425371448,-1.5933567831797222,0.3012600623592869,0.32939168007029956,0.046282239121249576,180.33115158927234,-42.399580991002296,-1.4247191722286339,0.3637382648510761,2024-09-18 22:44:34.649563904,2024-09-18 22:44:41.319798016,010,RP
240,2,0.6507535266754491,1,-2.6046320780980374,0.3374303956553696,-12.29518833995972,-15.024441956516027,-0.04189746812408268,0.7988427519548997,0.31653470818654644,0.11423715144080447,2.054307733132431,16.349740301167564,-0.6498096574781496,-0.2697604115463774,-0.2002116157112266,0.2501273480798182,30.05419608048376,23.01719915617566,-1.2270249199608039,-0.48933122504760845,4.014979405530864,0.9590333042949685,-9.858205633181658,56.580492592712694,-1.6213666832277553,0.061338261550468585,0.8486335035572048,0.1916106462241273,-52.74092590936349,61.7577167353141,-1.331821109478846,-0.28185351852605506,-0.07294098079293372,0.06766777838138782,126.08231706994412,26.196567867727374,-1.0903005158209125,0.6222225905216874,-0.9727430700391244,0.21475484137347206,-44.89401959240701,-26.670346444714585,-1.503427285943094,0.4194609945019006,0.3310546632806065,0.047442819551340255,186.14650281007786,-44.6246678086528,-1.5364474571372584,0.29659461335914833,2024-09-18 22:44:34.727194112,2024-09-18 22:44:41.383427072,010,RP
241,2,0.6507535266754491,1,-2.641271454421761,0.3128798796510567,-12.074800270513292,-14.892825272350908,-0.15270833751681812,0.7064020467686668,0.3270265139239675,0.10551322357075497,-5.7982500719723715,18.896181507896515,-0.9958388112565393,-0.1364239126929143,-0.19204814133002815,0.242273131756054,27.998849037760095,22.37712691708188,-1.0815793589337073,-0.5369553564672631,3.9822749376140862,0.9601811456680058,-9.871180917502134,56.30975637242319,-1.6114738282517984,0.15191580374158908,0.8330530783046892,0.19609794617750764,-51.806701174528506,60.15773189025211,-1.3681842356966796,-0.20591803167997716,-0.0691008438456598,0.07096443840783481,126.456340394478,25.738239830892425,-1.2491922628776335,0.5453846882858667,-0.9850186192205139,0.21128898602810872,-45.03170258575708,-27.35706550217128,-1.3622041250271897,0.543612534184384,0.3328589201923964,0.04835859082723961,189.55951609271662,-46.09657583881482,-1.6302675468960468,0.2131115612503858,2024-09-18 22:44:34.797828864,2024-09-18 22:44:41.446968064,010,RP
242,2,0.7417855709246344,1,-2.6788843494327343,0.29542642326447244,-11.926570550040626,-14.949903188909207,-0.3648361303468013,0.5047449228882235,0.33669486243004115,0.0991997120521961,-13.35203143448467,21.495560386995397,-1.2923085338973876,-0.05358256836587085,-0.18438788664584724,0.2332227668080426,25.04990269480431,21.618898618579077,-0.965647843236725,-0.5536519366690633,3.9487167162810692,0.9522933998319479,-9.787538225489001,55.64821580222835,-1.5510985500715393,0.24408549793280615,0.8171213762546105,0.19891722835218187,-51.231894998169594,58.86267654903602,-1.3964402898490396,-0.12844424758876824,-0.06495833517181991,0.07390241181613205,126.00773898270319,25.18525294308163,-1.390984987834561,0.4552983151390215,-0.9976590772092182,0.20543165557063114,-45.3484311481274,-28.242273972126558,-1.1723824835852121,0.669512480530963,0.33478494140239573,0.048971197046432643,191.30096457574578,-47.0446822157128,-1.694315140883891,0.11805131082914049,2024-09-18 22:44:34.850318848,2024-09-18 22:44:41.523624960,010,RP
243,2,0.7785075180294593,1,-2.7170115081323574,0.2863819733635399,-11.850383206361322,-15.197627547462137,-0.5359098216464653,0.19529543787968406,0.3452694046654221,0.09533681405792757,-19.277125869242074,23.655801772533614,-1.4314736417923903,-0.05673737487829036,-0.1776066803218326,0.2237480940671116,20.839593732214936,20.701251062034373,-0.9192949514734905,-0.5319210271982137,3.915735709821104,0.9357804013621013,-9.596249305098448,54.57637608431995,-1.4498529190195562,0.3258440167176489,0.8011095310788543,0.19989244630857694,-51.037173704465566,57.886366293974405,-1.416705032766877,-0.04908231545432165,-0.060553827801601706,0.0763854196128685,125.20907845042116,24.581888975684045,-1.5081675152841383,0.35613788825594545,-1.010321396847327,0.1972535546714336,-45.84451452094682,-29.31769394859056,-0.9389534257373859,0.792911784795701,0.33680413254633274,0.049233959293101,191.9005527634778,-47.63289920866491,-1.7213632379363202,0.016092282167208052,2024-09-18 22:44:34.928428032,2024-09-18 22:44:41.580923136,010,RP
244,2,0.7785075180294593,1,-2.7549620696189905,0.2858976740286456,-11.845891587780148,-15.634982005152956,-0.5433612358830007,-0.1465790211415703,0.35248866664087797,0.09357884286065489,-22.634854951139705,24.978529841336922,-1.4255514878979534,-0.1387436129329226,-0.17207900167163526,0.21491554127449997,15.000026977841262,19.58118966739452,-0.9677944283096425,-0.47413348938139227,3.8846476420118474,0.9121800270168975,-9.256232417581842,52.95720143487292,-1.3305767077816433,0.386010732472769,0.7853240520938763,0.19891947572401728,-51.22705164582828,57.22983577532414,-1.4272318498815455,0.032311198499636304,-0.05593799882048364,0.07832502206648635,124.38311169348083,23.95774235519802,-1.5968163985523722,0.25076296247891905,-1.0226310611088736,0.1869731997768124,-46.434998693751666,-30.48587198678043,-0.6708567946756059,0.9081947086141829,0.33887851299135413,0.049116456446782746,191.6651758346351,-47.95120977906757,-1.7083203169050947,-0.08817344631516075,2024-09-18 22:44:35.861041920,2024-09-18 22:44:41.659346176,010,RP
245,2,0.7084685952656968,1,-2.7918855330020307,0.29267108171899164,-11.923468862062634,-16.28896021919283,-0.4434050638481737,-0.4154386844351767,0.3581239403388372,0.09327900655621903,-23.351928250471072,25.362884559568492,-1.3717667211991393,-0.2535867623261554,-0.1681471993393654,0.20797172745907322,7.384788570460755,18.24173151583634,-1.0875746542900946,-0.40034463254404834,3.856578447984074,0.8839458002544023,-8.700868894969148,50.55558345907302,-1.2255796001868104,0.4156924076724692,0.7700885147185834,0.19598540210402898,-51.78237669559643,56.87701355811005,-1.4242819157294815,0.11517554886606876,-0.05117313257622029,0.07964236111753438,123.7450539485158,23.332422051358932,-1.6548165561116948,0.1411474656569706,-1.0341904383460123,0.17498174247670922,-46.88579269978857,-31.48883850439459,-0.38642747200091065,1.0063306580055533,0.3409612475476574,0.04860889248522489,190.64905297661136,-48.00393894668479,-1.6557782572869872,-0.19000767444324376,2024-09-18 22:44:35.938690816,2024-09-18 22:44:42.597997056,010,RP
246,2,0.7084685952656968,1,-2.826858905244812,0.3043193979532669,-12.10166216693288,-17.209691464858437,-0.38902508196834473,-0.5542298194971248,0.3619990887660503,0.09368347569211866,-22.03900397683552,24.978099356925814,-1.339716288849608,-0.3517323902791425,-0.1660944713737017,0.20411318351088895,-1.629594803044116,16.72933331263505,-1.1924824050034344,-0.3472870253083564,3.8324022762514702,0.8541245918777118,-7.849670886910001,47.08309657481878,-1.167640906827886,0.4109134461889326,0.7557232202767542,0.19118495773980823,-52.64559039958092,56.785495110142264,-1.4027943355190446,0.19757713409516234,-0.046332899478182234,0.08027299713192881,123.42509000548,22.718642288309503,-1.6806835673826188,0.028817672672744,-1.0445923824062846,0.16188912988575688,-46.686851293204995,-31.768729219416944,-0.12497980443685375,1.0721968071529215,0.3429977835063116,0.047726353850373965,188.60117151004886,-47.6897837946405,-1.568196233272353,-0.284084419252244,2024-09-18 22:44:36.000686848,2024-09-18 22:44:42.668772864,010,RP
247,2,0.7084685952656968,1,-2.8589778000877755,0.31812354177827673,-12.395889578955227,-18.439573118572397,-0.4567586977251601,-0.5726030722094273,0.3640028900715011,0.09412574383507312,-19.4929998274173,24.09550827334317,-1.3346626523833092,-0.40515636597608096,-0.16612456354750632,0.20417091348177582,-11.023580739770528,15.16871246087492,-1.190691818356831,-0.3481474938470202,3.812699328318771,0.8259192169857278,-6.632109316044276,42.286238734618664,-1.175004530465515,0.37573140083497575,0.742525474856335,0.18473549319063465,-53.69420292337747,56.86931352271323,-1.3582997384158984,0.2754220993766224,-0.04150042054695494,0.08017398804063543,123.47441511789283,22.124240154181845,-1.672981261953813,-0.08470529568316221,-1.053438856902993,0.1485942379580169,-44.84862849418929,-30.24528793458576,0.03669233776883285,1.0832689803278772,0.3449273625440444,0.04651370273922906,184.8760663091599,-46.768813949536415,-1.45524036669845,-0.363958270114667,2024-09-18 22:44:36.079531008,2024-09-18 22:44:42.721360896,010,RP
248,2,0.7084685952656968,1,-2.887436355193144,0.3316800302062199,-12.810153159264146,-19.98850194765162,-0.620141886476588,-0.5116340764321616,0.364093297790981,0.09415222563229617,-16.371392232137794,22.96071418722869,-1.334858635889543,-0.4074926950361849,-0.16834982195066311,0.20833847514787174,-19.486482350342712,13.719454165875067,-1.0796712352283109,-0.4047622867628248,3.797741020805727,0.8021755209087607,-5.022468842792772,36.07403594999279,-1.2373769876204594,0.3234189387669417,0.7307518897939312,0.1769903147984767,-54.69823320446688,56.970837282553326,-1.290551382664755,0.3417538622295225,-0.03676479548340945,0.0793318188984882,123.85630080887968,21.553551568570093,-1.6303843824711084,-0.1974432121962787,-1.0603624580761006,0.1363649191032583,-39.71972397599575,-25.117304149291062,-0.013210085469949728,1.0175003109832708,0.3466848086936921,0.04505189859470871,178.3059156479037,-44.81595225534708,-1.3343442642551357,-0.42181666767141285,2024-09-18 22:44:36.147386112,2024-09-18 22:44:42.799001856,010,RP
249,2,0.6342796271238035,1,-2.9115863920871012,0.34326451629777976,-13.333959017677667,-21.822973628517378,-0.8149714497210878,-0.4120831842802423,0.3622960577978831,0.0935755521994221,-13.134278093411432,21.758497175264065,-1.3291662853225947,-0.36439864901930324,-0.1727877971974574,0.21610532292157725,-26.063744438877617,12.496503011688855,-0.9527046026280388,-0.4844923822078835,3.787505026644411,0.7848937156276234,-3.071353820019081,28.63276803192579,-1.3173621876618342,0.27277532788313646,0.7206032534415977,0.1684454224085735,-55.26316716601903,56.822818055320155,-1.2087957853937699,0.386695527548841,-0.03221662376546535,0.07776975433220026,124.42118604464808,21.008430539253386,-1.5525163797601962,-0.3064653768903122,-1.0650478507602101,0.1268589128265265,-29.303191085478957,-14.209300686005125,-0.32294006178460233,0.8850175599196104,0.3482025155748469,0.043465897052499695,167.0750843944481,-41.17596467602666,-1.2329235517712382,-0.44942368868226507,2024-09-18 22:44:36.202737152,2024-09-18 22:44:42.861133056,010,RP
250,2,0.6342796271238035,1,-2.9309772023271803,0.35194490319938504,-13.940591061997544,-23.859554589680855,-0.9879049373553279,-0.30402045181720877,0.3587010588817182,0.09247721042118734,-10.124774629561612,20.631767380562508,-1.3279162850846884,-0.28743041165763256,-0.17936600003523723,0.22643404485510354,-30.516263882934037,11.526419811298348,-0.9034463227139975,-0.5467454471942657,3.7817159116737855,0.7749048957654538,-0.9100363368655333,20.441498895325704,-1.3739136481127339,0.23974618785308005,0.7122129748981121,0.15973069526892092,-54.777842029415694,56.01348983026898,-1.1363093093496526,0.3992028359144649,-0.02794311647620788,0.07555358965960472,124.86293777062903,20.489059613686177,-1.4417459773014791,-0.4073800383329137,-1.0672507717643482,0.12191404844850849,-12.943058577598027,3.186510744067335,-0.6569967685773608,0.7722898802822997,0.34941245199725585,0.041932952078887496,148.74761820393024,-34.97427000538692,-1.1845643212675778,-0.4419518248366915,2024-09-18 22:44:36.283032832,2024-09-18 22:44:42.938750976,010,RP
251,2,0.6342796271238035,1,-2.945381001438971,0.3575302960534778,-14.584542990159944,-25.95703583788703,-1.1108549734617768,-0.20779988378502748,0.3534578426761435,0.09117360851627432,-7.669922203414535,19.710994155512754,-1.351251545068801,-0.19381925700184993,-0.18793387018007968,0.23805468750577927,-33.16806720989206,10.766596762851991,-0.9580101323836465,-0.5674160787152359,3.779902486255246,0.771829482614723,1.2843394111919824,12.145322266439825,-1.3904144351582788,0.22973886079888184,0.7056403047621075,0.1515738260566283,-52.424240814881045,53.99265726553477,-1.1071942751446473,0.37216183373835526,-0.024023174058254392,0.07279506020339895,124.65520614033066,19.99461371437674,-1.306028175451304,-0.49393346152732504,-1.0668138456665022,0.12294168347393572,6.3231970830014586,23.745674197023998,-0.5680007901966104,0.8000169137742019,0.35024802200215766,0.04068711108080534,120.78966037699803,-25.306339625355957,-1.2080281147485716,-0.4063310309462362,2024-09-18 22:44:37.214940928,2024-09-18 22:44:43.001686016,010,RP
252,2,0.7166931778885595,1,-2.954803629777077,0.36041936341734854,-15.198957624973295,-27.90993515909907,-1.1789649849963066,-0.1368222696265534,0.34676934975792495,0.09014623423164447,-6.1320989235890755,19.12642395638425,-1.401662050122142,-0.10787197819719818,-0.19828007047000637,0.24972185694335114,-34.55144136965262,10.149137770384982,-1.0870538551693616,-0.5425093392953243,3.781463987696344,0.7743347164265104,3.344630455818581,4.352400379169628,-1.3808240891417498,0.2366990251999907,0.7008682850188198,0.1447219347651044,-47.349540661730856,50.18579136001617,-1.1462148624439437,0.31069960184218753,-0.02052273104213592,0.06965193914607383,122.9770437252854,19.523824792731023,-1.162290331463051,-0.5580480845214872,-1.0636793137233715,0.13019413952071415,22.91474757259785,41.37394297216517,-0.04243891889897666,0.9689394261549649,0.3506458668620165,0.04000998617210123,82.01382070896771,-11.757807257161982,-1.2649874585507859,-0.37116441607332645,2024-09-18 22:44:37.292813056,2024-09-18 22:44:43.936355328,010,RP
253,2,0.7166931778885595,1,-2.9594756635458555,0.3613983473502442,-15.695746572665696,-29.451180002987385,-1.2037406384418026,-0.09883496759794914,0.3388827580036602,0.08993316044256632,-5.860419923895477,18.9859952668693,-1.4388555317312135,-0.05680742807205955,-0.21015234419317774,0.2603693343184661,-35.15739187899108,9.611591680911836,-1.2450702658911466,-0.4797594046638189,3.785739762130314,0.7805832917637213,5.155981088770827,-2.519202620551668,-1.37144907643957,0.24888661279827945,0.6978049695267584,0.13981024665406122,-39.065088256695866,44.25981272052379,-1.2371188050885196,0.23786509013283955,-0.017490889151704225,0.06632325654024869,118.66164809193982,19.07549773333465,-1.038338191071627,-0.5909198209022886,-1.0578978779409778,0.14262969215586552,33.5163767377341,52.456903827119255,0.44151648431846535,1.1523692543165835,0.3505479151732988,0.040193717438817854,34.70507068745464,4.834209824570813,-1.238103174484659,-0.38395531480218253,2024-09-18 22:44:37.354435072,2024-09-18 22:44:44.013994752,010,RP
254,2,0.7166931778885595,1,-2.9598228183479094,0.36143337030283784,-15.971818023788146,-30.273751437308558,-1.2048123372429567,-0.09591215670799876,0.3300775763412031,0.09099161726792754,-7.038280032333334,19.323178414683266,-1.3954086942329598,-0.057406811501111224,-0.22327700480437968,0.2691747792437418,-35.34652142397512,9.107934566201005,-1.3945810791511566,-0.39040042433586697,3.7920775179891297,0.7886983767665405,6.665551611490033,-8.276288410927561,-1.3801787919233555,0.2557954556786185,0.6962869844641398,0.1371979141025623,-27.9041335969355,36.42928503629473,-1.3175168992329946,0.18686310894768954,-0.014957479292376357,0.06303760732987938,110.2437460289051,18.648968548341344,-0.9690022640170888,-0.5859115891293925,-1.0496312870469862,0.1585034623129671,38.647479084911026,57.56560321301663,0.5903399016843358,1.2544569563726093,0.34990382835604644,0.041472310728422154,-14.530291335842854,22.08420456554011,-1.0118904540380202,-0.4803136943921758,2024-09-18 22:44:37.429624064,2024-09-18 22:44:44.076003072,010,RP
255,2,0.7166931778885595,1,-2.956423611069567,0.3614861673049518,-15.924188477363959,-30.07864680160073,-1.2016449657129873,-0.12421562581070496,0.32065220102048436,0.09356761158205643,-9.536794470043237,20.057994137499346,-1.2425109469995053,-0.10282921608801994,-0.23737576358489124,0.27556960490268545,-35.35191580626415,8.608311991299251,-1.5124084972084078,-0.2848971441498092,3.7998967766949314,0.7971044035210286,7.867278921743227,-12.894847816092064,-1.409494004348483,0.2517136254809899,0.6960865212907998,0.13684305309851547,-15.09624301955222,27.508291288040624,-1.3306101658266574,0.17918153809331738,-0.0129324165116706,0.06003266279635244,96.22004185852268,18.244357658084795,-0.981844459749567,-0.543297247732878,-1.0391460392936618,0.17602138261019792,40.35702045557728,58.93683796410641,0.4455187647301444,1.2632740607974184,0.3486735586135716,0.04394817357859394,-57.44095173603769,37.02814105195467,-0.6154005360969075,-0.6467006568006117,2024-09-18 22:44:37.495138048,2024-09-18 22:44:44.153652736,010,RP
256,2,0.7166931778885595,1,-2.949968424125978,0.36236205421611983,-15.473299165585818,-28.645743955532996,-1.2070630825283888,-0.17463474095904508,0.3109106574444951,0.0976269237333871,-12.939769273351146,21.023112171957678,-1.0326906552290334,-0.16582334703268245,-0.2521785514722838,0.27922211444786355,-35.310993235322975,8.095324874868638,-1.587676896554785,-0.17163337295137723,3.808746014145062,0.8046898066382653,8.779867867916819,-16.440286746648475,-1.4513781701799986,0.23559554902569754,0.6969236564303009,0.13830358373861593,-2.2308548406796542,18.554735512531703,-1.281300246504287,0.20930924011328128,-0.01140669652172352,0.05752534410045153,75.60030072918909,17.862349687368898,-1.074891677081305,-0.47471663094723954,-1.0267973806052604,0.1936560606353196,40.380176031901385,58.46225897793563,0.14517089567602115,1.2045776138673647,0.3468294706805666,0.04756087554847588,-88.67242488793583,47.75421018784508,-0.21990342876587832,-0.8266967140366295,2024-09-18 22:44:37.553188864,2024-09-18 22:44:44.222488064,010,RP
257,2,0.7166931778885595,1,-2.941230240802619,0.36459022908571453,-14.587489750972797,-25.905165992959446,-1.2247937030447067,-0.23497934819735175,0.30115130729962075,0.10287890218337864,-16.749711446366153,22.044197498964586,-0.8574910150715489,-0.2172892861088327,-0.2674319717273656,0.2800101457966113,-35.29676473256792,7.56051661197242,-1.6180952853540576,-0.05693729136397751,3.818349327353908,0.8108064474067838,9.430487172906384,-19.008894353286735,-1.4950605554661,0.20915492860287216,0.698484098883392,0.14087933811934739,9.45967307212925,10.392568778482312,-1.2226197273727153,0.25297984596489886,-0.01035453140825294,0.055675935309456595,48.61135826897761,17.503347835993967,-1.2047129704820014,-0.40249702054042047,-1.0130052581051592,0.21021226374231877,39.755605037128326,57.272636941762926,-0.20658823285016092,1.1054260083948164,0.3443576279708346,0.052116441623761084,-107.6652580157612,54.07535286517542,0.0202845956828841,-0.965719267047215,2024-09-18 22:44:37.633188864,2024-09-18 22:44:44.277585920,010,RP
258,2,0.7166931778885595,1,-2.93104485741094,0.3683437678784355,-13.296315839868457,-21.97209816495804,-1.2517565291762456,-0.29343360815867797,0.2916581838911885,0.10886982536448851,-20.59417497784553,23.006459672775794,-0.7765200823567646,-0.241148730730036,-0.28290391984058305,0.27798974895601203,-35.3402418406786,7.00210705515784,-1.6068046465916015,0.054528239306956446,3.8286345914444455,0.8151538359182732,9.847312562938924,-20.701761511233407,-1.531919056727774,0.17489720404383724,0.7004395917443726,0.14381683824462854,19.415598243769544,3.400546292661295,-1.1995574746757376,0.28692527621988845,-0.009736167346932372,0.054555961110722605,17.08821668121073,17.166373737268913,-1.3079614987068489,-0.35033921455635525,-0.9982252074565264,0.22480777986004427,39.011072055230024,55.94183549543349,-0.5519268469408356,0.9845392635553476,0.3412583025657281,0.05734780571083874,-117.0086739424324,56.93018145506122,0.06431313200070621,-1.0397718406552208,2024-09-18 22:44:38.567531008,2024-09-18 22:44:44.356012288,010,RP
259,2,0.6535366643489986,1,-2.9202883114701494,0.37341814852417055,-11.682663326773733,-17.11674516001831,-1.2828230190992038,-0.34179083221984397,0.2826936772243703,0.11509256716854735,-24.295649254341214,23.868226428263227,-0.7945627158051614,-0.2355791119763578,-0.2983852227619401,0.27336036725556906,-35.444188973446025,6.423977777542005,-1.5600377317436958,0.1593892138290202,3.8397352910617437,0.8176090384443999,10.058369060717485,-21.621474652960487,-1.5567016011360353,0.13488233003869954,0.7024668139398677,0.14648114401253157,27.606376786606795,-2.3925635457112016,-1.2199606753099668,0.30043641294366547,-0.009501185423834789,0.05413417372813589,-15.931580851365544,16.848631096236364,-1.3474169857778635,-0.33020580989789017,-0.9829170567833222,0.23684609500756457,38.38209205982537,54.726412960630086,-0.8619521578043869,0.8534785138140779,0.33754614226798435,0.06296808308994684,-120.02456066114813,57.513827428580214,-0.045468129238037225,-1.0515115202887144,2024-09-18 22:44:38.629156864,2024-09-18 22:44:45.262682880,010,RP
260,2,0.6535366643489986,1,-2.9098403693230543,0.37928452477501085,-9.855133405366795,-11.676865028000481,-1.3141678420241576,-0.3767711735859578,0.27449031370049387,0.12107484844632581,-27.82838929789757,24.63862330815937,-0.8824425765436108,-0.2068123013633637,-0.3136890226543292,0.26642673871786404,-35.59037610678192,5.835689703163593,-1.4853665810416574,0.2552594871345486,3.8519609353897386,0.818063542821716,10.09262725504298,-21.87640592187533,-1.5665700523629214,0.09032229761773346,0.7042620463495318,0.1484535736397461,34.22949496392884,-7.106534168807527,-1.2635100809490045,0.2954543368851809,-0.009592205117589653,0.0542898195521118,-47.293263030831596,16.546353320328137,-1.3361004828460914,-0.33674139129176917,-0.9675140308716095,0.24599489841628996,37.9498701988713,53.71703188716436,-1.1227079746209654,0.7194884941775809,0.3332503389296003,0.06870194581660043,-119.44362307066817,56.8046278712796,-0.24481310914937193,-1.0150978460750808,2024-09-18 22:44:38.712433152,2024-09-18 22:44:45.340178944,010,RP
261,2,0.6535366643489986,1,-2.9005328486354194,0.38520888777714485,-7.9146493313634,-5.956700371049899,-1.3434437119518836,-0.399065734498683,0.26724034039804856,0.12643614695330999,-31.243137057403125,25.34942658232329,-1.0033871969805377,-0.16339626075316918,-0.328649007169077,0.2575607679360665,-35.742194142576245,5.253363380997925,-1.390414493454354,0.34047997918374917,3.8657356207293567,0.8163157410119671,9.98028922109512,-21.581159547168646,-1.5596992693871756,0.0417725231143377,0.7055517803328677,0.14956659460803626,39.47037862202145,-10.848395907179592,-1.3026243989181425,0.28190752899925464,-0.009948722944919006,0.054848064237695816,-74.73859316501753,16.256446443308235,-1.3157552677208206,-0.35371138439763544,-0.952395196365392,0.25216285396933913,37.7141289449622,52.91875524228698,-1.3280038189807362,0.5875586889468003,0.32841472953069684,0.07429960921141993,-117.11720269637262,55.46301444692101,-0.4808674266808084,-0.9456972195472356,2024-09-18 22:44:38.780252928,2024-09-18 22:44:45.411889920,010,RP
262,2,0.6535366643489986,1,-2.8930922178191585,0.3903983376173866,-5.931004956004343,-0.15894428206302286,-1.3683872756768716,-0.4113461594545641,0.2610840062542555,0.13091745108342145,-34.60580456902041,26.03502209653167,-1.1273911899154525,-0.11327496791474907,-0.3431181596003662,0.2471669771781531,-35.8440311430916,4.701262001524203,-1.2820206241756094,0.4138698074697668,3.881512810290067,0.8120399130204394,9.751046671298493,-20.848812568381412,-1.5344065314322326,-0.010428781858243568,0.706100933179341,0.14990224249394993,43.36664721641675,-13.62123006837113,-1.318609292384477,0.272945653146449,-0.010510519298397256,0.05562132544778777,-97.24901205220468,15.977862382075234,-1.3199174759533836,-0.3649692468888835,-0.9378644776041556,0.25546602613869274,37.629233067582064,52.29112101357285,-1.476478992756194,0.4615469469292122,0.32309756537567774,0.07954205001784864,-114.17488527528603,53.889627459492225,-0.7193433543856997,-0.8554149391040535,2024-09-18 22:44:38.848084992,2024-09-18 22:44:45.465414144,010,RP
263,2,0.6535366643489986,1,-2.8880908909712537,0.3941293251335911,-3.935426209571918,5.634131412045822,-1.386183817475984,-0.4166982353536869,0.2560992800283823,0.13439061969260652,-37.95783379997707,26.72097390761112,-1.2351764139380779,-0.06288449958719942,-0.3569690158210751,0.2356524487549927,-35.81852053162969,4.213897977657184,-1.1658774995155612,0.4744656365092405,3.899681849343666,0.8048175716421249,9.430714454751016,-19.776785985535483,-1.488947626639395,-0.06572669705585765,0.7057193827740119,0.14977023774623194,45.754144748292994,-15.289586791118111,-1.3102264361872418,0.28052141893688615,-0.0112201089000553,0.056441729498381416,-114.77783338975019,15.7121802100546,-1.356882224977845,-0.36117592761467815,-0.9241383350495955,0.2561817664776119,37.622523777093775,51.76841648372725,-1.5705622531437384,0.34464734554986315,0.31737085169343576,0.08424312144296248,-111.26023974317089,52.31075704690601,-0.9409655626984823,-0.7527573679944152,2024-09-18 22:44:38.908476928,2024-09-18 22:44:45.547523072,010,RP
264,2,0.6535366643489986,1,-2.8859171267742973,0.3958337570148912,-1.9250098065576948,11.444581230046676,-1.3941757330440787,-0.41798910681512735,0.2522958657339039,0.1368527182188076,-41.29196879602567,27.417793015250638,-1.3172838909609559,-0.01714579925213862,-0.3700946824368658,0.22340133847947427,-35.56218581983208,3.838624132248441,-1.046691645736263,0.5212130454194669,3.920480927131562,0.794195711315873,9.037334242391065,-18.43069652940714,-1.4217471738488137,-0.12297896990508285,0.7042662483396586,0.14966771908392562,46.28838621763709,-15.59934810319242,-1.2940361401120324,0.31023546774174077,-0.01202419018163482,0.05717937453861661,-127.77588594360697,15.463598446787195,-1.415110595426254,-0.3405546619313384,-0.9113417234837248,0.25469357936259707,37.605525683367176,51.27148458879129,-1.6159485465712986,0.23945439269665134,0.31131928132712056,0.08825104006166691,-108.71820182549443,50.84607245948978,-1.136136598941052,-0.6433220646074784,2024-09-18 22:44:38.983202816,2024-09-18 22:44:45.610832128,010,RP
265,2,0.6535366643489986,1,-2.886761671070846,0.395147040973181,0.12784777774669742,17.369066064530745,-1.3911045920719127,-0.41784402382412755,0.24961476713407918,0.13840840277543007,-44.53763888139886,28.11725235808208,-1.3717901682483729,0.020337279219528194,-0.3824091743132909,0.2107561208611769,-34.939202106719534,3.638928571204189,-0.9289138647566957,0.5525905170818083,3.943925071997232,0.779743070463102,8.577520227999171,-16.829097082769344,-1.3319387833575946,-0.18007145167286542,0.7016514283949997,0.15021403488987506,44.56394804350595,-14.26835779964649,-1.293316871036779,0.35573040508604137,-0.012874414496279256,0.057748575736770745,-136.80518136246022,15.238713389901031,-1.4761261557791,-0.3065489270261359,-0.8995100645416608,0.2514320746676271,37.4840025234133,50.71723752911525,-1.620877907431722,0.147805226892606,0.3050386452445436,0.09144997476513703,-106.71738412888166,49.55292627871563,-1.3007260968256127,-0.530670539115276,2024-09-18 22:44:39.922696960,2024-09-18 22:44:45.673319168,010,RP
266,2,0.7313068519037292,1,-2.8906118561304313,0.3919389955278656,2.2645377452482465,23.545899655069462,-1.3780102758854478,-0.41867599573244807,0.24793313839407888,0.13924179018332478,-47.55460907175101,28.790363472262776,-1.4020194303025137,0.04723402035639634,-0.3938465626485548,0.1980087778149729,-33.77273088713971,3.698726028845347,-0.8179866142578871,0.5662041513739062,3.96975419814872,0.7611021248216322,8.0429819388746,-14.928661317481776,-1.2203400069270967,-0.23344176931107283,0.6978347036513944,0.1520543672159327,40.33986528687991,-11.150557937807017,-1.3165249838161373,0.3963512855077369,-0.013727681825409864,0.0581063992097327,-142.32028553028013,15.046272402938829,-1.5243489426382693,-0.2650989030898035,-0.8885953590177798,0.24681712427058763,37.169744312932515,50.028862292349345,-1.5949387441245757,0.07056336779994353,0.29863345442621747,0.0937616115129986,-105.32182386484162,48.452620087227274,-1.4333058083656105,-0.4170640750087406,2024-09-18 22:44:39.994353152,2024-09-18 22:44:46.613522944,010,RP
267,2,0.7313068519037292,1,-2.8972491593024845,0.38634774692560325,4.526747632792014,30.11511577348118,-1.358206810673011,-0.4222556253673383,0.24707416180686076,0.1395794666290899,-50.137811579273006,29.38775777077919,-1.414495874182713,0.06269865389994182,-0.4043593123727089,0.18540357458374965,-31.83408353442746,4.127591872003535,-0.7218605892916035,0.558469081951868,3.997405442963525,0.7380616686780038,7.4063886794106955,-12.606338419779737,-1.0911376136228468,-0.27750479656735244,0.6928232705641786,0.15573857184551715,33.78921369051837,-6.409953538856857,-1.3414280983480522,0.4036756286485579,-0.014545921099148127,0.058247157650047295,-144.58307413640705,14.896906011339542,-1.5515339464027902,-0.22263866176483538,-0.8784764929872675,0.24120822485927246,36.59374712680353,49.146746641217256,-1.5475127377861935,0.007506169781161364,0.2922136120056558,0.09514611642658491,-104.52910504099422,47.54482734374753,-1.5334965342092963,-0.30403257907029024,2024-09-18 22:44:40.062499072,2024-09-18 22:44:46.670866944,010,RP
268,2,0.7448179175498859,1,-2.906256297978835,0.37881925463552907,6.936810312029956,37.16014865722159,-1.3358853532328714,-0.42850296222380363,0.24682212623206926,0.13964811379142714,-52.038460478141104,29.844243461058287,-1.416990308702436,0.06769937947838148,-0.41391618719484713,0.17315043930343268,-28.832328750080045,5.065832415818487,-0.6522229325162074,0.5245929319974598,4.026012050857919,0.7106858363687187,6.615483661151892,-9.634016942051193,-0.954530912677849,-0.30407405688562444,0.6866686303595844,0.16160380200582813,25.591055274028175,-0.5725748744733368,-1.3276698560065412,0.35684480364863236,-0.015295302860068888,0.0581955578324774,-143.6558640653108,14.802740051496189,-1.5572548098448016,-0.1848648678990156,-0.8689747327040104,0.23487222315029213,35.717323951761095,48.03745203388414,-1.4863047587981941,-0.04257951156699606,0.285890308674537,0.09560188976925459,-104.28696040866596,46.81463130196274,-1.6010993774418245,-0.19282851257192257,2024-09-18 22:44:40.123415040,2024-09-18 22:44:46.733392128,010,RP
269,2,0.7597359833496088,1,-2.9170425147582506,0.3701260843136065,9.469564936965583,44.62312351739262,-1.313550811700728,-0.4338034940743663,0.24694216566612626,0.13963213122297036,-53.003964961104494,30.08891389638662,-1.4165051926514487,0.06515089709525729,-0.42249985287421693,0.1614450559419583,-24.411872898273536,6.685987292095349,-0.6244195136485153,0.4591986532515828,4.054428244800317,0.6795221485512227,5.585267504200677,-5.645066323796606,-0.8301470672280016,-0.30212890768451595,0.679462945929316,0.16970401450454553,16.740320986575266,5.625572186659212,-1.2525732293704108,0.25572834104551717,-0.015944973502233072,0.058000316546843116,-139.43451171189065,14.776720405457098,-1.5472393940898832,-0.15597945901495655,-0.8598741380561196,0.22797534290497612,34.536563352834435,46.69709764443908,-1.4164543137405616,-0.08161114668895102,0.27977166556467686,0.09516390231680881,-104.49518860951478,46.234792960779004,-1.635822875710062,-0.08482364984748018,2024-09-18 22:44:40.198185984,2024-09-18 22:44:46.811075840,010,RP
270,2,0.7667783311207588,1,-2.928890149576669,0.3613155549858107,12.020293920153211,52.20612045775306,-1.2903208550323026,-0.43024905530357177,0.24720262289074876,0.1396383140959865,-52.82927487726927,30.05953531507731,-1.4172569859189574,0.0594703007223237,-0.43010414578173367,0.15048932917140714,-18.173543006101117,9.183483809533277,-0.6545285036167505,0.3580220239814239,4.081277979457094,0.6458784084180564,4.191713183706738,-0.10754671286229618,-0.7494109536876787,-0.2590023802573159,0.6713332448907984,0.179816686212937,8.187184111436343,11.503671123951055,-1.1320437543292763,0.12014048889229348,-0.016465547738728263,0.0577292002382381,-131.70459599778226,14.831411687188595,-1.5306437912816593,-0.13811105824130923,-0.8509445636204346,0.22059911326916526,33.077636864601374,45.14723526734342,-1.3404585940645661,-0.11185133112666294,0.27395884139201304,0.09390099074989652,-104.99557989982063,45.764467420637395,-1.6375416719790343,0.018109573318347505,2024-09-18 22:44:40.263345920,2024-09-18 22:44:46.873156096,010,RP
271,2,0.7687526578395759,1,-2.941017919144172,0.35354538434010196,14.386567751253832,59.31115355141917,-1.2644716008372825,-0.40796874730158605,0.24739681401556746,0.13967632835632485,-51.399209463408305,29.71600066416601,-1.4192619376630615,0.055349483594701904,-0.43673101126999947,0.1405047334258083,-9.743839882359124,12.744562954524353,-0.752059908652841,0.22101172528377247,4.105024812681128,0.6121135286064848,2.279956383624387,7.640722473391165,-0.7507301897328063,-0.16550812081274702,0.6624307435195147,0.19152076687178612,0.5623430893263045,16.62748664922451,-1.0062791084778155,-0.02282676298237089,-0.016827733428111186,0.057465571441349665,-120.22031002672568,14.976964670225373,-1.516696783278531,-0.1307472795843413,-0.8419639991337525,0.21277180205795276,31.384402326581018,43.4245368933108,-1.2588093163660392,-0.13558279914185184,0.26854327967804115,0.09191308135052496,-105.54952243758146,45.34461492383913,-1.6071165719445506,0.11321408374786637,2024-09-18 22:44:40.325832960,2024-09-18 22:44:46.950800128,010,RP
272,2,0.7861442927861415,1,-2.9526500677929546,0.3478154596253371,16.292398103406285,65.10575036453238,-1.2401366875107738,-0.3613258455131564,0.2473605814049374,0.13966261113082631,-48.69844193334313,29.046074910146338,-1.418636891551449,0.05604556030974767,-0.44238731363235967,0.1317311208770531,1.082035412246035,17.47867873927861,-0.9089496104273107,0.05641742365836236,4.1240584559194025,0.5818189786640152,-0.28326678049616577,18.168208761386282,-0.855256312952482,-0.02846591900669926,0.6529140717015856,0.2043083707469172,-5.876875905991174,20.837094976665643,-0.9119114650518734,-0.15127449472090118,-0.01700141591921328,0.057305775599315066,-104.81429643483737,15.218008552031613,-1.5109370084332225,-0.13020907628123593,-0.8327378787702138,0.20450333178533653,29.50264434744945,41.56796947200709,-1.1711199290278196,-0.15482291522165084,0.2636054354124111,0.08932975232105615,-105.80127999720128,44.88979248085266,-1.547867346193131,0.19649166968481313,2024-09-18 22:44:41.241950976,2024-09-18 22:44:47.013345024,010,RP
273,2,0.9442429403418118,1,-2.963079007643442,0.3446743052423991,17.4685480758369,68.76068809752255,-1.2298347659101108,-0.2953979572245944,0.24698288224789233,0.13944862594473947,-44.782114437291895,28.060415696877307,-1.4101904247860517,0.06197991396389502,-0.4470815246073205,0.12440536779820391,14.1269865391413,23.315914680026385,-1.0914812025542597,-0.11633457015268264,4.1367900642039,0.5596575813750703,-3.477946781833627,31.387535690919265,-1.0192416626086762,0.1116955202158048,0.6429283600037208,0.21768795828741747,-11.14253162245994,24.163849582317766,-0.8669566092026293,-0.253367130411429,-0.01695520260644896,0.05735639164213075,-85.54194835504997,15.549618934289738,-1.51165350656452,-0.12945935802077166,-0.8231148856613717,0.19581378182894668,27.465358351833377,39.607145299417944,-1.0775692027421973,-0.17099653331103531,0.25921481765052995,0.08631142584862057,-105.22642931389063,44.27624968661653,-1.467721493362048,0.26251989506976103,2024-09-18 22:44:41.319798016,2024-09-18 22:44:47.961900800,010,RP
274,2,0.9442429403418118,1,-2.9717152736969226,0.34402243111764924,17.754426800690428,69.76110129934571,-1.2445716162099254,-0.22600446122649884,0.24620888184256146,0.13886564801999648,-39.72356667786003,26.78029493455435,-1.391296469160837,0.07035622147915993,-0.4508202485077863,0.11871852698582921,28.632050087234973,29.90790793561465,-1.2479532852006647,-0.26917405886702445,4.141747383626574,0.5505460510986203,-6.960140663881903,45.8271443843058,-1.114666575331943,0.1811399998367443,0.6325840670129595,0.23125407752397104,-15.378296176276164,26.72806513891863,-0.872015821231634,-0.32587969600323236,-0.016656179428055327,0.057730406844515365,-62.84127709439031,15.953304413227691,-1.5080465830876109,-0.11877352489399819,-0.8130000019884872,0.1867504856757548,25.28145783055385,37.55382526651213,-0.9805145585528567,-0.1844974797696269,0.2554308235856835,0.08305347634337827,-103.0738901774642,43.32824865820998,-1.3815631527885006,0.3048207276143621,2024-09-18 22:44:41.383427072,2024-09-18 22:44:48.043459072,010,RP
275,2,0.9442429403418118,1,-2.97812721105119,0.34511469457176,17.14940328543313,68.07310457763909,-1.2798539717851862,-0.1711316737345801,0.2450371892032046,0.13777391732503586,-33.56588217839007,25.22488942211864,-1.3649178873575167,0.0759327346130301,-0.45360566143462233,0.11475770046238717,43.24768024916218,36.61739260493425,-1.3379556641412782,-0.3762871047468708,4.137666260323049,0.558109783226335,-10.071018195451781,58.67051219442037,-1.0322768431077642,0.1224430763598118,0.6219394895293991,0.2447187141666211,-18.759308060760542,28.667154479234153,-0.9181111656347918,-0.37060522778877264,-0.01606972486230327,0.05854138098272874,-37.654251149213685,16.394906544136074,-1.482369581323397,-0.08779611140027736,-0.8023653298040178,0.1773930315214183,22.927990627786922,35.396624761807686,-0.8860353567321617,-0.19418049329399645,0.25230372090997655,0.07979163264244303,-98.33351057996333,41.8099106094653,-1.3119023563472754,0.3174907791503979,2024-09-18 22:44:41.446968064,2024-09-18 22:44:48.101136896,010,RP
276,2,0.9442429403418118,1,-2.9820728550615376,0.3467753413132248,15.774752216575775,64.04146038037241,-1.315658677499385,-0.1406195318618974,0.24351297413577236,0.13610463495404507,-26.298370593450798,23.403994438135946,-1.3399401106532487,0.07261505271710722,-0.45543580946216045,0.11245060289682551,56.36578722867862,42.670997932465134,-1.3622043809030833,-0.4287891034912857,4.123579212861966,0.5831059943738842,-12.20389887178307,67.32374370355426,-0.8231530920264643,-0.042066384765907947,0.6109903056716873,0.25791000995006796,-21.441258002981694,30.100400781227304,-0.9935488186219836,-0.3912737950013143,-0.01515938536528269,0.05989492065997618,-11.42777934104389,16.826761889099703,-1.417438549667865,-0.028964955963717565,-0.7912585862620013,0.16784886799668883,20.344455020170273,33.0977247175308,-0.8049708276016081,-0.1970053150969273,0.24987520961832754,0.07680437690287914,-89.80432661592572,39.4398749377872,-1.2836744675649467,0.2989325402944359,2024-09-18 22:44:41.523624960,2024-09-18 22:44:48.179174912,010,RP
277,2,0.9442429403418118,1,-2.983517985543362,0.3477336466075971,13.783556265559861,58.12348802304672,-1.3316914306921415,-0.13225700752004527,0.24171715701850235,0.1338850235869974,-17.869324599927843,21.319322340135344,-1.3281641649423361,0.05542826453514385,-0.45630847268730507,0.11153963851771295,66.68737877182632,47.430015954891886,-1.3576556748984876,-0.44094004353886274,4.098897342473221,0.622988715570491,-13.20208439706894,71.11398865025303,-0.638919664850266,-0.22785318202722912,0.5996681901073614,0.27074716802531273,-23.544675187349437,31.11899275626353,-1.0875800115619034,-0.39170118432557216,-0.01388678253561349,0.06187787542620431,14.071100849274822,17.19540231753057,-1.3073025541358148,0.05883889537390269,-0.7798088421081015,0.1582451866674997,17.42746724298844,30.590093051631687,-0.7527282837778593,-0.18825079332901434,0.24817829389351226,0.07440516167650249,-76.38057870049686,35.956001708488444,-1.3084469006713317,0.2575084398807095,2024-09-18 22:44:41.580923136,2024-09-18 22:44:48.243859200,010,RP
278,2,0.9442429403418118,1,-2.9826304186926578,0.34694573617375035,11.284656959565664,50.65796111211234,-1.3220893770932427,-0.1349846789313457,0.23975156004608864,0.13123924551959087,-8.237286323775491,18.97490224667147,-1.3387583444057807,0.02242790438060379,-0.4562273776547273,0.11160341924838627,73.65638240123809,50.60405819045065,-1.3587345823054002,-0.44106656935672983,4.063476171360889,0.6728957197339941,-13.332601635804735,71.17670904933973,-0.5638204317380575,-0.3651520196333194,0.5878483237067157,0.28320116985774985,-25.15810912905713,31.789152279146855,-1.1914703216143294,-0.374972374663406,-0.012211472942084394,0.0645472114381364,37.10579323163556,17.453116390042684,-1.164526396657223,0.16848140672887,-0.7682283591545274,0.14872447766210808,14.025313871193102,27.77464386189391,-0.7467438144727447,-0.16281159058491304,0.2472366471050917,0.07291613869361815,-57.62402906740224,31.246771739310866,-1.362047013102483,0.21559809562988244,2024-09-18 22:44:41.659346176,2024-09-18 22:44:48.303523840,010,RP
279,2,0.9370625108665598,1,-2.9797475390699972,0.34381002037056213,8.313338231035827,41.77164913538553,-1.2986966995101439,-0.13467875576254174,0.23772193992284463,0.1283641954321575,2.5485396378668996,16.394156213316016,-1.3725445182054206,-0.024002699527025894,-0.4552092503023598,0.1121185032666541,77.48310927476052,52.27102808405955,-1.36726649107162,-0.45544890664134324,4.017656923833307,0.72712718530949,-12.985058059419888,69.1695084188058,-0.5847766170199864,-0.4332432440120879,0.575363593330867,0.2952511272584752,-26.348770750192116,32.160123418681785,-1.2981782485448798,-0.3432805075762747,-0.010090830769280175,0.06792122326810528,56.353736474427855,17.568656017980068,-1.0177302497618,0.2861260566114135,-0.7568083705513052,0.13945042314857975,9.93568834157734,24.519412104094748,-0.8001414707208574,-0.11788220428212039,0.24706399392411116,0.07261995610658853,-34.424188752052,25.504977560679432,-1.3800741306602806,0.20473641292534533,2024-09-18 22:44:42.597997056,2024-09-18 22:44:48.381179904,010,RP
280,0,0.8427364273861636,0,-2.9741566153115837,0.33710998118370095,5.056892738940165,32.03999099244002,-1.271667772249737,-0.12107438170541443,0.23385426422303587,0.12376509146827391,12.527802412121273,14.0703199845818,-1.3854309798063005,-0.07336819153925975,-0.45476617733037106,0.11211313821381019,77.3825180126757,52.190951908823095,-1.3595526790964008,-0.4675225697021114,3.9591830982747567,0.7871336888729444,-12.334749281895164,65.83553087833603,-0.5779640356667843,-0.47703057158023077,0.5608376457021568,0.308830019868332,-27.04303185119729,32.16675031607391,-1.3774292439744615,-0.3124556182046598,-0.0060057317339549405,0.07557468794687332,69.05266810218569,17.414711800135557,-0.2617887519854434,0.6150961799082892,-0.7474032328434111,0.1299910730933572,3.4156335063459164,19.552855524851207,-0.8758895386859944,-0.028879501018655787,0.24961371068453134,0.07822557648098288,-2.5693438576376963,17.641343454329448,-0.5430934421423088,0.515564727603913,2024-09-18 22:44:42.668772864,2024-09-18 22:44:49.597014016,010,RP
281,0,0.8427364273861636,0,-2.9657310570387736,0.3266407385202052,1.5212346241209225,21.511572769798125,-1.2566146435540486,-0.08711642578666198,0.2295002174878924,0.11898358904580035,22.970005078614744,11.728378838759927,-1.393681257490585,-0.11807091224951999,-0.4533360898341246,0.11174017981638662,75.56211560008992,51.25503402573888,-1.3136586895295765,-0.5080529810681153,3.8965440659932393,0.8318462398360952,-11.879421481794584,63.28868928231928,-0.7146376540432864,-0.4308495553276013,0.5452682694723586,0.3216004867957564,-27.437788335656638,31.96095536393237,-1.4608096965373163,-0.2638534245526804,-0.0014637527657072372,0.0831898203894108,76.22083254396654,17.11156845444075,-0.07555968244475197,0.7747291221122685,-0.7398972275475705,0.12135434545040939,-5.899965274541172,12.634632050740048,-0.9726560911721593,0.09766614072315033,0.2527340022141568,0.08456989474967404,20.94207622059192,11.707225262095879,-0.08908223645584012,0.7376879522108636,2024-09-18 22:44:42.721360896,2024-09-18 22:44:49.664366848,010,RP
282,0,0.8427364273861636,0,-2.9547490893068797,0.31312239820368565,-2.3606750366042957,10.024797585443975,-1.2653876227980965,-0.032572898705935195,0.22477353669559288,0.11446711250991402,33.33070498936511,9.508139558982958,-1.3823586240569319,-0.14028379254823173,-0.45093533325866864,0.11056329137939169,72.72191671400633,49.79288174863958,-1.2088208774985005,-0.5723843414064395,3.831029156514288,0.860882252902983,-11.597727599895922,61.431232584511754,-0.8554879751367324,-0.3483331945879889,0.528464736956461,0.3334070118292815,-27.59904068778915,31.585119777323165,-1.536725767228914,-0.20063618752294296,0.003565992737392745,0.09069495441982138,79.89968902577061,16.715078289214173,-0.15326801344174124,0.8324908931302004,-0.734615282260315,0.1145551130387369,-18.191622504936678,3.6361560987628363,-1.0605485025330676,0.23803532369820835,0.25639405001110843,0.09135673261597874,37.489552501327545,7.387901801080553,0.04975031900527149,0.8701429534810433,2024-09-18 22:44:42.799001856,2024-09-18 22:44:49.732701952,010,RP
283,1,0.923735403871388,1,-2.9414885142456244,0.29786740306227427,-6.569692514210336,-2.3246750726751637,-1.2962515052793993,0.03098078129004272,0.21979809293292527,0.11068820641842954,42.624229314691476,7.631275683895122,-1.3439179912611723,-0.12191462733907286,-0.44760420378063914,0.1082482709295782,69.3769110325513,48.05339702348537,-1.039034219158386,-0.6513853479967991,3.763864950707298,0.8747554395660628,-11.467034141787986,60.16036789483975,-0.9607276862441543,-0.2561906974123094,0.5102667177950546,0.34400682091783863,-27.59154579688498,31.07904751266843,-1.5963955781321553,-0.12528067368022622,0.00911298877785473,0.09799978281647907,81.36924164990069,16.25848301398191,-0.34512098325220153,0.8269101656713773,-0.7318323756265308,0.11069738340111972,-32.22248738569762,-6.5814594920710086,-1.1086495792643785,0.33750596357007817,0.2605663926884774,0.09833526764558645,48.76265644366537,4.294090512566576,-0.02090092354843831,0.9283318925698593,2024-09-18 22:44:42.861133056,2024-09-18 22:44:50.676414976,010,RP
284,1,0.8510377758386332,1,-2.9262033666551686,0.28279796463931056,-10.867579796443456,-14.800748587746535,-1.3342476805586234,0.07687456414672986,0.2147046013101582,0.10807024021324176,49.52797026842804,6.366116889815792,-1.2896196310610935,-0.055189058806304925,-0.4434108130649083,0.10459204262328821,65.83018425870327,46.18981552636434,-0.812300887689926,-0.7345909790173061,3.6961730999857876,0.8747282187829734,-11.467288116486184,59.385081865942915,-1.0274448824392357,-0.16877309000761628,0.490558597817492,0.3530847268926588,-27.47879403368936,30.479958670882294,-1.6330667040550286,-0.039980533594094064,0.015201904051586035,0.1049962135396627,81.46550218549638,15.76156925226181,-0.5748331470809109,0.7811230196002306,-0.7317560926105114,0.1105893789525966,-45.09437308265119,-15.998082245681466,-1.1098195286254946,0.34048680290561995,0.2652273394289671,0.10529761628357098,56.24451022754624,2.0824181948625813,-0.20970790801312988,0.9307454312206416,2024-09-18 22:44:42.938750976,2024-09-18 22:44:50.743555072,010,RP
285,1,0.8510377758386332,1,-2.9091005222738904,0.27039670505054164,-14.630389526127217,-25.561273811527148,-1.3636774018811009,0.0701544340128165,0.20962373274642793,0.10689671823378624,52.793916792296734,5.933142095694436,-1.2478837502108415,0.04734572568297387,-0.43845581222340674,0.09954222050247,62.18086535954502,44.2635618259736,-0.5482510510966749,-0.8114066572806619,3.628961240143062,0.8626413369306218,-11.58095890545777,59.026850991595865,-1.0668036883360512,-0.09418695029232327,0.4692788943080545,0.3602807874808429,-27.321304888651888,29.8213117491998,-1.6417973188826573,0.053164180259047386,0.02184907499686784,0.11156135098414062,80.75205949493218,15.235642195943692,-0.8027728671446606,0.7096720183054774,-0.7345128008521241,0.11433841099417623,-53.88489067896104,-22.57914197621418,-1.070813492885653,0.24705783123014302,0.27035673058329174,0.11207020666451016,61.077480026841734,0.48729218767676535,-0.45234725806873977,0.8933786583496249,2024-09-18 22:44:43.001686016,2024-09-18 22:44:50.812172032,010,RP
286,1,0.8510018858527589,1,-2.8903204477994846,0.2634795248979606,-16.824940633494425,-31.629469946001347,-1.38003602900475,-0.0018175952571697998,0.20467643250604883,0.10724046438492507,51.80914442108253,6.395889148702163,-1.242729884749604,0.15482633057643905,-0.4328760106474967,0.0932086252974533,58.32670823505296,42.24823277499021,-0.2777464530703213,-0.870937115281127,3.5631363768935045,0.8407479037208537,-11.791205710157467,59.01367399329647,-1.094494439526823,-0.03680673299012659,0.44642388316893533,0.36522676551140065,-27.174848557873958,29.131501417733837,-1.6194244843086558,0.1520785648423804,0.029059041388073206,0.11756248089864155,79.61755006018271,14.686390317584165,-1.0085886511011055,0.6220805348548316,-0.7401371488780463,0.12125717594574388,-57.76662944615778,-25.75522841857379,-0.9871197871069239,0.11272984043359102,0.2759371083064633,0.1185043967944007,64.0906199099408,-0.6849803275177014,-0.7079693918227736,0.828420323162097,2024-09-18 22:44:43.936355328,2024-09-18 22:44:50.870545920,010,RP
287,1,0.8602421867096262,1,-2.8699354111542124,0.2646681116805866,-16.45435613869389,-30.22293935018028,-1.36135085938064,-0.08838121126647915,0.19996502990054302,0.10895337139952849,46.88225086000163,7.625189304975016,-1.272531287073438,0.23472783914950363,-0.42684398483424135,0.08586333293847355,53.944192122721695,40.02575392432642,-0.04514347999819002,-0.9012882134735988,3.499521613847184,0.8115543385121766,-12.079136490411338,59.27119922480467,-1.125465411568134,0.0018913045086300507,0.4220478688490059,0.3675848157598465,-27.08963820772618,28.433124073461435,-1.564559768414575,0.2547021047665811,0.036821081591398214,0.12286361937314183,78.3340659807436,14.115654965137061,-1.1826113400236118,0.5248030910041417,-0.7485635363201134,0.13016035677250945,-57.97416790980153,-26.39734814577706,-0.857744668190771,-0.010867165713398652,0.2819520788073543,0.12446844028597981,65.87111148864417,-1.572496817574222,-0.9522254940828563,0.7446362653372728,2024-09-18 22:44:44.013994752,2024-09-18 22:44:50.947770880,010,RP
288,1,0.8632020914166961,1,-2.8479749245364383,0.275622040483196,-13.398699208150159,-21.1591593662179,-1.2317330242617393,-0.09336423701748131,0.19556834070620494,0.11172360449748268,39.01649760506493,9.369608303209828,-1.3140999348497338,0.27001266330816986,-0.4205607710667101,0.07792411912710868,48.45495001073714,37.378251138514514,0.08935900979611588,-0.8895284102209616,3.438856911706619,0.7776567682218539,-12.420941679651088,59.71384114497295,-1.169981217756036,0.023257209041165065,0.39626315987359434,0.3670839708858136,-27.110659472303475,27.74295558875197,-1.477563109376761,0.3589987159868117,0.04510601506420428,0.12733330512282715,77.09369845056818,13.52261047633345,-1.321370709684405,0.42232017299425645,-0.7596199300532142,0.1397719672741577,-56.28072323596062,-25.75195904784471,-0.7030607546737504,-0.10699664450523223,0.2883837310565855,0.12984181382240315,66.83319082930389,-2.273604929771426,-1.171316434252531,0.6481874164868627,2024-09-18 22:44:44.076003072,2024-09-18 22:44:51.010351872,010,RP
289,1,0.8632020914166961,1,-2.824473965510675,0.29645714009226,-8.696108472333147,-7.561931981361789,-0.942863391094729,0.030767475757642045,0.19154087001988382,0.1151665531414955,29.40662732376003,11.367429018056512,-1.344249869291723,0.26282972597569965,-0.41424089937599795,0.06991881925692235,41.032105064967865,33.99717610540271,0.055703776588772236,-0.8244646981904804,3.381775994391435,0.7415657376837163,-12.786009952232364,60.23942152050941,-1.230562899194624,0.03156569150408491,0.36924046907170716,0.36355256928094765,-27.27869484841097,27.072398081491226,-1.3604619547644037,0.4629776398624133,0.053863966922562984,0.13085315010881862,76.03205719952993,12.904611785950113,-1.4250862981314254,0.3177671530319379,-0.7730267204736702,0.1489990558326638,-54.002013149194106,-24.744999123697518,-0.5558033882235187,-0.18204526878608518,0.2952094283418883,0.13451264628288107,67.27126639815867,-2.8591120972352826,-1.3578993122873946,0.5433983670188273,2024-09-18 22:44:44.153652736,2024-09-18 22:44:51.072429056,010,RP
290,1,0.8301379051823938,1,-2.799529298543142,0.3257858661444341,-3.7543370031374987,6.489623563111909,-0.5750170025236812,0.2390564248955498,0.1879139561522314,0.11890780437436943,19.046746718083536,13.42085047237539,-1.35390144846518,0.22672105539289186,-0.4080921653906008,0.06242975871985969,30.78711594524172,29.563980812225175,-0.1951839071290653,-0.7053509634441419,3.3287640650177193,0.705522120108328,-13.137479056973207,60.731568189775274,-1.3006591330837098,0.0337437815863606,0.3412074947623445,0.3569438022869642,-27.631587124169332,26.428104618945266,-1.2167647013886917,0.5647262526837176,0.06302374110927784,0.1333262104348161,75.24385092225128,12.257851019410934,-1.4961238279388431,0.2133094375414773,-0.7884033268223547,0.15704756778747705,-51.856269490856555,-23.883655383187858,-0.44706233899566605,-0.2476129506066658,0.3023987461488441,0.13837838147358833,67.39667464736851,-3.380669907965829,-1.5085324861677336,0.4333385915329281,2024-09-18 22:44:44.222488064,2024-09-18 22:44:51.992598016,010,RP
291,1,0.8272981842884064,1,-2.773349574422393,0.3612508759396645,0.5125102739725104,18.42137015020877,-0.26965764045448326,0.45256233283458575,0.1846968245031374,0.12263706732208518,8.597502731787335,15.412068546781827,-1.3471739088773416,0.17726550268893299,-0.4022942926209229,0.05601405765427728,17.35714613700829,23.982680827105742,-0.6261841173278468,-0.5564152408591988,3.280105811442266,0.6713155757287084,-13.436545145068465,61.07328981604544,-1.3663808005031275,0.038234829679111196,0.3124424736207353,0.34734898383576457,-28.205643938341403,25.812641162161086,-1.0511519606065867,0.662442362980145,0.07249401740230196,0.1346841433595265,74.79349401864299,11.577919143033531,-1.5379532852333038,0.11038477611495401,-0.8052834049299356,0.16344620685067063,-50.14937977112708,-23.38446329721764,-0.39972384325760046,-0.3115969976210423,0.3099114411404694,0.1413488808323904,67.36162910811473,-3.8761395544656256,-1.6221340315664075,0.32021661574961563,2024-09-18 22:44:44.277585920,2024-09-18 22:44:52.065604864,010,RP
292,1,0.824483858263514,1,-2.7462919215031607,0.40008122780767164,3.830796251991835,27.520484799769758,-0.11524964445003683,0.6180252335314051,0.18187712060799263,0.12613276292304906,-1.5650812749055516,17.28465247579731,-1.3338739385706426,0.12674919287136346,-0.39698057799213177,0.05109658847483078,1.8758777836122276,17.74468704678099,-1.0667920933144037,-0.4327483532042212,3.235834983714134,0.6401325621912073,-13.650358687670815,61.17030818181134,-1.4115963646528542,0.05293313298470665,0.2832612440410038,0.3349938582244855,-29.03736247403904,25.225159418065854,-0.869133645153751,0.7544335205263349,0.08216621364415515,0.1348924674600525,74.7222024572087,10.860359548939163,-1.5544049691444008,0.009879198945292355,-0.8231380291560043,0.16802697976913625,-48.958375711846436,-23.29950089412846,-0.42609441561449657,-0.37564431054298286,0.31769702036196107,0.14335053946522985,67.27454208744096,-4.372921567395342,-1.6990290778193364,0.20563656819163192,2024-09-18 22:44:44.356012288,2024-09-18 22:44:52.127860992,010,RP
293,1,0.8198442665124173,1,-2.718885373026532,0.4394338529546163,6.296666043756398,34.11991320520212,-0.12380496580504952,0.7172751544929488,0.17942244236573143,0.12926394692604573,-11.238827459506586,19.016497872111728,-1.3232965735897542,0.08282506080887729,-0.3922261179506544,0.04785911865941967,-12.570843703291082,12.069386774893715,-1.3060168877917517,-0.3912632485039913,3.1957009120675965,0.6124810290688694,-13.760428851034021,60.974215029690676,-1.424062890183624,0.08299577539854575,0.2539993322804191,0.32021863746424273,-30.165603503836575,24.662043147810362,-0.6768489379803175,0.8390506966577786,0.09191868168254369,0.13395357367189975,75.05212523139528,10.101307591256981,-1.5491312104495254,-0.087729422736827,-0.8414055499782961,0.17088085171852366,-48.24333712058552,-23.592211602734615,-0.5260235490756582,-0.43517153347827137,0.3256959000675712,0.14433003796163715,67.21007535853549,-4.89004598750749,-1.740330330868794,0.09077314232939314,2024-09-18 22:44:45.262682880,2024-09-18 22:44:52.204169984,010,RP
294,1,0.8198442665124173,1,-2.6918438428038414,0.47657725773276305,8.123256008804995,38.86653667082104,-0.26195564513061687,0.7532581296083718,0.17728517525623833,0.13197529189552268,-20.29547535035579,20.598086904396485,-1.3214553805768428,0.04926968752067829,-0.3880455106112038,0.04619440571157479,-22.268590123622662,8.358773574887236,-1.2890432886371856,-0.43980858740552187,3.159168381099417,0.5882327946377385,-13.766655215613367,60.4911818706631,-1.3986775913872789,0.1298482505389263,0.2249927012724801,0.30344887234414053,-31.63400883057511,24.117421098868594,-0.4811580847939356,0.9145518161863646,0.10162187328232267,0.13190732116262857,75.787591635329,9.298322966462178,-1.5252266030378643,-0.18224022837853054,-0.8595260898237255,0.1722926243901697,-47.906304200653665,-24.17671832749374,-0.6855838557409633,-0.48072835388528057,0.33384162236064796,0.14425698313333518,67.2159798680518,-5.439491767711071,-1.7475333902572765,-0.023494076066144825,2024-09-18 22:44:45.340178944,2024-09-18 22:44:52.267164928,010,RP
295,1,0.8198442665124173,1,-2.6660668042198985,0.50905105657185,9.515758265437057,42.369647228462874,-0.47972727221607014,0.7376986742565069,0.17541133924174412,0.13426129852378996,-28.61934680150428,22.020157950675795,-1.3306794140378817,0.027313579136860094,-0.38440076607221685,0.04578145212201523,-25.158119199639597,7.329199706722399,-1.1402300646133297,-0.5320222647571354,3.1254593480445587,0.5667751052598448,-13.684398669076195,59.77003174263272,-1.336081035958101,0.19195610611750327,0.19656099667624918,0.28516627230563324,-33.493044823126354,23.583426272156,-0.29002086256143667,0.9789331444941153,0.11114418150929808,0.12882925137114248,76.91328896302161,8.451535451016834,-1.484991063475179,-0.27359254414428735,-0.8769776374033253,0.17265877614670797,-47.82472158106542,-24.941211341634563,-0.878618628987343,-0.5008270419499807,0.3420634224071531,0.14312533645685216,67.31761800195675,-6.026894802046708,-1.7222780775556423,-0.13646684999698988,2024-09-18 22:44:45.411889920,2024-09-18 22:44:52.329649920,010,RP
296,1,0.8154442160376917,1,-2.6426204238404254,0.5348856984775845,10.628991054561578,45.08838884560159,-0.7243513625485587,0.6855227845953867,0.1737514141607145,0.13613865434362848,-36.08580542922118,23.269959724455575,-1.350115246938517,0.016742189267015258,-0.38121685084831897,0.046236784962630444,-21.587282544380628,8.770564130058336,-0.9950150331414873,-0.6155224497529743,3.0936328453494375,0.5472073174441324,-13.536927113778239,58.878282344285715,-1.238656811515492,0.26653579441539393,0.16899541131402895,0.2658844281212843,-35.80079926652744,23.05017079741779,-0.11298560857262485,1.0297966021352227,0.1203581961548532,0.12482671036369258,78.38898903662049,7.565242681149793,-1.4298577131018515,-0.36170569421380444,-0.893309892979554,0.1723989354230901,-47.87664008718356,-25.768676232502578,-1.07299147619708,-0.4861075640682311,0.35028865571642054,0.1409537588439047,67.52034544893164,-6.6516110408146,-1.6662436287437907,-0.2475279522593365,2024-09-18 22:44:45.465414144,2024-09-18 22:44:52.406880000,010,RP
297,1,0.758248817937206,1,-2.6226923274197764,0.5528973582393485,11.55584586709484,47.30742829247517,-0.9461818009024614,0.6137057923703386,0.17226969660669028,0.13762630749359203,-42.56562406457808,24.33276714347929,-1.3763655489988795,0.01648063517529955,-0.37840041167163013,0.04723594348021124,-13.252751131193099,11.985153516174872,-0.9053679787170572,-0.6655030994958384,3.06269274309563,0.528508991736527,-13.348019875906697,57.88088360863568,-1.1071783347199364,0.3508447447306409,0.14255087644615752,0.2461287214771117,-38.62154285314418,22.50553478341853,0.038477917122289096,1.064327402807506,0.12914695084132458,0.12003345606849915,80.1402232091002,6.650134532801558,-1.3605362800606957,-0.44628662245767037,-0.9081719222947386,0.17187788678289212,-47.96307092014087,-26.55871431670321,-1.2402203869021036,-0.43348864074431354,0.3584449665866692,0.13778499691510088,67.80964134497347,-7.306024626153048,-1.58115046059434,-0.3560487596894802,2024-09-18 22:44:45.547523072,2024-09-18 22:44:53.344342016,010,RP
298,1,0.758248817937206,1,-2.6075183671706834,0.5630273874221895,12.318812905706528,49.12153091336904,-1.1048437967533369,0.5417387390053232,0.1709492692014622,0.13873928678625036,-47.93643914015565,25.194699239129967,-1.4042623414196416,0.024715687226654518,-0.3758581449407055,0.04855500778667872,-2.001728450095858,16.247634058071938,-0.8666918094906473,-0.6813961374543677,3.0317135968800955,0.5096454061516877,-13.137523260544016,56.82920789831981,-0.9397337516996913,0.44234559467607726,0.11744118887719934,0.2264176243863355,-42.02079377303841,21.934971978269253,0.15114220457741512,1.0794672390224258,0.13740954480913106,0.11460341661170113,82.04413947308662,5.726352140746303,-1.2774230493472207,-0.5266121939229602,-0.9213306389198749,0.17135390989946675,-48.02411004156903,-27.246083988157164,-1.3637509119760975,-0.34811322033052045,0.3664622599513728,0.13368447547411919,68.14876063377098,-7.973948834736854,-1.468854831512556,-0.4612976699892063,2024-09-18 22:44:45.610832128,2024-09-18 22:44:53.406012928,010,RP
299,1,0.758248817937206,1,-2.5982845491702364,0.5666687419349555,12.854675738053652,50.4001053547783,-1.1809054715103986,0.4909089997492383,0.16979087435235704,0.13949606728993952,-52.08831935966076,25.844121287621608,-1.4281518856337088,0.038849061444912326,-0.3735131451480912,0.05005344093745881,10.69140952101855,20.993381996261885,-0.8610064076153039,-0.6726640138259816,2.9999751208005154,0.48962483962842973,-12.919196122209131,55.75726694736988,-0.7328767654553041,0.5379274162226144,0.09383632437088484,0.2072432912140407,-46.0552091766063,21.321651547264977,0.2111777896134277,1.0724064272147604,0.14506555651213762,0.10870394178273737,83.9099909138283,4.827550471157084,-1.1813145899960775,-0.6013036326881246,-0.9326788439288368,0.17096115965617503,-48.04234529223528,-27.808079066792004,-1.4411937156301469,-0.24171978319797924,0.3742744535104263,0.12873828260320574,68.47348331384438,-8.627875547244404,-1.331536064643778,-0.5623421730120612,2024-09-18 22:44:45.673319168,2024-09-18 22:44:53.483635968,010,RP
300,1,0.758248817937206,1,-2.5960118222129624,0.5668676876427768,13.000048101162225,50.74827855995429,-1.191321218106961,0.4783045885287828,0.1688052261850408,0.13993244104009264,-54.92288951923246,26.271270788030048,-1.4437630793035043,0.05567846453047604,-0.3713180259581907,0.05163624711693339,23.796150384669883,25.835939586239856,-0.8747721912653987,-0.6502539272481447,2.967090009961918,0.4675436580239083,-12.698242724532458,54.67682913203188,-0.48438414960251563,0.6327816609057321,0.07186180041187361,0.18904995290028254,-50.75589722400769,20.647410156037207,0.20688934840743167,1.041530208404357,0.15205780016853418,0.10250859660867535,85.45440176793458,4.005991652449766,-1.0744449094856217,-0.6681154607593492,-0.9422329530946559,0.17072391119496916,-48.03041049147521,-28.25583551573123,-1.4801227487750708,-0.1282696559994799,0.38182088806925196,0.12305066443139714,68.68316980566591,-9.224668890610577,-1.1719870245014412,-0.6579357008207093,2024-09-18 22:44:46.613522944,2024-09-18 22:44:53.554231808,010,RP
301,1,0.758248817937206,1,-2.6014385175314745,0.5681844047550298,12.513320616631345,49.55263423432547,-1.1882991441807795,0.5020536498975607,0.16799988156332857,0.14010997108539242,-56.356132399529415,26.467823568488203,-1.4498567789058314,0.0720549869648569,-0.3692629076760758,0.05322026765348755,36.66780458198432,30.540060138041667,-0.9006173661786732,-0.6237635391333111,2.933101262532914,0.44264784418047043,-12.465497879381195,53.56256756811434,-0.19689279196101817,0.7194534674664693,0.05159956131188378,0.17220916203780112,-56.10606348148418,19.895048262581277,0.1332286137139116,0.9878181884865362,0.15835304877688444,0.09618991019364005,86.27256125895617,3.3384768988537576,-0.9618046814803627,-0.7237761471933105,-0.9501210877577595,0.17059239061446432,-48.00672362570795,-28.612200470943765,-1.4913843161607445,-0.01934909124301748,0.38904731784174734,0.11674109821744141,68.62685239650477,-9.699092856781668,-0.994039843461755,-0.746375424192829,2024-09-18 22:44:46.670866944,2024-09-18 22:44:53.620167936,010,RP
302,1,0.758248817937206,1,-2.6149203818036155,0.575932922566986,11.18767134399264,46.25486982232661,-1.2098428483623904,0.5257042187256252,0.16736337416119604,0.1401080419816822,-56.33605254069801,26.42859184013363,-1.448316016084607,0.08585596394494556,-0.3673762258906156,0.05471577064350031,48.979714670790436,34.9939827209542,-0.934354095887941,-0.6007032169032588,2.898523704281586,0.41442276882658985,-12.184532652801185,52.31715671973725,0.118362028803769,0.7871340312241916,0.03308946166523714,0.15699203821028873,-62.01948621847975,19.05219141172409,-0.003045451492855733,0.9163077990657341,0.16394055494882498,0.08991315243695622,85.80833903448094,2.932533279450282,-0.8525456932477633,-0.7639549960249251,-0.9565626335513208,0.17048480228997542,-47.96933415039264,-28.88567260460288,-1.4841805034346884,0.07842234982932782,0.395906467692385,0.1099410907597997,68.08250038582888,-9.954302239418968,-0.8031935403890276,-0.8253123901256388,2024-09-18 22:44:46.733392128,2024-09-18 22:44:53.689577984,010,RP
303,1,0.7520474050838211,1,-2.636364757756535,0.5947284293712342,9.041250133744153,40.83603321866463,-1.214090252688204,0.4894400902788355,0.16685005330526778,0.13999671024107155,-54.875857120816434,26.156039685780485,-1.4421733864626651,0.09670427262242866,-0.36571763100079996,0.056025596886443464,60.64722090823597,39.17975795734225,-0.971876594471651,-0.5859610825157452,2.864316789535908,0.3827161929358065,-11.764808639742725,50.69813891249222,0.438051413360681,0.8204893393321716,0.01633084941648157,0.14354087006534744,-68.33403015383477,18.11595275646359,-0.18068178480176833,0.8366846787856231,0.16882858709725543,0.08383229815992893,83.33049780796742,2.931429792969913,-0.7609902392487884,-0.7834898228196162,-0.9618412980393458,0.17031946630680078,-47.87852277442859,-29.051540493562776,-1.4642359769629738,0.16347371260524898,0.4023581523701153,0.10279104381021348,66.72691372037599,-9.84811771789057,-0.6075440328480042,-0.8914964202316893,2024-09-18 22:44:46.811075840,2024-09-18 22:44:53.757353984,010,RP
304,1,0.6674480402948668,1,-2.6652055008729967,0.6268650587522223,6.406022962710353,34.073367638934364,-1.1187116725654198,0.35951932120111274,0.166368694744,0.13979875343534415,-52.08759383743732,25.66574499909007,-1.4328663995245865,0.1058736534026318,-0.3643647141139421,0.05705808719109351,71.72630991659307,43.134536407207456,-1.0075500769912333,-0.581243645216965,2.831796318726662,0.3479110664829302,-11.0063628541422,48.16777781292975,0.7226114049498897,0.7965276963709308,0.0012846094788484563,0.1318477209815942,-74.83649628091382,17.096135672486273,-0.36737866959119225,0.7619012549170615,0.17303951200561604,0.07808879704294086,77.93032964881995,3.5149737871314026,-0.7063256972223089,-0.7770856121503439,-0.966274629269048,0.1700261494398246,-47.654395979799396,-29.047233808421055,-1.433839717460595,0.23781977389652412,0.4083689955590174,0.09543773074064843,64.09339605533376,-9.173755769082936,-0.4191120421239436,-0.9404565654887137,2024-09-18 22:44:46.873156096,2024-09-18 22:44:54.700728064,010,RP
305,1,0.64848598889302,1,-2.7004165257797053,0.6715035027371139,3.757481867140712,27.14676612934436,-0.9254084377200029,0.16285831091948066,0.16577689966763492,0.13945659872440147,-48.1925779014216,24.98921615148865,-1.418772246354448,0.11537413357586422,-0.36339735888062136,0.057747121825210225,82.2858574031354,46.90246325352684,-1.0347299870871574,-0.5847350899314745,2.802506659720733,0.3111919515140352,-9.490763540671372,43.59792802856624,0.9096194430541114,0.6783472991219985,-0.012123269355084952,0.12175369989129911,-81.31990717156906,16.014136861428558,-0.5293729863080645,0.704694801202907,0.17660416207686186,0.07281292443410614,68.56959939356453,4.890323355153438,-0.7095431371560021,-0.7407524799781409,-0.9701832848632252,0.1695353969232645,-47.189028154855656,-28.782006344781067,-1.3922383146686013,0.30527517007868643,0.41391182181497654,0.08803302918537721,59.515723175233866,-7.634261406096865,-0.2555235936905924,-0.966176963457931,2024-09-18 22:44:46.950800128,2024-09-18 22:44:54.767818752,010,RP
306,1,0.6264352778890563,1,-2.7405593391360363,0.725159547053309,1.4469772143098034,20.96552691819378,-0.7310834654369751,-0.03960265250538756,0.16488233067096023,0.13881943085879023,-43.49336148344243,24.17128681010455,-1.3957031617001339,0.12687846989949614,-0.3628836051552054,0.058073135557534336,92.2610165786539,50.48001031134612,-1.0482982611741298,-0.5910235333341978,2.7780757662042186,0.27497209743939244,-6.409007978795621,34.80470975130161,0.9085459225216925,0.4115289945498301,-0.023995380550450272,0.1129795736809446,-87.64567817614288,14.89690859856116,-0.6414811973684063,0.6736225797791534,0.17955639826365966,0.06812622524729962,54.22452552483121,7.263639499205436,-0.7861007255932226,-0.6741521988569955,-0.9738630236938404,0.16875449373159374,-46.366310034000605,-28.15443488723788,-1.3357947263201941,0.3699807953764769,0.41896470425961885,0.08073444266424638,52.062890874731,-4.812513678232485,-0.14153952470806397,-0.9609633935325337,2024-09-18 22:44:47.013345024,2024-09-18 22:44:54.836387072,010,RP
307,1,0.594840871754462,1,-2.7838612480456346,0.7829817985409261,-0.4013135772358122,15.88279868401866,-0.6258905774584003,-0.19960356643743413,0.16345112777397608,0.13765883728593228,-38.31419259171526,23.26249798886518,-1.358154224482489,0.14128288205567133,-0.3628696882559773,0.05808045662734222,101.29455673237234,53.756724223503376,-1.04857181728203,-0.5913332640884152,2.7600715937684104,0.24347932930675986,-0.5254046707028253,18.450154506840104,0.6380869734169363,-0.03869819519514162,-0.03445334350902871,0.10518282436486547,-93.77018374224502,13.769303648623687,-0.6912554928322869,0.6708253119678079,0.181928761155907,0.06414212051081575,34.1745545669125,10.78266562458666,-0.9345506370436643,-0.5834657997382328,-0.9775616335034916,0.16754414594661513,-45.078399557806705,-27.0669139074526,-1.2582323082851592,0.4352586287321019,0.4235095931284464,0.07370736721484328,40.486394536268165,-0.14637647729268485,-0.10891446626292911,-0.9159515339149612,2024-09-18 22:44:47.961900800,2024-09-18 22:44:54.904230144,010,RP
308,1,0.5806146033942466,1,-2.828320647762725,0.8400014842708937,-1.8236567630633678,11.84211392259574,-0.635000251588743,-0.29873988026668885,0.1612230255318109,0.13571165069757457,-32.935797560195276,22.310008930957924,-1.3000675518068947,0.1591229421991975,-0.36337603048571954,0.05788690892835012,108.58743262135222,56.4580702265825,-1.0453720944366276,-0.5745765680507859,2.749877304214187,0.22301844455097808,8.786276310904876,-7.161181815912076,0.21999302405353482,-0.5239707471311146,-0.043625695166974045,0.09802133238811925,-99.71623977656073,12.649809720310866,-0.6769970865427788,0.6921691621712897,0.18374981449831318,0.06096115925438567,8.432671548699158,15.45049816720132,-1.126482692463152,-0.4831730510323682,-0.9814621459948725,0.16570914293819128,-43.227550692649245,-25.426204668909662,-1.1517404739032702,0.5025796207861544,0.427530586828515,0.06712788102256569,23.24162528097749,7.063494304775243,-0.1913866146422909,-0.8230890483010889,2024-09-18 22:44:48.043459072,2024-09-18 22:44:54.971396864,010,RP
309,1,0.5806146033942466,1,-2.8718317876098154,0.8919646468501137,-2.9172624393692628,8.622112993819204,-0.7334279009896014,-0.340435255534713,0.1579317704478302,0.13274086202220825,-27.550484155490885,21.351096739371567,-1.2157851999620084,0.1812776510029765,-0.36440000840138453,0.05768240994929544,112.82711536133898,58.114201785575865,-1.0594897343676897,-0.5303727855191761,2.748597619498452,0.22026503396285102,18.836745993732883,-34.774635197471184,0.14083282496059324,-0.6065487820018335,-0.0516346341887691,0.09120431962213628,-105.4983860377538,11.552629429435038,-0.6047739439812951,0.7284245756251552,0.1850433859389936,0.05865874353730843,-21.83099762633638,21.039681719203408,-1.3093315326150425,-0.3939532592262655,-0.985672964661464,0.16301031929914844,-40.70640246755149,-23.12320040089421,-1.0097896973743015,0.5704900654538748,0.43101210517123184,0.06118323210105302,-1.286135140206302,17.554339814315018,-0.410239435047385,-0.6796699630934872,2024-09-18 22:44:48.101136896,2024-09-18 22:44:55.039052032,010,RP
310,1,0.5806146033942466,1,-2.9123169924525545,0.9357702533938452,-3.7797462717528485,5.992180705614988,-0.8785088735837379,-0.33788284150841214,0.15332889582519096,0.12860221273878616,-22.248090903060735,20.411275212384776,-1.1038846156777018,0.20886468276853953,-0.36592408906645774,0.057715300467791615,112.32474972656266,58.1023317233103,-1.1161640432123583,-0.4550566402240737,2.7569960515277807,0.23779722950623267,24.616670828180233,-50.86806427505198,0.5838928495464959,-0.14567290983198294,-0.05858330286060678,0.0845242935055355,-111.00961583990102,10.496690054811475,-0.48985845558327856,0.7656026324097585,0.1858295077763058,0.0572670224860205,-54.19480162806187,27.070993310577272,-1.4304864434960478,-0.3350381377185099,-0.9902247903623782,0.15919762197569595,-37.35503170142158,-19.989878435520193,-0.832478612194671,0.6333915290760955,0.4339373562204931,0.05606536540507045,-34.16144115784591,31.823925460717597,-0.7492370753210356,-0.4955693987434322,2024-09-18 22:44:48.179174912,2024-09-18 22:44:55.107225856,010,RP
311,1,0.6148902212035438,1,-2.9478544171411136,0.9696534039724134,-4.486315360948064,3.7749954465412157,-1.030168581070041,-0.30679496853088434,0.14720894677713034,0.12330424809084883,-17.029439553107697,19.506885860817782,-0.9776394870518494,0.24082972459899152,-0.3679255869152716,0.05826710816653389,105.49811540486776,55.81545602879104,-1.2256406969358,-0.3592810085953161,2.7754519325701583,0.27188841372278744,25.19841504018013,-52.93698972097285,1.1025650893146945,0.4218275610075989,-0.06454553593932293,0.0778762757973474,-115.84258377947069,9.522878345358151,-0.3666446525194891,0.7832552287103864,0.18612649664955763,0.05675796233326212,-85.50639882996032,32.91500645534034,-1.4705128206234015,-0.3142932781263313,-0.9950734955273097,0.15405884406203255,-32.89453406999616,-15.732479000773258,-0.6356708660230144,0.6799499267873726,0.43628752593043907,0.051951733579106645,-74.81139886838122,49.6392801236813,-1.1334765079015268,-0.29940087567281304,2024-09-18 22:44:48.243859200,2024-09-18 22:44:56.042377984,010,RP
312,1,0.6148902212035438,1,-2.976792636111547,0.9932035771520559,-5.085747953777015,1.8607829420772073,-1.1589594547429949,-0.262494536815712,0.13943407024838908,0.11705130630086465,-11.843040776873773,18.651323379637148,-0.8853748784691873,0.26721732130097303,-0.37038424396829384,0.05961735389645487,91.6660417184834,50.95165755946656,-1.3582036879689625,-0.2710672438995788,2.8039264782588886,0.3159034882073377,23.218049089321948,-48.101702615064454,1.419264257056006,0.8153740294982543,-0.06955982333116872,0.07127605943249334,-118.96771593249473,8.724626697623005,-0.31148850112665327,0.7506681453971896,0.18595338677154696,0.057037208710908054,-112.88378633609292,37.99112238079214,-1.4549505071841378,-0.32375333531199013,-1.0001078738916795,0.1474771609312209,-26.8335597970728,-9.836454437595712,-0.46652037133742663,0.6907393818440012,0.4380419829420127,0.0489706991573602,-119.94947865057614,69.542907480959,-1.448493522901721,-0.13393489957323212,2024-09-18 22:44:48.303523840,2024-09-18 22:44:56.118969088,010,RP
313,1,0.6148902212035438,1,-2.9978444097046526,1.0072466503448583,-5.6025822908843415,0.2043299993620844,-1.2482495550104071,-0.21896758545939227,0.12995480647588342,0.11026085723645533,-6.64977277254931,17.864169933765247,-0.9385627746018432,0.25629994306606113,-0.3732860798411067,0.06200241807288584,71.74817529439933,43.78259509139885,-1.441807246193369,-0.22658044184657408,2.8419368329512733,0.3638770267596924,20.739368609446032,-41.9399755433381,1.5305985207804298,1.0483001866510802,-0.07362828238436252,0.06489015115302225,-118.15636355114724,8.300349898946735,-0.47923114856709015,0.6238024379213478,0.18533192872078771,0.05795413724412316,-134.5975098432377,41.945216100262456,-1.4316999690672407,-0.3448316502696476,-1.0051615432408594,0.13949135936837034,-18.34135922741927,-1.436028946167731,-0.4297149104685065,0.6348403694306738,0.43917946477389547,0.04716004757914377,-163.73817070903627,88.91044217505127,-1.615982947775715,-0.03405223446736849,2024-09-18 22:44:48.381179904,2024-09-18 22:44:56.181821952,010,RP
314,1,0.6148902212035438,1,-3.010152717650967,1.0136051013981853,-6.040577275495403,-1.1830601020131646,-1.294122149190708,-0.18823693206392672,0.11882314369460226,0.10354621882777015,-1.5258532945015089,17.181306685269444,-1.3261112175291114,0.13822808625260927,-0.37662399472845065,0.06557824485677072,48.24652352835039,35.170798423007504,-1.4038319681459237,-0.2503657818751106,2.888547991393595,0.4114460434325914,18.55806573040424,-36.605863489709506,1.4807352900662716,1.1922315203869205,-0.07672018929506065,0.05908755910839667,-109.18160214978049,8.623566815530841,-1.114512711721859,0.35634204812343945,0.18428760111798584,0.05932463834553095,-150.3160987549236,44.701393248959114,-1.437761883279582,-0.3584495456458469,-1.010028429033689,0.13035348542608682,-6.094513945396359,10.844367654007407,-0.7273782545917107,0.46624886742738403,0.43967987481142,0.046441540906917884,-200.0000378172036,104.93599158974736,-1.6566182928253703,-0.001862360517720599,2024-09-18 22:44:49.597014016,2024-09-18 22:44:56.243855104,010,RP
315,1,0.6075962124215573,1,-3.0144933505823666,1.0150988257845923,-6.361570760895475,-2.1769127579786183,-1.3065840796253831,-0.17593090317287133,0.10806358587782532,0.10225561402019039,-0.3841734303564795,17.0415151584833,-1.367526241185631,0.09100900672335462,-0.3789206218310355,0.06946378759530421,19.325389558943815,24.322788628801995,-1.1263485243582065,-0.3914342155501363,2.9454908205210883,0.4508506694319727,16.923664332902305,-32.84849794214389,1.346210601022368,1.361302722007755,-0.07759413812050853,0.057521725567098926,-83.63493502194656,10.510419300207321,-1.2416104155316399,0.28447875483902246,0.18137497304328765,0.06130225357859902,-151.67139562845148,44.5093952935482,-1.5431273919880155,-0.28181024710899766,-1.012984246109848,0.12460990745468853,9.28391010348468,26.404454677130026,-0.9945042357213358,0.3279036936149165,0.43757655954450436,0.047428569952516646,-201.553668808785,105.19516096092062,-1.6902674538356128,0.07430250560353654,2024-09-18 22:44:49.664366848,2024-09-18 22:44:56.321472000,010,RP
316,1,0.5610789520580013,1,-3.0115840682312274,1.014629212987236,-6.526589136825566,-2.6553718643548714,-1.3013988605996376,-0.18467838558803357,0.0966496287215094,0.10420619545617199,-1.9945409145202924,17.19277163885825,-1.188903517107024,-0.016061033096283466,-0.3818000342496549,0.07470293759788173,-6.792894591827459,14.406472612185977,-0.7317342959018456,-0.5749557694586478,3.0038571717804,0.49129550675518086,15.60434295849912,-29.873217506808558,1.025584164251181,1.4099082899572857,-0.07737189713404188,0.05796072521206063,-48.42136139448672,13.25354740709551,-1.1851830059123862,0.3104024500306454,0.17817907411004663,0.0629264226967645,-151.91491523390445,44.06805893988331,-1.6266210992742023,-0.18955665613748024,-1.0143178648539768,0.12196477232242782,26.1296082875739,43.503728487722725,-1.1471284590253448,0.2533338428530297,0.43500368117647176,0.04824596826327992,-201.31113482433753,104.57108471039984,-1.6846128217221261,0.16606599584053666,2024-09-18 22:44:49.732701952,2024-09-18 22:44:56.383004928,010,RP
317,1,0.5610789520580013,1,-3.002189362484024,1.0148267641838393,-6.503329697685297,-2.524227239117244,-1.2952411666666148,-0.21247721095234773,0.08484731216942731,0.10927374464959558,-5.652024587168649,17.479559094536775,-0.8443782902078087,-0.15892656350683337,-0.3853333440450247,0.08129303367140335,-27.749571798134482,6.307164703207327,-0.3363888121755898,-0.7619550446158726,3.0620829838367696,0.5310307961043705,14.593500888779241,-27.686510746137706,0.606600447565727,1.3680026402983134,-0.07596840813292591,0.06089033358012767,-10.417845943969516,16.208572827462582,-0.756792689958456,0.48760861050457655,0.17474730226286417,0.06411784022092634,-151.68599566273488,43.50671853311943,-1.679997803694236,-0.08699616973908747,-1.0139119946552348,0.12274638131369747,41.436890048183315,59.013359841063206,-1.1064090141219827,0.27456403348740877,0.4319731556155836,0.04885367196621161,-200.41308633222664,103.5730733295903,-1.6338841401800677,0.2628524107403106,2024-09-18 22:44:50.676414976,2024-09-18 22:44:56.458163968,010,RP
318,1,0.6146089079613587,1,-2.987438703953424,1.0177476249902038,-6.271771700031591,-1.7365335190341338,-1.2999281067831996,-0.25199320093533667,0.07294629736964765,0.11674181159405793,-10.155334931749898,17.740794081819807,-0.5336906946497662,-0.28907329648637925,-0.3895870080621478,0.0890959160717165,-42.7892519780041,0.32986334467204537,-0.05730347112678791,-0.914746730968412,3.1188381725544394,0.5683064730021107,13.859663943929677,-26.22604896710428,0.16152923506381045,1.2688822566050197,-0.07330566747814568,0.06650540055377784,21.63651781772543,18.586079380531153,-0.07144258539277715,0.765669034593622,0.17112595633775993,0.06482340695442554,-151.39120827656956,42.90696529745695,-1.6994975944716368,0.022090627835257927,-1.0117208715067307,0.1266351050449114,52.730661313061034,70.34871061877632,-0.9796347306132716,0.3568566645628256,0.42849565101264653,0.049254342852596784,-199.49546443274176,102.48293890617796,-1.5390564895154997,0.354421297496001,2024-09-18 22:44:50.743555072,2024-09-18 22:44:57.376163072,010,RP
319,1,0.6146089079613587,1,-2.9687546669918468,1.0245406593448698,-5.835190526196857,-0.32324910743352714,-1.318444782207848,-0.2931364411607947,0.061241048495216166,0.12561236550798932,-14.591708611355893,17.89361153469611,-0.38886786283032615,-0.373614538650863,-0.394609148046105,0.09783795965048639,-52.481049568217024,-3.709502258679528,0.046616691071989624,-1.0108391976077258,3.173080391107574,0.6016232620739993,13.359795637619207,-25.39170556693399,-0.26161086876748385,1.139197270321542,-0.06932439074962295,0.07466598990799497,43.117425950047405,19.98908928467902,0.5496468767561975,1.035965881434324,0.16736052814042598,0.06501037522667907,-151.284351778315,42.31902901300077,-1.6837862842699518,0.1351700686198323,-1.007772944297591,0.13278242296836573,59.416478118147495,76.87831909291889,-0.916642661764572,0.4349440081194429,0.42458350432769615,0.0494823051308803,-198.8364568923607,101.4226796554614,-1.404471049601119,0.43035341929363663,2024-09-18 22:44:50.812172032,2024-09-18 22:44:57.438651136,010,RP
320,1,0.6146089079613587,1,-2.947769541174926,1.0352865084152731,-5.2226358727122975,1.6048730497711656,-1.3462984663617767,-0.32694849865155173,0.05001370099293027,0.1349057704632951,-18.57496710352887,17.929002850669413,-0.4123412342689141,-0.40654514930183233,-0.40041251505966574,0.10712518727799102,-58.06699908628542,-6.250753146106855,-0.01828557831833777,-1.0450989324273487,3.2240588722845227,0.6298896581046651,13.048178672153272,-25.068096215109424,-0.6362255743806013,0.9968074285759027,-0.0639932459486967,0.08499855335505253,54.687962163578945,20.49966021316693,0.9032418957448645,1.2265060567836135,0.16349656783097974,0.06466129214927295,-151.52127119763722,41.773207794200765,-1.6325764407058638,0.2505960609884419,-1.002169445411571,0.1400996428305015,62.449389985709786,79.58487052826966,-0.9648614371128463,0.4664580747526351,0.42025380232182724,0.04959308901615151,-198.46446618406821,100.40544653962635,-1.236552494751992,0.4797770019563675,2024-09-18 22:44:50.870545920,2024-09-18 22:44:57.500364032,010,RP
321,1,0.6146089079613587,1,-2.926230318680966,1.0490595331570323,-4.4808664358393475,3.8879527814869803,-1.3764623048464963,-0.34865483985506535,0.03951923803353977,0.14382588039545816,-22.068908102777606,17.872146432453977,-0.5445915850762186,-0.3972628378409023,-0.40695736223185236,0.1164742552476261,-60.891341960356804,-7.780179906944523,-0.2070567337882725,-1.0243034213969577,3.27127830195546,0.6524785150175006,12.880842781557527,-25.136821502208754,-0.9504859288897891,0.8524618616776068,-0.057314193616896984,0.09702293357558416,59.37832163158556,20.403220622639076,0.9803035551192023,1.3242543204855084,0.15958081950167421,0.06377031305252903,-152.19186324473102,41.28690225808089,-1.545828119701245,0.36725265727493384,-0.9950791941279026,0.14751897928537014,63.24072124533228,79.92952593287256,-1.0859457785911732,0.443806483614321,0.41553105489122166,0.04965268731553202,-198.2423180318063,99.3758395358375,-1.0440932723088368,0.49215429283949635,2024-09-18 22:44:50.947770880,2024-09-18 22:44:57.568201984,010,RP
322,1,0.6146089079613587,1,-2.9058942173045517,1.0641865195223046,-3.660368684821788,6.363355805573693,-1.403581709724225,-0.358290289369524,0.029972968562717535,0.15181099538408288,-25.173356741210142,17.75452023022236,-0.7239986400832139,-0.35902469408000165,-0.41413885128340455,0.12536024319615724,-62.08539362588095,-8.711973597700348,-0.4651317253015108,-0.9604768601703577,3.314439783067202,0.6692086522072884,12.816831376196602,-25.48061580612995,-1.2012738664814855,0.7123314707064847,-0.04932444001592206,0.11022724369613036,60.09948081594574,19.964373236494172,0.8589829457608489,1.346369061792614,0.15566239317659633,0.06234146386791285,-153.33195501964835,40.86801906880469,-1.4234287066664812,0.4841954622970084,-0.986730488849786,0.15413827309210734,62.95907484128242,79.12363869566887,-1.2251311069070945,0.37829703115891417,0.4104491341946436,0.04972648466239617,-197.94615730525533,98.24682888309873,-0.8393197944812028,0.4593754973066479,2024-09-18 22:44:51.010351872,2024-09-18 22:44:57.646652928,010,RP
323,1,0.6146089079613587,1,-2.888419098766556,1.0786131135064103,-2.80284466732184,8.904209932031607,-1.4250694575516474,-0.35919118659661137,0.02154028537149255,0.1585264086856566,-28.00285539138598,17.603189496347092,-0.907174077535124,-0.3037781959467601,-0.42178429673850976,0.13327813201283928,-62.4673454190249,-9.347745356684982,-0.745007963229352,-0.8663264406944869,3.353379814460917,0.6802830899968427,12.817587858279001,-25.982240394032107,-1.3901725811601267,0.5800982598271431,-0.040095401480173536,0.12409910130312522,58.849408872579374,19.35959067561695,0.6210272834916282,1.3152507971404406,0.1517936342389873,0.06038927988983073,-154.91472943129293,40.515069777525355,-1.2653406124018742,0.6002542765986958,-0.9773999652996659,0.15927420091956748,62.36443490873253,77.95499651572848,-1.3447742532090154,0.2852713358999197,0.405052151504188,0.049869122151712436,-197.34464265333395,96.93487209455809,-0.6386872937974233,0.3785892895795052,2024-09-18 22:44:51.072429056,2024-09-18 22:44:57.708259072,010,RP
324,1,0.6146089079613587,1,-2.87525506160446,1.0902793189284612,-1.9346966836690258,11.43725356761127,-1.4400793104605218,-0.3558414575074898,0.01432940921121992,0.163834597041138,-30.638063569853603,17.43902535033181,-1.0689714448946868,-0.24100552920090765,-0.42966311338452573,0.13980723373932483,-62.558015095523764,-9.87887153309889,-1.0112974322367763,-0.7531726649603356,3.388023281071316,0.6862084779018486,12.845360928126363,-26.52038187825596,-1.5213780118707192,0.45830816978265976,-0.029728362321291245,0.13814424260987473,56.79978383449941,18.68856455360302,0.32647210960138073,1.249107736774299,0.14803026452336404,0.05794178149877245,-156.81732300453302,40.21370980620684,-1.0723481485558075,0.713536785719025,-0.9673973659718869,0.16247251632909016,61.88192524458969,76.86441148288526,-1.4265767775355125,0.17783894905838482,0.39939393735213463,0.05011737100514185,-196.26770882505014,95.38813300271907,-0.46213649884952623,0.2543805259440074,2024-09-18 22:44:51.992598016,2024-09-18 22:44:57.769790720,010,RP
325,1,0.6381361923050883,1,-2.8675447800211287,1.097435281736544,-1.0666003099499382,13.941475848834127,-1.4483569923909465,-0.3522831294412474,0.008388308029707865,0.1677575733048634,-33.11197014410164,17.277753405039217,-1.1975748000278106,-0.17797755144461228,-0.43750778578647664,0.1446646696975908,-62.635894556690836,-10.40369153825304,-1.2397751044100742,-0.6306078742105681,3.418356339699859,0.6877126846317176,12.86125936234598,-26.96436747779953,-1.6008998837549968,0.3490915735822816,-0.01834694597392832,0.15190718502579212,54.57361405375292,18.001259148646216,0.014552334261616284,1.160782241972751,0.14443059167240052,0.055045265022907554,-158.75241318584398,39.92870496585285,-0.847740776198215,0.8207554289785194,-0.9570463496080752,0.16350226181376065,61.71144036957186,76.06070873475517,-1.4648378262503046,0.06594654056001585,0.39353608408989976,0.05048767453911339,-194.64669680929867,93.60049884336533,-0.33005896818674163,0.09885205503741124,2024-09-18 22:44:52.065604864,2024-09-18 22:44:58.721989120,010,RP
326,1,0.6381361923050883,1,-2.866037464062424,1.0988721711094858,-0.1968751806154263,16.435748356612137,-1.4498907219781847,-0.35139097470994857,0.0037060152944335236,0.17043641073673269,-35.409693470842114,17.131228865574148,-1.2900833266645992,-0.12019944904789395,-0.44504130589036445,0.1477387076889909,-62.78967240508012,-10.943997803585034,-1.4150944723098067,-0.5070041077041225,3.4444198944742506,0.6856718918135255,12.823566837290505,-27.16974873248367,-1.6364493901775496,0.25441746421364664,-0.006087525855870671,0.16499306607349956,52.47314670030192,17.31943163727699,-0.29020948175020367,1.0589469073159925,0.14105394889225806,0.05177020028983773,-160.14594462783953,39.58921788883768,-0.6005179871303863,0.9163035393954325,-0.9466640363009546,0.16234065141285073,61.90608272259668,75.60426214175416,-1.4609252676122564,-0.04270422067442488,0.3875449067865027,0.05097845714508196,-192.51608101237218,91.60862667084254,-0.25866772386021,-0.07077192838113361,2024-09-18 22:44:52.127860992,2024-09-18 22:44:58.785990912,010,RP
327,1,0.6381361923050883,1,-2.871015556096463,1.0940780555730596,0.6835564403305551,18.962501173658946,-1.4451138722835892,-0.3546827801577075,0.00021648597773687916,0.17209097600530218,-37.47406696045111,17.008112610025716,-1.3494261221825603,-0.07165113110991594,-0.4520062220186029,0.14909882663097196,-62.953100634856206,-11.455193182318272,-1.5296192858216224,-0.3901579651667791,3.4663220343717613,0.6810469817134789,12.687216440692827,-26.977977903217198,-1.6375126370025226,0.17598072719273208,0.006910608331083349,0.17708425397000588,50.62579243543193,16.65014497702801,-0.5730564808917369,0.9494126625061544,0.1379586819060594,0.0482176613860164,-159.9334226658959,39.06420418371168,-0.3508251065818273,0.9911031446745533,-0.9365429457883561,0.15914844835862635,62.41273620816888,75.45220782311007,-1.4206219742075916,-0.14153410646475587,0.38148787045278565,0.05157555856045676,-189.98458595917856,89.47681511642121,-0.25582703552399666,-0.23599955287779203,2024-09-18 22:44:52.204169984,2024-09-18 22:44:58.861973248,010,RP
328,1,0.6381361923050883,1,-2.882233559558333,1.0833348506845155,1.5855710260091278,21.569986022226846,-1.435013843246778,-0.36222213159799255,-0.0021980323853679176,0.17298137642054037,-39.21563117457826,16.913802772665633,-1.3821738978601399,-0.03473533736793126,-0.4581907930286731,0.14898179615144805,-62.92497802890929,-11.83164558437778,-1.5838620532587697,-0.28753095147222735,3.4842613377887885,0.6748158361846184,12.405498230641161,-26.22399786103022,-1.6150750955349846,0.11480956549577662,0.02051320705569053,0.1879457860603143,49.069211175632574,15.993433111094843,-0.8257886877589895,0.836044474704758,0.1351999145205841,0.044525896836265906,-156.253713708452,38.125488736906526,-0.13753760011246197,1.0316553213445243,-0.926937293187544,0.1542368706750154,63.08306086735711,75.47404168637307,-1.3534002971074433,-0.2242951781513176,0.3754300128308065,0.052258291004216445,-187.19542219130327,87.27877975514919,-0.3193442611056003,-0.38075313997954474,2024-09-18 22:44:52.267164928,2024-09-18 22:44:58.923612160,010,RP
329,1,0.6370907926726949,1,-2.8988787361477293,1.0677500119446255,2.515482595418396,24.2920790070081,-1.4206819895419558,-0.3723795262839913,-0.003705796132101491,0.17337082361835196,-40.52781240580342,16.849812189544046,-1.3966533387931948,-0.01001197430944781,-0.4634482980931124,0.14775442693474997,-62.388177952870855,-11.91369489338823,-1.587421629992054,-0.20572639803831988,3.4985480256151154,0.6678896095377812,11.934493793174536,-24.753399696826623,-1.580558208907213,0.07077896145638567,0.034595529167862654,0.1974177474200535,47.7988815487034,15.346372399190614,-1.0446482457909023,0.7213340269176187,0.1328272254065058,0.04087608587742592,-146.0908046080317,36.40483623348883,-0.023878466200222714,1.0208726935270664,-0.9180535009167851,0.14802852370803143,63.66547644020492,75.44831353346522,-1.272422749176113,-0.28479096438478513,0.36943076387120716,0.05300403599065344,-184.29367978605308,85.08375489999722,-0.4382913911194226,-0.4937211863178663,2024-09-18 22:44:52.329649920,2024-09-18 22:44:58.985626880,010,RP
330,1,0.6370907926726949,1,-2.9195741933585118,1.0491864586560566,3.4677832847653325,27.12445058636087,-1.402425155222922,-0.381599460375173,-0.0045250747052402425,0.17348959988119578,-41.307702576077475,16.813079559941404,-1.4010215509678314,0.00404567811563961,-0.4677070114528901,0.14585671643922157,-60.94720508933493,-11.505435148739217,-1.5582467146788557,-0.1491468572873692,3.509614269981654,0.6610162766896609,11.239465940943653,-22.446190053308612,-1.5440269235348094,0.04231523761957295,0.049042957878184204,0.205398278114366,46.793777512970806,14.705094740470251,-1.2287552293549535,0.6067785215757,0.13088238497225016,0.03749396768727371,-125.16231388489123,33.38154214989994,-0.08624907019830186,0.9443546913289207,-0.9100442457360031,0.14101384014491647,63.791676959133774,75.05324854250968,-1.1941239611323118,-0.31726610305446995,0.3635414277155935,0.053790617554231326,-181.40803795392938,82.94933711685606,-0.5963783876484317,-0.5691055575569489,2024-09-18 22:44:52.406880000,2024-09-18 22:44:59.063735040,010,RP
331,1,0.6370907926726949,1,-2.9424428203675537,1.030041244321452,4.418210960531911,30.00033311968635,-1.3794766867198176,-0.38479720646506643,-0.00492054915001082,0.1735018158216764,-41.47991433481105,16.79589604277733,-1.4014016492380568,0.01097205494546427,-0.47097034239219715,0.1437331332014149,-58.2005659727999,-10.41074048362922,-1.518270948454283,-0.11831049355545795,3.5180124946480613,0.6546873648271991,10.301172456890452,-19.239653412865067,-1.5123846358469113,0.02655394719054685,0.06374847127120892,0.21182411311467694,46.02938536112886,14.065697049674673,-1.3788802591715752,0.4931682067455594,0.12939735659562335,0.03463934290708124,-88.8611258982724,28.49839479534733,-0.36006400480768264,0.806301458437865,-0.9030057676880943,0.13370320915924838,62.97757353229862,73.8691121346667,-1.1362320508723085,-0.3175828840698844,0.35780347769444604,0.054596939301041245,-178.6441549160976,80.91949989876505,-0.7757918361467366,-0.6061014840044583,2024-09-18 22:44:53.344342016,2024-09-18 22:44:59.133227008,010,RP
332,1,0.6615415890184916,1,-2.965232253338899,1.0128468672550235,5.320736007951654,32.77721802227988,-1.3517215784659822,-0.3772285752752892,-0.005193416612361275,0.17347937865839066,-41.016625003102654,16.786983578325888,-1.400493017725877,0.015731858845014275,-0.4733083470657725,0.14176369495758304,-53.84562497227051,-8.485583752348825,-1.485866066871259,-0.1089268250138087,3.52440073787844,0.6490689708699742,9.11941349776171,-15.140467660529985,-1.4885641967790315,0.02004164167761513,0.07860841401942638,0.2166546173442566,45.48341076536925,13.424621215540226,-1.496522270119087,0.3808230259059715,0.12839276773187822,0.03257087375772502,-35.28210707736263,21.52996737907508,-0.7489634297833594,0.6489503566437659,-0.89697837536906,0.12657585279827413,60.664459091357465,71.41470795840857,-1.113592947499568,-0.28500946940624083,0.352247626114285,0.055402763227147996,-176.08414047961014,79.02522048031695,-0.9602627014736571,-0.6076582951308926,2024-09-18 22:44:53.406012928,2024-09-18 22:45:00.075406080,010,RP
333,1,0.6615415890184916,1,-2.9854797711767143,0.9997291973127018,6.113573809745416,35.2519509385907,-1.3229646424502488,-0.35793449190526483,-0.005664854965601967,0.17338833770668705,-39.9456561084231,16.773713651639977,-1.3969941275574607,0.023730608265220606,-0.47484281867271755,0.14020944779884775,-47.78187509863972,-5.688880253305816,-1.4692207069933312,-0.11289390679148645,3.529508643371739,0.6439821871609891,7.711525737645832,-10.217896744604596,-1.4723185814166415,0.01978909170766886,0.09351836409115648,0.21986219130515997,45.1373125914677,12.778832366974784,-1.5832786387747462,0.269791085444198,0.12787702632332315,0.03147978111246628,30.59883400510113,13.087112098466688,-1.0248454100505504,0.5446211614282154,-0.8919500795684737,0.12002995838347755,56.32015454852084,67.2347663308619,-1.1327315053251128,-0.22386171882775485,0.346893478255388,0.056188204728988014,-173.78825232785533,77.28601132993477,-1.1368475690686053,-0.5790219314408036,2024-09-18 22:44:53.483635968,2024-09-18 22:45:00.135514880,010,RP
334,1,0.6615415890184916,1,-3.0006921695385724,0.9918355690890902,6.736519665876032,37.214221811336806,-1.3014979460521512,-0.3329522870754208,-0.006654250586236188,0.17309053492468846,-38.34278826483187,16.744857478710806,-1.3858747199436239,0.039688235510016795,-0.47572842337637156,0.13918655456494056,-40.15789278794488,-2.1042510221263786,-1.4656720942643493,-0.121257316610603,3.5340776796014333,0.6389577613321338,6.105479695111881,-4.5772395137546615,-1.4622374208368762,0.024208966075812605,0.10837019720119671,0.22142929207192616,44.975515741127545,12.125994489908482,-1.6404727378488249,0.16001642657478565,0.1278462490021813,0.03141607033606824,96.68150519612976,4.63963221278991,-1.0404871952799766,0.5384909854058784,-0.8878632927648167,0.11434273804687732,49.58882864064305,61.02810068123158,-1.1882012213171649,-0.1437299174711194,0.34174970604412813,0.05693313125837786,-171.79729455495922,75.71167491333384,-1.2964907484174646,-0.5263919124248715,2024-09-18 22:44:53.554231808,2024-09-18 22:45:00.210396928,010,RP
335,1,0.6615415890184916,1,-3.0085288163052133,0.9889171175138746,7.153479497227897,38.52144920425866,-1.2936587478463886,-0.3151353258979867,-0.008453378688775394,0.17236108453553953,-36.310729434251634,16.6930516536266,-1.3594150417230875,0.06664200449962207,-0.47613228441371164,0.13867642030283228,-31.328568031048366,2.0834573359665747,-1.467420370166338,-0.12750110227982747,3.538778812156469,0.6333745471718011,4.330243632495053,1.676225581851041,-1.45773986921339,0.033421902698076204,0.1230502106326518,0.2213507273231428,44.98326573756366,11.464799676048244,-1.6689915369316064,0.05148267418493925,0.12828515336744084,0.032262446397875455,150.66308948578828,-2.327837541496821,-0.8981633463616463,0.6033668546940302,-0.8846245125447489,0.10965086516120971,40.42918190213791,52.764645332761724,-1.2641854023863812,-0.05736859680033875,0.3368149193312019,0.057616457985480506,-170.13553263630152,74.30418570026696,-1.4337145857827953,-0.4558614669617567,2024-09-18 22:44:53.620167936,2024-09-18 22:45:00.278400000,010,RP
336,1,0.6615415890184916,1,-3.0069811870793224,0.9892511470809061,7.366790839986067,39.15180146498639,-1.2938868618955484,-0.31935981739338215,-0.011298402018520094,0.17092075577492338,-33.95082787164119,16.61640989784462,-1.30899748558607,0.10523966143076306,-0.47621448423291324,0.13856674942255762,-21.745806165700003,6.644332132572276,-1.4683532903571033,-0.12912189844566155,3.544121946510233,0.6266623692039655,2.408139269423372,8.465260764983505,-1.4597595016434,0.04868628351703193,0.13743790409731435,0.21963930748868435,45.143331292241385,10.795595163223641,-1.669283569160919,-0.05565363489930812,0.12916889624401523,0.03378423199101384,187.21768521220645,-7.182701756220203,-0.7931018418425504,0.6741878821388267,-0.8821165487365058,0.10595815899940379,29.1581303547277,42.720869316121544,-1.3415057101220853,0.023120632988433507,0.33207936410430816,0.05821539175894736,-168.81412719995973,73.05968801238642,-1.5458267542482336,-0.37270899838186683,2024-09-18 22:44:53.689577984,2024-09-18 22:45:00.339462912,010,RP
337,1,0.6615415890184916,1,-2.994531905606029,0.9899649229434151,7.414066606273191,39.201659002773276,-1.2814290367136763,-0.3561614164738951,-0.01534395043407814,0.16847947770378757,-31.334175747119996,16.519209960443494,-1.2275460256004567,0.15338044792202588,-0.47611214278009023,0.1387067308903609,-11.84590214610284,11.3600221460557,-1.4668181315512432,-0.12689739587881183,3.5503768200041677,0.618520399481915,0.3535658126006147,15.744708134596845,-1.469638807144878,0.0711109314062423,0.1514058759159723,0.21633376499246942,45.431159383258375,10.121455519699616,-1.6414983241104173,-0.16091561642452157,0.13046550480438562,0.0357146748257642,208.08618857699736,-10.148069635518555,-0.8110067402372096,0.7065295888662902,-0.8802119032762351,0.10316788573393465,16.364660729724154,31.404369167380366,-1.405544791071128,0.08967019784778965,0.32752722953719987,0.05870491876035043,-167.8346606632238,71.97042142734175,-1.631959842268249,-0.28104190817456354,2024-09-18 22:44:53.757353984,2024-09-18 22:45:00.403027968,010,RP
338,1,0.6615415890184916,1,-2.9702736589909073,0.9876322029524043,7.351649879801432,38.83641198809787,-1.2277939570274954,-0.42822068730818286,-0.02064417192380851,0.16478367263313837,-28.476460727216775,16.412127048965747,-1.1122813435564436,0.20613701365907516,-0.47592934204085213,0.138956369935292,-1.9844099842997647,16.05556106183292,-1.4641531578442064,-0.12296971065319892,3.557523780889064,0.60908487704447,-1.8197219945631522,23.473704270265294,-1.4868186186496464,0.10012337867383561,0.16482187231233109,0.2115089149394218,45.807792666271794,9.449873846250021,-1.585809165253288,-0.26332743929417946,0.13213842056191147,0.03781845034567269,217.90656590812833,-11.793829449170145,-0.9271381164227179,0.6908597513217031,-0.8787853389261686,0.10112742944523419,2.745186781446611,19.4124298961492,-1.450030308280879,0.13935696917912993,0.3231390585230521,0.05905789688799263,-167.1923810995177,71.02638862072546,-1.6921619154781753,-0.18373637926211922,2024-09-18 22:44:54.700728064,2024-09-18 22:45:00.482489088,010,RP
339,1,0.6464772573013999,1,-2.933980685915108,0.9789160830765379,7.23672389349962,38.23240813282825,-1.1082858279403485,-0.5309522918745431,-0.027142886286944043,0.15966014205626722,-25.31625283766627,16.31284382801569,-0.9674609009410764,0.25577895280414187,-0.4757335122897683,0.1392169841892124,7.573391144750236,20.602915969236253,-1.4620805740223488,-0.11920050689458356,3.5652449717614814,0.5989855108001342,-4.083715397540551,31.5594457871864,-1.506874078756914,0.1323693873180025,0.17755374294114318,0.20528710960095473,46.20999661403018,8.795242139881388,-1.502999946232353,-0.36121411056670333,0.13414888905345712,0.03991607058517035,221.0577857410506,-12.654656373779098,-1.086308627451496,0.6366529982307865,-0.8777243203015958,0.0996709578211649,-11.047048268613596,7.303737067092218,-1.4757693694407845,0.17324398173346683,0.31889373741307947,0.05924574694555699,-166.879514143851,70.21683196301151,-1.7266693599087377,-0.08257998968467774,2024-09-18 22:44:54.767818752,2024-09-18 22:45:01.425541120,010,RP
340,1,0.6464772573013999,1,-2.886132947447998,0.9610881008472913,7.116413968603207,37.53891682246489,-0.9097610221895813,-0.6551693572868637,-0.03467222130011884,0.15305320550905474,-21.692112881458844,16.247886261706906,-0.8069597155861494,0.29175510754466005,-0.4755569170991189,0.13944075152373064,16.628971044798476,24.90802220459488,-1.4613335662934042,-0.11647275883400805,3.5729561578795357,0.5892556665698877,-6.378685855445273,39.79076490639229,-1.522065195493046,0.1618824083117758,0.18947753109499285,0.19784735089055275,46.537706074162266,8.182150350243287,-1.3953776499210324,-0.45201567543997073,0.1364580510203776,0.04188225012558809,220.64253406299326,-13.10845017043335,-1.2466928541879538,0.557280708588653,-0.876936853493432,0.09865064007508695,-24.478854620918284,-4.466409748391239,-1.4871229908943258,0.19432396801904764,0.3147697600243711,0.05923929855039109,-166.8894502370545,69.53175220171686,-1.7354127951082787,0.02148514391102269,2024-09-18 22:44:54.836387072,2024-09-18 22:45:01.493902848,010,RP
341,1,0.6464772573013999,1,-2.827888489064818,0.932371220443617,7.024587201158894,36.86474928658928,-0.6330445661199411,-0.7894740598678252,-0.0429592181041693,0.14505560430843142,-17.313459317815973,16.256227325028288,-0.6563268802417812,0.3007477545359453,-0.47540139680975163,0.1396240419319385,25.020772508417163,28.89491019976055,-1.4618020335472104,-0.1148314530586896,3.5798746986171084,0.5810951977892291,-8.60315168879312,47.79820505907554,-1.5258105481321411,0.18225357823089594,0.20048808335997534,0.1894267675164928,46.64010495413699,7.649214750036987,-1.2679889263391453,-0.5321738849116624,0.13902850278386256,0.04363414787449271,218.58688903246113,-13.389807910365365,-1.3861475696833323,0.4635940809746588,-0.8763564668896244,0.09795324425678001,-37.13946246193758,-15.547408105323441,-1.4891259326378452,0.20588312014410645,0.3107458323215685,0.05900933145428888,-167.22238851048203,68.96366030049043,-1.7177404871025486,0.12810449606145313,2024-09-18 22:44:54.904230144,2024-09-18 22:45:01.561714944,010,RP
342,1,0.6464772573013999,1,-2.7609977956982217,0.8921300870313236,6.9830483608603435,36.28018113158949,-0.2929241171985457,-0.9213312573473382,-0.05164111082763376,0.13593446314535051,-11.726888297425702,16.39441046176935,-0.552668962416127,0.2673995328165499,-0.47524518295882073,0.13979106029385335,32.604757505877224,32.49525394620859,-1.4633226630533116,-0.11404466278182351,3.5851168571843166,0.5755312358296096,-10.623400068557812,55.08613066639964,-1.5189084498524432,0.19047282588840697,0.21051004507138407,0.18031071942428212,46.30314051437765,7.252723803371738,-1.1299331362515947,-0.5971715512714969,0.14182514452722417,0.04511860891912282,216.01096202659517,-13.635785908886593,-1.4959927257950605,0.36282686648268536,-0.8759441563728984,0.09750322502011832,-48.702976858059145,-25.661087976781427,-1.4862559912610847,0.21080436909020828,0.30680122980564123,0.05852670530935329,-167.89254113314087,68.5096380948418,-1.6723101376290337,0.23728936830990438,2024-09-18 22:44:54.971396864,2024-09-18 22:45:01.629337088,010,RP
343,1,0.6464772573013999,1,-2.687664253529112,0.8409511143470703,7.003728461587156,35.82367062763223,0.08091869551998077,-1.036784259749348,-0.060289507454520254,0.12615122306921558,-4.301412021866951,16.74066998784269,-0.537851490985862,0.17716080059512776,-0.4750505023287228,0.13997458834394297,39.249788718143584,35.645631846850335,-1.466201221171296,-0.11417367828622307,3.5878098896928954,0.5730791340831302,-12.306752759239847,61.15428925960603,-1.511041257768969,0.19016582592265072,0.21950604962929163,0.17081218361001616,45.242691318493584,7.06895555408003,-0.9952788489186863,-0.6418195315042907,0.14481534875993177,0.04630208439092273,213.54828528265767,-13.925069410293466,-1.5745921437834818,0.25933405593212444,-0.8756872465036127,0.0972552443528496,-58.889162853945095,-34.56848886847404,-1.4823199204697763,0.21166169798755705,0.3029164217588347,0.057762347425143405,-168.93648569783952,68.1736357521021,-1.5970999729614646,0.3492460980439895,2024-09-18 22:44:55.039052032,2024-09-18 22:45:01.697332992,010,RP
344,1,0.8130544955371724,1,-2.610368464918239,0.7806480881564848,7.089586948179996,35.506434198825,0.4401028562047786,-1.1191786818230398,-0.0684419873058016,0.11636689657245809,5.69206687243744,17.389576368627143,-0.6373330578652574,0.02374636730890973,-0.47477008786650654,0.14019964665599471,44.843916093650456,38.29054998406067,-1.4710782478268662,-0.11589692440561902,3.587197386794336,0.5735279761673361,-13.56470348991649,65.6592689116684,-1.513238982865427,0.19127303497632178,0.22747946555774334,0.16124550949425812,43.10873759922372,7.193647410059592,-0.8828133104485971,-0.660876397819447,0.1479686304807184,0.04716413355795197,211.5567226850793,-14.303758524700322,-1.6233791307495433,0.15557456205125578,-0.8755952717520835,0.09717959834759148,-67.44752238288307,-42.05673168984522,-1.4804511838389527,0.21116810985550064,0.2990743050139956,0.05668756620453827,-170.42170433672322,67.96875278380614,-1.4895051068213856,0.464250171960163,2024-09-18 22:44:55.107225856,2024-09-18 22:45:01.765217024,010,RP
345,1,0.855855318328832,1,-2.531678531288864,0.7142090029995602,7.232797648135856,35.31111852694213,0.7115246881202899,-1.147681238068306,-0.0756387982631229,0.10740737070514549,18.75545576722658,18.41864013511018,-0.8234098330063491,-0.17748193372095497,-0.47435129009183247,0.1404725851653756,49.304789888494064,40.3877906913139,-1.4782810656835546,-0.12053427147879593,3.582719883092754,0.5759266223676428,-14.380183568604615,68.52016959376347,-1.5266960868761694,0.20573868571199283,0.23447061855795007,0.15190161223002796,39.50605199814311,7.736991551212852,-0.8138123660950365,-0.6500265405990213,0.15125612327590204,0.04769419944087156,210.24229523562212,-14.800434525967857,-1.644842751175034,0.05286419945715745,-0.8756936794529974,0.09724482702142674,-74.17099335806964,-47.951070082411874,-1.4825101484052408,0.2125074979592086,0.2952620819565919,0.055275103461260106,-172.45402715882898,67.9191351007145,-1.3464961035821783,0.582554468283979,2024-09-18 22:44:56.042377984,2024-09-18 22:45:01.828687104,010,RP
346,1,0.760354046066781,1,-2.4540649246387543,0.6456693651546692,7.409561659387926,35.183545375252024,0.795699132510101,-1.0976195917797258,-0.08146205683722986,0.10014444505531554,34.480467023749455,19.808849764462906,-0.9979161682704696,-0.37871712917363887,-0.47373809901551606,0.1407746486972654,52.58894826837897,41.91338838188717,-1.487025719810841,-0.1298448056733146,3.5740635907146463,0.578757065807878,-14.803462962133823,69.90851798945528,-1.5384109413189226,0.24226338956619903,0.24054707372332507,0.14303118850617935,34.035461757085905,8.812869271510845,-0.8074304161245491,-0.6071441619464164,0.15465030954266332,0.04789078432350625,209.7267051734465,-15.434299874436377,-1.6416048338213138,-0.04814740094232937,-0.8760172278160184,0.09740242942715388,-78.9280816209871,-52.14235925845357,-1.4878940125822795,0.21923365286684787,0.2914734823300771,0.053501137414055704,-175.18290829922762,68.06117232668643,-1.1648195800879775,0.7043224609956836,2024-09-18 22:44:56.118969088,2024-09-18 22:45:02.750770944,010,RP
347,1,0.760354046066781,1,-2.379738917113453,0.5798651665750414,7.57323969490086,35.02233323058397,0.5889976064258478,-0.947451869829895,-0.08557330864094553,0.0952616435559493,50.89271820840593,21.355058282824597,-1.0648393381600247,-0.5167551482619263,-0.47287241730122775,0.14105813845974624,54.69701364606587,42.864709061973414,-1.4948001665788073,-0.14568999705616814,3.5611801834793697,0.5802165808253882,-14.924084345602049,70.14735342813269,-1.5268695156676617,0.30351657401403653,0.24579008072699915,0.13483993302392802,26.3578281178955,10.521507299114107,-0.8741410264596614,-0.5336896139020607,0.1581254266829414,0.04776191663610076,210.08250976815532,-16.219386495712754,-1.6159920433073518,-0.1472011891052332,-0.8766050718482274,0.09757743243171402,-81.69343037671753,-54.6128754049106,-1.4924798216761312,0.234714575949689,0.2877107805097631,0.05134826749767139,-178.80424707967256,68.44390948575311,-0.941226168563547,0.8295781404920108,2024-09-18 22:44:56.181821952,2024-09-18 22:45:02.815248896,010,RP
348,1,0.760354046066781,1,-2.310537224459516,0.521972789641761,7.654710364646165,34.68649323997104,0.06094252891935703,-0.6993594947130695,-0.08774334963432304,0.09296925702399396,64.93619318297878,22.69771910237605,-1.0479743584833514,-0.5661044942320965,-0.47169581368326174,0.1412443860107908,55.67282035154167,43.26063629576251,-1.497159997236517,-0.1696355608088743,3.5442860836056953,0.5785218797419026,-14.837998913523903,69.59011305775918,-1.4717469388943358,0.38650773564639657,0.2502800752555321,0.12749491531020715,16.281865751240776,12.924973414478993,-1.0087938486161454,-0.435986876361524,0.16165871627318068,0.04732582172648293,211.35206541851053,-17.166903577241694,-1.5698026984383757,-0.2442651347940029,-0.87749834698075,0.0976659662975098,-82.55972902521884,-55.4460257468082,-1.4886132839441721,0.26138095062383104,0.2839860806055461,0.048809301521020816,-183.56123188553417,69.12883479429865,-0.6727223148919044,0.9581646453842734,2024-09-18 22:44:56.243855104,2024-09-18 22:45:02.877654016,010,RP
349,1,0.7654081502035825,1,-2.2478690029202038,0.4766806053628538,7.590251871124287,34.06189190545735,-0.6306521113459307,-0.4092282021434468,-0.08786867846826527,0.09286117486257821,74.37970453597276,23.535646342435964,-1.0453511017579409,-0.5669428199533597,-0.4701525863274183,0.14122388736936992,55.59492040560481,43.138095615362055,-1.4880545790075816,-0.2025527065629051,3.523849882283256,0.5721757499151069,-14.623233254024752,68.53007878079572,-1.360856857804761,0.48457910291077805,0.2540838685558217,0.12113589518984852,3.873253465968937,16.015868775469364,-1.186416010809091,-0.3258590254441819,0.16523238033113916,0.04661088703176829,213.5604069739197,-18.28709438878754,-1.504164971007803,-0.33940049664006927,-0.8787398623102265,0.09753876487834816,-81.72409955713174,-54.81422399226119,-1.4665032445928903,0.300143561877713,0.28032162351636186,0.04589138221204678,-189.7431996524533,70.18912177776488,-0.3568518861390695,1.0897023394041256,2024-09-18 22:44:56.321472000,2024-09-18 22:45:02.954351872,010,RP
350,1,0.7654081502035825,1,-2.1927219420866724,0.4469311315657167,7.387158471708485,33.19798447058663,-1.1638752488068387,-0.18414205036237727,-0.08597248709704079,0.0940567864810836,79.16189658526716,23.80574513275415,-1.0710821481970771,-0.580166729063836,-0.46819482886052555,0.1408595159404432,54.55991291246996,42.544669088699045,-1.4606825735598825,-0.24425761547168703,3.500572878739513,0.5601650426697283,-14.326025445281982,67.14929613388624,-1.1924291989617268,0.5892947957953322,0.25724527983938,0.11588222899065796,-10.433171779244006,19.683884193963937,-1.3654615230756433,-0.2196351840091293,0.16883583461909402,0.04565443958651225,216.7275103714989,-19.591370098490348,-1.4195047914809473,-0.4325733753285173,-0.8803749501749712,0.09704834553917611,-79.45377034866695,-52.94910911192126,-1.416467807909279,0.35022627508088383,0.2767491373426238,0.04261978504830916,-197.6797321545377,71.70769534388921,0.00797760389503921,1.2235313256444813,2024-09-18 22:44:56.383004928,2024-09-18 22:45:03.022888960,010,RP
351,1,0.7654081502035825,1,-2.1457046055242244,0.43270804972498383,7.170178520495476,32.385085073858,-1.3510435746860792,-0.10430243829628338,-0.08219252298679079,0.09552255518075155,80.77944623869372,23.639466491834078,-1.0525323470293935,-0.6353513955235547,-0.4657899341819738,0.1399942380881183,52.65840744208399,41.527756136575846,-1.4088173519334402,-0.29319051346179315,3.4753641909616095,0.5420808981231676,-13.952367479237497,65.48955831647929,-0.9746566029336559,0.691325147168569,0.2597798511943887,0.11182715824409549,-25.769879313494627,23.69449541335699,-1.5022462841967086,-0.1343996736019199,0.17246760785796647,0.04450064222778093,220.88000889989328,-21.094646758610914,-1.3157050387293971,-0.5233175075376748,-0.8824520681724441,0.09603798130377579,-76.04276902194151,-50.104098792971755,-1.3309914636854248,0.4093999711117574,0.2733083358567425,0.03904063797014249,-207.72118166418267,73.7719304828339,0.42208006694533573,1.358607633145424,2024-09-18 22:44:56.458163968,2024-09-18 22:45:03.090441984,010,RP
352,1,0.7654081502035825,1,-2.107095690412386,0.4308952354622485,7.121440605020311,32.00555680836608,-1.3194356947593182,-0.14900959476352704,-0.07676074463561414,0.09635130528529005,80.97251122997737,23.215510257028686,-0.9295540629757157,-0.7281130697759858,-0.4629302177657485,0.13846524069283142,49.94508173390869,40.12108756340645,-1.3285865889801451,-0.3461061650661559,3.4493108117307267,0.518175765619806,-13.457833145157707,63.42024937006059,-0.7255946253288617,0.7801247711781815,0.2616734017477673,0.10901686575773253,-40.904943733887194,27.703735775147283,-1.5729316812851721,-0.08157807511379027,0.17613617569353332,0.04319864764582857,226.055705162595,-22.816587401044384,-1.1925383522405044,-0.6101421013742724,-0.8850215610112308,0.0943526728340573,-71.7699801473779,-46.517979863777434,-1.205916317313615,0.47440032709212854,0.27004467317299,0.03522179760830507,-220.1842832111135,76.45959279757422,0.8838219133530418,1.493279022946579,2024-09-18 22:44:57.376163072,2024-09-18 22:45:03.158039040,010,RP
353,1,0.6493638961448098,1,-2.0768823681197044,0.4365983650805343,7.3661294530146195,32.29858438225332,-1.2720488366768874,-0.23803843066536945,-0.06997925684811833,0.09590010604504204,81.04082069633611,22.671176406691206,-0.6934570934326336,-0.8407515046606603,-0.4596433860770977,0.136126343633891,46.403742472109336,38.32917331652996,-1.220780290803148,-0.39774759971066526,3.423642629031922,0.4893967816998633,-12.728817523797517,60.57892229164173,-0.47611287765158705,0.842616085292405,0.2628839544079748,0.10742031163548864,-54.4987351608303,31.32684300931201,-1.5879432527055106,-0.06080347693228344,0.17985927105998037,0.04180244976188011,232.28754096426064,-24.779067794147238,-1.0504041952775274,-0.6895649860223969,-0.8881317703684867,0.091854353096929,-66.86327223820052,-42.3833963455431,-1.0408733349942088,0.5413006144104173,0.26700654829572945,0.031251363969407614,-235.2119681739022,79.8031357399586,1.388166338239385,1.6247614159606178,2024-09-18 22:44:57.438651136,2024-09-18 22:45:04.099521024,010,RP
354,1,0.6493638961448098,1,-2.0547899282189657,0.44495594539819855,7.9342260681128165,33.30316781297058,-1.2761692298973846,-0.313454765504546,-0.06219495363021769,0.09381835880422107,81.7950505342474,22.08723937515883,-0.3703929233038501,-0.9556900482029775,-0.4560020857400423,0.1328799590449017,41.90745206874532,36.10988555139872,-1.093773578708212,-0.4405260669535773,3.3996914265097327,0.4574502979912382,-11.551182491674838,56.27045608299631,-0.27691378978703085,0.8617847822617586,0.26334658530608585,0.10690429523997919,-65.48489447939929,34.24522335027915,-1.5830405999558002,-0.058901920469243904,0.18366168132793734,0.04037334545690712,239.54934332190905,-26.996035155505123,-0.8912833747417475,-0.7546755960121013,-0.8918230454551039,0.08844347924650589,-61.4707318233908,-37.82101526109036,-0.8396987240781004,0.6056959548506985,0.264242325429249,0.02723412719318314,-252.4220438340768,83.70058785232027,1.9229989431249308,1.7479067786040536,2024-09-18 22:44:57.500364032,2024-09-18 22:45:04.168992000,010,RP
355,1,0.6493638961448098,1,-2.0403157129880145,0.45233371476495654,8.795188218331006,34.9449607205478,-1.306290315129279,-0.35953394554708185,-0.05377387072115174,0.09002357081171453,83.72506400011618,21.5022207676624,-0.001104775168382588,-1.058533294518524,-0.45213089757335445,0.12871895945958955,36.17522653634545,33.3559376437973,-0.9668071644192824,-0.4644112573889698,3.378842816585774,0.4249439596156245,-9.576571419021484,49.357729546681355,-0.2038128016588061,0.8183680215047296,0.26298072704668307,0.10723010781211159,-73.37991084536198,36.29750230473408,-1.5916103141845017,-0.05600220678993049,0.18757196335144324,0.038984799309330874,247.64667240334742,-29.451572560147554,-0.719534101483585,-0.7933384736142424,-0.896121051012418,0.08408780497687653,-55.639890854451515,-32.860077470707324,-0.6121148366675682,0.6625864946622002,0.2617975929292572,0.023287457087605674,-270.03391190772186,87.69422814671269,2.4595804132786325,1.8523387508923508,2024-09-18 22:44:57.568201984,2024-09-18 22:45:04.233673216,010,RP
356,1,0.648086073429188,1,-2.0327750808223115,0.4567025098765536,9.890244467356395,37.10464249648282,-1.3301278336832498,-0.3814227561425178,-0.04507615732145282,0.08465958581154734,87.15533527126661,20.92862760409157,0.3657708701029776,-1.1363641330670826,-0.44820941366541417,0.12377676917262041,28.736528732120775,29.87998269380317,-0.8720110335775617,-0.45769755492623937,3.3624828146821244,0.39559332409799675,-6.347015004489099,38.34172887712419,-0.3333671943837624,0.7040102691448785,0.2616996860501333,0.10807976137979763,-78.3432872606155,37.502413680238476,-1.6228651076196277,-0.03472530274050765,0.19161866671888336,0.037728137442419256,256.0507621091488,-32.06410564770907,-0.5416063285966222,-0.7868248018525545,-0.9010307204994707,0.07885861049365858,-49.30961044332928,-27.429473825301184,-0.3786549243114612,0.705780863012847,0.25971287456058767,0.019539446470894912,-282.7280859516665,90.42812392152027,2.927939064332903,1.9160042316204968,2024-09-18 22:44:57.646652928,2024-09-18 22:45:04.302162176,010,RP
357,1,0.646398298711899,1,-2.0313565992205,0.4575337485633775,11.13396971769546,39.617062861561884,-1.3349779326997133,-0.3856153527381987,-0.0364330534375444,0.07805222809586608,92.32698489549603,20.363753974424963,0.6696376283884007,-1.1750091893391719,-0.44447019258347253,0.11837896748549054,18.94447117207149,25.42025275024266,-0.8502852867944406,-0.4101577977190694,3.351944406889191,0.37430562554160973,-1.5393354148478868,22.159766734125817,-0.6329788570047481,0.5553803840319592,0.259422030451132,0.10910652473446682,-80.9879883379639,38.010068376787196,-1.6623583527389252,0.013858084272334656,0.19582658807715747,0.03671584872511606,263.722031402606,-34.6437856103493,-0.363456519782809,-0.7110401116614742,-0.9065318004027958,0.07297483994187454,-42.33406066090348,-21.377172229289997,-0.18114284543964754,0.7264602515731057,0.2580217365031634,0.016133816250070036,-276.69288655607056,88.39277906727013,3.1592308769056388,1.89267115504557,2024-09-18 22:44:57.708259072,2024-09-18 22:45:04.364154112,010,RP
358,1,0.646398298711899,1,-2.03518055657703,0.4555140691799881,12.394983298176898,42.22602900754666,-1.3234809317885512,-0.37224585958510775,-0.02812744526308254,0.07066755090324585,99.39221399277334,19.795649058658324,0.8300335602788365,-1.1572266820711103,-0.44119068118101057,0.11308044009212838,6.139091295871021,19.708509870657736,-0.9317780617267215,-0.3208163786489177,3.3484587028839785,0.3666486064310464,4.449533239479029,2.100921700494899,-0.8146494081248852,0.48168751799709886,0.2560834227309716,0.10999458691146617,-82.09404194220396,38.02292324637952,-1.6871528600743266,0.0899332439526804,0.20021349793446067,0.036077604093331446,269.0671955510887,-36.87088440069901,-0.18621724976835452,-0.5438201671582059,-0.912576934610153,0.0668531171933008,-34.600858743796834,-14.57594560729302,-0.09658920553037076,0.7102816234687999,0.25674922547586887,0.013247388730304043,-220.5245275149763,73.61950163790209,2.803449911311846,1.7016186548486842,2024-09-18 22:44:57.769790720,2024-09-18 22:45:04.425839872,010,RP
359,1,0.646398298711899,1,-2.043358047731665,0.45220715666910966,13.474463524135661,44.53315348090937,-1.307898096446708,-0.3357238171716296,-0.02037950536158696,0.06307297366994341,108.29229733307778,19.20694345411802,0.7475603278969003,-1.064543759995341,-0.4386791772715862,0.10865831530345196,-9.885234611892152,12.663553413318546,-1.095866947666713,-0.21033830645842716,3.353110726177237,0.3772208225632982,10.143797022154207,-17.013274599149977,-0.5309254904162399,0.5895007861695993,0.25164645556390935,0.11050969463419559,-82.37860107734254,37.730282975426505,-1.679242034906456,0.18804381476736995,0.2047877240238621,0.03594424385310309,270.25487022793425,-38.344879780342865,-0.005735342506646202,-0.27969183250230933,-0.919093403569103,0.06114997111368053,-26.376324124465825,-7.242305513197125,-0.22740469006931452,0.6329968748759013,0.25591076958841147,0.01111685585636711,-62.67426664220904,33.039019809797026,1.5107129096675287,1.2909853423296664,2024-09-18 22:44:58.721989120,2024-09-18 22:45:04.502999040,010,RP
360,1,0.6150928378820212,1,-2.0550487837568743,0.44968906477453663,14.106111089645927,45.988746438316205,-1.3077774315572754,-0.27102198582839293,-0.013338695793975527,0.05589809931720675,118.4761270676777,18.580317017804138,0.3424932473265052,-0.8884253760592493,-0.43725628764753854,0.1060170425331329,-28.111236392404823,4.708185133874683,-1.2411762746340467,-0.1273923367364926,3.366796904843161,0.40761796280697127,13.932898515500133,-29.909239597479715,0.09918838219142945,0.8383354509690488,0.2461063024487424,0.1105267576357239,-82.3810313117144,37.2744910080401,-1.6299120911658167,0.3002519273373514,0.20954674878911397,0.03641965417916702,265.9703107859967,-38.7332138996358,0.1766022082902876,0.05544552804753902,-0.9259885990792274,0.056749414939977656,-18.943489042748446,-0.5414548803673284,-0.5867804563836083,0.46041508002875015,0.25551173219133916,0.010022084622693776,211.58537251493578,-37.06254503764102,0.06588099690864757,0.8913470381382158,2024-09-18 22:44:58.785990912,2024-09-18 22:45:05.450930176,010,RP
361,1,0.6150928378820212,1,-2.069515480869095,0.4501644843666036,14.003368103183497,45.98018707384674,-1.343100892982334,-0.18316022835315535,-0.007082053139066698,0.04978279562846015,128.5316565498633,17.910268021738403,-0.3349553897326816,-0.6557090316389601,-0.4372334991960252,0.1059742352233438,-45.863208488369146,-3.05293113172649,-1.24376400572478,-0.12595705158150017,3.390179163047832,0.4558948690586977,15.427356871944554,-35.301503808169215,0.6274987870300426,1.0817118121320914,0.23949123658113644,0.11002906801347169,-82.44265039609036,36.74429229038601,-1.5375790700632546,0.4177078590110518,0.21447658815545215,0.03754929296657748,256.2187122971901,-37.952915235084745,0.33801687623212295,0.40585289813942993,-0.9331570596339384,0.05459514726791867,-14.854840159103173,3.138101035799133,-0.8862241553956833,0.17290468312135063,0.25554763674347103,0.010120278651332349,476.4243153854997,-104.74910788389057,0.2137251032058498,0.9326740977980895,2024-09-18 22:44:58.861973248,2024-09-18 22:45:05.515944960,010,RP
362,1,0.6332028110142209,1,-2.0861760021251894,0.45560159143009216,12.95910822657865,44.0349805912315,-1.4160471598067812,-0.09370202221146169,-0.0016164911093158197,0.045285736456110275,136.25540066262485,17.2202556437674,-0.9967947239060675,-0.44870441450969495,-0.4388895699091783,0.10897980518559672,-59.79207603801766,-9.24211853630245,-1.0933890138191857,-0.215890448579399,3.4236306440945428,0.5179171521266782,15.319201764089067,-35.447288602602505,0.8399384738649189,1.2296800952720002,0.23185864821163144,0.10908295523009495,-82.73767400876547,36.183445251847,-1.404120481791396,0.5308120230752821,0.21955153309676811,0.03930002862723521,242.48164212585098,-36.23721627655246,0.43596893906341494,0.7097055880646502,-0.9404858547115887,0.0553045960752649,-16.215300774473025,1.7497389917142558,-0.7150313315965118,-0.18281216912356216,0.2560049052649139,0.011257922610064912,594.827625419551,-135.2787898944859,1.2186804978256136,1.2573388245570818,2024-09-18 22:44:58.923612160,2024-09-18 22:45:05.576675840,010,RP
363,1,0.6416586333394139,1,-2.104655646472902,0.4674753277435616,10.952139724347848,40.05048271180887,-1.4923009618365375,-0.03621633774507402,0.003117638029296597,0.04274398963457335,140.00764528932137,16.56350684065375,-1.2935305910512913,-0.35705589094141177,-0.44244598290804865,0.11493635404928143,-67.94984502960831,-13.064135972574634,-0.90941456809432,-0.34759911893202544,3.4671779108211336,0.5889655109546877,14.449208688073973,-33.09797719213489,0.7935803861621169,1.2796942721936861,0.2232884392550651,0.10779936105000944,-83.32211253062704,35.604864462398616,-1.2328402192878758,0.6289545065247549,0.22473410196450505,0.04156099847560061,227.02810161374717,-34.02095653687188,0.4329903653592022,0.9267083755661484,-0.9478569524053874,0.05880177443152109,-22.17248819381501,-4.016347086633911,-0.18986951983129208,-0.5006535034781467,0.25686193856988276,0.01309312967774561,591.8506752871028,-135.02391179813947,1.7134957871983554,1.4830804481999038,2024-09-18 22:44:58.985626880,2024-09-18 22:45:05.654308096,010,RP
364,1,0.6518905574275526,1,-2.1248349642143483,0.48671931695036785,8.182599100136109,34.38667266611806,-1.5076959917734674,-0.040684658795185,0.0072426799376799494,0.04216565518196232,140.52680535224218,15.982209326169064,-1.2182365676964793,-0.3688354138970859,-0.44804471621683656,0.12325564305452551,-70.73545998333236,-14.692649094699537,-0.7958630161013871,-0.4594431202241603,3.520457685860751,0.6645574111919601,13.36252407332571,-30.042200576438784,0.6038779071952467,1.2620898972245183,0.2138756641224324,0.10629798084280394,-84.18132260062237,35.00433627791284,-1.028820151385682,0.7006788985087943,0.2299754791112048,0.04416288501925526,211.97447388646975,-31.74893119138647,0.31914649366752634,1.047522714001475,-0.955148084271215,0.06437372759159245,-29.857943831049084,-11.518757850504079,0.21413512339432383,-0.7087708363493763,0.25809043934980885,0.015327803001367385,541.8802273222649,-122.85410594457763,1.6927570513285985,1.5519506104911875,2024-09-18 22:44:59.063735040,2024-09-18 22:45:05.717262848,010,RP
365,1,0.6722194771888227,1,-2.1468791846114397,0.5138888787573064,5.005253765378067,27.74567512258819,-1.405339743586224,-0.11857002747594074,0.010938482044534728,0.043297103708833794,140.25661232589562,15.46580556444592,-1.028335143379804,-0.3719710826660385,-0.4557321753850283,0.13308498038513408,-69.92536406015134,-14.867238277722851,-0.7647136241812884,-0.5222484771129513,3.5827062332036363,0.7406741300474018,12.323279506953597,-27.1506903030733,0.3504882427684173,1.2048091914629229,0.20372337839676788,0.10468708204812172,-85.26462297756198,34.3703970507156,-0.8007675150519864,0.7344648862069055,0.23521679953989638,0.046905254240437885,198.74116409555492,-29.747260555389794,0.11256876311492148,1.08467034108387,-0.962234554683883,0.0710702761245893,-37.16628808217709,-18.762686662006573,0.2995300966400638,-0.8063423557052644,0.2596568721642943,0.01776725158924912,484.9290653122744,-108.91516432053996,1.4430394964824815,1.5298410204166568,2024-09-18 22:44:59.133227008,2024-09-18 22:45:05.779262976,010,RP
366,1,0.6722194771888227,1,-2.1712325821055263,0.549390223343084,1.8116010454743725,20.93340721571039,-1.1732227283161696,-0.25921181945323063,0.014433679935031358,0.04585030117163759,140.55942273626462,14.971210280371986,-0.8389848672096529,-0.27744698288665126,-0.4654514226669431,0.14353149301617704,-67.3330857010716,-14.34028053211899,-0.7821642370083888,-0.5386727646253783,3.652785841452284,0.8137987272802487,11.432731188927063,-24.761318616042725,0.07535977668010663,1.1256959799483457,0.19293636102902206,0.10306311406794745,-86.50057813059951,33.68910677142448,-0.562754880922447,0.7198075181869986,0.2403913252375685,0.04958285228146077,188.01013848952948,-28.19600634959676,-0.15428403856663175,1.058788812839029,-0.9689930590391681,0.0780325669803645,-43.442623084223825,-25.095600235067614,0.14377792703481962,-0.8237523278071972,0.26152385099741665,0.020286628918267244,434.35060033254723,-96.59304168200758,1.114515386144503,1.4652396753613133,2024-09-18 22:45:00.075406080,2024-09-18 22:45:05.857477888,010,RP
367,1,0.9078914039569586,1,-2.1985682694516884,0.5935815634594968,-1.0702163263144804,14.647056343515825,-0.8534958324299362,-0.4364778224797109,0.017991134629259806,0.04968866871178185,140.55801244142782,14.471201874945097,-0.6013903585549865,-0.07466140919423385,-0.47704258148779166,0.153792563470987,-64.21197432071817,-13.631845992383191,-0.8200520409119152,-0.5232878082523053,3.729240881566949,0.8809515893351669,10.715207817777113,-22.95959104854016,-0.20089337500012672,1.0346801764555726,0.1816167263870901,0.1015241456258809,-87.79362174524167,32.94479017903724,-0.33446349096141814,0.6484209688468149,0.24542727978531798,0.052006885835417814,179.9320547638515,-27.160234746874924,-0.4475815499234552,0.9896735291496703,-0.9753069145593062,0.08461398994627062,-48.78747443257274,-30.582761157973565,-0.12832688287837213,-0.7901883577044071,0.2636512507044076,0.02279674459580001,392.8730807218783,-86.58147910041691,0.7656741950999715,1.3808231996115181,2024-09-18 22:45:00.135514880,2024-09-18 22:45:06.795986944,010,RP
368,1,0.9078914039569586,1,-2.2296997083919625,0.6466578658349811,-3.430039721640279,9.352041432885814,-0.5225239993615522,-0.6187424596631922,0.021886999589179983,0.05483724615760313,138.37167237554038,13.971459263562396,-0.28354676229791353,0.19540347808275713,-0.4902501170705324,0.16320191922741914,-61.26062398396905,-13.033028079954681,-0.8677672493348245,-0.48930315719625556,3.8103747763768445,0.9397529225374167,10.16331530459849,-21.72604028100681,-0.467461528043033,0.9369953034694204,0.1698623036307516,0.10018546219667061,-89.01113994651917,32.11963728011496,-0.1392434319365652,0.5159522953544997,0.250251112880042,0.054021092697143634,174.34981150025263,-26.63123435836375,-0.7384308310809704,0.8930878376864768,-0.9810716752099572,0.09038515597942852,-53.47858643801448,-35.46632638460334,-0.4304495129353034,-0.726201392576333,0.26599702303903106,0.025225346964212945,359.93271189120287,-78.74102985742522,0.41951848000053094,1.2860982310106315,2024-09-18 22:45:00.210396928,2024-09-18 22:45:06.858474240,010,RP
369,1,0.9078914039569586,1,-2.2654734489561035,0.7083933645094924,-5.188198117697647,5.246274916431949,-0.2578889484061335,-0.7777044114784213,0.026385730580512284,0.06135553143458247,132.89344270090493,13.493509424977177,0.05830633726237666,0.4728389198756415,-0.5047357140931913,0.17123168751444776,-58.811198772131974,-12.684112408928659,-0.9251158447228183,-0.4447330895968211,3.894342294224152,0.9884865132947265,9.758563493778553,-21.003186544693627,-0.7175846622698026,0.8353891495939628,0.15776813351023058,0.0991857617542384,-89.97689921785084,31.19548744863845,2.1001914470630823e-05,0.32471730456397524,0.25479103554141647,0.05551352996154968,170.94344358560764,-26.55485701019267,-1.0041796281405022,0.7808951506961616,-0.986200420499579,0.09510562570030595,-57.739059257444424,-39.94228451894179,-0.7141487040313721,-0.6457256721989654,0.26851779148002586,0.027509000822811755,334.2190951296552,-72.74377329466766,0.08659498048726277,1.185139533691855,2024-09-18 22:45:00.278400000,2024-09-18 22:45:06.936580864,010,RP
370,1,0.9078914039569586,1,-2.3066607204858975,0.7778939362049628,-6.374860888308458,2.2953587903770436,-0.11047033645115434,-0.8941977445071525,0.03171452146526223,0.06918779736520682,124.54982206426764,13.049961994648195,0.32456166742088977,0.7042311894171902,-0.5200956363010462,0.17748037897170912,-56.99470995956118,-12.642699942211554,-0.9940783011156458,-0.393121612111947,3.9792498835973764,1.0261311300326141,9.479836359960245,-20.722637731893972,-0.9460447571194801,0.7314003827888326,0.14543110464766598,0.09867717984207168,-90.48792764289374,30.15975927438411,0.06646116462342366,0.08706913799100854,0.25898062117478493,0.05642453849105381,169.29067110934227,-26.8430031629937,-1.2278652733119553,0.6623385844046527,-0.9906280465499098,0.09869191199005808,-61.6770699633219,-44.099035334687684,-0.9542071380744548,-0.5589306161651505,0.2711691765466531,0.029590690032572996,314.4486974370484,-68.26879435017207,-0.22717609622623858,1.0799219459820883,2024-09-18 22:45:00.339462912,2024-09-18 22:45:06.999066112,010,RP
371,1,0.9078914039569586,1,-2.353856290653271,0.8534753877690726,-7.089079978615584,0.3133244973915631,-0.09364549754731266,-0.960048785181065,0.03804011118584164,0.0780813255470416,114.77388796575221,12.633988540551456,0.4480612514009539,0.86090083284601,-0.5358811621188058,0.18166164345332503,-55.84254886087773,-12.92496997924333,-1.0740981692512228,-0.3354341503988613,4.063254349523333,1.0523381915094792,9.306315467465089,-20.813926801213775,-1.1481780041655507,0.6260822346016938,0.13295703793002425,0.09879944213696669,-90.36325508395177,29.01443073367743,0.054090188678758366,-0.17269498257536547,0.26276223106146107,0.05675061774576846,168.86587811237834,-27.37157488296126,-1.3978426791222702,0.5453438917303711,-0.9943139703153386,0.10118665198183514,-65.2797438533158,-47.90856129195878,-1.1390635721751547,-0.4740041121663033,0.27390575031896164,0.031420234560816176,299.5535646284746,-65.0494438802819,-0.5178800486635762,0.9715863200801177,2024-09-18 22:45:00.403027968,2024-09-18 22:45:07.072531968,010,RP
372,1,0.9078914039569586,1,-2.407391588525172,0.932708201846752,-7.455204408464767,-0.947596383673855,-0.18988049654024852,-0.9763578619580364,0.04545065964041851,0.08759421685641058,105.05751561918814,12.225066614924332,0.4236635086190228,0.9408992930044818,-0.5516207369644798,0.18360065125636707,-55.3367112695442,-13.524877451696613,-1.160262677640423,-0.2718842673400667,4.144653824912592,1.0673579064770675,9.217901675785683,-21.205011438213344,-1.3195796137225946,0.5204628219075702,0.12046817322786822,0.09964414728244957,-89.51359589058774,27.783539375996718,-0.03109056517726083,-0.4209914644497665,0.2660900499528858,0.05654359828432567,169.00245245613544,-27.969871016213272,-1.5083696939682316,0.4373877161161983,-0.9972434515755211,0.10272842123158214,-68.4197009678733,-51.23109874896703,-1.2664977849446784,-0.39789215523657084,0.27668071388766435,0.03295577565208673,288.6887749038103,-62.87461633174147,-0.7825739786922052,0.8609006212919288,2024-09-18 22:45:00.482489088,2024-09-18 22:45:07.138795008,010,RP
373,1,0.9078914039569586,1,-2.4672716248448285,1.012611283225247,-7.59085026379074,-1.7286894642967718,-0.3655650394105443,-0.9499799819562731,0.05394527571785426,0.09716246979939773,96.40690610018646,11.79930286932016,0.2866919218498172,0.9582580118207767,-0.566843395559203,0.18324267952724296,-55.42467095125704,-14.417108679762055,-1.24322960508106,-0.20349276011960832,4.221970055311217,1.0719374052828232,9.194446796627556,-21.81867905051368,-1.4562285624235778,0.4158847314108506,0.10810829071942812,0.10121858024878268,-87.99922656702479,26.513445968792734,-0.1750887248466837,-0.623399447481285,0.26893249688829696,0.05590474031511438,168.8437967878793,-28.40758385426459,-1.5610247026894117,0.34570554660261055,-0.9994282847799912,0.10352147175289424,-70.86832014111113,-53.82780364386998,-1.341908294664664,-0.3362317560222166,0.2794455852299128,0.03416523921314139,281.1881643517603,-61.57679114700258,-1.0186506993197855,0.7484793620722531,2024-09-18 22:45:01.425541120,2024-09-18 22:45:07.200840960,010,RP
374,1,0.8379694851760225,1,-2.533143645635597,1.0899457413826643,-7.590799052760993,-2.228584385798224,-0.5845363622882593,-0.8900964545155367,0.06343248351805146,0.10618732899803018,89.29373001039134,11.33587694285052,0.08143194176447244,0.9313923724743134,-0.5811033516221679,0.18067477378560273,-56.00757303957367,-15.546188409519615,-1.3105694534382717,-0.13342813285548422,4.294019759381191,1.0672131297804621,9.21445374855615,-22.567046468204175,-1.555005281966547,0.3142338001870663,0.09604342013676001,0.1034211284686686,-86.03732149904947,25.26331861617472,-0.36195598241676175,-0.7554578514761617,0.2712737480687423,0.05497394591938459,167.3167129605003,-28.388631839336842,-1.566016085104978,0.27665018798832014,-1.000906973620658,0.1038045453464894,-72.32401095079689,-55.38960692086947,-1.376939743462173,-0.2927111327234058,0.2821501384339639,0.035027315340542806,276.50559674845255,-61.01609240034167,-1.2232730745059537,0.6350063975479638,2024-09-18 22:45:01.493902848,2024-09-18 22:45:08.126369024,010,RP
375,1,0.8379694851760225,1,-2.6043041016073896,1.1615497664286334,-7.523355736364786,-2.5931062020662967,-0.8160386962379897,-0.8058575373589247,0.07373723939155695,0.11411860307917059,83.82328057776444,10.819102693451734,-0.15612535814677742,0.876648699658473,-0.5940041620791453,0.1761538216039826,-56.904387355880786,-16.801442929957066,-1.3499610463813017,-0.06807689312036126,4.359965813625302,1.0545995406940871,9.253738452269182,-23.345983300123525,-1.6145225053876457,0.21801190236160345,0.08445742136609392,0.10603998209515107,-83.94538650662439,24.08981087992959,-0.5768789526901754,-0.8093682441596772,0.2731141831054392,0.05391457669898509,163.17534735981383,-27.56550169712182,-1.5416133953670383,0.2341308199740055,-1.0017437086955987,0.10381847458894584,-72.46494267735373,-55.591300428026265,-1.3869716614995313,-0.2682387585211491,0.28474268027486066,0.03553227121691697,274.1451085280953,-61.060812986532376,-1.3928823019074978,0.5215746661389169,2024-09-18 22:45:01.561714944,2024-09-18 22:45:08.191523840,010,RP
376,1,0.8292020363375853,1,-2.679749108963322,1.2246542229862247,-7.433394702872468,-2.919632831595176,-1.0374833440973632,-0.7051727525540965,0.08461534161009086,0.12052237908589364,79.90696107478915,10.238645191632479,-0.4020036992891134,0.8063203170034348,-0.6052192023305243,0.1701300536116973,-57.79235773182957,-17.977044647258186,-1.3548203459988595,-0.017480274134053102,4.419334114007732,1.035670377350448,9.284419905642562,-24.03095361777861,-1.6360057754041388,0.13023476676461512,0.07354291423169586,0.10877998586777626,-82.04846545049628,23.034083257468115,-0.805139678855967,-0.7929865915366743,0.27446966766728637,0.052894661905299976,155.16639381910178,-25.58846854466016,-1.5097799869088935,0.21752661423993103,-1.0020256091229511,0.10377453563770914,-71.0240255874547,-54.16789250163334,-1.387198452247621,-0.2605093642078166,0.2871706783780159,0.03568351912758104,273.56807009906953,-61.56072827291437,-1.523000064659619,0.4101969909126516,2024-09-18 22:45:01.629337088,2024-09-18 22:45:08.253555968,010,RP
377,1,0.8124229827524371,1,-2.758263215232994,1.2771180861778695,-7.347682759050178,-3.2668430714897743,-1.234071710550053,-0.5943175462677911,0.09577344357156935,0.12512581505506007,77.37203491922023,9.58981377964657,-0.6417396787986047,0.7288146202217785,-0.6145056028710164,0.16325610925460846,-58.13200796772741,-18.722444602311075,-1.331754829177964,0.005900884513587113,4.471987278503345,1.0120451915227147,9.274421375388043,-24.475094406214833,-1.6238876932065847,0.05417683655944223,0.06348920663894436,0.11131226720994719,-80.59487366604213,22.11690458822297,-1.0301621255630533,-0.7233961054214217,0.2753696659871754,0.05206636297660686,142.32582931731687,-22.192216080457275,-1.4880350075812476,0.22025022375019845,-1.0018582595409429,0.10382817000885004,-67.86470070417504,-50.99081093175181,-1.3886047954704275,-0.2645186917723026,0.2893817188273805,0.03550093872103271,274.0571891089766,-62.307140441356125,-1.6088028657254276,0.30448227008001805,2024-09-18 22:45:01.697332992,2024-09-18 22:45:08.315949824,010,RP
378,1,0.7816829991596628,1,-2.838524868618738,1.317536933745429,-7.280136359469897,-3.6648481032907827,-1.3971248290042457,-0.47800045207284986,0.10689161075309533,0.1278338278771904,76.0138361301103,8.87475861653068,-0.8663860965220249,0.6494901216682039,-0.6217110349430618,0.15636966060133617,-57.118391361138244,-18.511134207416113,-1.3050925793943386,-0.007979209633722242,4.518061918129632,0.9853014585049489,9.187622050001748,-24.510245302281017,-1.5858703334303066,-0.007003147956471782,0.054469575005719646,0.11333395905149891,-79.70524514402588,21.341510828721788,-1.23358030665154,-0.6201242509670795,0.2758543407789213,0.05154720827395288,124.32268464436447,-17.294952216436894,-1.4816356570163143,0.23054888345754726,-1.0013598016296823,0.10406365163098115,-63.02332361810764,-46.10902283627152,-1.395902180602845,-0.27408478634723615,0.29132471649196023,0.03502661175695491,274.51317448789234,-62.9724727309932,-1.6472354083131888,0.21033451641076994,2024-09-18 22:45:01.765217024,2024-09-18 22:45:08.397704960,010,RP
379,1,0.7816829991596628,1,-2.919200326125258,1.3452187680465544,-7.236044940260185,-4.123464749464548,-1.5221938956629595,-0.3596567703909655,0.1176447215860131,0.1287183405885735,75.60958479822321,8.104931447178986,-1.068883702570537,0.5716468454987285,-0.6267748619677066,0.15042817923302568,-53.76562877462381,-16.698944553821786,-1.3070053310193754,-0.05705765687675976,4.557890969733138,0.956916909791613,8.984970749205726,-23.95251704112114,-1.5323228333361794,-0.05073009407620239,0.04662984341689055,0.11462479467798642,-79.34853201666002,20.700009623296978,-1.3975096622251069,-0.5012336962664247,0.2759710350680771,0.05140746143464585,101.67267307672651,-11.058712827122424,-1.4824399612725119,0.2351616715782331,-1.0006538572624653,0.10449332502281734,-56.69328613602478,-39.73035545289783,-1.408404702360784,-0.28372836633279414,0.2929512833345613,0.03433308135820418,273.17129015833905,-63.025880022043246,-1.6414519620714256,0.13616285933951355,2024-09-18 22:45:01.828687104,2024-09-18 22:45:08.456275968,010,RP
380,1,0.7816829991596628,1,-2.9990083701024925,1.3600701820506904,-7.214954601348722,-4.637709239354314,-1.6074431586882518,-0.24185203552564738,0.12772031256182154,0.12798845618750596,75.90679767708235,7.305160075116096,-1.2415403778079062,0.4976457270627737,-0.6297256171140009,0.14637073505942255,-47.263222548496664,-12.762861986148415,-1.345281159412579,-0.11731913917933404,4.5919344251129095,0.9282273923216146,8.6270416891488,-22.614809719286594,-1.4749431630293504,-0.07553583108984807,0.040079504634414426,0.11509162720203463,-79.32410987555228,20.179271029378,-1.508126908164814,-0.3823969090631653,0.2757706401444309,0.05166685939673787,75.6637504936872,-3.8658409093726185,-1.476562409369824,0.22424581130826268,-0.9998616232858127,0.10507052455674075,-49.157035781287384,-32.150233592196784,-1.4227545167405913,-0.28999621066565556,0.2942171264339878,0.033533234716732134,267.290480129522,-61.64143698686887,-1.6069199852683096,0.09129219155757924,2024-09-18 22:45:02.750770944,2024-09-18 22:45:08.532902144,010,RP
381,1,0.6735402742308593,1,-3.0767562467117564,1.3624589713213475,-7.2122081610672435,-5.190206512149158,-1.6525358272551909,-0.12674121735689234,0.13683273365056464,0.12595439835139344,76.59173203679939,6.519743930373206,-1.3753704607279282,0.4302064977796715,-0.6306755896912883,0.14490994239255506,-37.55586930855618,-6.685570022542638,-1.3756859939776964,-0.14713486841913068,4.620730901179893,0.9003811175577154,8.078313398713082,-20.327712350849108,-1.424762470791712,-0.08152822863992437,0.03488650576458181,0.11479560048121244,-79.2365298689597,19.76428565603892,-1.5601905240706917,-0.2773369081493527,0.2753041702912518,0.052301091477005984,48.000979861997685,3.7851300659256286,-1.4549513271041457,0.1946176289835211,-0.9990932111953005,0.10571115488965384,-40.70028727914153,-23.66338071428874,-1.4355172572741968,-0.29177588819724226,0.29508326418060354,0.03278881701641204,253.05527624341266,-57.67237693203055,-1.573139758121459,0.08030686065738313,2024-09-18 22:45:02.815248896,2024-09-18 22:45:09.475838976,010,RP
382,1,0.6735402742308593,1,-3.151358706590163,1.3531091501568813,-7.219280814759881,-5.750543450912873,-1.6581713664712465,-0.01654754267374841,0.14473469284331808,0.12299797622168665,77.23957518390779,5.820753810408735,-1.4622320560941304,0.37365428506048487,-0.6298119356259556,0.14632657570275578,-25.676760422964342,0.8284698174088954,-1.3344285465628987,-0.11412798547307823,4.644868784166876,0.8742825459810697,7.312647576152505,-16.966288456084346,-1.3899520083782722,-0.07059982644999956,0.031076540108825323,0.11395873907458037,-78.47002250815231,19.43857680181502,-1.5618312960609175,-0.19772673877404276,0.27461951984926264,0.05325539922923333,20.35744954132774,11.409446981604994,-1.4186761788482278,0.1495626596140839,-0.9984379397889155,0.1063184180875085,-31.544967177823978,-14.495692039735525,-1.4445737337827702,-0.2898208420984787,0.2955168756657397,0.032311204440397624,226.25016766655963,-49.860742667671445,-1.5662941710072882,0.09209407418018992,2024-09-18 22:45:02.877654016,2024-09-18 22:45:09.543686144,010,RP
383,1,0.6735402742308593,1,-3.2218510696067124,1.333055486716218,-7.223109776024564,-6.271783957771437,-1.626371712783903,0.08598665843949721,0.15122672733800466,0.11955817509264037,77.25254003201763,5.317351192409786,-1.5001450274675459,0.33428996645208336,-0.627383291549677,0.15038967233036998,-13.333986319400218,8.634479773456325,-1.2122826482730247,-0.021563077858883357,4.6649662852121425,0.8505411875201078,6.31830936112551,-12.474700149190776,-1.3742903925781607,-0.04618012526907993,0.028636701972383462,0.11294893516170466,-76.19869039637138,19.1820791875668,-1.5365289472973125,-0.15099767189855534,0.27375826820878685,0.05446097779687632,-5.952152426742656,18.629450940459797,-1.3766493905733768,0.09606017880428198,-0.9979540048073825,0.106807325254719,-21.81963454144961,-4.7749916740731315,-1.4494535031518523,-0.2859462248317934,0.2954917706613033,0.0323448726527376,184.33859069231193,-37.47053656488046,-1.5647039314794666,0.0900433365877143,2024-09-18 22:45:02.954351872,2024-09-18 22:45:09.611528960,010,RP
384,1,0.6735402742308593,1,-3.2873970811095607,1.3036527698742664,-7.204629486883208,-6.684477945655722,-1.5614977343501564,0.17725027155197107,0.15616372568713913,0.11613147626909241,75.81389336015506,5.160619954030726,-1.4998528109737548,0.31840305041920436,-0.6236815730259485,0.1564640051914575,-2.0346322160877213,15.731037378941139,-1.0680690315008572,0.09693937291831621,4.68164644710212,0.8294577649497612,5.100360847498827,-6.878086240631639,-1.3770309756333328,-0.01255028672771971,0.02752246521055803,0.11224316124527449,-71.4989845075143,18.967828313698288,-1.5158805441147165,-0.13562108434972217,0.272752673950039,0.055849764741594095,-30.08050619895282,25.204538499535115,-1.3398989396957337,0.041629525526778524,-0.9976595482285635,0.10712705156057056,-11.568912410479918,5.458164071064783,-1.451086820995818,-0.282174836830632,0.29498858862274935,0.03312643123121384,129.40803988352053,-21.17389504167617,-1.4719712792733548,0.02204186335730207,2024-09-18 22:45:03.022888960,2024-09-18 22:45:09.679348992,010,RP
385,1,0.6735402742308593,1,-3.3472851026031885,1.2666155364689753,-7.1367307380896285,-6.888672480897663,-1.4717664525775855,0.25261631341857693,0.15945694935136542,0.11327433654452683,71.93095176212078,5.530109868071995,-1.4859379182041896,0.32655768788178496,-0.6190200642023227,0.1637328514806779,7.454255916426637,21.614333975966957,-0.9692852064676254,0.2047758821025053,4.6954968163163,0.8110758827524701,3.6793071985246253,-0.27617523692200907,-1.3941156890016138,0.02596386736838671,0.027666831443635093,0.11236835477806875,-63.62663133744505,18.760347284539403,-1.5185234684523583,-0.13622017797543295,0.2716233380483876,0.05736441973475722,-51.584501967435834,31.01155461595854,-1.3171356886967174,-0.007621855249299165,-0.9975278261402575,0.10727892945605266,-0.7959383212408175,16.20602937667092,-1.451141525947338,-0.2798897362390543,0.29399480254646987,0.03482746918533108,69.12866649312744,-3.323468655947768,-1.1913046603876687,-0.14101218037643895,2024-09-18 22:45:03.090441984,2024-09-18 22:45:09.743763968,010,RP
386,1,0.6735402742308593,1,-3.4009129310580066,1.2240613002295877,-6.982041431067386,-6.74531498809983,-1.3707367646483637,0.30665464908653534,0.16107117566421608,0.11158586009243054,64.67944204131891,6.582006229099243,-1.4821777779543297,0.34538167979834883,-0.6137102403226575,0.17140807416512155,15.045784320623252,26.233751911252565,-0.945655819663358,0.2807262667865331,4.707013334345802,0.7952996668511725,2.0871756218196182,7.175636516973565,-1.419862393252753,0.0655016365963367,0.028990808112304974,0.11382358562221254,-52.415341542874145,18.519563108810395,-1.5257781033683018,-0.12449305603087478,0.2703780908986702,0.05896218477566606,-70.2930967195514,36.00571329438789,-1.3132033642445782,-0.04750473189866932,-0.9974882342298415,0.10732680920014763,10.470006825265827,27.443708620508794,-1.4509518824333287,-0.2790431400318878,0.29250452033768626,0.037510504300117244,13.313661457824487,13.105693841340715,-0.7505757326752804,-0.37433740769312684,2024-09-18 22:45:03.158039040,2024-09-18 22:45:09.808659200,010,RP
387,1,0.6735402742308593,1,-3.4477743349017027,1.1785308230726788,-6.691600179159898,-6.07112735713112,-1.2777272609810184,0.3339727134210253,0.16101864093214097,0.1116498954617266,53.69110616026428,8.354731055930948,-1.4816906272107313,0.3441531839539884,-0.6080401163974548,0.17885608413996393,21.01006390958726,29.77496170510341,-0.9898641512381459,0.3197911032338334,4.716538500934163,0.7820443820155721,0.36400102570627096,15.283175147876845,-1.4482225707084162,0.10269006734154357,0.0314141128430571,0.11699814222788837,-38.56456735780742,18.21147167072183,-1.4834731126251848,-0.07088035188473282,0.26901244658504564,0.06061306177873969,-86.18852749769796,40.185786649718196,-1.3294636290740298,-0.07536737073046491,-0.9974332894856441,0.10739549334950325,22.092664613793104,39.03595913923875,-1.4504535886798067,-0.27770192426640256,0.2905180940775357,0.04112533574578206,-31.22852709220223,26.07245217167528,-0.29652946177799366,-0.6176969735174016,2024-09-18 22:45:04.099521024,2024-09-18 22:45:09.882758912,010,RP
388,0,0.8711730642459743,0,-3.469444310163161,1.1479306941017515,-5.806587690942596,-3.1456326258042457,-1.288144234169846,0.30397235905651965,0.15547675379389747,0.12219565747354974,29.92293279058081,12.34767954572753,-0.6480060622887072,-0.0852366036875536,-0.6038505188012682,0.183158916159236,25.57594645344695,32.44404853474742,-1.091888026708202,0.303270021783001,4.724535864670769,0.770969497225327,-1.4345692990871002,23.777674103892608,-1.4735440474720505,0.13517298484854826,0.03837295843817323,0.13041536170665022,-17.013999244966698,17.65287748589422,-0.4352283747613668,0.37854689573935824,0.26756693870165843,0.06221024906138726,-99.35297195976985,43.583570558187326,-1.3675139867895165,-0.08652668367213685,-0.9968442313884281,0.10817799227563793,34.00946675031316,50.90214074264622,-1.439598417461696,-0.259915873781403,0.28677721180550936,0.04934550805165961,-62.512403537602395,34.92713278977448,1.5747666134158598,-1.2108586581505392,2024-09-18 22:45:04.168992000,2024-09-18 22:45:11.020281088,010,RP
389,0,0.8711747413894878,0,-3.4854452227248465,1.1235631750154298,-4.691079344928761,0.6494999077948495,-1.3250938732459598,0.26776910226687833,0.1486351497878447,0.13460761180363925,11.80282943460654,15.24568467906688,-0.14268891295649055,-0.4147024853711068,-0.5999697139081341,0.18659972355102875,29.349084757122526,34.60856198519637,-1.1877686243234502,0.2749828095337825,4.730531183610683,0.7627875316255711,-3.2642348297721635,32.441564652865324,-1.4914769937130061,0.1592926660159125,0.04596407695889436,0.1443929173039529,-1.7446216219026984,17.08018992249329,0.026111822395718853,0.6573212935007258,0.26600860412561683,0.06375770474562745,-109.97460658543667,46.25419158705586,-1.4207062026996389,-0.08197808682163178,-0.9960280369687325,0.10923737114023505,45.17732086859123,61.99787822024953,-1.4285762908728297,-0.23795781249530798,0.28266358052909774,0.05715278257005459,-77.53948872709589,38.917589515996525,1.6036456561977088,-1.3727550114411586,2024-09-18 22:45:04.233673216,2024-09-18 22:45:11.097305856,010,RP
390,0,0.8712190735099306,0,-3.4959788287675884,1.1066993324344547,-3.377507392141743,5.192305663066432,-1.3676810327765165,0.2361013786009193,0.14071557708524887,0.14810999756016477,-1.2376664035191245,17.17415894221022,0.05539021214674911,-0.6302144035037035,-0.5963568170077749,0.1893399481636282,32.48252665007612,36.37117620140961,-1.2716810689880136,0.24017874377518544,4.733817071126438,0.7584203643306459,-5.059396743927853,40.95025867600719,-1.499365401493299,0.1715821372209233,0.05404714529075389,0.1584382177556551,9.03204917888441,16.511843525755598,0.1369161602019524,0.8138375131186313,0.26431226253935586,0.06523296410573408,-118.23767179487535,48.25166654948929,-1.4828333916389795,-0.061625651369139486,-0.9948811713157135,0.11064691804067353,55.07065000917317,71.78875278624392,-1.4227510018549192,-0.21406594057738662,0.27822125776650847,0.0645428005312628,-85.09857718497811,40.6762331785449,1.1807692594721342,-1.3710308498451529,2024-09-18 22:45:04.302162176,2024-09-18 22:45:11.160218112,010,RP
391,0,0.8712560460820356,0,-3.501249789277537,1.0980482714336395,-1.9303345865794772,10.241416435503465,-1.3948258477874382,0.21788102600273906,0.13195183245166006,0.16202832306747025,-10.414987238940384,18.37427665113884,0.03862054183670249,-0.7503103080488692,-0.5929147195504759,0.19154965556352735,35.06951534973059,37.79323185835662,-1.3430502760562475,0.20139326328261278,4.73355060681048,0.7587598908534425,-6.733801831302106,48.874791744701604,-1.4989846436567988,0.17073520353858368,0.06249021984405775,0.1721132633431685,16.690480618095464,15.957008196872232,0.04940093776911825,0.8855409369775066,0.2624532703700308,0.06659958951758727,-124.3599790035011,49.63868319261718,-1.546611573981372,-0.02531768690404123,-0.9933093538811595,0.11240824150944294,63.24897603114921,79.82579951514579,-1.429515005230677,-0.19408036855755545,0.27349755920936375,0.07146814872682235,-88.92526318119104,41.32084243210605,0.6752014968573286,-1.2998374255616725,2024-09-18 22:45:04.364154112,2024-09-18 22:45:11.222716160,010,RP
392,0,0.8759635927264959,0,-3.5014292117020442,1.0977536713443974,-0.43544681251233547,15.475313810526766,-1.3957701467812134,0.2172508658671104,0.12257333344815606,0.17581930272177498,-16.88081994188176,19.069138371614557,-0.10428325547850603,-0.8004419985641725,-0.5895029437770718,0.19337852141489703,37.16820777941858,38.910767900885126,-1.4034573502364225,0.15914066405453656,4.728833400847917,0.7644063726110425,-8.194821048766675,55.7519434893794,-1.4977326449671349,0.1595983747103558,0.07117062544695547,0.18503458909707593,22.204702264888038,15.419677451944482,-0.14361783741239886,0.8987767502718401,0.26040941830032727,0.06780606467242262,-128.60205317079468,50.48918585843439,-1.6035379690807652,0.026881229446042446,-0.9912319083524164,0.11443427273140029,69.47611274175028,85.86693981791278,-1.4531961944946763,-0.1861743016774505,0.26854114845894583,0.07786354967557513,-90.80835498344045,41.385779936920734,0.19407339204867657,-1.1972369189070486,2024-09-18 22:45:04.425839872,2024-09-18 22:45:12.176645120,010,RP
393,0,0.8759635927264959,0,-3.4966339694420623,1.1054475190230026,1.0169685528417274,20.55596678772072,-1.3748249767970706,0.23245007790657807,0.11279005788503615,0.18906999219073561,-21.510178024812877,19.42613422453608,-0.30982564220640985,-0.8024430582824119,-0.585952065122524,0.19493722452133452,38.81900860101853,39.74607825577582,-1.4545756544007522,0.11257798908182004,4.718793820635686,0.7754100498879487,-9.367344096015307,61.20256543604521,-1.5055508755557696,0.14572146543077596,0.07997226634649916,0.19687197217478938,26.240760011032148,14.901466951263165,-0.385603986835799,0.8715665118829681,0.258162544557332,0.06878681398946265,-131.26141277953175,50.886780325354195,-1.6441920512478634,0.09448506718728783,-0.9885846597898736,0.11655004032133143,73.77174548922655,89.92961591657212,-1.4897178969696914,-0.1982400160813773,0.263400581075153,0.08365870299341858,-91.67196456372972,41.14644873438724,-0.2328274749271091,-1.0800827560371578,2024-09-18 22:45:04.502999040,2024-09-18 22:45:12.234693120,010,RP
394,0,0.8759635927264959,0,-3.486930013835668,1.1203255579035305,2.349574651415911,25.192802371769616,-1.347744793804502,0.25690967088563876,0.10278174429820484,0.20148270055101802,-24.907422541177283,19.560028334754627,-0.5380933185792105,-0.7723077254705657,-0.5820792448430746,0.1962858430265483,40.05539839291919,40.3154160484389,-1.4968768799250818,0.06010962890936934,4.702667052705899,0.791086908955432,-10.216402238834773,65.0443382057591,-1.528207699230825,0.13951615080328217,0.08877875550370251,0.2073464834193324,29.247960416541137,14.403402473197925,-0.6409310301085855,0.8164154612899702,0.25569990705824863,0.06946518310152659,-132.65637941069159,50.920223885997615,-1.6588852520716715,0.1764856960846938,-0.9853216986913281,0.11851042879815481,76.37895066815246,92.25783741660514,-1.5252345059947587,-0.23542171283602267,0.2581236101336861,0.08878589795572239,-92.0173486144192,40.75185021928382,-0.5998569345867399,-0.9563636278275033,2024-09-18 22:45:05.450930176,2024-09-18 22:45:12.308183808,010,RP
395,0,0.8759635927264959,0,-3.4723606507102858,1.1412177087681896,3.5093671894593594,29.18578853757244,-1.3330354558899251,0.28177527625247195,0.09269319668551312,0.2128530381930005,-27.47101273978714,19.54637598703932,-0.7657855510391016,-0.7209339433696549,-0.5777050299927345,0.1974253875952957,40.91008014285263,40.633959075931855,-1.528871111615483,-7.970204053782036e-05,4.679877331419991,0.8099588503714621,-10.756341342944445,67.33835801986135,-1.5617523131270419,0.15081225298209924,0.09746439727305489,0.21623190121081876,31.527459573092724,13.927195155157913,-0.8859249531493623,0.7424621945190663,0.2530153460103625,0.06975800742562573,-133.10537825081676,50.67770333397059,-1.638465704132365,0.2713553254835179,-0.9814166485857354,0.1200287348498386,77.67764262530991,93.23413169537213,-1.5397236057743808,-0.29901847867957054,0.25275709357284626,0.09318526498043342,-92.12364346490955,40.28490437153166,-0.9086123099299073,-0.8301360292938923,2024-09-18 22:45:05.515944960,2024-09-18 22:45:12.370325248,010,RP
396,0,0.8759635927264959,0,-3.452990852285087,1.1666503921924571,4.4712114233969285,32.43905214362216,-1.343864834677087,0.29856176642504323,0.08263482168326554,0.2230469512314303,-29.45732109764652,19.434200476170712,-0.9799552570317793,-0.6554831589212319,-0.572671482337966,0.1982898429124338,41.41837005727401,40.71911937672153,-1.546747167956946,-0.06957670787044726,4.6501257416284245,0.8298316222324191,-11.042617464576757,68.34955972698398,-1.5926250347403932,0.18587967221196186,0.10588681380146271,0.22336417978044534,33.276870846899435,13.47641817273904,-1.1041119890947078,0.6569742338997308,0.2501102915244446,0.06958136737633662,-132.90707235629603,50.241426612693616,-1.575083663635613,0.3771137029590509,-0.976864293318104,0.12080855636297808,78.09143296781583,93.28473248030355,-1.5128357055102934,-0.38687546188336014,0.24734709613194486,0.09680897440621604,-92.14552352652288,39.791927665843254,-1.1623949907436262,-0.7036744626950409,2024-09-18 22:45:05.576675840,2024-09-18 22:45:12.447087104,010,RP
397,0,0.8759635927264959,0,-3.428951578819807,1.194915403658318,5.234537637768048,34.94897609741644,-1.3842081097597732,0.3009737872646578,0.072685351557771,0.23198161932680095,-31.02841634732717,19.255311350486366,-1.173622825056449,-0.5805903132086173,-0.5668617096745852,0.19873903712949142,41.61995045386096,40.592756270847126,-1.5444011665975443,-0.1493852032133487,4.613480206823844,0.8479900629899195,-11.15284369795728,68.45342365032595,-1.602922174349652,0.2464439211642491,0.11388490495565498,0.22866009759158565,34.61553171045281,13.057813461165626,-1.2840696762501664,0.5663247464153438,0.24699472357645455,0.06885728339099093,-132.32403223254133,49.68333776379839,-1.4628148739598301,0.4914062665914847,-0.9716831338101499,0.12057439871777918,78.01985041895608,92.81057275449038,-1.4287254296743357,-0.49456365525252555,0.24193875517815744,0.09962488918157655,-92.16248088143503,39.297675898585126,-1.3645283340998047,-0.578467707631234,2024-09-18 22:45:05.654308096,2024-09-18 22:45:12.511653888,010,RP
398,0,0.8759635927264959,0,-3.400468217843009,1.2241575556094881,5.816077153304164,36.77738551233366,-1.449411268140957,0.2855828918349309,0.06289394088015772,0.2396117095070908,-32.284181695318196,19.030479414909614,-1.3430349596793334,-0.4992531129513013,-0.5602205135867516,0.19855659451681143,41.558051288369604,40.28167283643498,-1.513906989058045,-0.2396643932993576,4.570454516407247,0.861477523855736,-11.167386920685102,68.04003398811244,-1.5764728641014973,0.33060608496360294,0.1212841973305493,0.23214045551509987,35.59638181633606,12.682721403533924,-1.4188935718279188,0.4765473832057608,0.24368810604189828,0.06752122887230187,-131.56916088156106,49.061839628749404,-1.2981426399072837,0.6115507506894128,-0.9659184239212781,0.11909983001152417,77.80272000788916,92.15108068680881,-1.278409961901937,-0.6166020266071369,0.23657553071254206,0.10161962065825995,-92.20388180916208,38.813182272759015,-1.5180387326713898,-0.45569495903302215,2024-09-18 22:45:05.717262848,2024-09-18 22:45:12.571154176,010,RP
399,0,0.9250069427488128,0,-3.3678653423119065,1.2524758549768993,6.241701849661976,38.02121133652068,-1.5292216318208665,0.2515850465059636,0.05328097185850364,0.24591880637483277,-33.28318078257409,18.77336021863781,-1.4860810299572453,-0.41342397595722663,-0.5527744200302731,0.19745989661119798,41.272992771791166,39.814654642340514,-1.4464233001091749,-0.33952899799046665,4.5220556473334845,0.8674251848173261,-11.15595409869598,67.44784523340127,-1.5020921116010852,0.4345333807449055,0.12790939421709469,0.23394872772078706,36.21038577097116,12.368351491667774,-1.5066013390457342,0.39349679219164563,0.2402200228189976,0.06553012258825251,-130.79167009348967,48.418777974392896,-1.080352790176967,0.7345295009883545,-0.9596438472891374,0.11623261021880599,77.70862819046913,91.57260692426293,-1.0599239567518552,-0.7473492920656549,0.23129769443377723,0.10280038127690164,-92.26171059801501,38.33992094583726,-1.6258086425459404,-0.33644769863523444,2024-09-18 22:45:05.779262976,2024-09-18 22:45:13.526818048,010,RP
400,0,0.9250069427488128,0,-3.3315519137408978,1.278018935156731,6.5395835982511645,38.78696225182225,-1.611136078322475,0.2000987119096138,0.04383881045560487,0.25090072588446805,-34.05659736112677,18.49300071647728,-1.6014192285674487,-0.32438656135994287,-0.544647458473278,0.1951292458225771,40.786351444109116,39.214182654431944,-1.3334666117275087,-0.4467963387935847,4.469780856646121,0.8633954176574574,-11.170841328811917,66.93121272415483,-1.3734360837222166,0.5537943240698742,0.1336018343251237,0.23435557916893418,36.38947807672153,12.138298978816131,-1.5508173848313802,0.3225924328555303,0.23663004515911265,0.06286993320692492,-130.05843759822122,47.77573396219073,-0.8119274381905677,0.8569086729684897,-0.9529595404094534,0.111914014032344,77.9372757244634,91.27107045514951,-0.777160635670239,-0.8815106441627848,0.226140373776652,0.1031948178480233,-92.29747843797267,37.872186272605624,-1.6908515230723322,-0.2218210016391828,2024-09-18 22:45:05.857477888,2024-09-18 22:45:13.585720832,010,RP
401,0,0.9250069427488128,0,-3.2919989645430965,1.2990590874043622,6.735634750658024,39.17370262470671,-1.6828537014834,0.1334310622246827,0.03453410051838461,0.2545594284333017,-34.6182302895566,18.19550944458813,-1.68799562014883,-0.23300886769292725,-0.5360678233767207,0.19126231470116545,40.071929977524626,38.48127228155597,-1.168762864514801,-0.5574348479626645,4.415555448022372,0.8477130739522037,-11.243659762948978,66.64700312199928,-1.1872851563170008,0.6836743864415168,0.13823803053836842,0.23374306698901196,36.01448540406661,12.021428466889015,-1.5609221732810146,0.2681244411869781,0.23296657283571878,0.05956171558775094,-129.32499575918257,47.128401044010616,-0.4990882181617504,0.9746502082783126,-0.9459857826981095,0.10618813905119072,78.62835630641626,91.381307182791,-0.43826433076445737,-1.014313772948485,0.2211318433189452,0.10284853659967262,-92.24667262930674,37.39867675855788,-1.7165579882917246,-0.11294237746152544,2024-09-18 22:45:06.795986944,2024-09-18 22:45:13.647349248,010,RP
402,0,0.9250069427488128,0,-3.2497212288362824,1.3140474911349695,6.8511094245492234,39.26419573803794,-1.733663238841182,0.05456242364501115,0.025312449434421107,0.2568893726773606,-34.97219151717145,17.885231829389294,-1.744805189943812,-0.13994688428730453,-0.5273613363654734,0.18565739964219746,39.00814008295486,37.57138488327866,-0.9518173298654471,-0.6644005285653624,4.361611334048207,0.8197806171881745,-11.380528072865511,66.63744023006399,-0.943218454310665,0.818175434824143,0.14174509859432288,0.2325674325353996,34.93448851643023,12.048207480896357,-1.5507114307060854,0.23221049097690696,0.22928479282669945,0.0556651052234866,-128.38619264649967,46.43700158276139,-0.15273354725281685,1.082762194962053,-0.9388540360443393,0.09919900622157547,79.87111273995023,91.98731655925471,-0.05428248708803274,-1.1413983171185789,0.216292676327682,0.10182092653711441,-92.02196109480934,36.90367624611814,-1.706856794262037,-0.010978746784908762,2024-09-18 22:45:06.858474240,2024-09-18 22:45:13.725937920,010,RP
403,0,0.93509483667971,0,-3.2052672025374043,1.3216682024496809,6.90166311651099,39.121674430314755,-1.7551845206174979,-0.03309792554574372,0.016105298560721147,0.25786974487388237,-35.1189161527397,17.565600629768806,-1.770877685939556,-0.04583104802429707,-0.5189308473892519,0.1783237585612641,37.3040806119635,36.35823816304318,-0.6956364490485547,-0.7557828059602587,4.310315052658767,0.7803838977072928,-11.549594040713933,66.78238904578726,-0.6484666477549306,0.9476067148548286,0.14411014190436083,0.23130419227952725,33.00159624266033,12.244135282399798,-1.5349473317593223,0.21375731013809882,0.22564404540231325,0.051278720818365695,-126.78985077548343,45.60937484493571,0.2098777680761681,1.1747143294387603,-0.9316975751476312,0.09117693996748984,81.70896087659641,93.12804071655756,0.36133519002070136,-1.2584245932081872,0.21163584429564286,0.10018036838705538,-91.51519356210231,36.3678952553947,-1.6662888589241545,0.0828577700107069,2024-09-18 22:45:06.936580864,2024-09-18 22:45:13.798024960,010,RP
404,0,0.93509483667971,0,-3.159215173432902,1.3209043627492394,6.897086956948808,38.78938176687884,-1.7419448373816435,-0.12576370051480887,0.006837990128887848,0.2574629837036076,-35.059357566975464,17.239735540968127,-1.765496039987572,0.04857526844824207,-0.5112244028069703,0.16960957974047797,34.39762453914513,34.58490506300286,-0.4406368023450047,-0.8132500568142635,4.263963666908901,0.7319819000384472,-11.653758471578184,66.69120270574118,-0.33236630681967805,1.0551566745937477,0.14538254083744764,0.2303832485004159,30.11803012442847,12.6213642554918,-1.5244770129486058,0.2080959396672372,0.22210477028870934,0.04653733458518222,-123.68856725314244,44.47182081709879,0.5622408766074343,1.2415408770711567,-0.9246427023603335,0.08241816597391079,84.13446673669931,94.79432068506723,0.7917519495784227,-1.3603516733774328,0.20716739356082656,0.09799969537412175,-90.59809921542664,35.7689720760251,-1.6000190291746141,0.16729780160902466,2024-09-18 22:45:06.999066112,2024-09-18 22:45:13.865863936,010,RP
405,0,0.93509483667971,0,-3.1121719788628033,1.311113529988441,6.841149247787492,38.29083299218259,-1.6920271880104314,-0.21924049133098159,-0.00256182565633737,0.25561990389265593,-34.79692594053396,16.91085634236387,-1.7285830479272548,0.14226951714132433,-0.5046972562934323,0.16032588968228675,29.36827685521701,31.822088750893908,-0.267572566137261,-0.8147693887863732,4.224576318001329,0.6789347091526046,-11.484783654875871,65.51834504575736,-0.0703456975057577,1.1148945328425888,0.14566913447850696,0.23012590525779889,26.28130524703319,13.171625011699232,-1.5224306451232081,0.20797293150678417,0.2187251377153716,0.04160612874076057,-117.5980114139901,42.72164124157883,0.8641690014453309,1.2706314397754759,-0.9178007146336358,0.0732626820799086,87.07049490985551,96.91336245176973,1.2133085613413463,-1.440253110823227,0.20288738663086775,0.09535230666970443,-89.1216950630398,35.081667803453236,-1.5138164649392074,0.24099154682230925,2024-09-18 22:45:07.072531968,2024-09-18 22:45:13.926899968,010,RP
406,0,0.994168068255616,0,-3.064774798890899,1.2921004013203778,6.731220613133559,37.62967530090667,-1.607778334033109,-0.30888385721021167,-0.01215563302647195,0.2522905843307739,-34.336786856037506,16.582614619669815,-1.6611196368194492,0.2339656427481402,-0.4997736215051417,0.15181601028744418,21.0492304994725,27.51985015661785,-0.2720784561611036,-0.7503611046930978,4.193713490679126,0.6275246241956904,-10.680423524108852,61.79063621922196,0.009011871967735008,1.0991683421652558,0.14512259712148817,0.2306997240903947,21.605378010095542,13.86457143138344,-1.5244625656133357,0.20591119687925497,0.21555764183990303,0.036672837695391355,-106.03910270953399,39.857538922886405,1.0564991100849586,1.2445634215873942,-0.9112612827763946,0.06407585315280513,90.33138326214669,99.31549218642996,1.588084008521844,-1.487434052847777,0.19879117439288624,0.09230918154607577,-86.91389884503788,34.2777160224696,-1.4140396338488488,0.3024640603198247,2024-09-18 22:45:07.138795008,2024-09-18 22:45:14.843060992,010,RP
407,0,0.994168068255616,0,-3.017696548646022,1.2641782428506667,6.557511497739213,36.788579814434236,-1.4964382379962229,-0.38958873994081034,-0.021985467608671243,0.24743983153015905,-33.68238245103908,16.2594770716398,-1.565446487545572,0.3221043149076815,-0.4968134666578954,0.14585919362281796,8.725491781978416,21.33494182049967,-0.4409752098961319,-0.6547496480603041,4.1723506580100995,0.5854058960644488,-8.783521240145884,53.64793062596836,-0.1852769180876832,1.0075671518276292,0.14392376563791887,0.23210693342181804,16.30229891576748,14.653711751487782,-1.5233713909293225,0.19685568601400796,0.2126462303932054,0.031938836092535276,-85.11984012347999,35.10041313393032,1.059523257290616,1.1414427642440856,-0.9050884908163626,0.05523806854835392,93.55597363482673,101.67643498400071,1.8505797458932074,-1.4845909437618288,0.1948712525531831,0.0889372229690187,-83.77386290345913,33.32511759521572,-1.307677039400769,0.3500370519758622,2024-09-18 22:45:07.200840960,2024-09-18 22:45:14.919606016,010,RP
408,0,0.994168068255616,0,-2.9716504717023255,1.2282123624342727,6.30191954608265,35.7271021917466,-1.3704823252234466,-0.45586319842172446,-0.03206636541860282,0.2410649639051223,-32.829447402906645,15.947278943087595,-1.4453436626638032,0.40490141355033893,-0.49608754440369246,0.14425041085863596,-6.527972017232534,13.761554392035087,-0.5284472517491476,-0.6184501596146876,4.160819726843086,0.5599206919947749,-5.564189796009676,40.151590667136055,-0.5000005081886085,0.9031736158838142,0.14225959022453571,0.23421308369145918,10.631168360189104,15.487614345471451,-1.5146381901420296,0.1795629092965407,0.21002459658241596,0.02760945105043608,-49.40508677471748,27.376283418979284,0.7895812001617548,0.9408261705444769,-0.8993203926691296,0.04714327138314924,96.11862053914848,103.44143556608213,1.8907623811842118,-1.4045276480021256,0.19111975105938495,0.0852994865430031,-79.46128635004048,32.18662126607825,-1.2024926206126887,0.38172237549237037,2024-09-18 22:45:08.126369024,2024-09-18 22:45:14.987441920,010,RP
409,0,0.994168068255616,0,-2.9273851948210603,1.1856340795411606,5.936819775544338,34.37935831524937,-1.2473523700654845,-0.5020829320612195,-0.042381921789664025,0.23321181929804302,-31.758323153462268,15.654021231939087,-1.3058655015862766,0.4804101444095822,-0.49776207659773186,0.14807241160635462,-21.410666274404825,6.3425822939112395,-0.29667048727747325,-0.7084328760111585,4.1588209620907675,0.5552862916526152,-1.4644681221035956,23.090460724518127,-0.5789781450768019,0.8793127075160536,0.1402997825185984,0.23680680031778148,4.841413635702829,16.320750719828318,-1.4988490297436614,0.15606893900756988,0.20771588652634218,0.02388078763207393,6.871651447841808,15.572648827611514,0.2199985395803683,0.6423453209501061,-0.8939718774293836,0.04019945144036799,97.10745011505063,103.81132949173205,1.5600752925924395,-1.2109783697215823,0.18753118767542223,0.08145756698830779,-73.68058433533777,30.817407489025,-1.107253200560926,0.3951329370193068,2024-09-18 22:45:08.191523840,2024-09-18 22:45:15.055267072,010,RP
410,0,0.994168068255616,0,-2.885662072399208,1.1384060874941146,5.424684648418765,32.65380674466826,-1.1480443209447024,-0.5230740245919278,-0.05288497171139713,0.22398384900715557,-30.425663918900586,15.390939624348464,-1.1530191221866195,0.5465601320979238,-0.5018943612134869,0.15713369940841448,-32.565176637311154,0.6557214738123495,0.08891632416221285,-0.8756992800982252,4.165504219236617,0.5704272212266972,2.531121482737368,6.456602784257045,-0.35475540152531204,0.9500383829876424,0.13817637168743827,0.23966851612759377,-0.8631143947332353,17.119262015415437,-1.480287667548467,0.12995525100297897,0.20573362356849637,0.02091591533892533,85.53639914348771,-0.5977133427909597,-0.5153651371215848,0.2973430391545966,-0.8890397271390419,0.03480746587055684,95.68265905603626,102.06568509911646,0.7860318364656647,-0.8781243733131485,0.18410482646543722,0.07747569885154651,-66.06348855209549,29.16260709558494,-1.031857151994781,0.3875072810578959,2024-09-18 22:45:08.253555968,2024-09-18 22:45:15.122344960,010,RP
411,0,0.994168068255616,0,-2.847211249275798,1.0889166695460184,4.720130184852095,30.439207760357135,-1.0938334260554194,-0.5151747491494667,-0.06350411284573314,0.21354048257801003,-28.756363787800055,15.173852628986596,-0.9934884079117716,0.6011278544384064,-0.5084397334175721,0.17010195982487267,-38.99268126502449,-2.825428467625391,0.28777603223900394,-1.013197844198333,4.179611266202733,0.5996963760869565,5.665384387860726,-6.679104414871771,-0.13197421138895038,1.038564791221491,0.13596994037720825,0.24262493925274503,-6.331125291691702,17.860842728431955,-1.4640507257538307,0.10467718595022624,0.20408350869899874,0.018803985095222086,177.71496088470144,-19.26869276565519,-1.111830321595874,0.017909252040606106,-0.8845085634636577,0.03127359223046757,92.18132992768506,98.53517571250619,-0.17196751224222995,-0.44143287981542234,0.1808460615341699,0.07342540488858004,-56.15875046458406,27.156088842200262,-0.9869864992301296,0.3559854474698862,2024-09-18 22:45:08.315949824,2024-09-18 22:45:15.186396928,010,RP
412,0,0.994168068255616,0,-2.8126717407833737,1.039790640454636,3.7764830383367562,27.622007121477523,-1.1006282372467582,-0.47778866617530635,-0.07415461098633183,0.20208507924200605,-26.635699157053597,15.02484009065972,-0.8346705022350416,0.6415995150221019,-0.5172671729014429,0.1851496020242963,-41.74485701447678,-4.593244171053375,0.19665276752543281,-1.0635537561562136,4.19965551013386,0.635834509177651,7.794628138766626,-15.734753012415686,-0.12768338808368096,1.0767248076854297,0.1337041018582096,0.24557602321350241,-11.451560867329517,18.53112066064092,-1.4540532225183969,0.08272255516201127,0.20276576142493005,0.017514286730443016,262.78974401879697,-36.28476254063379,-1.3516839920680102,-0.09653977458732994,-0.8803569422460115,0.029644575628777228,88.99085833957785,95.34371993567872,-0.7719345453887398,-0.023457667087004214,0.17776663097083734,0.06938926542224284,-43.44377744448043,24.72285395295214,-0.9827507831368063,0.29829568622082386,2024-09-18 22:45:08.397704960,2024-09-18 22:45:15.245916928,010,RP
413,0,0.8213258648448628,0,-2.782532740154703,0.9936332094974974,2.558394313770955,24.118815940293302,-1.1716554371734251,-0.41506709676323017,-0.08474983280794936,0.18984828013915525,-23.900478725034137,14.974438424023406,-0.6852393911728281,0.6649220495262144,-0.5281780411341133,0.20052881803783165,-42.34682534003502,-5.3666632563481285,-0.08187195309847484,-1.030814647149168,4.224102668287507,0.6725406648510039,9.138590395085268,-21.602344072266266,-0.321543626694913,1.0497139493107879,0.13134719507054898,0.2484938890530052,-16.136996496633962,19.119549226696154,-1.452568908011159,0.06562260570423845,0.20177746229379176,0.016886121984752065,321.0455927110274,-47.779764977837374,-1.3372299786625268,-0.05943519475229552,-0.8765633722097503,0.029600377900980045,88.8629162943393,94.8939775713588,-0.8505881466168974,0.2585701898361705,0.174883855303758,0.06546253142284053,-27.380041376101843,21.788327194229105,-1.02582595250682,0.21398395279898613,2024-09-18 22:45:08.456275968,2024-09-18 22:45:16.187577856,010,RP
414,0,0.8213258648448628,0,-2.757097116355778,0.9527504469025861,1.0594586776815116,19.921030465133793,-1.2916767622866367,-0.33678866728080925,-0.0952087568850571,0.1770756489274569,-20.327436769899595,15.064650014478268,-0.5562411305806672,0.6672094895616222,-0.5409226153752185,0.214836694094944,-41.94580244167539,-5.68943316076328,-0.4197015170053393,-0.9426519884320995,4.251516297795925,0.7054951456762332,9.968924262588201,-25.383043973886963,-0.6054954475318675,0.9736192406005756,0.12881899203594308,0.2514010731270804,-20.313465227241302,19.6167601153304,-1.4606571001042599,0.05444035360950293,0.20111410713532915,0.01668207871079511,347.4985045674231,-52.88685147693936,-1.2860230137973614,0.02952573593930659,-0.8731116674140412,0.030574126236721,92.37273907996457,97.65171624171002,-0.7422156007145819,0.38738618142468423,0.17221923384371385,0.06175143281140912,-7.538343349527058,18.2982477161064,-1.1151455332918299,0.10614090318892977,2024-09-18 22:45:08.532902144,2024-09-18 22:45:16.265417984,010,RP
415,0,0.8213258648448628,0,-2.736475410957824,0.9188922269120797,-0.6807424471090936,15.137165032290705,-1.428294092545315,-0.25713211751688586,-0.10545759725370651,0.16402619568979712,-15.619148565652475,15.352842121117611,-0.4623541554802646,0.6435919384585442,-0.5552114676422756,0.2270626470642877,-41.21715500430626,-5.884237121980049,-0.7373822616601067,-0.8255593231306744,4.280644023268589,0.7323009169714191,10.486160537568432,-27.88752043217724,-0.8923083853379365,0.8699549551517266,0.126000569993446,0.2543378529956873,-23.92030156483379,20.013971631584177,-1.4785697625989296,0.05031764778437295,0.2007697745432324,0.01666952145561522,350.2108000443546,-53.31174336751013,-1.2762642346649589,0.0896156712868105,-0.8699943273263626,0.03199708763741064,98.28816550578901,102.51014643335107,-0.7123199616536029,0.40724804811888216,0.16979666964350587,0.058367137877035874,16.190527139928683,14.250902411867314,-1.23766941576093,-0.016880852982843943,2024-09-18 22:45:09.475838976,2024-09-18 22:45:16.337846016,010,RP
416,0,0.8213258648448628,0,-2.7206000261061747,0.8930477457758703,-2.5700161747076784,10.008013927996993,-1.5441427970320165,-0.19064547883227387,-0.1154272773552606,0.15098227020688476,-9.394543040677737,15.915613474817752,-0.4223573439695478,0.5885888019907464,-0.5707213826713411,0.23654885245820453,-40.511378094479106,-6.120709720002597,-1.0017323068735722,-0.6981703513535695,4.31043795581054,0.7520235114280736,10.812056947212874,-29.604700645651413,-1.1361729219110785,0.7556886605271005,0.12274582754109858,0.25732853259758404,-26.917575969622085,20.304020137791653,-1.5056280633586863,0.054780193647256045,0.2007359842052187,0.016675009003330243,340.2428205084465,-51.29897744352255,-1.2777357885611194,0.09553253491067908,-0.8672128892905379,0.03344983743627462,105.21151433357002,108.24078133184808,-0.7931771264909631,0.3620549474485814,0.16764057761943563,0.055414970375752,43.32821089658461,9.736433698079832,-1.3678107997503286,-0.14096945868968572,2024-09-18 22:45:09.543686144,2024-09-18 22:45:16.405633024,010,RP
417,0,0.8213258648448628,0,-2.709241257869355,0.8753191087654241,-4.476341888474299,4.872509871416596,-1.6153072142615525,-0.14669948082946405,-0.12505043823662393,0.13826517952031248,-1.2048362751802186,16.849334695785327,-0.45697751813910825,0.4976586861024145,-0.5870980082034927,0.24293246675818414,-39.993770946131924,-6.480263263020769,-1.2069112707427159,-0.5721022323137183,4.340022353058974,0.7647019807576235,11.012281380516498,-30.793547349616745,-1.321070021132018,0.6420688878520997,0.11889300898955538,0.26035523190613785,-29.29516815775035,20.48299069112995,-1.5396564869064626,0.0696880707709669,0.20099994241173733,0.016597722693406213,325.73694175075616,-48.473106533277424,-1.2533346378775625,0.053576592072995824,-0.8647754956901293,0.034686463702803545,112.20951421301727,114.03603827471065,-0.9265003569434014,0.28078546396394627,0.16577416624692617,0.05297990054478795,72.594533369498,4.965701756586814,-1.4745591466963819,-0.2485690205705883,2024-09-18 22:45:09.611528960,2024-09-18 22:45:16.473480960,010,RP
418,0,0.8213258648448628,0,-2.7020146746844085,0.8649145773946618,-6.2593233107239765,0.08721656082962935,-1.6424719476819634,-0.12578150884336706,-0.13426080788658554,0.12624713110682245,9.38239634980614,18.25968811383713,-0.5814912097073983,0.3707723476435104,-0.6039595059070677,0.24609380795006686,-39.729809716277735,-6.995196246024912,-1.3598675036238965,-0.45427770608892387,4.368636256152617,0.7709691636215582,11.116908955871066,-31.565731520966068,-1.4470310934935828,0.536045006828738,0.11427505923912298,0.26334391084472203,-31.077631621692458,20.55139819458055,-1.5764615885545021,0.09692013089042507,0.2015429389818443,0.016398211473285178,311.16861918409364,-45.71383802928451,-1.1924390714545918,-0.021484123452419603,-0.8626927844099881,0.03560372746062734,118.7129085112713,119.41276958899677,-1.0564317285232352,0.18277851378817403,0.16421805896141728,0.05111101490924747,101.9279467272801,0.26159043452331737,-1.5358549842551514,-0.3243839723162535,2024-09-18 22:45:09.679348992,2024-09-18 22:45:16.541300992,010,RP
419,0,0.8213258648448628,0,-2.6983853029261704,0.8603084937865203,-7.80566036770394,-4.062679215845599,-1.6449372332424126,-0.12049955529937921,-0.14299546652666587,0.11534940390431264,22.566092177080442,20.226848878545365,-0.7913685947647662,0.2183880593713579,-0.6209052108026956,0.24611489210301277,-39.7280580864304,-7.667358280936796,-1.4721227113683348,-0.34892582211234513,4.395579594477916,0.771803377623863,11.132984707688788,-31.935920406751567,-1.5212247097501517,0.44186149131607655,0.1087283820836833,0.26616278442343283,-32.32212647674039,20.514332517320167,-1.6097947502210646,0.13799700252156885,0.20233927618731556,0.01607793272268078,298.4251227377695,-43.38312333087112,-1.1053264158464504,-0.11358849976094923,-0.8609728017495208,0.0362008078263604,124.33950177424413,124.05292921071042,-1.1522595521327246,0.08256089104338542,0.16298919100265882,0.049809093885901636,128.87415774228023,-4.0050947115632844,-1.5511530549713815,-0.3622418378649751,2024-09-18 22:45:09.743763968,2024-09-18 22:45:16.598169856,010,RP
420,0,1.0003136982626954,0,-2.697683352925794,0.8595665267649886,-9.049371719004524,-7.4123394407959795,-1.6436054369047124,-0.12059937060780494,-0.15119884422485902,0.10601778933443988,37.91527805205398,22.732746219934725,-1.0458503274142852,0.06769626042692553,-0.6375300187279335,0.24324559494681153,-39.95712126790257,-8.473864270240231,-1.5559081857411454,-0.25904441301129116,4.420178899369606,0.7683844560979816,11.050996167339562,-31.847380075888733,-1.5534363368972486,0.3622296488283009,0.10209966147433848,0.26863014472242436,-33.110366815177436,20.380557243120798,-1.6318642983026306,0.1938329850667138,0.20335578181175432,0.015656809527358245,287.8783408422354,-41.54172506864343,-1.0131445726096466,-0.20470229317446456,-0.8596151292496087,0.036540499782238674,128.85386551258478,127.76473225691227,-1.2071244740322182,-0.00856002696168774,0.16209985608447705,0.04902178105903688,151.2509427883215,-7.517756058628383,-1.5401631666414901,-0.36849009808818,2024-09-18 22:45:09.808659200,2024-09-18 22:45:17.550955008,010,RP
421,0,1.0003136982626954,0,-2.6991395069457935,0.8607510308974977,-9.968875723401593,-9.90738630486606,-1.6483387154499964,-0.11826688183598255,-0.15882703944804968,0.09866794586764255,53.903221616187814,25.561289106011216,-1.2689180018666004,-0.03852613084122833,-0.6534418371885407,0.23787432826920318,-40.34686967646702,-9.364332646197235,-1.622904645169937,-0.18744509650504826,4.441774991087782,0.7620194607498644,10.847991726801656,-31.184338355634754,-1.5543789036807172,0.29901103764816056,0.09425049576480099,0.27052684872927824,-33.53781458695693,20.16095565168866,-1.634100510194526,0.264700693157019,0.20455189162988882,0.015152487512655754,279.07101122527763,-40.08450324519648,-0.944433565369069,-0.2741396652461246,-0.8586047499117813,0.0367118391870742,132.26233297911085,130.56106733027823,-1.2303095772741006,-0.08282993554287606,0.16155689666448872,0.0486488620929954,167.75081669029996,-10.101301357418366,-1.526970656117507,-0.3589279104994718,2024-09-18 22:45:09.882758912,2024-09-18 22:45:17.613925120,010,RP
422,0,1.0003136982626954,0,-2.701931448055795,0.8622819814890205,-10.568868435859963,-11.5563579972143,-1.6573203456816359,-0.11068460057349461,-0.16585193186726335,0.09360062998182324,67.81273907636448,28.246873781025705,-1.3912187887296807,-0.06089821829454384,-0.668279215751134,0.2305024445528301,-40.77891218040362,-10.251699451104491,-1.6845018362325517,-0.13745617290067166,4.459730133172597,0.7541139479951041,10.48971252858279,-29.781287052038795,-1.5354844074834768,0.2533834361514551,0.08506079005608323,0.2716085558557228,-33.70372420961289,19.866865409102004,-1.6077811066259575,0.35036691820565224,0.2058802613244024,0.014565050655923964,271.06165213323055,-38.806243776213755,-0.9425577375543646,-0.30035144945652154,-0.8579065299982367,0.03679687663516038,134.95773953356723,132.7811260196485,-1.236996611351747,-0.13686589336896093,0.16136105234085066,0.048556122814769107,178.15386726671633,-11.74709550074957,-1.5232232839613302,-0.35138854284892007,2024-09-18 22:45:11.020281088,2024-09-18 22:45:17.676413184,010,RP
423,0,0.998415930228459,0,-2.7232409445291865,0.8597980106181905,-10.494253941139233,-11.578382014797135,-1.6518455702173207,-0.041854225097182084,-0.16839007437347484,0.09449434867407441,62.82738336573567,27.579507757647036,-1.441095156552944,0.005853360828277365,-0.6801341744974277,0.224347322737061,-40.70117577490732,-10.682260586741286,-1.6856552537986071,-0.07420858545068232,4.473129029703044,0.7464653947763432,9.937142073115911,-27.450118679538278,-1.5096046631688098,0.2253745211951402,0.07092456812054178,0.26821203380934444,-33.661251693387655,19.38740973875037,-1.4941110502557813,0.47041299545555737,0.20723248292938604,0.013998166750471008,262.90565483470897,-37.48259162757289,-0.9769052399068272,-0.3041709302333701,-0.8578470250651803,0.03681548268786512,143.3124049308749,139.94012022488744,-1.2394533750726424,-0.14110733221346622,0.16277073967617858,0.04823305729537092,175.78108463800154,-11.61201716760846,-1.4447705589844801,-0.4355063362154684,2024-09-18 22:45:11.097305856,2024-09-18 22:45:17.738957824,010,RP
424,0,0.8680475196021156,0,-2.7424316681745333,0.8524200698801767,-10.223735722033073,-11.037896611150725,-1.6165260789730251,0.01259972069822303,-0.17056066044817605,0.09596018043173744,53.938902619721034,26.199854854669475,-1.495899218367489,0.03965861419773767,-0.6901216056758231,0.21804527600773352,-40.15220019352625,-10.70990086897344,-1.6607533450496834,-0.023531711555899587,4.481860536271777,0.7403120613311134,9.147130603510627,-23.996163671998115,-1.4877566280211114,0.21283033894632403,0.05561942814319739,0.26289156579229883,-33.70183066856914,18.874476549164687,-1.3359739499666594,0.5960934705109118,0.20856224228812748,0.013412176151138022,252.80666867512375,-35.725925684275516,-1.0587789944634465,-0.29013808056795537,-0.857889250852654,0.036801261872574875,152.57627860603753,147.89354935121935,-1.2375521914337855,-0.1381626027712032,0.16440202272762153,0.04751463747466368,171.79804941342843,-11.243946824227502,-1.3142269328622536,-0.5287320873812091,2024-09-18 22:45:11.160218112,2024-09-18 22:45:17.822244864,010,RP
425,0,0.8647185761114959,0,-2.758360927613534,0.8421462943507755,-9.70417928973763,-9.767628987368731,-1.57112269908521,0.04563423180757602,-0.17251473221125596,0.09784294459160113,42.130261445543,24.26809077126805,-1.5282136528896202,0.04072648188801692,-0.6982451872751733,0.21199461882170492,-38.91336187053161,-10.171067646795926,-1.6199328906125403,0.011761297446442,4.485988047368908,0.7368371838141391,8.088352643061123,-19.284253279676907,-1.4771414693327953,0.21057573110612515,0.03921667389609475,0.2555585170991868,-33.88922280051809,18.329022599160023,-1.1315706895248872,0.7264103232276417,0.2098097960558329,0.012788043315117315,238.0097965446005,-32.9367868723129,-1.1802366724096698,-0.27401470978237596,-0.8578835002283179,0.03680349217137029,163.09548765424967,156.9169278202721,-1.2378562269718851,-0.13854356612552995,0.1662047437818152,0.046352759374380964,166.439769801087,-10.663079294893969,-1.1349148386964545,-0.6231045747242686,2024-09-18 22:45:11.222716160,2024-09-18 22:45:17.878685184,010,RP
426,0,0.8643220642208286,0,-2.7701029101817363,0.8316681664761385,-8.87050360236766,-7.572207843696237,-1.537674342635183,0.05633707507538125,-0.17442155499802192,0.10014646765341255,28.29040302611353,21.934456087335462,-1.520735306125205,0.012129354795939486,-0.7045971379029111,0.206538137125824,-36.78251003610616,-8.9168512963255,-1.5761480844931366,0.030649558251175265,4.485764060145572,0.7370561199900758,6.757591881552067,-13.312962795397747,-1.4775882620544878,0.2104546068009151,0.02184492346183701,0.24618266953885412,-34.285618928760655,17.748966721340484,-0.8794265341160892,0.8603163910857942,0.21091562638286923,0.012127039786135515,214.02961007361006,-28.14218927315673,-1.3080596607114239,-0.2704158573873888,-0.8576639307669386,0.03690426422597596,174.6253284125506,166.76984557777564,-1.2511867693795378,-0.15170924211587875,0.16812028023889777,0.044737898617698564,159.48834029823792,-9.813224465776454,-0.9187291303753198,-0.7098182620620002,2024-09-18 22:45:12.176645120,2024-09-18 22:45:17.955853056,010,RP
427,0,0.7848021479342057,0,-2.7770347152437314,0.8239190179040241,-7.674943167945478,-4.313583614907277,-1.527159954412437,0.05221956516269954,-0.1764551816464782,0.10299719315831696,13.324374695968169,19.351154957302803,-1.4630979671277742,-0.04441957502647495,-0.709357410882206,0.2019219091997675,-33.62609024665665,-6.85291631545977,-1.5407690063436998,0.03496965002958047,4.481668468582775,0.7415744081917237,5.192372889203644,-6.270493854668026,-1.4809724716773178,0.2035317326184061,0.0036916234447745967,0.23479815324675002,-34.95530093174497,17.12904180843878,-0.578378208200379,0.996615384520772,0.21182515565230284,0.011466237818431105,174.2210998144872,-19.904411586119135,-1.3836223024116425,-0.2851185352470038,-0.857062033214745,0.03722913067303598,186.0254714837802,176.43536881962018,-1.2880291720299681,-0.18139950977973252,0.17008292052087817,0.042701622269350516,150.18552776103206,-8.543993181565755,-0.6874886967585803,-0.7786313494570987,2024-09-18 22:45:12.234693120,2024-09-18 22:45:18.866508032,010,RP
428,0,0.784430099126894,0,-2.7789024359444383,0.8214717869922851,-6.123328423024895,-0.016132270831700875,-1.5290478327936978,0.04804884041428058,-0.17877904748750006,0.10657285801891518,-1.7502626611088383,16.68708970859403,-1.353481861649593,-0.12679521068186983,-0.7127863026135635,0.1982477342513536,-29.42892885332668,-3.976537387240338,-1.5192740462601804,0.029113733218152596,4.474419744865084,0.7503422380606788,3.4691305489081756,1.4776537744506004,-1.4766437295609107,0.1839501751811646,-0.014999838394373091,0.22150433946326983,-35.969732725393435,16.4604598220303,-0.22779233304436497,1.133825984630413,0.21249347172459593,0.010884013062409078,111.17586051356429,-6.624144572496697,-1.3599415452684442,-0.3112731924676361,-0.8559223550581777,0.037932254418464616,195.30670437547363,184.16737436770666,-1.3401309916472677,-0.21941117949970076,0.17202196257287436,0.04031885047228383,137.08281428924226,-6.581254749048315,-0.47586615209298166,-0.8171289690703485,2024-09-18 22:45:12.308183808,2024-09-18 22:45:18.933733888,010,RP
429,0,0.7840383110526796,0,-2.775847421212165,0.825925063261496,-4.297309555070828,5.071324353406245,-1.5170639567142628,0.05920845809442522,-0.18153210270145428,0.11101819881550663,-15.866117293339975,14.119790366032083,-1.206766250157676,-0.22811581992878027,-0.7152086058579519,0.1954413960851474,-24.309757316817294,-0.38654763930603686,-1.5104651846154473,0.0181508285332725,4.464948506494697,0.7625424962724874,1.6832572783955826,9.484342928781308,-1.4597933623725088,0.1518870454852181,-0.033935426384684435,0.20646430447829922,-37.41394082007763,15.730341965539319,0.1718697861087901,1.2700101688315404,0.21288949755793926,0.010486316327380169,22.187848927896262,12.276439989848699,-1.270975583440054,-0.33330469937469465,-0.8541183113614654,0.03915294855881124,200.33081698151523,188.10621911391462,-1.3613257483823968,-0.24375373587539984,0.17386407198510095,0.03771011289372144,117.85222709924328,-3.4902680959872967,-0.33400607982600183,-0.8107261840885854,2024-09-18 22:45:12.370325248,2024-09-18 22:45:19.005799168,010,RP
430,0,0.7836512221307963,0,-2.76838018071752,0.8375081110417301,-2.3399331869075284,10.522175341162011,-1.4721035638665627,0.0928062315798913,-0.1848195913122178,0.11637545851481819,-28.119533098155493,11.802959384908524,-1.0572915299167993,-0.334847176743669,-0.7169896442079644,0.19325840142093248,-18.484016126268582,3.7471518540924196,-1.509837406852153,0.0054913918686709,4.454330938141977,0.7767009105021732,-0.07876638218610964,17.350851533057103,-1.4351507216399686,0.11320167290171022,-0.05277702568997469,0.1899032792131,-39.39376293322251,14.920914361648546,0.6180708906298031,1.402580928344009,0.21299912689170228,0.010366996310790612,-82.88917290761368,34.655321458097056,-1.2308259719973502,-0.33966084903294924,-0.851565133771933,0.040959917982341804,199.94284394070593,187.26435464710792,-1.284877376047054,-0.22874532750521148,0.17553547393405983,0.03504338047400255,89.20952890979945,1.3405630633841363,-0.3231786532189611,-0.7453757123284869,2024-09-18 22:45:12.447087104,2024-09-18 22:45:19.067842048,010,RP
431,0,0.783285258165685,0,-2.7573057236605885,0.8550843177746462,-0.40773562382981393,15.87574823067373,-1.4006395645736822,0.14376239669653798,-0.1887092664329266,0.12255062643145438,-37.98521321240168,9.831838279389371,-0.9470285337954905,-0.4298597296243209,-0.7185053383697351,0.1913343472740736,-12.189706600629005,8.24163073428727,-1.513747441199669,-0.008269674472104055,4.44368702342221,0.7909999139744398,-1.7589466606720623,24.816208450920268,-1.412825027996035,0.0761048907814846,-0.07115078402037534,0.17210750241446224,-42.04301455988965,14.00860655148379,1.1047083327109268,1.5280877678328473,0.21282705921272715,0.0105546887048096,-182.3964323499414,55.81889630793113,-1.289007826754048,-0.3308387070564462,-0.8482274140337397,0.0433140484840723,194.64071229692976,182.0995880573098,-1.08117213988629,-0.16207713438983837,0.17696380183946547,0.03253294634248527,47.39880372884517,8.612127489500926,-0.4903919990828953,-0.6163151432687337,2024-09-18 22:45:12.511653888,2024-09-18 22:45:19.145088000,010,RP
432,0,0.7825442726749775,0,-2.7436193731191985,0.8765374549122594,1.3783631435102994,20.78170382372834,-1.3294867461278543,0.19897880931483744,-0.19323150614643456,0.12931886600974596,-45.38367279547948,8.230444551272539,-0.9064357665628391,-0.49813811202340785,-0.7201090540964488,0.18926918616655086,-5.6163257327403695,12.955632989098788,-1.5208362818190642,-0.02466447145356461,4.434057019662837,0.8036901769323732,-3.3305589600276004,31.76788833611133,-1.400933538132036,0.04734924965518013,-0.08865881105955124,0.15342243188002025,-45.52758111913464,12.963578787560248,1.6197438267799633,1.6418798063534665,0.21239722776019251,0.010985112605689375,-257.7548449220654,71.74641450320502,-1.3718405729081529,-0.3095899469492716,-0.8441198976498329,0.04607216294035632,186.17217294806306,174.151635574166,-0.7908542063006183,-0.051955250044236685,0.17807978641857986,0.030428358334042192,-9.938042830301644,18.769764544638814,-0.811080768529953,-0.44428808408848486,2024-09-18 22:45:12.571154176,2024-09-18 22:45:19.215032064,010,RP
433,0,0.7821614456934158,0,-2.7283948155104065,0.8993496629279016,2.95426797478858,25.06040942604159,-1.2853836814580988,0.24507968453518375,-0.19838162009485882,0.13635812852124557,-50.5839042689318,6.9650831204060655,-0.9429465747497048,-0.5309466120686019,-0.7220979425879334,0.1867243233992531,1.1288011758581775,17.81510500667804,-1.5305204684382385,-0.04547601339975108,4.426278502927825,0.8134698569766355,-4.787230531060733,38.189615588193874,-1.4010932911402287,0.02998285116531393,-0.10489558375519396,0.13425102175852613,-50.03593720596431,11.751451158042146,2.140684571748811,1.7372609466098095,0.2117518209075582,0.011523997635639457,-304.971683566469,81.57830932044342,-1.4188482599664123,-0.271728435193378,-0.8393020765477305,0.049026726392060405,176.54094211681863,165.17117931433853,-0.49441076382348026,0.08133517915035343,0.17881924090646636,0.028981458480563993,-80.15650921337381,31.333526131247677,-1.1403072541533543,-0.28708546940537727,2024-09-18 22:45:13.526818048,2024-09-18 22:45:19.268656896,010,RP
434,0,0.7364825601405027,0,-2.712676337481202,0.9211581633232877,4.304403786280186,28.676454298006753,-1.280016268396215,0.2737856362127559,-0.2041244053865031,0.1432965961502799,-54.031298662063136,5.970893288345808,-1.0427296225491776,-0.5265514826720004,-0.7246816386341943,0.18351096494357064,8.005300317323222,22.80129415171663,-1.540688033482142,-0.07071354018286896,4.4208887337913465,0.8197330803194472,-6.126545187009792,44.084774594315185,-1.408656606237082,0.02301786991480214,-0.11946871295937624,0.11505819650521631,-55.72009804224959,10.343191600922184,2.6243984234148314,1.8030619405564838,0.21094910345500353,0.012017704138473502,-330.5558505493243,86.7304603151861,-1.4416542798482594,-0.21138237503750107,-0.8338693628902032,0.05195634210774029,167.27970199877197,156.489418530179,-0.26209380680036,0.21779370495931968,0.17912564636244593,0.028384903835390666,-152.8727952928125,44.383438268058924,-1.2900968597451836,-0.21517742117410113,2024-09-18 22:45:13.585720832,2024-09-18 22:45:20.221583872,010,RP
435,0,0.7356181259480892,0,-2.6973756968518945,0.9401659751612899,5.440107707810095,31.674014319303616,-1.3085360085923141,0.28311617525241756,-0.21040224099815458,0.1497621507682063,-56.19518025322162,5.17640814142692,-1.1802162778476772,-0.4884501958851561,-0.7279570447207703,0.17965190126173344,14.981556917038358,27.905929898643247,-1.5462978544229997,-0.09705588424917586,4.418069434245753,0.8226413558689696,-7.335047291659485,49.40674823802786,-1.4161341097937934,0.022411351611244235,-0.13202167343492044,0.09639495360116104,-62.46825716914468,8.752836151966564,2.9825164854624706,1.8170438592204696,0.21006049006676872,0.012336352998713614,-342.39225921503976,88.92308576577932,-1.4649622081771352,-0.12789457367869708,-0.8279448547734333,0.05466365250876587,159.2730161567917,148.86927423126164,-0.13122502487153476,0.34357950875505516,0.17895306750186774,0.02870384813844518,-213.52201127686104,55.21041889716266,-1.2249012848025786,-0.25010188045904874,2024-09-18 22:45:13.647349248,2024-09-18 22:45:20.283849216,010,RP
436,0,0.7351925860000145,0,-2.683175012396061,0.9553593204049267,6.379442694096707,34.11716122981289,-1.3566068619563592,0.2758555696740216,-0.2171463950460756,0.15542338487623886,-57.47851476580981,4.518747726001777,-1.3278493494212462,-0.42289870688626036,-0.7318940214148402,0.17540050108672253,21.947786655080417,33.063453836141775,-1.5396530319690378,-0.11718318538760494,4.417639819899674,0.823012906210984,-8.379018223685176,54.01548455661666,-1.4176331092340353,0.02281518548862006,-0.1422552366065329,0.07896560872965061,-69.1390372638395,7.164609895284623,3.0253357110412527,1.7304286189506333,0.20916728445720745,0.012400083557010918,-344.621072749181,89.08345395367593,-1.4852655971762787,-0.02833372971791639,-0.821674304567109,0.056991502234763756,152.90839044082807,142.6408953779433,-0.11036740078008034,0.45038834761998175,0.17826867660010845,0.029851235422757756,-252.50601521243274,62.01391316548724,-1.0877795550384084,-0.34233884958021427,2024-09-18 22:45:13.725937920,2024-09-18 22:45:20.346336000,010,RP
437,0,0.7347698331984045,0,-2.6704510007528683,0.9665153863114252,7.134935166444876,36.05349475553955,-1.4087777154651266,0.25711048563834027,-0.2242880459764418,0.160013930521584,-58.18732096615159,3.949279479897823,-1.4622846021273535,-0.3369144047106912,-0.7363362632140653,0.17120052794480856,28.628148228977444,38.07994368966362,-1.5134111073902616,-0.12093886236877611,4.419096134405543,0.8220488608790909,-9.204430469436723,57.67526310689242,-1.412355770307788,0.01979685398262663,-0.1499451489812492,0.06377366827177744,-71.3350944772921,6.303648631010941,2.381811354974464,1.4468519364973087,0.20835711219250938,0.012197509851017257,-335.49360630726994,86.9024789692334,-1.4738000481537477,0.06965233263737648,-0.8152234151634136,0.05882182138919655,148.28907071927742,137.8887226631783,-0.19060352671703118,0.532905210766143,0.17705429198685912,0.031631403643239554,-269.9236147562969,64.79113450120985,-1.0060701202281308,-0.425751293699388,2024-09-18 22:45:13.798024960,2024-09-18 22:45:20.423533824,010,RP
438,0,0.726536764337534,0,-2.659242844999007,0.9740177189113731,7.7100179436671645,37.50281005151087,-1.453990811622042,0.23207278109233354,-0.2317647819266414,0.16333940370970051,-58.537433549425984,3.4330844788720314,-1.5668928671269613,-0.2371181180900556,-0.7410186825741177,0.16757713027227134,34.54722232951927,42.6001371772155,-1.4669901352338295,-0.09956772057448954,4.421691940915881,0.820943679534361,-9.748197187429462,60.10352494211571,-1.404960413277151,0.01194667084555305,-0.15495539686486912,0.052336162978413765,-57.536430445444616,8.084419586138184,0.7108439523018704,0.8843571385362383,0.20771978276204117,0.011807105768924813,-305.30816137463756,80.41854495621794,-1.4124067089490606,0.13446359754431123,-0.8087742568470272,0.06006912494014143,145.38100953201712,134.58041794392764,-0.35289654279020466,0.5874611662344112,0.17530689505964978,0.033815100134752744,-271.95040601421687,64.67478128856348,-0.9939700404327616,-0.46858343869667907,2024-09-18 22:45:13.865863936,2024-09-18 22:45:20.485173760,010,RP
439,0,0.726536764337534,0,-2.649272184757411,0.9785502331914534,8.102233590044305,38.465022084511546,-1.4870997978203278,0.2045274306935534,-0.23952132857140335,0.16527432669815154,-58.67533583107051,2.94600560736873,-1.6319146399643791,-0.12927129702473236,-0.745598987581683,0.16497274114233043,39.12048395342575,46.16819322937971,-1.4124298784235592,-0.052307924375531535,4.424549758397944,0.8204775346084147,-9.958135016452383,61.060263881138496,-1.401496189009801,0.0016467934395401182,-0.15724779194105218,0.046577450581471454,-15.375437689609385,14.582246373181693,-0.9538809023371653,0.35056190660903164,0.20734251807039242,0.011424236966326266,-235.79306723205792,65.8899283034362,-1.3572445385139702,0.1369071476684581,-0.802518621565675,0.060680088172937734,144.06960391117417,132.61853994030827,-0.5709146101042695,0.6122965455074446,0.1730384961987347,0.036195886091369804,-265.3944888387033,62.92346324808107,-1.0117288505324438,-0.4730297665568616,2024-09-18 22:45:13.926899968,2024-09-18 22:45:20.564727040,010,RP
440,0,0.726536764337534,0,-2.640002427116648,0.9807744994374142,8.309900520583215,38.93815754343757,-1.507294642941846,0.17631109001435372,-0.2475068950094874,0.16575744940054624,-58.69825590133831,2.4717769393874294,-1.653561750842715,-0.018188005690585388,-0.7496984186564395,0.16357940001337995,41.87642180437631,48.39468720573096,-1.3705147084362197,0.009612900847157343,4.426790828563504,0.8207347993797383,-9.812045852804795,60.43587459064084,-1.403453330836809,-0.006550569328207195,-0.156888249259573,0.04746731084087374,36.84758850926968,22.78095365065648,-0.6798365656471312,0.4433562086396285,0.20730497929641467,0.01137080913631,-112.55124466163639,40.33243344436623,-1.3616668941424999,0.129063654767755,-0.796648827557019,0.06064357597067668,144.14053535858642,131.82938849685888,-0.8121381321010293,0.6084364270531101,0.17027559502027037,0.03861315955349681,-255.15491683535757,60.446655286488124,-1.027457564080044,-0.454102981172383,2024-09-18 22:45:14.843060992,2024-09-18 22:45:20.632572928,010,RP
441,0,0.717773424190656,0,-2.630715797875849,0.9810828286500459,8.33851444597768,38.93626168384946,-1.5153527403913967,0.1476442084681939,-0.2556726956064485,0.16478856972442496,-58.66838584392553,2.0000956444043596,-1.6327405618764204,0.09224535535006058,-0.752945197958691,0.16324418293143353,42.68169551443219,49.13697767832671,-1.3550950499591008,0.06719240822052575,4.427667870830401,0.8210803571645278,-9.324029682163305,58.283706650383444,-1.4058506562974649,-0.009301703419188512,-0.1540484106579473,0.05359912662981811,66.87918205431276,27.302631701570398,0.4191621399520602,0.8608181028847701,0.20767473212823456,0.012018753247636347,41.13000938197405,8.458336319166769,-1.057498743325002,0.2943537324078831,-0.7913477406154386,0.06000706347112076,145.20305697043477,131.9061110640083,-1.0397295258841053,0.5803901697989777,0.167058060644585,0.04095279905932004,-244.08230878143988,57.77591714268011,-1.031049046078286,-0.42567967205452273,2024-09-18 22:45:14.919606016,2024-09-18 22:45:21.575568128,010,RP
442,0,0.717773424190656,0,-2.6205916016483766,0.9794780297543296,8.203895916889973,38.499060740599276,-1.5115661849133286,0.1179799706128526,-0.26397197935574085,0.16242456527555216,-58.62212418473459,1.5254018449175728,-1.5735968753794136,0.19906577851671656,-0.7550144413676534,0.1635007264915867,41.79017419572764,48.55218502504422,-1.3605939423188942,0.10411596555171844,4.426685811988892,0.8204320319317769,-8.533792991476313,54.77642035781845,-1.4021871727787862,-0.007221752509711307,-0.14900008950853133,0.06251030811499701,75.39575330784574,28.23397399143217,1.0413138473320975,1.1394885759637867,0.20850350488183972,0.013600846377541708,164.3103708455781,-17.259288209737885,-0.03840716696178159,0.6927044379981054,-0.7867790241706977,0.05889099836806514,146.57142202916077,132.31932039541456,-1.217337140010437,0.5365382917145783,0.16343705238354897,0.04313854614538683,-233.61288271034152,55.18100094900198,-1.026185062920959,-0.39624685358076533,2024-09-18 22:45:14.987441920,2024-09-18 22:45:21.643459072,010,RP
443,0,0.717773424190656,0,-2.608778076319142,0.9755839194695237,7.93096386375256,37.690124651837046,-1.4951602274632882,0.08686653481225101,-0.27236280045529687,0.15877093194341504,-58.57711626533864,1.0457725713768566,-1.4819695274054938,0.30024396004860276,-0.7556597295792223,0.16371180077119923,39.68574308669746,46.988917889044295,-1.366727412024776,0.11443082555227256,4.423695632593692,0.8177383303881919,-7.486657889833005,50.11869580997736,-1.3916147829946373,-0.004945425422697455,-0.14210085095311112,0.07236790587651921,74.65342432333736,27.608315122909918,1.1901829880663097,1.2577239370760898,0.20982424994519677,0.016089257716618836,225.46237974621786,-30.307474721109266,1.1423313493402354,1.1145399743797169,-0.7830777280644983,0.057493178040450045,147.13660753758444,132.21940034564932,-1.3190166046298555,0.4889436075443393,0.15947187964754594,0.0451214410746615,-224.37086954140844,52.78084430392272,-1.0210676807373993,-0.3693305283496232,2024-09-18 22:45:15.055267072,2024-09-18 22:45:21.704130816,010,RP
444,0,0.717773424190656,0,-2.594458710382367,0.9687543454822702,7.549116995719469,36.58587234523992,-1.4648099927187819,0.054451784978818495,-0.2808117892705206,0.15396762942642742,-58.53899707116112,0.5615594903454835,-1.3639408211770119,0.3946487040354195,-0.754733077108168,0.16325149440819425,36.862769256634905,44.821551271788444,-1.3535652908947702,0.10228696903041656,4.418945657296027,0.8124813736820741,-6.217280874564527,44.473826320846555,-1.3811169211096839,-0.008506192797603698,-0.13377184259962221,0.0821239597678233,71.38562940098626,26.54938718010369,1.0581545308102074,1.2838430216844816,0.2116490267755025,0.019281656593136735,240.20612740626748,-33.83939309104884,1.8463902768497098,1.394655021425417,-0.780341578464921,0.05607795201617254,145.31697744090042,130.39687955398355,-1.3434149287272341,0.45129578945228105,0.15522631086522787,0.046870364791846,-216.5638601555422,50.61640907867793,-1.0231287074682391,-0.34519531538430254,2024-09-18 22:45:15.122344960,2024-09-18 22:45:21.766618880,010,RP
445,0,0.717773424190656,0,-2.576919257484532,0.9582322771368171,7.086321667839746,35.26087877058615,-1.4194163558333928,0.021588895574426253,-0.2892964054878613,0.14817198706555756,-58.50779653556347,0.07390476924635031,-1.2247561513241079,0.48190909140194066,-0.7521914597677714,0.1616526972417501,33.68495145437571,42.337532806673366,-1.3117949086837613,0.07684009415854945,4.413076038706482,0.8050169096116166,-4.746056853418202,37.944709778158554,-1.3803893242636087,-0.021659524210180525,-0.1244715933144852,0.0911894227938276,68.05574993683332,25.47100762884981,0.7669242089422625,1.2544429104920884,0.2139679011033063,0.022939727917341612,232.9906453247147,-32.85251935683408,2.0243065722761244,1.5257209037082875,-0.7786241659213773,0.05494788553043616,139.25744389296466,125.42921109950262,-1.3219870170010308,0.43320436211757174,0.15076517900226685,0.04836493607571824,-210.2060731525683,48.691756246210566,-1.037063097257005,-0.32244241224595777,2024-09-18 22:45:15.186396928,2024-09-18 22:45:21.843745792,010,RP
446,0,0.717773424190656,0,-2.555620010173213,0.9433127253815942,6.563811027263368,33.77460680426985,-1.3586911565477107,-0.010235335414416827,-0.29780395497128703,0.14154384746600443,-58.48253742756666,-0.41633094268566473,-1.0683267189562955,0.5621630365638692,-0.7480903983112995,0.1586818049955287,30.350105422423482,39.7046224542507,-1.243659139347428,0.04745954580857662,4.407051542251078,0.7966289456810581,-3.0895756072714353,30.61591894492688,-1.3934276166445836,-0.043031843003302185,-0.11466951273555814,0.09921125625106096,65.41061954708157,24.500603871194816,0.39432381425598484,1.1850884387602347,0.21674905533131014,0.026853552877459854,218.61076908550768,-30.38367768453495,1.8660104549645764,1.5548066493046093,-0.7779313161771347,0.05439856988941661,127.43593570984564,116.13640519502489,-1.3029867307156417,0.4318723543926794,0.14615176670087815,0.0495913863284673,-205.23179107788823,46.99498884921889,-1.064640310902728,-0.29913261993419316,2024-09-18 22:45:15.245916928,2024-09-18 22:45:21.906231040,010,RP
447,0,0.7296650231370905,0,-2.53027199668128,0.9234767028100742,5.992323512567786,32.16220837890507,-1.2836416434714748,-0.03888682480962459,-0.3063270074409256,0.13423736690854407,-58.46219808887141,-0.9085501889825662,-0.897348149374642,0.63572649431029,-0.7425682680101694,0.15434136142310456,26.916867376859116,36.9876115882937,-1.1592192861859385,0.021416410218669763,4.40204444483831,0.789282468436182,-1.279786562654498,22.633677328711954,-1.4136102657930456,-0.06559299716767124,-0.10482087509620477,0.10597475746227805,63.601279904652365,23.66674181684432,-0.003313052093885105,1.0849436433556396,0.21994020398020928,0.030853096314097286,203.5959038198535,-27.778924615673645,1.5363586280759964,1.52226213418273,-0.7782209992832563,0.05466315209485984,109.53701483071337,102.24400514006268,-1.3106718015469312,0.4286280453556304,0.1414458290976092,0.050541407710189216,-201.54561710930753,45.50778691301527,-1.1051967643854854,-0.2734464265940053,2024-09-18 22:45:16.187577856,2024-09-18 22:45:21.968375040,010,RP
448,0,0.8312333828391424,0,-2.5009098030389914,0.8984815723998059,5.369733699708684,30.429219649310284,-1.197204351850804,-0.06136103638023526,-0.31485619030287293,0.1264001588909566,-58.44173369303865,-1.400741625285202,-0.713919984303689,0.7027190148105933,-0.7358267460126979,0.14882294767982757,23.347776103948927,34.17991811720176,-1.0726594106892524,0.0036149481091355003,4.3992937212416345,0.7851636972155012,0.6187963634643567,14.277733043484096,-1.427239566483523,-0.07927170981996104,-0.09534378538340511,0.11137170822512703,62.57591275783515,22.96622439615373,-0.3834813871903173,0.9625932280261807,0.22347140587323333,0.03480460340379248,190.31663612124095,-25.530326235078284,1.1341582186919261,1.4526687578443018,-0.7794062509423215,0.05586280292761322,86.95900161393548,84.77638943360476,-1.3219222551391379,0.3988623225006839,0.13670191399740023,0.05121296918040082,-199.040565440431,44.2092262588317,-1.1562986560163895,-0.24399406524959039,2024-09-18 22:45:16.265417984,2024-09-18 22:45:22.911365888,010,RP
449,0,0.8312333828391424,0,-2.4679474137929556,0.8684098374417707,4.679329031464898,28.54833798149009,-1.105086637573995,-0.07341088706705418,-0.32337262029999314,0.11817637772421509,-58.4030911078545,-1.8859606051661415,-0.5205778571228801,0.7626427739805973,-0.7281117168984562,0.14243719690955764,19.546899274153894,31.23232639054539,-0.9999471714309198,-0.0028177133097533704,4.399970220556811,0.7861691779998695,2.5065652844566046,5.9711873925094325,-1.4240410047027559,-0.0759700621009531,-0.08659893438264481,0.11539252116656441,62.20618728296433,22.386989530711944,-0.715380791541639,0.8274995833168524,0.2272593065990899,0.038605143524782476,179.39954680131774,-23.770216610258466,0.7130754643869235,1.3597064097013054,-0.7813605172550103,0.05798341877352299,62.34252852728877,65.71199033706759,-1.2976604281186024,0.33025691110301314,0.13196789504156656,0.051611388862504576,-197.60376932421596,43.077353489996064,-1.2144141147997247,-0.20988696958752306,2024-09-18 22:45:16.337846016,2024-09-18 22:45:22.993535232,010,RP
450,0,0.8312333828391424,0,-2.4322012239821738,0.833695443188304,3.8880207176857065,26.45644874842322,-1.0165914750020377,-0.06923475173747987,-0.33184262912249646,0.10970953685196577,-58.3023027006054,-2.347189412064519,-0.3217723735428568,0.8138977219183099,-0.7196970119232781,0.1355437542131034,15.388081370755808,28.074756181765217,-0.9568901722305614,0.003918248031694598,4.405072237571978,0.79351866375622,4.267282172453242,-1.7976862277596173,-1.4058245086335086,-0.054098769744370216,-0.07887344825342227,0.11812109628086387,62.32102175641605,21.91547388460509,-0.9795491530308906,0.6899230537222081,0.23121254209984068,0.04217708114125465,170.8154699441817,-22.494679035773174,0.30216460432843517,1.251195750492888,-0.7839252538945864,0.06088707160908233,38.38738551587138,47.09284093687885,-1.2308963414323995,0.23146341955664526,0.1272838942886538,0.05174927552218594,-197.12023269862067,42.09023086096607,-1.2755260873235068,-0.1706709082689193,2024-09-18 22:45:16.405633024,2024-09-18 22:45:23.051286016,010,RP
451,0,0.8312333828391424,0,-2.394872504187007,0.7951630084739877,2.944355967064833,24.05135714806251,-0.944890819125463,-0.04155474905946345,-0.340216175704154,0.10114381908750805,-58.05344745403374,-2.7507218792534225,-0.12584400565519172,0.8532650905186231,-0.7108726147043783,0.12849758739429507,10.737566104320399,24.633041692139336,-0.9560731593867571,0.02396368909512873,4.4153672226676735,0.8076054985543137,5.799230625034311,-8.60573281846705,-1.385202022685065,-0.01943920225765835,-0.07236977339731068,0.11972501950156128,62.7084837694744,21.5381987604858,-1.1679588921807325,0.5602893381768823,0.2352376946227049,0.045462646149246784,164.32381161759602,-21.65515461653892,-0.08230166505587411,1.1322007249761836,-0.7869197772779362,0.0643482029583231,16.890013949847006,30.291086015634843,-1.1517929112527552,0.12404252513418138,0.12268176966595004,0.05164500480865184,-197.47785254671524,41.226932420262564,-1.3356191000147963,-0.1262083295158636,2024-09-18 22:45:16.473480960,2024-09-18 22:45:23.128931072,010,RP
452,0,0.8312333828391424,0,-2.3574928287423136,0.7541122345203896,1.777704172227308,21.190924837651163,-0.9057107322823952,0.017413841827592536,-0.3484283293684678,0.09262541726854841,-57.50861408563999,-3.0376303301554786,0.05262897037881009,0.8754753952842881,-0.701938015080372,0.12161964056102866,5.477754245111856,20.845043941911896,-1.0017040218647872,0.054473368651054156,4.4313822450282725,0.8280771237062537,7.040626257696004,-14.199706192233926,-1.3763554624582575,0.01799362806792171,-0.06720015165116225,0.12043927669892986,63.11068039356914,21.24104729325588,-1.2838678197939006,0.44818604311883076,0.23924509149168718,0.048419289562321034,159.64063576578567,-21.193238509576485,-0.4309562367493953,1.0065881472558658,-0.7901528515858072,0.06809696426604366,-1.4769681811326905,15.8329693799765,-1.0972362687539348,0.028745255358532004,0.1181852373779918,0.05132021730636904,-198.57339278359134,40.468443563081934,-1.3910028821682645,-0.0765653244389779,2024-09-18 22:45:16.541300992,2024-09-18 22:45:23.196476160,010,RP
453,0,0.8312333828391424,0,-2.32183828898669,0.7124421980438128,0.3033277356976173,17.704277950854358,-0.9127897497285686,0.1133271120484821,-0.356402286513912,0.08430453737481096,-56.4324043330142,-3.112637937763854,0.1905599680601675,0.8730694298036396,-0.6931987473763029,0.11518926813020353,-0.45965395268619613,16.68136845577137,-1.0831548127828194,0.08783385933637651,4.453429729221457,0.854033216930774,7.97671518473278,-18.523740545221187,-1.3868884550021623,0.048280666727594915,-0.06338744716157176,0.12054228073092543,63.22689443052677,21.00779142990529,-1.3405126128367582,0.3610275521251939,0.2431538607336218,0.05101632032705105,156.4930552552955,-21.051890563325085,-0.7385437175588785,0.8776446645538757,-0.7934347854413999,0.07185747081800972,-16.854919368571256,3.6267206671655776,-1.0867000197084336,-0.042197311790280474,0.11381068063728714,0.050797010172116866,-200.31841431890416,39.79837507781658,-1.438477468702707,-0.021918403940110968,2024-09-18 22:45:16.598169856,2024-09-18 22:45:23.254344960,010,RP
454,0,0.8312333828391424,0,-2.2898166682568375,0.6727510415695364,-1.5566270500490487,13.435609434538216,-0.9689309759992386,0.24455374331924756,-0.3640526742192082,0.07633623038871434,-54.47216853919956,-2.830738627215028,0.25530849305515524,0.8369436884603756,-0.6849618813388829,0.10944780205180829,-7.044935165737681,12.174487954965864,-1.1713622904999785,0.1110858817067429,4.481646466611898,0.8842144356838506,8.63050431266061,-21.678869157914182,-1.4160063757101444,0.06431585247614258,-0.060872818454056926,0.12032444280215626,62.73542888661952,20.81888237325259,-1.3577391645635521,0.3026469077187625,0.2468958582885242,0.053232825531287914,154.62781237345993,-21.176966451222277,-1.0025095667643893,0.7482108475566592,-0.79658876726332,0.07537727996445559,-29.77726249989384,-6.720232827266718,-1.1192058679690233,-0.08539439260177453,0.10956863584032192,0.05009538108912722,-202.6441755661229,39.203445877766775,-1.4753601164741994,0.03752305822405702,2024-09-18 22:45:17.550955008,2024-09-18 22:45:23.331094016,010,RP
455,0,0.7138900761427922,0,-2.2633368828131153,0.6382882173851975,-3.823314287810624,8.34655175781185,-1.0557998601049379,0.39503324118802646,-0.3712881680097047,0.06887820919800093,-51.132049073096226,-1.9847248269322193,0.20766337808287094,0.7583649819214565,-0.677527052541971,0.10460112119317873,-14.089434032244547,7.454027288148824,-1.225457354869921,0.10891317179984529,4.516028510348744,0.9171154073721557,9.047072630925795,-23.85683793645672,-1.4572996926773047,0.0622854904438498,-0.059529593815569104,0.12005329835252752,61.33580348029558,20.651295467533572,-1.3566690030256898,0.27236814501372114,0.2504182447820111,0.05505672788349613,153.80170111657037,-21.514752038099022,-1.2221327511146656,0.6206436960753456,-0.7994605634573925,0.07844935492123614,-40.85983559411122,-15.665827186844556,-1.1814391731995197,-0.10334343896100467,0.10546574330413676,0.04923132797778388,-205.50454078239497,38.67368914599057,-1.4994011537484795,0.10157936912264623,2024-09-18 22:45:17.613925120,2024-09-18 22:45:24.275537152,010,RP
456,0,0.715930294855567,0,-2.244176511630306,0.6126012439162013,-6.384970852910471,2.6709983844542053,-1.1349815160836993,0.5305983600499833,-0.378012880464784,0.062085660378418554,-45.77316232045552,-0.3028449367375042,0.014084145678253002,0.633622319012353,-0.6711729288115611,0.1008110506065381,-21.196731499982135,2.773327637924725,-1.2142278643099325,0.07131782235694605,4.556455973991042,0.9510237977647642,9.27965178835368,-25.282324827600792,-1.5022209870316618,0.0408494323961737,-0.05918180127452074,0.11994283467508066,58.79957057332303,20.479864500697566,-1.3541452915482617,0.2651607769706922,0.2536846134588779,0.05648477810166018,153.76543003891706,-22.007923682760822,-1.3978789129989193,0.496793295429764,-0.8019260298199606,0.08092867221913087,-50.63027340268714,-23.601734138516022,-1.2562012472549176,-0.10156331945601206,0.1015067939369991,0.04821575194145846,-208.87644060605814,38.202377814892984,-1.5086296055295971,0.17014190855961514,2024-09-18 22:45:17.676413184,2024-09-18 22:45:24.337816832,010,RP
457,0,0.7211560122044223,0,-2.2338618210110917,0.5987734525326288,-8.94802784498301,-2.988657776251702,-1.1734638013614545,0.6098560613888924,-0.38412724630842393,0.05610433269810431,-37.68768436793509,2.523133584004058,-0.3268177733427824,0.47180870478046844,-0.6661415097219308,0.0981676269358655,-27.777614657797052,-1.5038221646189585,-1.1425574520804656,0.0029687407155604808,4.602708910723366,0.9840238999085856,9.38058201020269,-26.176088406131203,-1.5420890268416931,0.000108103101482187,-0.05962543502806273,0.12013503361687423,55.00820642641748,20.27988823828862,-1.3594376147896932,0.27305004659440546,0.2566747357521322,0.05752297989619313,154.24661736788772,-22.591209753562826,-1.530921658858421,0.37807216252522585,-0.8038964139900583,0.08274440794548857,-59.44727636756828,-30.789452293364082,-1.3275586539696944,-0.08691694936044703,0.09769652871032689,0.04705409100523525,-212.7578780502925,37.78570614128864,-1.501174353217614,0.2431855005196021,2024-09-18 22:45:17.738957824,2024-09-18 22:45:24.400766208,010,RP
458,0,0.7237171939499761,0,-2.2335675119274216,0.5983942870150843,-11.11302193050548,-7.821684743314011,-1.174141161514243,0.6119334194162976,-0.3895304379067668,0.05106317107267208,-26.323022796572207,6.746381403021415,-0.7499500425141412,0.30268848810088356,-0.6626224303855349,0.09664292273228711,-33.179553573793314,-4.98551642817398,-1.0556389192197944,-0.07352316191572396,4.654472014035101,1.0140062875882019,9.396825977445081,-26.737263532776165,-1.5685557422270573,-0.05908551367647678,-0.06065035785004153,0.12069746284311146,49.96082202023909,20.030141734009735,-1.3743780016385032,0.28725606992974906,0.25938311110706486,0.058186643574683956,154.93536023840105,-23.187615759130292,-1.6228726334742507,0.2656117335838331,-0.8053217887960094,0.08390645283141693,-67.46103685796608,-37.32784287649073,-1.3834558759091578,-0.06685040470162311,0.09404098331040378,0.0457467092717346,-217.16271843621084,37.42219558010161,-1.4750878007352832,0.32074753865324984,2024-09-18 22:45:17.822244864,2024-09-18 22:45:24.478876160,010,RP
459,0,0.7237171939499761,0,-2.244036126935892,0.6107531071977609,-12.58121951072697,-11.232711102982014,-1.1644558506905158,0.5558358432055088,-0.39412652671177895,0.04706465397087534,-11.715663020551519,12.382546425584401,-1.1164974269289585,0.17500003575029535,-0.6607380996296595,0.0960456539847711,-36.90391759320986,-7.383824379427036,-1.0042652683097342,-0.12671453460661414,4.711318673967123,1.0387111587322884,9.368566375833822,-27.13830171476638,-1.5734283827868791,-0.1354068141649893,-0.0620609930734408,0.12163493324299542,43.751053238444456,19.715233811986835,-1.3958755550278812,0.3001670594661887,0.2618164513448092,0.05849941323318066,155.4743815638486,-23.705750856075642,-1.675748258820101,0.1604623195563442,-0.8061924766589686,0.0845030081914218,-74.5913306355338,-43.13496958234897,-1.417332057087223,-0.048853729347910116,0.0905483158178894,0.044290281045617795,-222.10990316835066,37.11167765836864,-1.4281731139481004,0.4028746889783204,2024-09-18 22:45:17.878685184,2024-09-18 22:45:24.547654912,010,RP
460,0,0.7237171939499761,0,-2.2655143052261075,0.6327788152868776,-13.313023158883544,-13.160844412257129,-1.1546368632954136,0.48517016106934485,-0.397835216371081,0.04416484235088539,4.980619217295098,18.981465723974562,-1.2854902271573692,0.1335364636686833,-0.6605300568780093,0.09600886761401291,-38.77427322307588,-8.611572897441773,-1.0001098888350597,-0.13325475984675586,4.772666361241406,1.055820025851525,9.329402785733572,-27.526126845942464,-1.5486527684554725,-0.22710425549431498,-0.06369428741353642,0.12291039988982078,36.52715954484506,19.326571398449456,-1.4188200717674968,0.30648562809506136,0.26399018674770336,0.058491330946426646,155.45377916179478,-24.038272191558434,-1.6921733931802632,0.06380095618894494,-0.8065377324857516,0.08468617446257094,-80.52682037502665,-47.947919109561376,-1.4293060786176661,-0.039562183551649616,0.08722908364756154,0.04268023055636071,-227.6040203985701,36.853690133868184,-1.3578313221164402,0.4895305163486214,2024-09-18 22:45:17.955853056,2024-09-18 22:45:24.615454208,010,RP
461,0,0.7237171939499761,0,-2.2977075295977167,0.6597517067902209,-13.490690271773495,-13.997660616924612,-1.1280504194225829,0.4363232976085939,-0.4006056052786063,0.042336501869820506,21.34508652385512,25.550961306613203,-1.24084381056342,0.18205607474533614,-0.6619474634276334,0.09603192451937832,-38.92502724850387,-8.766323050998663,-1.0086260613613023,-0.08928309690740209,4.837708653853568,1.0631042666281671,9.30697704551961,-28.024443394326703,-1.486706536361242,-0.3319746969053531,-0.06543307970850068,0.12447051403627316,28.453955271660416,18.861829923312673,-1.4381173419420599,0.30338740195659847,0.265924292253625,0.05819685565092164,154.40813896158417,-24.06087507155866,-1.6758343627075996,-0.02287509019119117,-0.8064210569313198,0.08464506452739212,-84.76867556008801,-51.359244939834326,-1.4262561302563848,-0.043310423401086,0.08409581621810974,0.04091379338134008,-233.60483373037562,36.645189165051754,-1.2610231742047209,0.5804386357068559,2024-09-18 22:45:18.866508032,2024-09-18 22:45:24.683258112,010,RP
462,0,0.489912929355642,0,-2.3397610607961568,0.6863237974253735,-13.369113478100148,-14.280531133423784,-1.0646905625164247,0.42392011341008196,-0.4024299100765819,0.04142847602332528,34.437078960503314,30.858510589375495,-1.1157409045581317,0.2710370543897184,-0.664839867412477,0.09556926797574546,-37.62505002246713,-8.014633268324841,-0.9819869900849416,-0.009179073670421813,4.905347703785094,1.0586335613014561,9.323183921366534,-28.73345884064143,-1.3812031287613524,-0.4473087278237622,-0.06721286245577078,0.12627132130305765,19.692286822232845,18.323574965622324,-1.4496578512912386,0.2899306576998771,0.2676390255982495,0.05765405614507173,151.81289896434882,-23.631056352063798,-1.63219140597273,-0.097608018143111,-0.8059319936044939,0.08456973264933539,-86.74194455891283,-52.90810830749506,-1.419540557423573,-0.06057624082447066,0.08116169623821747,0.03899299557021911,-239.98426019780084,36.47752962812724,-1.1345384523532782,0.6748337113287541,2024-09-18 22:45:18.933733888,2024-09-18 22:45:25.592535040,010,RP
463,0,0.489912929355642,0,-2.3902752751578715,0.7074020488274829,-13.16535176115667,-14.468814803448936,-0.9569624804566446,0.44606785946583544,-0.40335445559631344,0.041156391406631486,42.06807944231368,33.968347281436905,-1.043962971036413,0.33586432628380575,-0.6689573685562228,0.09413766971246464,-35.05665359627903,-6.451406740153859,-0.8940764555528258,0.08295280596822364,4.974160742223261,1.0410333292472147,9.3933292825825,-29.723929756198054,-1.227531432140532,-0.5697017194116186,-0.06902126660829404,0.12829918979730565,10.403595217544051,17.71806931919488,-1.4505272417224477,0.2661526431165309,0.2691512226034424,0.05690576912513893,147.0788490793844,-22.586452048823503,-1.5693406236817249,-0.15797405591390623,-0.805174896220513,0.08461375143040567,-85.96475476473503,-52.21666249631739,-1.4200828580155338,-0.08738419871983985,0.07843844548472027,0.03692691312675619,-246.46976269588725,36.332705044853284,-0.9758110235030282,0.7711232275096372,2024-09-18 22:45:19.005799168,2024-09-18 22:45:25.668347904,010,RP
464,0,0.489912929355642,0,-2.447360132006644,0.7187485347448855,-13.027325160561944,-14.882556224646343,-0.8081535308784078,0.4939853182192071,-0.4034862824933593,0.0411493771922244,43.37557184448668,34.50144823455555,-1.0382008723876632,0.34575160602412147,-0.6739603279961349,0.09141451293328597,-31.13339153612355,-3.982670771317926,-0.7535872588615131,0.16043577377120327,5.042424660878136,1.0097626808750781,9.523448822697343,-31.0212732001799,-1.0238821316593312,-0.6945283382088747,-0.07089182903247161,0.13058286176358677,0.7754266890315765,17.05497141626604,-1.4388921273224557,0.23230723097661868,0.2704716127626629,0.05600274534841203,139.5497958791571,-20.744258352136047,-1.4986335817525778,-0.2013467775291574,-0.8042560033039832,0.08486692913523093,-82.21090709705008,-49.118615569868545,-1.433070979459214,-0.11663406851149041,0.07593396699898175,0.03473279666806789,-252.57292986584122,36.178864521268906,-0.78445518653613,0.8665071676847325,2024-09-18 22:45:19.067842048,2024-09-18 22:45:25.731286016,010,RP
465,0,0.489912929355642,0,-2.5087295159833403,0.7173473607905223,-13.046407472085303,-15.72990750276598,-0.6259342455603809,0.5575494704507937,-0.40299413594062866,0.041040400767353304,38.203632896647015,32.39584002897724,-1.0343960931087808,0.31420995058674583,-0.6794384540239792,0.08731460051919661,-25.353094630219168,-0.22586742027975784,-0.6000805693635218,0.1964833351043735,5.108201780566687,0.9653783994526656,9.70424547481622,-32.57124401351242,-0.7738285503484383,-0.8148490876302268,-0.07289494663603534,0.133194266483904,-8.946467253826489,16.34784774695128,-1.4140997909705857,0.18860826061798963,0.27160338384414906,0.05500797042738558,128.5195755397879,-17.906351606820113,-1.4342492987049618,-0.22560026269718272,-0.803270861057461,0.08534810492431733,-75.57984321575957,-43.71108573851109,-1.4559960957296894,-0.1410205788611844,0.07365050112354103,0.03243599639596791,-257.5009558408063,35.9650744374662,-0.5645097524655496,0.9566317218514867,2024-09-18 22:45:19.145088000,2024-09-18 22:45:25.793772032,010,RP
466,0,0.4877856255238549,0,-2.5718307381048437,0.7016232093259166,-13.278587980821657,-17.150280727706654,-0.41895231701050495,0.626456511156626,-0.4021028558075258,0.040569881481478644,26.007004515101205,27.457490786521415,-0.9884249628345216,0.2793231980692828,-0.684937783907359,0.08204608164617211,-16.662064660361075,5.587522356211169,-0.4934697876710956,0.16434527975916002,5.169473523696803,0.9097578528911147,9.898794544502513,-34.17155631432008,-0.4924663833337086,-0.9196185306967282,-0.07512846038277948,0.13623693607730078,-18.438993121767343,15.614706835752957,-1.3775402066483895,0.13567943115554604,0.27254199909266,0.054000523766933546,113.2979392418408,-13.87844685405003,-1.3905887615128978,-0.2303694072597322,-0.8022943263029627,0.0860198440523917,-66.43848801733242,-36.30322198445315,-1.481449445903893,-0.15580116827791524,0.07158378445875126,0.03006895476971184,-260.04901330521386,35.61529251715136,-0.3270736317577234,1.03536648665765,2024-09-18 22:45:19.215032064,2024-09-18 22:45:25.856257792,010,RP
467,0,0.4874907412449752,0,-2.6339987941986753,0.6715737033192285,-13.757628044132392,-19.2375756792786,-0.19804549617267453,0.6886523558919169,-0.40108099523875307,0.03968565245815433,5.131750776723399,19.05824770884546,-0.9191989386392914,0.2820135794445136,-0.6899936309332816,0.07614556422694446,-3.423761752634737,14.637626196849057,-0.4941909001990048,0.04187567161076291,5.224300241355909,0.8462624869747369,10.020101097671612,-35.34801658297639,-0.21805244514348754,-0.9916074844708211,-0.07770863353684475,0.13982157626313693,-27.31454372684382,14.877424131304572,-1.334278986126871,0.07561429802876499,0.27327610916193296,0.05307671131640086,93.36058868704536,-8.51321842546332,-1.376780418045582,-0.2187060541104421,-0.8013750597015301,0.08681683528356858,-55.283714758109326,-27.302990214802218,-1.502024636332787,-0.15978710569673005,0.06972315522225175,0.02766954240305222,-258.478830988906,35.021959654705675,-0.0925998581426124,1.0948175536742861,2024-09-18 22:45:19.268656896,2024-09-18 22:45:25.933743872,010,RP
468,0,0.4690370116493791,0,-2.6926242728433567,0.6288551949957663,-14.492163567003196,-22.02195138652897,0.01784058344567674,0.7270155598775966,-0.40022237507792224,0.03863305989185476,-26.749282139267823,6.294338770592792,-0.8950201139328482,0.34116089968138225,-0.694166160132454,0.07047229660915065,16.0731023149757,28.157403715402747,-0.6186803652926156,-0.16843035388546201,5.270980524158752,0.7798158266032209,9.89731593537429,-35.16855953680394,-0.02611529686120795,-1.0072955401312131,-0.08076072368915227,0.14403023732378345,-35.17567691134614,14.159186876383881,-1.2942267330184074,0.013093562213734878,0.27378936487586664,0.05234600526129852,68.59815179581958,-1.781444411835736,-1.3897027206248618,-0.19837133594010312,-0.8005354164859484,0.08767454693652026,-42.61306399869984,-17.11326693594155,-1.5135603568981673,-0.15446818369765286,0.06805208523461997,0.025278676397425388,-250.40983729469548,34.04091159116594,0.10838293347799421,1.1257305609758839,2024-09-18 22:45:20.221583872,2024-09-18 22:45:26.007402752,010,RP
469,0,0.3201887212414976,0,-2.7453284022243456,0.5768338030553956,-15.435661266327388,-25.375959281562785,0.19055279395325986,0.7150497468551691,-0.3998226693427327,0.038001132806314945,-69.59574855467409,-10.825957962035433,-0.9356783167806384,0.4053191274390954,-0.69707320836857,0.06609884347446816,41.783725955718246,46.126315909545625,-0.7851123976328207,-0.40241755434669013,5.308181554521624,0.7168126309389911,9.247100141462235,-32.08528640372415,-0.02374723398602674,-0.9450398884292903,-0.08440811099976374,0.14887511586901483,-41.70063090499956,13.480128517810623,-1.2707073101737851,-0.04435004736121412,0.2740628903260846,0.051920032510770035,39.610319578144214,6.1442813296739045,-1.410653033927101,-0.18132456521713863,-0.7997756951530892,0.08854782280908395,-28.859372348870227,-6.081024581999526,-1.5154499486294446,-0.14241019062777321,0.06654855876940713,0.022937043839994415,-232.78212018359295,32.49131460550502,0.23769709378198067,1.1184676552248765,2024-09-18 22:45:20.283849216,2024-09-18 22:45:26.949594880,010,RP
470,0,0.3201887212414976,0,-2.7901405655494593,0.5205578627439835,-16.41061672064613,-28.787927417959008,0.2498112304814546,0.6149293689272727,-0.40015278115949615,0.03861774981040615,-115.37387523451795,-29.167177048241047,-0.8392781248266039,0.32483372132121174,-0.6984146706215205,0.0640089107020671,69.29375320635798,65.39577382174743,-0.8645902719101963,-0.5355305661804118,5.335018203757098,0.6646293544271392,7.715662424217955,-24.163199487247415,-0.2717059576446563,-0.8099057858863034,-0.08876032128800035,0.15426376697778416,-46.72413966739955,12.852750351216217,-1.2755307524858404,-0.08756810660512558,0.2740779691042012,0.05189518427778114,7.886376221008993,14.838518021754185,-1.4124496397080428,-0.1801358117592214,-0.7990795161873393,0.08941802045090673,-14.389552036129581,5.50160372081704,-1.5092632816919254,-0.12599162729887745,0.06518514760592373,0.020681651767709905,-201.97499699145035,30.165769991593688,0.25635424334223256,1.0647449209685937,2024-09-18 22:45:20.346336000,2024-09-18 22:45:27.012286976,010,RP
471,0,0.3171782821644917,0,-2.8256651241206945,0.46650363161961744,-16.98329161118392,-30.989094798493944,0.10241558444861809,0.39000715857810125,-0.4014325653785294,0.041187437224578016,-148.65629435183817,-42.67547760132419,-0.3511030778182418,-0.0006410802493780719,-0.6979855099211317,0.06464838473664078,90.8643307498287,80.42198623206154,-0.8495206268423128,-0.4965582932044105,5.351075687233552,0.6303439661171159,5.098399633524812,-10.281922322755062,-0.6344398968715774,-0.6636441648539592,-0.09390190473039087,0.15998378014558404,-50.27226527824704,12.279338535261108,-1.3129035963630216,-0.10817258940542125,0.2738183161765304,0.0523330236091071,-24.331741461553325,23.66247647664521,-1.377176708185094,-0.20208140725652007,-0.7984165132681956,0.0902946059449905,0.4599663141342212,17.367244700751876,-1.4972588474914181,-0.10678013375080415,0.06392915270631992,0.018544779821960122,-154.17515047620702,26.8562867383133,0.1357599258508575,0.9604536531750658,2024-09-18 22:45:20.423533824,2024-09-18 22:45:27.074322944,010,RP
472,0,0.3171782821644917,0,-2.8512126253821632,0.4217573409378115,-16.40499269978823,-29.774122304938416,-0.2774151675775447,0.05242430911573515,-0.4038096617193008,0.04586258007412609,-160.591278453225,-47.84830982726684,0.31362158719856703,-0.4363798715564696,-0.6956784476144768,0.06768208451735493,101.89439168386464,87.88573222725242,-0.8101890852509177,-0.3527315839350689,5.356389781924086,0.6185541013514575,1.6736680278984088,8.03518167703192,-0.8029993289399071,-0.6013389550883438,-0.0998840926716149,0.16571284685717522,-52.5356006589417,11.752529195223323,-1.3762736775300366,-0.10076868025083775,0.27327146661801466,0.05324524096352405,-54.5660164457074,31.91133534162115,-1.3118777150255323,-0.24455010317919487,-0.7977405985451264,0.09121697726006678,15.335301187975858,29.233592348565654,-1.4815238787247966,-0.08538158233899477,0.062743254072535,0.016559492956058634,-86.20388418022475,22.408712207159216,-0.1284998175563299,0.8105385481867273,2024-09-18 22:45:20.485173760,2024-09-18 22:45:27.151523072,010,RP
473,0,0.3171782821644917,0,-2.8668718559794932,0.39216019143076064,-13.973144503673936,-23.059214717117342,-0.7028202996975592,-0.27829580976086643,-0.40734640120052684,0.05217847841969145,-156.22037311052827,-46.63580678077726,0.7310949566714178,-0.7771237734905035,-0.6914796761296286,0.07223973226660481,103.99478574981232,88.91028076945034,-0.7324406282086722,-0.2035239967668024,5.351406185773124,0.6293664190825168,-1.8009797864423687,26.637774369620065,-0.6622980380444226,-0.6556669612530124,-0.10671912411802141,0.1710489325114223,-53.80187940648747,11.258310553836244,-1.450054187124769,-0.06391184564048615,0.2724292498907875,0.05458891760494313,-80.77896284614228,39.00655225513032,-1.246560199872918,-0.29556154805540125,-0.7969853088218274,0.09225615086547326,29.821267367802598,40.76711198258643,-1.463991092135945,-0.06168406482292107,0.06158667265083232,0.014775946984862913,2.392677815431828,16.85264293462209,-0.5039608675623493,0.6375551331914433,2024-09-18 22:45:20.564727040,2024-09-18 22:45:27.221975040,010,RP
474,0,0.3171782821644917,0,-2.8735141252137733,0.3796634917996974,-9.871171743874793,-11.364951438435297,-0.9000264478687625,-0.4425511697370241,-0.4120144833860889,0.059349008318272535,-145.0703385351569,-42.77108058620771,0.7946655601973491,-0.9558519366712825,-0.6854608020739731,0.07738928329660225,101.3029861907276,86.43922616678479,-0.5792575578213595,-0.07936970718443255,5.336936014832275,0.6583843014098267,-4.624480102432034,41.680554408544765,-0.4371314216742679,-0.7620644781259123,-0.11437508577100812,0.17554935649871742,-54.38429400582864,10.77979170848763,-1.514523251483086,0.00032986521976903136,0.27128765092856644,0.05627343427722889,-101.84427602943742,44.62909440454659,-1.2150234322201168,-0.3392711303697815,-0.7960594615192771,0.09351086617721928,43.42164698870699,51.566212920110225,-1.447395801780705,-0.03561093561311851,0.06041641939373537,0.013290440766333237,103.80662135613426,10.72837562830111,-0.9174034639548085,0.48985699393226334,2024-09-18 22:45:20.632572928,2024-09-18 22:45:27.276040960,010,RP
475,0,0.3171782821644917,0,-2.8727326702601252,0.38100178471813284,-5.314939679917679,1.731599141038597,-0.88594092169473,-0.4263980192038649,-0.4176961380085189,0.06655521217731139,-133.38143274446287,-38.712909339405165,0.6191674923988475,-1.0066521758741154,-0.6777691981249758,0.08244886957182795,96.98484095657875,82.7333378854187,-0.3707357144489869,0.038925821666916265,5.314114981368974,0.6988354449415554,-6.567618952093039,51.90108226524041,-0.35641818761798083,-0.8406300150866097,-0.12276957514554976,0.17877123892059893,-54.569272970331724,10.300553541430839,-1.5508048723761563,0.08751030489524281,0.2698464173061158,0.0581754845464498,-117.60814631360495,48.73613692873976,-1.2354895480798063,-0.3623944132192941,-0.7948458913239068,0.09509342397113014,55.587675135914516,61.18363519002975,-1.4364795679511695,-0.008295355226447533,0.05918830821517399,0.01227969250685911,191.37905442237124,5.672597540920137,-1.2549084727008302,0.4147115333059058,2024-09-18 22:45:21.575568128,2024-09-18 22:45:27.355668992,010,RP
476,0,1.1123872858343835,0,-2.9065593841024544,0.3939010476159514,-5.9247813513225225,-0.22072883544169125,-0.965016321650559,-0.37102514414845483,-0.42113084829529673,0.0674069690065247,-133.6875843685057,-39.299965811657835,0.2937892843151908,-0.8672544975506215,-0.6655486588710663,0.09569221487260769,82.5390928705566,71.93378256443333,1.403901683529555,0.7361199182335944,5.302534080733487,0.7115853504836255,-7.867683202678009,58.71865831861455,-0.5057189554713615,-0.8062555556333348,-0.12495258426936227,0.1776883966232912,-52.436306159023935,10.447948035890477,-1.5170526251192211,0.11715818478572777,0.26889109549695456,0.059051604393361525,-129.55941824448732,51.83737390370833,-1.3081367764158154,-0.33897647205894743,-0.7908421211621012,0.10157509956389027,64.14912152248614,67.73182733552832,-1.1029925412132178,0.18647372900446693,0.055317301614463917,0.021804934007115577,-27.504538504897358,18.521476852242042,14.456608701444196,-3.2997911147464216,2024-09-18 22:45:21.643459072,2024-09-18 22:45:29.650121728,010,RP
477,0,1.119176146216606,0,-2.942542797732987,0.4215717525502114,-6.9367633403543705,-3.411723006737961,-0.8520034510708578,-0.39769863359809937,-0.42433809716893167,0.06707215746352428,-133.4653020240367,-39.634412298956505,0.1852609359891484,-0.770523417834556,-0.6528694564294864,0.10495874161030888,75.26392611515602,66.13751853155092,1.3801599666661577,0.9589161684964149,5.2908171512744495,0.7211049015661364,-8.780578910098255,63.456437495666556,-0.6478520714204756,-0.7586029701970822,-0.12706945865187233,0.17614459366017912,-49.20107830857909,10.748045614240478,-1.4780406932462666,0.13754750707982363,0.2676870620769043,0.05994760098109774,-138.03626714166023,53.95052281121374,-1.3934475991968538,-0.2987631807496878,-0.7859261571745435,0.10884742660907905,69.00042783611947,71.22924109264078,-0.926305215229998,0.32543546564710674,0.051395049866803676,0.028930731443437264,-70.68744203283259,20.632984608234228,8.568975966794753,-2.9029351050895977,2024-09-18 22:45:21.704130816,2024-09-18 22:45:29.711277056,010,RP
478,0,1.119176146216606,0,-2.98053097050192,0.45924025741006025,-7.916111174151036,-6.594214520493475,-0.6530686765349332,-0.47773181246531826,-0.4273643228163224,0.06586214968213053,-132.28771489430576,-39.53504969272372,0.2214769285904432,-0.7244511179489174,-0.6401497398125239,0.11107883372049177,71.41107342183092,62.71378007071808,0.993038294816659,1.0331340868051047,5.279706022931207,0.727265482656433,-9.39159976116935,66.58488582400508,-0.7589606514494158,-0.7082866217101161,-0.12913864503786268,0.17419068125266088,-44.859636309188,11.206887350140143,-1.4431587028024666,0.14658563472084274,0.26620175483181524,0.06079577907565191,-143.5389004005004,55.21030717324239,-1.479677359902064,-0.24098889915904062,-0.7800163671361618,0.11666467979205497,71.0216197129798,72.39802579664452,-0.8773063150931231,0.40645146446452396,0.047477856860399396,0.03491342153426421,-88.53441271161395,21.203424173941528,5.186198845967441,-2.462036740284075,2024-09-18 22:45:21.766618880,2024-09-18 22:45:29.773591040,010,RP
479,0,1.119176146216606,0,-3.020159596670163,0.5012544698436606,-8.671147394290173,-9.188249017006955,-0.5394518362337348,-0.5451976564430521,-0.43027778160507774,0.06402657981431856,-130.00031862340776,-38.93624870523317,0.3448824579556473,-0.7310917324772485,-0.6278020435361674,0.1147035444205653,69.48790750018999,60.62465032967146,0.5417450525959535,1.0460393362151208,5.2697819450202,0.730543490826915,-9.758633603879195,68.42587117378996,-0.8335180029716436,-0.6627954600596048,-0.131184812108678,0.17187694130192335,-39.45231097578111,11.824455997389027,-1.4211346420783506,0.1431565908439777,0.26441493545932404,0.06151316379618945,-146.69922432198837,55.78946593103146,-1.5534284751640788,-0.1667819446527789,-0.7730656702606578,0.12471668940201555,71.13578165320607,71.99263072325154,-0.9123723015162413,0.4360869020009444,0.043626277784199925,0.04002532044160433,-98.40594847363427,21.293085243728434,3.1199886645767547,-2.1002003761693593,2024-09-18 22:45:21.843745792,2024-09-18 22:45:29.851699200,010,RP
480,0,1.119176146216606,0,-3.060866268353852,0.5423778123359478,-9.19808835337033,-11.154118374169668,-0.5717194042512888,-0.5633207481279494,-0.4331605312336577,0.06176275442339416,-126.75710751431836,-37.906176028544024,0.5161198311175204,-0.7878500962797872,-0.6162078532150607,0.1164230271570803,68.71493782253084,59.34268431942809,0.11219613680021201,1.023728785907109,5.261406321390719,0.7317199786992593,-9.9190903577278,69.18836471059477,-0.8768902416577,-0.6259648027345679,-0.133236723363362,0.16925165811644388,-33.06772178283059,12.594165100564373,-1.417918844404488,0.12723726414678108,0.2623211129335002,0.06201116888272549,-148.1725504619534,55.86878834337482,-1.602674979544605,-0.07874908043003473,-0.7650607578850734,0.13267163870202195,70.12676970942546,70.65123958192505,-0.9898661054016915,0.42526266046208355,0.03990287575302126,0.04434091636590291,-105.05027082545573,21.191807904569387,1.7513637156328263,-1.8039138771268362,2024-09-18 22:45:21.906231040,2024-09-18 22:45:29.922530048,010,RP
481,0,1.119176146216606,0,-3.1019039228875727,0.5783578567407966,-9.55803547040108,-12.648107720735661,-0.7139367931008587,-0.5272078818101887,-0.43610302425744835,0.059242576825098495,-123.00635917693764,-36.643445239960435,0.7103892714289617,-0.8865071987814026,-0.6056981501021704,0.11677442332115681,68.5879016652718,58.54356515804469,-0.2577500125249341,0.9746803982756,5.25469684986482,0.731603828214784,-9.898575979405734,69.01401601713088,-0.8983528127829379,-0.598598805982704,-0.13532442272564718,0.16636503985547796,-25.841981367582786,13.502948789344934,-1.4350127944876927,0.10003563444558866,0.259931187003899,0.06220471316126349,-148.5517938049908,55.613244095289716,-1.6186839491914913,0.019695975776597527,-0.7560201504956753,0.14020810509862766,68.57630087363147,68.84506530691954,-1.0786958816601484,0.3854551104589823,0.036369783108987815,0.04788161642359868,-110.24436823715371,21.009563761772668,0.7923654387442798,-1.5556084657946194,2024-09-18 22:45:21.968375040,2024-09-18 22:45:29.976221952,010,RP
482,0,1.119176146216606,0,-3.1423539536775014,0.6061062440083399,-9.808801609161405,-13.822726517386574,-0.8986246516599037,-0.44767155808844544,-0.4392015259661432,0.05665332476442531,-119.419681526084,-35.44930635664692,0.903441779563618,-1.009874837946501,-0.5965400873494622,0.11622321801668253,68.72092693648507,57.994787757426806,-0.5453090624382608,0.9048432699018397,5.249542902854862,0.7308434056428502,-9.717201264247358,68.010864932342,-0.9066316711104618,-0.5795483269687476,-0.13747766544645948,0.1632750242601691,-17.957027598294516,14.531309767428828,-1.4685488836655158,0.06416769530494927,0.25727313530920703,0.062019645702990074,-148.31537085121582,55.15756047344009,-1.596490286838958,0.12493846299103717,-0.7459919212400953,0.14703445679933047,66.87869603286809,66.89096694359161,-1.1595964331158413,0.3265938565925665,0.03308642709791111,0.05066390859068295,-114.73485087978978,20.796166279223865,0.09920676379729443,-1.3435509501646457,2024-09-18 22:45:22.911365888,2024-09-18 22:45:30.054110976,010,RP
483,0,0.9794289752777844,0,-3.1811425702181904,0.6237766586568501,-9.980919280012166,-14.750727211558202,-1.0638848925302011,-0.3406383421617608,-0.44255770602913586,0.05424713412369358,-116.73926267333411,-34.66386029224348,1.0445862898183185,-1.1273848323263915,-0.5889285963004273,0.11515168161029776,68.77759473839156,57.50509232620059,-0.7400045828503008,0.8234738874475094,5.245653379535525,0.7298460243850032,-9.3921928595963,66.26818821519072,-0.9079861561578495,-0.5667701746774199,-0.13972636929805057,0.1600513374073627,-9.640501248586135,15.65296776232174,-1.5095724012101537,0.023767030416459927,0.25439166614964226,0.06139810531875269,-147.80243621185878,54.599708008910966,-1.5343360520254696,0.2335153001501367,-0.7350522808990531,0.1528972758470683,65.28605068898581,64.9886604698302,-1.2228672076178304,0.2563734046585141,0.030107647568589017,0.052720355374006767,-118.7980322154184,20.576729285783696,-0.4049453452992,-1.1611765449245028,2024-09-18 22:45:22.993535232,2024-09-18 22:45:30.975308800,010,RP
484,0,0.9998487014435125,0,-3.217068267615744,0.6308583917239943,-10.06880634702946,-15.392037391796459,-1.1660301770086687,-0.22338695227274846,-0.44627885520943683,0.052389360629348215,-115.46689888129644,-34.53043544732879,1.0314528980794249,-1.1963692964352577,-0.5829832316431705,0.1138662197250206,68.4297053856271,56.893370786102956,-0.8462666727691683,0.7437402888954854,5.242627765111883,0.7287836992203962,-8.93746700768835,63.8558126842783,-0.9059906011389747,-0.5581356213914589,-0.14210256573656901,0.15677725740049903,-1.1669086918070386,16.834179280913915,-1.5458519826475354,-0.015587073782399723,0.251346890173687,0.0603022058019603,-147.20044407617087,53.99837385073125,-1.4327541830533763,0.3421503079284794,-0.7233061339055561,0.15758236211328272,63.955219967642655,63.25920289787503,-1.2653862562725469,0.18033377744291135,0.0274821578357282,0.05410951779194331,-122.42939738438709,20.364624022650816,-0.7641975864010098,-1.0057230648380546,2024-09-18 22:45:23.051286016,2024-09-18 22:45:31.037795840,010,RP
485,0,1.000399569390334,0,-3.248853247690898,0.6282944402623694,-10.022501809193805,-15.561637552787216,-1.1840824377162353,-0.11387607349731776,-0.4504760085381572,0.05157979636304118,-115.3510608310293,-34.96288546380422,0.7541171568437708,-1.183284064924393,-0.5787516562709925,0.11262236203200066,67.3251622069564,55.96454913598927,-0.8834490650088069,0.679679359115267,5.240040742964044,0.7276483129574786,-8.361764048060353,60.81598429488818,-0.9021134024420934,-0.5519561597805043,-0.14464293229185374,0.15355086861873157,7.141625537681871,18.032985659100696,-1.5650714733006892,-0.04718434339376495,0.24821215145833486,0.05871705036721326,-146.52722968744473,53.369838927950234,-1.2939341351706277,0.44746828352875934,-0.7108896240537804,0.1609128207428927,62.98488425325538,61.775300687867556,-1.2880957893431144,0.10222193408740046,0.025251177967616535,0.054919675968659605,-125.40739064282477,20.166684339576367,-1.0070305994845832,-0.8770627514545081,2024-09-18 22:45:23.128931072,2024-09-18 22:45:31.100184832,010,RP
486,0,1.000399569390334,0,-3.2752254398058946,0.6185588273474628,-9.738970053121868,-14.89732247549249,-1.1247325259708967,-0.029727645067114263,-0.45525782374176976,0.052395643795941756,-115.01771065904855,-35.36271264639901,0.27540843236709733,-1.1060423830222497,-0.5762190531798069,0.11165855492993963,65.0694884100264,54.49427900251982,-0.8815672611935779,0.6413214479314601,5.237525697969807,0.7263245321956512,-7.66694247309311,57.1558082276814,-0.8965171984466047,-0.5472755557677298,-0.14739110933580768,0.15048760631171876,14.917653379402818,19.198729480277237,-1.5587725232245062,-0.06380426192248308,0.24507113452958132,0.05665420852057277,-145.5887474528585,52.67959951301273,-1.1219209571963047,0.5453892233854687,-0.6979732192704159,0.16274790269215467,62.44055263696586,60.58183353704691,-1.2941434607040663,0.024391245313672604,0.023447136922810013,0.05526809413209042,-127.31464517336929,19.985163917658962,-1.1559223020616087,-0.7765422033077208,2024-09-18 22:45:23.196476160,2024-09-18 22:45:31.180208896,010,RP
487,0,1.0004365902752554,0,-3.295021547797174,0.6055658315718394,-9.065896512953103,-12.872324360279727,-1.0257938961681903,0.016275274041210944,-0.4607207158812209,0.05532131684061172,-112.59875324445585,-34.876578202118615,-0.07550291055622793,-1.0417083516353474,-0.5753197216103232,0.11122605356473446,61.244354535023184,52.2350850012935,-0.8732395800767905,0.6298448460611098,5.234838744720317,0.7246622915156664,-6.847490849253006,52.84551040178748,-0.8888521414625457,-0.5439600832936295,-0.15039893720359349,0.1477245524892748,21.75754201830784,20.272311195716036,-1.526010225187883,-0.058763559525766035,0.24201439246198017,0.054156532682858506,-143.89165732343912,51.82385202747957,-0.9242577896829802,0.6301952619533128,-0.6847634218571823,0.16298445762383976,62.36922520940442,59.708164072973005,-1.287510396014614,-0.051819321731599366,0.022092438062496316,0.055296358532110235,-127.56174165531405,19.818149876664183,-1.2329233781916917,-0.7055514346954622,2024-09-18 22:45:23.254344960,2024-09-18 22:45:31.238998016,010,RP
488,0,1.000605256814724,0,-3.307292152976219,0.5942334179343678,-7.845986088958447,-8.948968224372855,-0.9444041678515025,0.025397937159661786,-0.46693795703785657,0.06054196967315269,-107.28861009399887,-33.09712441072296,-0.04392791581716571,-1.0501677130142983,-0.5759470661125654,0.11160055523391331,55.49387263058995,48.96153312881268,-0.8825355482988493,0.6346180408734026,5.231891655775405,0.7225443400808873,-5.891612799958214,47.824279847160945,-0.8789924281284471,-0.5425748782244452,-0.15372569964766242,0.14542469856478862,27.24254675008767,21.187879559341376,-1.4752332283618073,-0.027521991348748946,0.23913557498636934,0.05130504390842295,-140.48814371321626,50.59571302562765,-0.7158162595724122,0.6933556183869459,-0.6715018879795452,0.16156198685732495,62.805483819848924,59.17400096049733,-1.271953890986382,-0.1256835302585032,0.021198318199979325,0.05516165166192398,-125.45096847799385,19.65934954829209,-1.2618312126855886,-0.6637267999595682,2024-09-18 22:45:23.331094016,2024-09-18 22:45:31.315767040,010,RP
489,0,1.000605256814724,0,-3.311393055967677,0.5895391119043382,-6.022015807300514,-2.941261327222518,-0.9190108874863729,0.02007800832966587,-0.4739505467149249,0.06786364598245935,-99.9420982137918,-30.367612088263343,0.24039358322907,-1.1139357520740985,-0.5779611917116044,0.11306390499685254,47.68232042055302,44.5585307338374,-0.9138803840048504,0.634567368070713,5.228755877986662,0.7199520669503157,-4.783810956120842,42.013379655993845,-0.8676339449383503,-0.5440109017654995,-0.15743509705175363,0.14377670640501738,30.978386132747207,21.87708522731576,-1.422617109818106,0.030236351007218384,0.23652759844167892,0.04822846041312006,-133.7433730033334,48.63399882396811,-0.5250666118314089,0.7226497134232506,-0.6584613055090073,0.15847279857006813,63.76854339852571,58.98911833660102,-1.2502011127153179,-0.1965708307665724,0.020763911075162254,0.05502385887455106,-120.30813126045949,19.498067339111127,-1.2666145457403928,-0.647146869174699,2024-09-18 22:45:24.275537152,2024-09-18 22:45:31.377801984,010,RP
490,0,0.9802949617964852,0,-3.307052811141912,0.5951451133724417,-3.749040573052747,4.601724833800821,-0.9362676885422738,0.0332869018929676,-0.4817614866233821,0.07680375850949556,-92.06443027796928,-27.35309679584918,0.49475321980448506,-1.1784398975462764,-0.5811956702873698,0.11585463343048374,38.05520439067794,39.11752002376292,-0.9494768041818489,0.6058256292969788,5.225647908728666,0.7170301788602671,-3.5090657875723736,35.33714229441889,-0.8565116046293335,-0.5488412081289602,-0.16159048414873403,0.14298519975039878,32.65813597477156,22.277244003558526,-1.3858597063274798,0.10871060814490702,0.23427871351573926,0.04511463627152121,-121.09247557865089,45.36938939500242,-0.39972105409123904,0.7034094552981341,-0.6459370803396398,0.15377952546098922,65.24628482077586,59.14499472014049,-1.2235235429699154,-0.2631950349605819,0.02077573757678499,0.055029459409101054,-111.67854582734083,19.3202041610658,-1.2666669187646578,-0.6474608900176715,2024-09-18 22:45:24.337816832,2024-09-18 22:45:32.326210816,010,RP
491,0,0.9802949617964852,0,-3.2944090737324503,0.6121573954911733,-1.376119470052613,12.466499531318776,-0.9587474935590454,0.07977183049686515,-0.4903337919706322,0.08673730325140273,-84.7794813702208,-24.570244581563912,0.5695342938855479,-1.2070830720910575,-0.5854642970843751,0.12010193820961305,27.273036118656997,32.967388920566286,-0.9626581384984836,0.5334762580755682,5.222901822583428,0.714136676499221,-2.059106920139494,27.754513286090702,-0.8478990206594261,-0.5564805143510864,-0.166248798185081,0.14324970678546847,32.14162567038177,22.343506639415715,-1.375230088594369,0.19560794491100017,0.2324682810509103,0.04221913007595489,-99.0907426344758,40.03545460829475,-0.39874290680961666,0.6259158065650684,-0.634233577772195,0.1476410076083157,67.15819939708383,59.59398508035094,-1.1921728977412005,-0.3225444797303913,0.021207758824688477,0.055294826873756295,-99.52728471958501,19.11075065080906,-1.2718780538794279,-0.6530243297606562,2024-09-18 22:45:24.400766208,2024-09-18 22:45:32.392751104,010,RP
492,0,0.9802949617964852,0,-3.274009501044594,0.6388115368477103,0.7390150548093698,19.419542310860866,-0.9802062350408627,0.14191956637993203,-0.49959147734182324,0.09700282070591863,-78.61143162459894,-22.273601261289112,0.4620983289259373,-1.1906524710328754,-0.5905669801475852,0.1257704025223376,16.236493872994973,26.588737154759407,-0.939995508592304,0.4198110340167936,5.2209271099721954,0.7118469399333575,-0.44085299973976155,19.301661377853886,-0.8433327054472812,-0.5644674349439266,-0.17145325982538973,0.1447347836412083,29.524018929797155,22.06198928866023,-1.3872237627334694,0.274553375592745,0.23116234785159123,0.03985845059833769,-64.48100592208765,31.90558072078213,-0.5458186481467835,0.5028244184696633,-0.6236445719592015,0.140342973451881,69.28587420586122,60.20975936193341,-1.1575858621338528,-0.3686031430345548,0.02202192654408031,0.055892772479140686,-84.33955618711225,18.857319511112923,-1.2817787987699458,-0.652183784382581,2024-09-18 22:45:24.478876160,2024-09-18 22:45:32.454803968,010,RP
493,0,0.9802949617964852,0,-3.246778421846272,0.6713017419040361,2.4035379335099027,24.803755098608935,-1.022826330640098,0.18856960228382105,-0.5094221476965469,0.10696066046556585,-73.68496530794852,-20.536753280120696,0.22963441575371712,-1.1348005865457964,-0.5962943222458988,0.13264207910349618,5.786663681841556,20.45055469822867,-0.8925251769126668,0.2825629135683375,5.220153271505346,0.7108811166908804,1.3148411534794486,10.13632765115439,-0.84233849347422,-0.5684745132675911,-0.17722570005351707,0.14753815402506007,25.15230674475613,21.457635170800202,-1.4063997174796183,0.3301357323700227,0.230409574447128,0.03836783193662439,-16.975916902517923,20.91141378935897,-0.750057178535807,0.3870110650492819,-0.6144297180124307,0.13232428984797395,71.16212258749817,60.724122914602496,-1.1271542892416906,-0.39151063482071913,0.023169188556022808,0.05684602776189419,-67.04062934964405,18.55327698231634,-1.2902978404770904,-0.637191720397152,2024-09-18 22:45:24.547654912,2024-09-18 22:45:32.529774848,010,RP
494,0,0.9802949617964852,0,-3.213955128197728,0.7051495161721487,3.6056358103065316,28.588351702948042,-1.0980815132341484,0.19930547655837094,-0.5196801105739013,0.11602986579305458,-69.93822725122416,-19.345505671258813,-0.06643881838526378,-1.049588419049329,-0.6024320732112964,0.14034550468715362,-3.528572129557295,14.874274976515201,-0.8469640426017868,0.1451471805054946,5.220974418272547,0.711956208295715,3.148441000245959,0.562070080275412,-0.8426605244550545,-0.5635709779734956,-0.18356043225556157,0.15166733437084373,19.56212488856009,20.590832100381363,-1.4152169317788243,0.35327526805242676,0.23023825900668435,0.03801158294261145,37.66753447987667,8.327492440278945,-0.8175869200218213,0.3536450410835068,-0.6067909507707836,0.12418522977791792,71.93464363110817,60.64929080227759,-1.119989744261166,-0.37892674300927326,0.02459112099999959,0.05812963751597454,-48.75455396890576,18.198929135950376,-1.2926340672639351,-0.6064110926393358,2024-09-18 22:45:24.615454208,2024-09-18 22:45:32.584207104,010,RP
495,0,0.9464249135343612,0,-3.177010161099027,0.7363854497103551,4.430023242567601,31.074228855542135,-1.1940652358446666,0.17058587749729093,-0.5301901784507914,0.12372187973237864,-67.24375480710033,-18.651978360877777,-0.3783092100513663,-0.9449785676919311,-0.6087670818691876,0.1484191669859802,-11.508409030817722,9.99405941735209,-0.8282862351534863,0.02692670750807225,5.223713106556331,0.7156092236332634,4.975565895020484,-8.99092877835318,-0.842705696429757,-0.5465254003984009,-0.19042139250402473,0.15703439281976705,13.351469891258013,19.542405488668912,-1.4044832101276021,0.34376611224983283,0.2306549746033446,0.038877220542931405,88.84591241868878,-3.4927516725436454,-0.657975735930485,0.43276396693401015,-0.6008531604862236,0.11665925076175923,70.30020584211677,59.240100863067916,-1.1652990801311516,-0.3225729863680551,0.026222435491894288,0.05968145490805725,-30.520248409949502,17.800315245126495,-1.2890368715037372,-0.5636169212130376,2024-09-18 22:45:24.683258112,2024-09-18 22:45:32.661403904,010,RP
496,0,0.9464249135343612,0,-3.1375437659785925,0.7622451109789297,4.979566292911962,32.623607179603056,-1.288359785383303,0.10934341074531193,-0.5407536890066493,0.12967517715691804,-65.45751965103511,-18.396395224522454,-0.6731270422464295,-0.829679759034806,-0.6150953934261745,0.1563857570908786,-18.210559469583416,5.798768758545839,-0.8486681599297383,-0.061188644427539116,5.228615006774891,0.7220555832978068,6.700282214419298,-18.033196135939626,-0.8445444152649166,-0.5179919840324253,-0.1977433710166127,0.163471183404275,7.048860998498116,18.393865535670542,-1.3767551440689332,0.30872691372011635,0.2316448951141595,0.04082942408893694,127.69871039583232,-12.58075437585601,-0.4149036209411645,0.5734454743598313,-0.5966522416301892,0.11052429888810487,64.7412652432178,55.62802103334053,-1.2787329495427395,-0.2308903826384901,0.027994463275237375,0.06141743411665513,-13.093938760895238,17.36655778777009,-1.2838039491675837,-0.5152821434401396,2024-09-18 22:45:25.592535040,2024-09-18 22:45:32.730679040,010,RP
497,0,0.9435977016530844,0,-3.0971711926806655,0.7814190455238542,5.338509527971784,33.53427792188546,-1.3615056000429484,0.025735558836761447,-0.5511583291862947,0.13368655555679115,-64.42886182129003,-18.510503832796868,-0.9302198859980173,-0.7111754098063565,-0.6212315882527781,0.16381674866167148,-23.82070904143502,2.201823088882016,-0.9065825281002873,-0.116215822567568,5.235869157106757,0.7311183034862254,8.233384658717185,-26.10892479317324,-0.8543577298715994,-0.4832594296765303,-0.20543772735252394,0.17075874452969642,1.0317998177997,17.21197060965152,-1.3420933939876767,0.2585751612091923,0.23317356556790836,0.043563721167453814,151.9419609210262,-18.428848787335486,-0.2853083106424772,0.6970444476430201,-0.594132173717634,0.10644024899755807,54.287101871068025,49.25371383948827,-1.4220234611809035,-0.13815802156650772,0.02983947339353056,0.06324747467601498,3.1085749619428884,16.907241760131313,-1.2819523857572868,-0.46773833131607495,2024-09-18 22:45:25.668347904,2024-09-18 22:45:33.663405056,010,RP
498,0,0.9434179416615864,0,-3.0574044818235975,0.7939807796991585,5.565625775560795,34.0163691903525,-1.4025376629006159,-0.07082422826078895,-0.5611917861931218,0.13573199173319447,-63.9922750166864,-18.911939119175706,-1.138320642919382,-0.5959128585596737,-0.6270174938808367,0.1703769962587275,-28.54835021331985,-0.9003150051882693,-0.9914279024090469,-0.14052112192547223,5.24563504578533,0.742217076560259,9.508741970113832,-32.87939011975895,-0.8788599733322751,-0.4511285561937249,-0.21340240394763912,0.1786606396659468,-4.4877332866457715,16.04230692835395,-1.3113944009411056,0.20319867962585333,0.23518982152226112,0.04671024147117141,164.44547102073597,-21.675900979511063,-0.3343369275676733,0.7585759531201599,-0.5931517722496465,0.10475116641460255,39.47229091329211,40.41305930997284,-1.5055938380933567,-0.09016668694562137,0.03169538433899265,0.06508838989634519,17.95929162315649,16.430773349548,-1.2866515864122368,-0.42549983867829766,2024-09-18 22:45:25.731286016,2024-09-18 22:45:33.740960000,010,RP
499,0,0.943183329310186,0,-3.0195452349775107,0.8010920151666453,5.700684179157469,34.213473749286614,-1.409283903608434,-0.17291109485130926,-0.5706573707519732,0.1359703639984854,-63.95314698998894,-19.495334712621553,-1.2935051088796155,-0.48921533349661717,-0.6323286891884075,0.17584803198378002,-32.56631955496291,-3.592618155880505,-1.0888075454421196,-0.1393349355364337,5.258056362837684,0.7543858179844894,10.492604911373686,-38.17070801699033,-0.9195019589614466,-0.431561645092695,-0.221534562748492,0.186951489620542,-9.430958542702443,14.910716722943265,-1.2920340302454112,0.1498765595423138,0.23762956775022492,0.04991748265910586,169.4818380656016,-23.273895921042506,-0.514479144641951,0.753304780538921,-0.5935000737339469,0.10536113002443438,22.443273394365026,30.320084414386788,-1.4727494061111914,-0.10842165571513641,0.03351017193246669,0.06687235739886122,31.517693418908383,15.943836674617604,-1.2985626080203911,-0.39090207106805364,2024-09-18 22:45:25.793772032,2024-09-18 22:45:33.802956032,010,RP
500,0,0.942733855903922,0,-2.984602965095335,0.8045634691953187,5.774811333213231,34.23551902797435,-1.3869156071531035,-0.2748633733235621,-0.5793891892190289,0.1347252081160216,-64.07740318368374,-20.125754677855355,-1.3973965532505328,-0.39474255287332255,-0.6370777744298092,0.18013283776403266,-35.98460757557447,-5.924993707977031,-1.1844336046690827,-0.11907912987034548,5.273249232076938,0.7663014739872464,11.18435162823102,-41.977873634847676,-0.9679916642409436,-0.4331652611976499,-0.229742803382249,0.19543590428434585,-13.804006725124703,13.828628797062432,-1.28692043186548,0.10293768784132976,0.24042000048738146,0.05289353199073158,170.54287065397688,-24.001917045748563,-0.7509586238505346,0.6958896184794819,-0.5949171276655993,0.10778022092159753,5.785903318292397,20.442132983069378,-1.3621218382835343,-0.17364468026532537,0.035245275772506655,0.06855091906323625,43.93262906057049,15.451582373348948,-1.3165191523306543,-0.3645422868715911,2024-09-18 22:45:25.856257792,2024-09-18 22:45:33.879862016,010,RP
501,0,0.9425286075809584,0,-2.9532485727368325,0.8063595420519816,5.820074414462487,34.1881264577335,-1.3460880362889576,-0.3719562683610946,-0.5872653565128024,0.13244204802731288,-64.09808563285988,-20.64258511096961,-1.45511069471816,-0.31360085727264914,-0.6412136361097834,0.18324589356953339,-38.84504581608363,-7.907973072582105,-1.2665894642391338,-0.0864157318609301,5.291263854713083,0.7763347928097794,11.609906519837645,-44.43107872501466,-1.0057065231251925,-0.46130769676377065,-0.23795605179982782,0.2039568130885048,-17.655097639690496,12.798862671518798,-1.2956398047382338,0.06439584362518076,0.2434837778008897,0.055417147055400066,169.88908531200593,-24.365236298904854,-0.9860082544729711,0.6042172544646873,-0.5971161914533277,0.11131190692326844,-8.774421630364289,11.76065077387118,-1.2581382579049334,-0.24776678091841317,0.03687760201543293,0.07009556120977338,55.36889510449886,14.958127922302047,-1.3385809969037676,-0.3459644904648156,2024-09-18 22:45:25.933743872,2024-09-18 22:45:33.942768128,010,RP
502,0,0.9494633994991843,0,-2.925805369179729,0.8081554713110229,5.875122370542211,34.18946457632035,-1.3003494592551146,-0.4596694748527123,-0.5942184934643718,0.1296222094250687,-63.754503910053295,-20.88410526500027,-1.4731200377159888,-0.24363801884427003,-0.6447168037252418,0.18529314744039624,-41.127913018678726,-9.515856625292317,-1.327612835804508,-0.047710267096765416,5.3120281275444405,0.7826500940959629,11.810337207401991,-45.736843441504014,-1.0072380944791068,-0.5171692455410648,-0.24612777938841301,0.21239492445982458,-21.0452619243363,11.820176415915588,-1.3161023507118992,0.03483916127442741,0.24674276148692376,0.05733487569868792,168.8059347652338,-24.651642499355304,-1.1856107384466505,0.4932310417587888,-0.5998043164120382,0.11525797291770665,-20.702183219209353,4.582741145965367,-1.2143407118563827,-0.3021950085525773,0.038400120650482525,0.07149609405063097,65.96103110914277,14.467088447178684,-1.3628551980840107,-0.33426144862115,2024-09-18 22:45:26.007402752,2024-09-18 22:45:34.004322048,010,RP
503,0,1.0355343908256738,0,-2.902274418187556,0.8110525184859837,5.984753188147891,34.36939607712804,-1.2623283771757252,-0.5336549433268409,-0.6002421816024011,0.12674117441622285,-62.869337128454774,-20.73682807388051,-1.4581891696363765,-0.17983719599588627,-0.6475923701996705,0.18644679921007487,-42.7656399159373,-10.694702116267482,-1.3646785685443161,-0.008642400013146046,5.335286862581608,0.7833738099192644,11.828227439779878,-46.10698646708488,-0.9464897285799148,-0.5975758187861024,-0.2542360500058953,0.22066251780313234,-24.03208294165469,10.890178159499655,-1.3457993479747636,0.014176205548369854,0.25012110649448005,0.05855351045534635,167.94896733517965,-25.007581544480406,-1.3335886420187493,0.3741945113930578,-0.602699500234347,0.11905094612397026,-30.23326012431623,-1.221570767380396,-1.2350958212851864,-0.32663410972285944,0.03982134391384171,0.07275775823463126,75.78865688716316,13.981993829328124,-1.3879169613163298,-0.32849360731294697,2024-09-18 22:45:26.949594880,2024-09-18 22:45:34.083393024,010,RP
504,0,0.919671511889154,0,-2.882387941015252,0.815509860616507,6.193604655934936,34.85237137168278,-1.2396756289109934,-0.5905347482616502,-0.6053913396037086,0.12417102207700931,-61.437489763185646,-20.19372422962409,-1.4183054713747452,-0.11635073108546169,-0.6498626363519995,0.18691874971884795,-43.66070971059521,-11.373463917526754,-1.3798080560700634,0.026178133754637935,5.360552869635602,0.7768293116583473,11.693521970815695,-45.683742756803056,-0.8035694844267489,-0.6951392057014946,-0.2622808790784557,0.22869472684978834,-26.662734072040795,10.006874668950053,-1.3824595727696067,0.0021228890571043067,0.2535475735993388,0.05903181106953471,167.59348428866312,-25.49292129244943,-1.4252704706877515,0.25574070388305314,-0.6055435741192318,0.1223048532112525,-37.87601710405075,-5.935578770588054,-1.2972075516026833,-0.32397130504281657,0.04116401780512886,0.07389749544695341,84.86723529882215,13.506523615087232,-1.4128954239557043,-0.3279517534076843,2024-09-18 22:45:27.012286976,2024-09-18 22:45:35.021291008,010,RP
505,0,0.9193305399093766,0,-2.865682489335723,0.8214727683401316,6.5369545916762535,35.73283630694939,-1.233120917795418,-0.6289256552279189,-0.6097752957103568,0.12213410151507607,-59.667865185970086,-19.383990138180593,-1.3642123994045112,-0.049253289133080545,-0.6515615044874346,0.18693542737788946,-43.70543228732808,-11.476777215405168,-1.3789059963279202,0.05358820109353431,5.387088850081794,0.7618126778170661,11.408913317365597,-44.46082972352991,-0.5723370032441419,-0.7980526873155932,-0.2702802830430633,0.23644049152035698,-28.972623096568732,9.169271228959412,-1.4242250691595313,-0.0015411945372203028,0.25695712887348054,0.05877289625320259,167.77844645440803,-26.111867887777674,-1.4637223881536938,0.1451689459890652,-0.6081114427814445,0.12481448446876264,-44.119658376785495,-9.829669110531466,-1.3724697212192316,-0.30316941095813255,0.04246321802498255,0.07493941840633246,93.15094834367889,13.044510971248476,-1.4373360163136275,-0.3323247677373868,2024-09-18 22:45:27.074322944,2024-09-18 22:45:35.093818880,010,RP
506,0,0.9189922293295104,0,-2.851580359808223,0.8286048471690926,7.032637661516025,37.05413143322672,-1.2379984815257292,-0.6498473576557909,-0.6135444447745358,0.12070636483808238,-57.9310215494136,-18.54325645175662,-1.3085787531660273,0.022018168752952726,-0.6527322238156227,0.18671556096165542,-42.80199877497247,-10.938243844141315,-1.3698745519088156,0.07215158856376595,5.413936312910075,0.7378694344047606,10.933086758973705,-42.19103541660403,-0.27124608001583317,-0.8889285359787652,-0.2782656592697653,0.24385422309857843,-30.98710685933268,8.377352280925129,-1.4695364057418023,0.0031206618022596977,0.2602921453967309,0.05781742587628205,168.37342519325637,-26.826280071348695,-1.4584146207955002,0.049556819171264574,-0.61021850198598,0.12653084965240485,-49.324950543403716,-13.098997431128357,-1.439145907365071,-0.27470063043386805,0.043763867023877766,0.0759093722317157,100.54702846731573,12.599673216510343,-1.4609104348039905,-0.34181431535259255,2024-09-18 22:45:27.151523072,2024-09-18 22:45:35.161644032,010,RP
507,0,0.918668330957774,0,-2.8394655234703006,0.8365091271962861,7.676639181533135,38.79755229208459,-1.247920242726568,-0.6562389749986453,-0.6168731479570342,0.11986372577026362,-56.62904223211712,-17.93293554751791,-1.2624784009161796,0.09546670681278682,-0.6534289977946497,0.18645051077311284,-40.88212677049273,-9.713567123356862,-1.3602384248494581,0.08223284487431651,5.4399932983186625,0.7055320342902558,10.158965914908089,-38.26470649494773,0.037290106236215426,-0.9424457454570357,-0.28627665549026177,0.25088847341817067,-32.72466819070574,7.63169143833621,-1.5168873868019002,0.01619692144267977,0.2635035842775561,0.05623680488782616,169.0962220567169,-27.557460599738445,-1.4256984699440003,-0.023339610523115083,-0.6117278305393674,0.12752624098950605,-53.70920105170646,-15.855413039363087,-1.4853082406526976,-0.24820555159111626,0.04511759846938564,0.07682862280612246,106.94096200229392,12.175080616450671,-1.482999272406873,-0.357200016020456,2024-09-18 22:45:27.221975040,2024-09-18 22:45:35.222170112,010,RP
508,0,0.9183608256959052,0,-2.8287435430974193,0.8448574278064672,8.442718916425715,40.88228662102565,-1.2580305626996566,-0.6520475813801475,-0.6199420250907113,0.1195419679626712,-56.05605655368432,-17.751505218490482,-1.2322626269366928,0.16834653909732494,-0.6537205966023147,0.18628599490973577,-37.924430879820065,-7.791981580559223,-1.355000441885946,0.08574388277079091,5.46412128743421,0.6664954772737584,8.885279993209068,-31.55024755570698,0.21477078624957002,-0.9227601957646412,-0.2943565291980833,0.2574882896988215,-34.20021389385874,6.932943740371672,-1.564561860909897,0.03787541782973627,0.2665523544394449,0.054125320892222765,169.5015512536767,-28.181037567805756,-1.390730195755442,-0.06429632035137428,-0.6125575947701603,0.12795361319780996,-57.36960144187368,-18.142185072156874,-1.5081176724441443,-0.23121076711179353,0.046579064242444373,0.07770718820163534,112.22886715806308,11.772484386787825,-1.50216836646806,-0.3798267877826645,2024-09-18 22:45:27.276040960,2024-09-18 22:45:35.284724736,010,RP
509,0,0.8888896944755903,0,-2.8188809378553032,0.8534097053955177,9.285352313112304,43.174302636702926,-1.2664170759687088,-0.6415348071448355,-0.6229225935311478,0.11967816764728778,-56.31014573676149,-18.076862024460368,-1.2188725706735153,0.2384010540433161,-0.6536918763804085,0.18630714127495757,-33.964032952936876,-5.202012430451337,-1.3555616589439814,0.0854926031902101,5.4852475955074045,0.6237381820238385,6.789218579840998,-20.24054489044704,0.012981450424376373,-0.7849905540428982,-0.3025504368979065,0.2635885823602926,-35.427285506764335,6.281459291821574,-1.6104204056460663,0.06838668847974028,0.2694108431620425,0.05159049914764057,168.95625705531347,-28.5186476707748,-1.3909537650816042,-0.06178496101246867,-0.6126881603637625,0.12800371091019971,-60.3216683988219,-19.958372041347097,-1.5111780775014545,-0.22828009381603576,0.04820217026783552,0.07853788808612261,116.34941159978608,11.391705851504641,-1.515607625201268,-0.4114859886905624,2024-09-18 22:45:27.355668992,2024-09-18 22:45:35.362391040,010,RP
510,0,0.8888896944755903,0,-2.809424168860194,0.8619556781513437,10.145362400404437,45.502626329541705,-1.2737961563348477,-0.6290540826366844,-0.6259664811482653,0.12021814334494411,-57.27774243190776,-18.853946878217997,-1.2187748754203693,0.30439249750026837,-0.6534397315339495,0.18653275079597242,-29.08801829453936,-2.0072668652383943,-1.3602092128985637,0.08427012327561587,5.502435094974025,0.5815980798113368,3.440368688673464,-1.9304054122066285,-0.8921928277897195,-0.49272179844377295,-0.31090846808182215,0.26911443292463955,-36.418844434559134,5.677072867541015,-1.6517583359718138,0.10797675958338962,0.27206438577629527,0.04874170043211931,166.6136952863124,-28.329652669989414,-1.481971431235919,-0.000834678822132065,-0.6121674378209657,0.12786454798500607,-62.544280669169275,-21.287572047600722,-1.501130723700775,-0.2405529266249171,0.0500368784364886,0.07929225203116838,119.30685665461858,11.030257316933284,-1.5186571221301999,-0.45419963124928203,2024-09-18 22:45:29.650121728,2024-09-18 22:45:35.424113920,010,RP
511,0,0.953079335097412,0,-2.7601649636813437,0.863230752250216,10.14537723331379,45.00291478272309,-1.1196934038514248,-0.740205678489112,-0.632260760138636,0.11895532733010843,-56.804760301018135,-18.915420927414726,-1.1020189604590687,0.42325362060346144,-0.6561329509691616,0.18287594379368188,-22.76410032462087,2.063723677848462,-1.373924875220239,0.05224530743250328,5.49674169204622,0.5940390686114734,-0.34218305478779903,18.880891863563832,-0.7044195493005958,-0.5666188489713584,-0.32630285826571076,0.27069841621542273,-36.37287582698892,5.13142665430973,-1.6217074869335848,0.21763002653257643,0.27372978346404714,0.04719341552662517,157.70281642038216,-26.16795779042158,-1.4402685789760385,-0.004701496826228713,-0.6134744821487843,0.12763479886374915,-61.39121773090999,-20.66194550595326,-1.5001929533527063,-0.21190858287827063,0.054667477542193706,0.07792521151466804,119.70784865052154,10.455873872273287,-1.3690152870153671,-0.579953627331577,2024-09-18 22:45:29.711277056,2024-09-18 22:45:36.374593024,010,RP
512,0,0.953079335097412,0,-2.7058810125332684,0.8517709529385686,10.170693477553836,44.52068636520889,-0.8751128915164781,-0.8758572994213895,-0.6396185769583714,0.11669672251983658,-56.368971548832654,-19.05464136667127,-0.9285706556109763,0.5459552501364979,-0.6580606175413214,0.18006273547614032,-15.312781597130364,6.92326148591701,-1.4029186720926041,0.018963698338886385,5.480596210347431,0.627905835691373,-3.556805063528007,36.49341235211614,-0.3308631354424909,-0.727791904980053,-0.34246821825649326,0.26985050680257916,-36.40713206614481,4.531714349478548,-1.5513094651754145,0.33340575121169563,0.2751610048582754,0.04576081079275361,145.5153064220359,-23.040137937347268,-1.402206054834114,0.001976253799860079,-0.614755915415094,0.1272152213445193,-59.21878465517219,-19.405098170459716,-1.490303036107379,-0.18678121880173093,0.05949478816539172,0.0758140803499776,120.61870182889365,9.823815885905423,-1.1721400863607312,-0.7095222114603058,2024-09-18 22:45:29.773591040,2024-09-18 22:45:36.436171264,010,RP
513,0,0.953079335097412,0,-2.649326063511741,0.825161103050533,10.25783903287549,44.176360305105106,-0.5330355329797958,-1.0295858526496504,-0.6477550032988881,0.11317652953969926,-56.047850955387105,-19.30527588050238,-0.7033991587565609,0.6644469996397646,-0.6591902263763911,0.17834036291794328,-7.019029112330783,12.37312461050019,-1.4291421630795558,-0.0050592303039870305,5.4546364700835595,0.6778878015070532,-5.7871738276727545,48.56692941913687,-0.0684439421007279,-0.8774247883026594,-0.35923007045774513,0.2663826950003032,-36.57950044760654,3.8595434768971897,-1.4397668377341888,0.4529410619514707,0.2764258165071826,0.04442692863840081,130.2900142411983,-19.015523569355693,-1.3693478582478913,0.01669477314371195,-0.6161647487087534,0.12657355482999771,-56.213228498301795,-17.63660981176387,-1.4723274436137426,-0.16288755310513797,0.06444907453448925,0.07295168834841485,122.19464049012075,9.124668507337097,-0.9282690456541909,-0.8415524045534726,2024-09-18 22:45:29.851699200,2024-09-18 22:45:36.497735168,010,RP
514,0,0.953079335097412,0,-2.5934894173462024,0.78299194680315,10.401984480915772,43.977436670654484,-0.09338132799105603,-1.1913874820256263,-0.6563213459711711,0.10823238896732737,-55.83104011187508,-19.6431033931963,-0.4396003140911944,0.7718742146806663,-0.6595022963171548,0.17785661634324212,1.6701627743372112,18.10147618489881,-1.4375534129530443,-0.012247425172502723,5.41988769445283,0.737441910052282,-7.120401103260857,55.5917743191319,-0.03271189368839256,-0.9595426821391376,-0.3763810185352405,0.26022960035595266,-36.93485413888082,3.0984219797574966,-1.2881107768829871,0.5740684843562702,0.2775936703678591,0.04315350314659958,112.45227099096205,-14.216038645582268,-1.3412963961719204,0.03768070999733521,-0.6178610968157446,0.1256285429645287,-52.611042406044604,-15.506316365618375,-1.4451038166693675,-0.1384517140902936,0.06945212082669434,0.06936491103707333,124.55576141912654,8.349338208257908,-0.6380280937759268,-0.9748768813495948,2024-09-18 22:45:29.922530048,2024-09-18 22:45:36.565689088,010,RP
515,0,0.953079335097412,0,-2.541327538127861,0.7271878316878595,10.532099096142769,43.76551346731919,0.42103760249349786,-1.3432928875894858,-0.6649445805646906,0.10184865994972123,-55.5528375132784,-19.939558239445304,-0.1570719547940258,0.8607604539150965,-0.6589975402847568,0.17863094632243073,10.225018404510916,23.738261977939068,-1.4249680546302226,-0.001067822284392453,5.377708262123889,0.8005498638461661,-7.837309531562006,59.14676422070328,-0.17515798069829547,-0.9703479674749812,-0.39369398834157276,0.2514571212708089,-37.50666425008165,2.2338517619970792,-1.0987745817678556,0.6948588010812954,0.2787308702199212,0.04189249670177035,92.45622609773842,-8.770404357472426,-1.3169146702609287,0.0641159493850894,-0.6200044222618845,0.12427447127197642,-48.65247087915948,-13.164747099046421,-1.4064268229365455,-0.1121717061621917,0.07442140236387478,0.06511487960470484,127.78254014768173,7.490244164591389,-0.30224891473646043,-1.1083841122719753,2024-09-18 22:45:29.976221952,2024-09-18 22:45:36.642950912,010,RP
516,0,0.953079335097412,0,-2.495524343474517,0.6622479100605336,10.453061718340258,43.085869981959675,0.9237427249665462,-1.452529071075366,-0.6732614977808064,0.0941820317375177,-54.77928563048922,-19.88078389094579,0.11379276536301264,0.9197122733601293,-0.6576984399534342,0.18055090245591704,18.150759707756812,28.937726343761305,-1.4017187289331616,0.023392393151254638,5.329702757663924,0.862411453766704,-8.19391214270108,60.67111614300984,-0.4106359625026643,-0.9276274875119372,-0.41093598218843513,0.24025561123076206,-38.318471650208366,1.2535612164619288,-0.875175043738353,0.8135992428441305,0.27989603463658963,0.04059822340751886,70.64808957059745,-2.7741201254608296,-1.295326916589766,0.09588862458306927,-0.6227443179583227,0.12240882131156341,-44.541748429134664,-10.73812074617265,-1.3539002153728994,-0.08294253509377153,0.07927428056678468,0.06029447433926177,131.8982945768736,6.543857589432511,0.07791311105336352,-1.2408001583937056,2024-09-18 22:45:30.054110976,2024-09-18 22:45:36.704945920,010,RP
517,0,0.953079335097412,0,-2.4583079556891136,0.5954488610358457,9.746504322552815,40.95990911628992,1.2069129791467255,-1.4689780168385875,-0.6809433612834045,0.08557422541533508,-52.601020262808404,-18.818315544693224,0.3217643190331829,0.9293726910088055,-0.6556463586339921,0.18339406052704416,25.08854758614219,33.44921486826974,-1.3848402365110861,0.051764603291493363,5.2776158139928055,0.9194908277980969,-8.362985496763754,61.136624509912835,-0.6755515386959066,-0.8502722543899589,-0.4278790790809247,0.22692091201701653,-39.38405874100984,0.14838521542767394,-0.6214253088223014,0.9286994952673817,0.2811360828191341,0.03923824902780149,47.195785528358414,3.731561730985343,-1.2766179330421168,0.1330335568567297,-0.626210269260075,0.11995679088748064,-40.423389672505536,-8.313541731224625,-1.2858787733151162,-0.04971881747238055,0.08393173231380871,0.05502361295736521,136.82567915906904,5.515983723165944,0.5003400474924127,-1.3703197323731804,2024-09-18 22:45:30.975308800,2024-09-18 22:45:36.783111936,010,RP
518,0,0.8914382573481566,0,-2.431335231630872,0.5367977114714337,7.720587029565261,35.77133525385437,0.9911544813318538,-1.3536828179599836,-0.6877103022127448,0.07655931531539632,-47.29260240176336,-15.523609890143849,0.382559334418346,0.8596836281484289,-0.6528975023151864,0.1868641103285595,30.85819466844557,37.14723822498391,-1.388362065971707,0.07403221212059971,5.22322441240593,0.9693394895212797,-8.446120972957488,61.115985256085274,-0.9326780707542217,-0.7522357236204109,-0.44430778707526275,0.21182861668293568,-40.70475480513056,-1.0854395309087133,-0.3423052522480492,1.0385072142312113,0.282482985366982,0.037802006423825356,22.106048751993796,10.75541735386874,-1.2622520956697292,0.17497392789628158,-0.630500941450876,0.11688853113901,-36.37533741466643,-5.934684485540445,-1.2028868647810231,-0.011813269221267044,0.08832136582911074,0.049443123319361036,142.29169925410542,4.432602775732356,0.9603013114951229,-1.4939513934009099,2024-09-18 22:45:31.037795840,2024-09-18 22:45:37.701170944,010,RP
519,0,0.8914382573481566,0,-2.4156381511401634,0.4977581218850371,3.7866786420777765,26.1472453939107,0.36423749590973165,-1.1687271614184493,-0.6933374889167141,0.06786635180982886,-35.96346093975758,-7.934815700725847,0.18977489652363655,0.6763191611484132,-0.6495194823382425,0.19062915379244222,35.440359265267915,40.01920380385814,-1.4171683919412943,0.0824385529678761,5.168239964612879,1.0103962415375864,-8.497662094447186,60.91795684229794,-1.1620144520954887,-0.6427774448926661,-0.4600235837780827,0.1954074184591453,-42.26162619938854,-2.441344740532417,-0.04364352756674439,1.1410060399360502,0.2839516597788232,0.03630646925805692,-4.659994900821116,18.32321328664901,-1.2549524535359555,0.21953788308543998,-0.6356740891240101,0.11322816301014303,-32.41511083147243,-3.6054460516500817,-1.1096300732244158,0.030318571479259017,0.09237963986902065,0.043708297959928887,147.62886608136975,3.3620985171311837,1.4467541599347085,-1.6063175194571198,2024-09-18 22:45:31.100184832,2024-09-18 22:45:37.769110016,010,RP
520,0,0.9309930043222076,0,-2.411615389579725,0.4871982097287033,-1.4938178155513302,13.397485966788047,0.10353484226060639,-1.0999835080830829,-0.6976569015433233,0.06039043804682507,-14.985021188027309,6.545596548399824,-0.2901431795375857,0.3748728761743587,-0.645588042677211,0.19435476629334822,38.92378309943565,42.12872894475697,-1.466509077516422,0.07271961946155642,5.1142251306100475,1.0418237239103232,-8.542766385915746,60.68963053578104,-1.3528281761693137,-0.5281074429139803,-0.4748476080271674,0.17811614807286147,-43.998704406999536,-3.8926795439581214,0.26674270500186603,1.2333661971603296,0.2855394152955593,0.03479829581346163,-32.960876412622646,26.411629378489465,-1.2575095991022918,0.26172605775865776,-0.6417387430245759,0.10905686106797148,-28.514749642628875,-1.2990195933211408,-1.0172688150404712,0.07404232473253444,0.09605325437199558,0.037983430490608434,151.3641676825843,2.4609790987793376,1.934571753735706,-1.6974470213671706,2024-09-18 22:45:31.180208896,2024-09-18 22:45:37.835399936,010,RP
521,0,0.9405186634579604,0,-2.4190533255049793,0.5059298369568082,-6.270848945074701,1.8304820056776496,0.47611404631073384,-1.2057523312136422,-0.7005584421339208,0.055051962049288465,17.00897817995602,28.91578325603985,-0.8437900811499404,0.04484728756506722,-0.6411835536030329,0.19772780918548227,41.447170167338626,43.5752438546838,-1.5251611718039257,0.04391060471711665,5.062530208612199,1.063388614607028,-8.588107574774817,60.47755403210874,-1.4991736472574038,-0.41285312785286465,-0.4886219300624685,0.1604259792637789,-45.790321735715494,-5.374155384686704,0.5773626759217239,1.311284656813306,0.2872270953750682,0.03335170673904113,-62.13974658636895,34.84821891934556,-1.2703202646493965,0.29259076711435567,-0.6486509018558706,0.10451430468803932,-24.622692401228562,1.0284683678233981,-0.9450189414031152,0.11374589765964635,0.09929969749328711,0.032438543948494006,150.38057993784534,2.0672539033068724,2.369128561611186,-1.7488260719058781,2024-09-18 22:45:31.238998016,2024-09-18 22:45:37.896988928,010,RP
522,0,0.9878218988830711,0,-2.437171267766073,0.5460088648963997,-9.286768465733918,-5.633445275082727,0.7543843031954784,-1.3225906639216463,-0.7019917908001814,0.05245576228491664,54.11850988107563,54.99074966685358,-1.1159576239329074,-0.14563926425024795,-0.6363883397983049,0.20047011152348046,43.15418368210709,44.462819308807234,-1.579335637612595,-0.0024949332917483993,5.014254828321521,1.0753808659794224,-8.627345131894836,60.25970698319987,-1.598057676535532,-0.30108257652699627,-0.501209590390701,0.14280667526966515,-47.38024565452281,-6.7474335171141675,0.8701624516027588,1.3679682218680178,0.28898164861212683,0.03206105550213391,-90.6490172590789,43.195902452597764,-1.288924384971808,0.2994542654183702,-0.656312901858631,0.09980209665323621,-20.694955150745805,3.4176339311797963,-0.9189842119145584,0.14102515490811887,0.1020869722752608,0.0272493929178411,138.28132238326185,2.883278475673554,2.6390535091858185,-1.7270739359670604,2024-09-18 22:45:31.315767040,2024-09-18 22:45:37.959475968,010,RP
523,0,1.0021518303235109,0,-2.4646927502098572,0.5960390834881578,-10.715077440487184,-9.409373685505958,0.5871071169639497,-1.3330369094230825,-0.7019679765031656,0.05249430837317699,84.86177365165389,76.5702475327211,-1.1137525057548474,-0.1431867575081529,-0.631286362978492,0.20234503940615076,44.16589935897273,44.881329973999996,-1.6157261898674735,-0.06336679486017577,4.970235840469734,1.0785626000487416,-8.643436430508089,59.95991753173309,-1.6493189206611714,-0.19692144973142428,-0.5124938241582464,0.12571651836668457,-48.271848445611326,-7.73902420907866,1.1155412701885261,1.3925481403700959,0.2907595880442321,0.031026932650386734,-115.85109197977468,50.6848157785137,-1.3049056139203659,0.26946061335563853,-0.6645760928856805,0.09518895820428654,-16.74240190161395,5.873399958703615,-0.9643814123625307,0.14688907931438952,0.10439263239249558,0.022601623637974393,102.64187620634355,6.284944349115139,2.543783170477667,-1.5775879650749052,2024-09-18 22:45:31.377801984,2024-09-18 22:45:38.038073856,010,RP
524,0,1.0021518303235109,0,-2.499939569407493,0.6461301811031932,-11.232333761201211,-11.08015562641861,0.16314391959579355,-1.2456354096584397,-0.7005593565876387,0.054330411065222205,102.80911927621669,89.02389045148817,-1.1053215866067918,-0.07399199543507065,-0.6259655888913214,0.20316238093043198,44.56583685612657,44.89668031207982,-1.6235656498045736,-0.13444021211942758,4.9310543613144535,1.0741284198564742,-8.609369203624139,59.453267559697146,-1.6565211373923405,-0.10478048079441521,-0.5223770389012303,0.10959923054959124,-47.53965718665742,-7.833625351545699,1.2645898556976398,1.3679167199905493,0.29251086214809646,0.03033567746093455,-134.35085771095052,56.29908521936641,-1.3128102676104316,0.19723082770399403,-0.6732467012852753,0.091010799631622,-12.898672259246128,8.316011450502657,-1.087555856813881,0.12685473108854947,0.10620242175035914,0.018697677642949363,22.56550887851006,14.603488309072999,1.823230728919743,-1.2348625496194132,2024-09-18 22:45:32.326210816,2024-09-18 22:45:38.100110080,010,RP
525,0,0.9011258274084952,0,-2.5409375559927594,0.6895490052375285,-11.34983725162637,-11.83922772706309,-0.2981199172069142,-1.1070324496503519,-0.6978977430981014,0.05683621123055438,110.14291606266926,93.86849253838051,-1.1460622566912693,-0.05082416794363999,-0.6205221483257854,0.20278658450043585,44.39041040688188,44.54523283074164,-1.5962210060108573,-0.21048515631275086,4.897052503492747,1.0636529468849625,-8.488709763905565,58.56965740075708,-1.6281075531521174,-0.02914312887595857,-0.5307799787247722,0.09489352277296796,-43.54441870065166,-6.112505631514472,1.241185285654713,1.2691375239241323,0.294182910776974,0.030035579470443607,-143.05438657639456,59.08415584245826,-1.3181867379059922,0.09254804260880067,-0.6820952495334314,0.08764977267371472,-9.490174374937196,10.526797141611443,-1.2536393183934083,0.08774292860764904,0.10750896914799284,0.015754065266558,-124.58330754227893,30.393822966917764,0.4497019579623758,-0.6979958494752438,2024-09-18 22:45:32.392751104,2024-09-18 22:45:39.051243776,010,RP
526,0,0.8992119161145904,0,-2.5855265498737636,0.7225436616122751,-11.337672617644579,-12.313853566696825,-0.6942948124845358,-0.9532535139773153,-0.6941704432179644,0.05903176928944966,111.8951508736886,94.67430647592936,-1.1593626860136574,-0.08769041807651658,-0.6150653034700921,0.20115181577250607,43.619486263996606,43.828832556174596,-1.5328755440883584,-0.2852665582649642,4.86835609339641,1.049005303706554,-8.237440300332988,57.10279268011524,-1.5777690732883294,0.02614289146142728,-0.5376415465234491,0.08205615977699729,-33.65104111033168,-1.092197784682887,0.9487317895490279,1.067280369115774,0.2957248327867043,0.030118103234542944,-140.4969490612572,58.54843676818238,-1.334918981551008,-0.020296245377298724,-0.6908700477737965,0.08547295933014862,-7.040372947032305,12.136017205738446,-1.3869323632989912,0.05019582123482284,0.10831099777878306,0.013952722925732795,-330.18990039839287,52.763197568626914,-0.8802056641274469,-0.17141220678355756,2024-09-18 22:45:32.454803968,2024-09-18 22:45:39.109915904,010,RP
527,0,0.8992119161145904,0,-2.6314780360776164,0.7437678050529074,-11.31198358545709,-12.767236349600854,-0.9991200670490006,-0.8044280807381324,-0.6896128668922074,0.060267898219261026,111.80632853571817,94.10308275820856,-1.1178577944073864,-0.15358374139114134,-0.6097224498748522,0.19828547296280077,42.164538246409,42.70866555744241,-1.440499634480583,-0.351511536547548,4.844905679309195,1.0322225559543043,-7.8085153098788425,54.83152017180478,-1.5228040204351347,0.05900775348403202,-0.5429197343570484,0.07158326506764538,-14.47167072445952,9.143044374573762,0.3308992127013388,0.7506262072194393,0.297091520363972,0.030514181222390607,-127.43741355078241,54.860574943054196,-1.3708355309509512,-0.11439161823207254,-0.699314749065589,0.08472996712251037,-6.1214389317078535,12.719187469552393,-1.4216454089016473,0.0388542048469233,0.10861320962209331,0.013322014673733996,-522.5588899083098,73.75679824949965,-1.3330295583575291,0.040549528579637305,2024-09-18 22:45:32.529774848,2024-09-18 22:45:39.171912960,010,RP
528,0,0.8987392076063028,0,-2.6766285177224347,0.7537427242758279,-11.305728462599252,-13.261235216619378,-1.2165682993150004,-0.6702055679123778,-0.6844958454251906,0.060242473765495734,111.818226732317,93.53911164108293,-1.0546775227724128,-0.21656149389485121,-0.6046430630153915,0.1943386972127055,39.85567917850413,41.09845993704951,-1.3355600218542742,-0.4012344341237217,4.826496512612772,1.0153481871355532,-7.159941628999882,51.557433302878955,-1.479809704157469,0.07041036029233384,-0.5465933990638978,0.06398650750327473,16.124205636282284,25.813384365940788,-0.48359081173560403,0.37255119141546245,0.29824738540460904,0.03110920923296276,-106.21944327007279,48.679671234432405,-1.4186608069202309,-0.17394946672569853,-0.7071885966514552,0.08545054348566435,-7.085090634912152,11.989504696748106,-1.3652649233399219,0.06368577475313918,0.10842653014255751,0.01365841683727632,-627.445776456461,85.03176839377687,-1.1864932105061046,-0.0506216116937209,2024-09-18 22:45:32.584207104,2024-09-18 22:45:39.250019072,010,RP
529,0,0.8984891048009134,0,-2.719030471220876,0.7543641081447678,-11.306529085670284,-13.742797107682604,-1.3586521330275294,-0.5543958731144946,-0.6791068644960511,0.058965989389176084,112.6513362497891,93.50229574188461,-1.0252114104764198,-0.25574358924416357,-0.600000190116798,0.18961800156785266,36.43595534122857,38.861580131824304,-1.2436405810756321,-0.42694775236308996,4.81282211313379,1.0002521073593356,-6.265675214542317,47.15558022626355,-1.4587681683678881,0.06506326807034954,-0.5486639415534711,0.05966279996426364,54.81414794791579,47.074546465998566,-1.113061491805786,0.0792929083421638,0.29916915573009434,0.03177001691614846,-79.51642063299462,40.78886042745205,-1.462805907944031,-0.19883064193186448,-0.7142864459403854,0.08740820128993139,-9.891368021986892,9.934729890086595,-1.2884773425466094,0.11220569302117883,0.107768183812652,0.014637600135618135,-644.519636307542,86.45871063645484,-0.964990737763177,-0.2169980154008692,2024-09-18 22:45:32.661403904,2024-09-18 22:45:39.312505088,010,RP
530,0,0.8977673200447267,0,-2.7571111748634514,0.7483804620922552,-11.277253386151889,-14.092641332726076,-1.4383172207664694,-0.4575274302477976,-0.6737265040557037,0.056714226513530815,114.24839668370052,93.97217289167877,-1.073360520059837,-0.2639048417311142,-0.5959883580401661,0.18460754957733352,31.583547722439434,35.8234267481799,-1.1935728764747051,-0.42438314665004967,4.803512904988774,0.9884551959163628,-5.1264440136598415,41.624939976317506,-1.4587553673494607,0.0509097379180799,-0.5491562963574053,0.058669593227927454,91.3601356614745,67.1709937345654,-1.2565252973843755,0.006487365602166556,0.29984737157894337,0.03237254177659084,-49.39648413995463,31.811405934606338,-1.4919357488786238,-0.1996022842918851,-0.7204554050190634,0.09018076719355136,-14.199642911998607,6.76979051470997,-1.2515241545050035,0.16216836593816494,0.10666126403832575,0.015991547749799374,-613.251772602598,82.41020923953698,-0.7243712009046894,-0.35963994272081734,2024-09-18 22:45:32.730679040,2024-09-18 22:45:39.374989056,010,RP
531,0,0.8627008365721596,0,-2.789818625960061,0.7388076326300071,-11.172669599536334,-14.1697217504842,-1.4690279979355612,-0.37812459864059106,-0.6686033403675815,0.05396221815459791,115.99021780145287,94.55144707201471,-1.1963689559967245,-0.2517846468384947,-0.5928173082854538,0.17996671110825405,24.996529263471807,31.818375194449935,-1.2025679207243194,-0.3968669110331597,4.798163565543768,0.9809852199579429,-3.7758977561420735,35.11737504073936,-1.468931147284012,0.03707325741285414,-0.5481193669640861,0.060597632180699225,115.83479098469955,80.49129230695071,-1.0537563964119352,0.12643947836617506,0.3002865518249265,0.03282246407635783,-17.053320709412542,22.120882872994102,-1.5047559405913784,-0.1899577007697304,-0.7256060372622503,0.09327266578678624,-19.60308044595466,2.7758864794777294,-1.2642319246334621,0.19845094880176814,0.105133760555897,0.017573754517293746,-564.0852328573978,76.30440180434711,-0.42999015444452837,-0.49051768098269627,2024-09-18 22:45:33.663405056,2024-09-18 22:45:39.452631040,010,RP
532,0,0.2576812993422273,0,-2.8167282682221337,0.7283245990089509,-10.957882072456355,-13.865376193332368,-1.4656281272140905,-0.3135361098606864,-0.6639313367730562,0.051281844452662824,116.9523751995533,94.64834680502344,-1.3203407476693436,-0.25051080406401527,-0.5907014695938759,0.17648246491005848,16.570237480368572,26.788063631173245,-1.2552393906341408,-0.3594709627701932,4.796348083737,0.9782915847994221,-2.278005409921046,27.92610688261733,-1.4754032603069744,0.03092980308075486,-0.5456262084451595,0.06471442320084582,126.27008872630687,85.89626975176871,-0.8088440070430121,0.30319501572849394,0.30050419422186536,0.033066565392817625,16.990903771240642,11.894162153122082,-1.507433313138562,-0.18127654490755574,-0.7297168993151613,0.09623606924395561,-25.789718942317652,-1.8191937407975158,-1.3048370926780508,0.21821437249070327,0.10321720088250512,0.01933255677805501,-511.4265677006631,69.78801877500948,-0.11338020693691897,-0.6292051981615896,2024-09-18 22:45:33.740960000,2024-09-18 22:45:40.389452032,010,RP
533,0,0.2561161037600023,0,-2.8380887721807366,0.7187838913179142,-10.625186077967955,-13.155221310211948,-1.4432552708962907,-0.2606758104479082,-0.6598329724420505,0.04919633453999886,116.51536037041015,93.88067656836441,-1.3420767938302343,-0.2969945600749941,-0.5898456627271075,0.17495747678094659,6.63103894989686,20.911289563971177,-1.2958142360890967,-0.3376082537972701,4.7976264912796704,0.9802406425323086,-0.7151713093005058,20.431124819303275,-1.469759383042522,0.035730227452958424,-0.5417740761327002,0.07023464390397809,126.80289696921825,85.69852235644821,-0.6545390655730361,0.4429410938300346,0.3005287030574093,0.03309539848708762,52.492663659681135,1.2244478703272341,-1.507405937692494,-0.180027269692208,-0.7328314836850283,0.09875001508072077,-32.56299790808777,-6.863190070216424,-1.3500973198852453,0.22630982778789138,0.10094519013743815,0.02126422024090101,-460.8965056099965,63.52528539248192,0.16915828091874996,-0.7737518196402386,2024-09-18 22:45:33.802956032,2024-09-18 22:45:40.467558144,010,RP
534,0,0.7928770836054776,0,-2.8620543477824336,0.7118772932307771,-10.425563850719083,-12.83853034703392,-1.43002945076049,-0.18540930974155861,-0.6546610708671619,0.05056885089434251,115.45304668663842,92.58261517875114,-1.0543356468968104,-0.21380122462973214,-0.5936450911339938,0.18305467072451387,-5.327339568822091,13.837451016164879,-0.8581181338580146,-0.5037190055439377,4.7925948525173485,0.9733567625377653,0.6852151559994973,13.716041370489934,-1.477603174198073,0.023483428819579034,-0.5352259446459757,0.0802892785958116,114.95948393759834,78.52929838651494,0.12738257011290477,0.7503723201327241,0.29953055580593463,0.0323637404957389,77.79825165883209,-6.302953560099949,-1.4657714089537517,-0.15598271793102886,-0.7330314901131268,0.09885152720099602,-37.627927272201305,-10.582455598210077,-1.353960998588484,0.23022335966452867,0.09717063492241519,0.027303550916094075,-331.6727708649846,49.22885373142728,3.8641991691014796,-1.69967714202032,2024-09-18 22:45:33.879862016,2024-09-18 22:45:41.722774016,010,RP
535,0,0.7928770836054776,0,-2.887657935921309,0.7076555137465699,-10.316625875499568,-12.790886581317444,-1.4236246561239636,-0.0960244505525427,-0.6497620428227925,0.05336978006896254,114.08426788659922,91.1276269559394,-0.7730797770754232,-0.11567308868671922,-0.5981847872395807,0.1919606706871256,-14.827238998403356,8.130571194389677,-0.6014033046303067,-0.6291009021409182,4.785771019572676,0.9646415346122315,2.0276224840956494,7.296263076981071,-1.4799421114587854,0.011312226433411458,-0.5282022226516638,0.0882977917866173,107.37939303992127,73.71803407067299,0.008473543010889983,0.7825409409453845,0.29825518103819987,0.03154597396579855,102.4733108975868,-13.563195893343487,-1.4205715266163434,-0.11369089559668917,-0.7320994192137084,0.0983956179451162,-42.96005829338086,-14.45103372597119,-1.3366550033786322,0.2114755731344021,0.09318793795152819,0.032323046396460525,-272.6232880628764,42.40520205214491,3.2778402850707318,-1.7933038429055368,2024-09-18 22:45:33.942768128,2024-09-18 22:45:41.784795136,010,RP
536,0,0.7928770836054776,0,-2.915775452577684,0.7062529362205222,-10.286942804261159,-12.994415310735327,-1.4224992147411377,0.004362504766232956,-0.6451653240441158,0.057167990637999426,113.40198830326115,90.16303053092051,-0.6105990406281911,-0.005273154584614998,-0.6034839424858922,0.2012899837888395,-22.028220589031033,3.7063225929826547,-0.5231778977452768,-0.7051624996802192,4.777750192371031,0.955242894408341,3.300435172093325,1.23134522162301,-1.4731329778577058,0.0028446089932424082,-0.5209169761535705,0.09431129183505292,102.5956659748839,70.44382408609827,-0.2846876670493268,0.7147564003862512,0.29674340405613325,0.03079985012477807,123.71648842418709,-19.712051912864457,-1.3764121439207164,-0.04309795949264596,-0.7301835848887813,0.09757572327817227,-48.089370755360754,-18.11406913319502,-1.3055898052828374,0.1697254537952709,0.08905246756431466,0.03666002067394507,-238.849388379169,38.27012741139234,2.324474803420282,-1.707537760222762,2024-09-18 22:45:34.004322048,2024-09-18 22:45:41.847714816,010,RP
537,0,0.7928770836054776,0,-2.9473041567282343,0.7075460595609313,-10.3072897785256,-13.378718008850937,-1.4189775820483155,0.11122462236667799,-0.6408588613197149,0.06147075522004884,113.76709160448385,89.9086487813052,-0.565072616041419,0.09938339141290452,-0.6095309393047521,0.21060533400557657,-27.275467176859998,0.37475887171259725,-0.5854429885368329,-0.7322794876119011,4.769319610817606,0.9463502435861926,4.482597534287432,-4.3789403276797065,-1.4570099194925312,0.00048772894263625843,-0.5135547920875059,0.09841717094079334,99.76230221204526,68.23340837067782,-0.5634766592692895,0.6103286790439832,0.2950300992160279,0.03030907864149438,137.2828050686038,-23.502559600044787,-1.33811217889756,0.05797613250452591,-0.7274377533447051,0.09669732542370803,-52.2903372895668,-21.03796547955933,-1.272088530743597,0.10316070751817667,0.08481269552137452,0.0404610788016163,-217.19750748887688,35.421106070655554,1.4743183559523576,-1.5736109585691709,2024-09-18 22:45:34.083393024,2024-09-18 22:45:41.925865984,010,RP
538,0,0.7928770836054776,0,-2.9830876179683004,0.7109963657649059,-10.3427805719882,-13.853420659661104,-1.4001888268388734,0.21994220368656542,-0.6367874130636956,0.06587975451752857,114.93651861258199,90.19012835385338,-0.6009449139704999,0.180422371803504,-0.6162859572171461,0.21947276341939373,-30.976353858220456,-2.090291888610433,-0.736191893383038,-0.7169543346103869,4.76143994164618,0.9390270775055306,5.546367049373695,-9.40869359991817,-1.435401541587278,0.004453556650997244,-0.506266891139139,0.10074490662449426,98.33922640692049,66.78589443005957,-0.7781431868318633,0.49614089241933146,0.2931413539885872,0.0302629452671932,138.5093981323432,-23.60283250865936,-1.3064406287322399,0.17069340155888446,-0.7240115243635475,0.09613645141408418,-54.61001213233922,-22.53827812944674,-1.2499167963335331,0.013171294717030477,0.08050976717157204,0.04380229162413062,-202.37709704858588,33.29333296424029,0.7753031178535132,-1.4282147492980692,2024-09-18 22:45:35.021291008,2024-09-18 22:45:41.988735744,010,RP
539,0,0.7928770836054776,0,-3.023836505526776,0.7155178293224768,-10.367063834371617,-14.3483060774993,-1.3515224191855453,0.32695930901750736,-0.632855787953711,0.07013654997333232,116.37688361614515,90.6497843804928,-0.6907135357087291,0.2279258360169079,-0.6236874573094376,0.22750806970899623,-33.514472832640884,-3.9025563440560203,-0.9265598294739976,-0.6684620463941481,4.755220202827385,0.9340596277285689,6.462830713247295,-13.73218317508685,-1.4152103822772548,0.01218117486963515,-0.49917215931312037,0.10146131937913427,97.9471176836845,65.89247423266113,-0.9203316526770524,0.3857297862655472,0.2910930074033996,0.03082853710398441,124.59921590890566,-19.269960479028864,-1.2654167909051204,0.25158114193386255,-0.7200430691535602,0.09628334745514348,-54.05935160868728,-21.925061448770627,-1.250908712560473,-0.08960764847637075,0.07617776030832143,0.046728088462073124,-191.82866815324513,31.61307830284244,0.2088312514042947,-1.283301003093555,2024-09-18 22:45:35.093818880,2024-09-18 22:45:42.050345984,010,RP
540,0,0.7927112978078674,0,-3.0700435049216566,0.7194666265893969,-10.372031615986291,-14.842588295500796,-1.2609133837245916,0.42997722226310675,-0.628938988162784,0.07409087239474221,117.54863680841638,90.93092069420001,-0.8144764948398424,0.23894347591943468,-0.631661773298487,0.2344069372879697,-35.207195794135515,-5.239039728190669,-1.119353521412451,-0.5962865464315629,4.751878588949643,0.9318353489491302,7.208895040585808,-17.25579399334496,-1.4039637048406282,0.018486004827633008,-0.4923621591194234,0.10076193668515526,98.28876187256817,65.39366701275252,-0.9957285994456755,0.28745558758408496,0.2888905254281609,0.032122300095867765,96.8461234299636,-10.977927483362716,-1.1781404138868656,0.25266829940110497,-0.7156540185676293,0.09747651909999218,-49.972185875920744,-18.762795638711193,-1.2759142183878869,-0.18284761078291806,0.07184444329340559,0.04926696773849898,-184.1529240744423,30.2303643109811,-0.25048043223616956,-1.142877549695622,2024-09-18 22:45:35.161644032,2024-09-18 22:45:42.127567104,010,RP
541,1,0.9421167841158432,1,-3.1219005854861472,0.7208034254181073,-10.369325873489515,-15.372004515543553,-1.1223496820922032,0.5270150949871544,-0.6248983677778207,0.07763761582929309,118.10170084497591,90.80156008980985,-0.9521839460247654,0.2145945612054841,-0.6401336204747674,0.2399558045821514,-36.29573682239954,-6.2341214199219515,-1.2905690159868106,-0.5086814875925728,4.752681569821533,0.9322632544971112,7.773763362516427,-19.946221861185684,-1.4064466389766301,0.016563173998335793,-0.48590781657061927,0.09886366591858152,99.09602252095786,65.15153193399155,-1.0157139650708706,0.20771672873166228,0.2865298717035525,0.03419331386833197,60.589672125737806,-0.36075098074796,-1.0127184625696957,0.1543688382580243,-0.7109455391864884,0.09994220970774267,-42.36176281403889,-13.11690630471702,-1.3074462208250008,-0.23886699973437647,0.06753220244327214,0.0514389663952995,-178.51473635515705,29.055493314643822,-0.6241214859067048,-1.0080626400237955,2024-09-18 22:45:35.222170112,2024-09-18 22:45:43.070915072,010,RP
542,1,0.9421167841158432,1,-3.1792382695425947,0.7174114506362268,-10.384956469891925,-16.016251036614378,-0.9383102360656683,0.6149546490087762,-0.6206002188825703,0.08066105711274513,117.97130909123179,90.21302024388177,-1.0807505521712433,0.15855296297422836,-0.6490345173700693,0.24402646539110012,-36.95339684590533,-6.984030087066796,-1.4272056174722074,-0.412153045832113,4.758861787153339,0.9347527210521356,8.16276703192578,-21.845480105666677,-1.4217515819767106,-0.00038371115188723945,-0.4798652674428455,0.09600119551896492,100.08554442325723,65.02757654182913,-0.9946615034619004,0.1521904378890859,0.28399897486054915,0.03702641645821475,22.59626907909981,10.582682745862533,-0.7768989745628514,-0.021999591493058232,-0.7059952270702073,0.10376137635981345,-32.002222726248235,-5.5934165003689555,-1.3155665488170059,-0.2378109180217752,0.06325887161325881,0.0532600286318799,-174.38035864989274,28.03110471970758,-0.9286520145950838,-0.8788478838471744,2024-09-18 22:45:35.284724736,2024-09-18 22:45:43.132977920,010,RP
543,1,0.8939513892662246,1,-3.241502842786006,0.7075029592389355,-10.451373099839989,-16.878155614148504,-0.7217634018485133,0.6882805398299763,-0.6159333971638682,0.08301009860504321,117.36692907227516,89.29021133817723,-1.1766956845480891,0.07684578340497233,-0.6583074336628361,0.24656142592637464,-37.3004889070584,-7.555189126774691,-1.5240229102090006,-0.3114942428202486,4.771528518718663,0.9382694955449893,8.397041650609959,-23.066723708753848,-1.4422701281690098,-0.037465458742730516,-0.47427898241594263,0.09242580268722238,100.91997784454908,64.86422439755222,-0.9486767173686017,0.1259538238050021,0.281279516450791,0.04056045298244,-11.813521982537466,20.32290175082893,-0.5185761998025589,-0.23225363300988977,-0.7008555887624066,0.10887668831757585,-20.139275774040012,2.885276020136721,-1.2767885660535547,-0.17747304032976857,0.05903838864886222,0.05474520033119661,-171.38793718357874,27.118467645170913,-1.1765090201508446,-0.7547726936461738,2024-09-18 22:45:35.362391040,2024-09-18 22:45:43.210174976,010,RP
544,1,0.7820453535389585,1,-3.3077742009337476,0.690031651609585,-10.600426040703884,-18.06381577634657,-0.4982398543059037,0.7383579193420106,-0.6108238762002351,0.08451050992799511,116.68029832694928,88.27111210026698,-1.2222788661338495,-0.022188351382278,-0.6679083987765965,0.24755607404660884,-37.41899937037829,-7.992463953291825,-1.5805983755270143,-0.21004983428234217,4.791591897229567,0.9414691036818809,8.509165219240517,-23.772447116700512,-1.455265937703517,-0.09703996752588405,-0.4691810097628209,0.08840172000188282,101.18458377093528,64.47388518607816,-0.8939256136673301,0.13267490510955332,0.27834875953035537,0.04470932197828381,-39.91661992308556,28.110741640235535,-0.29514216130981374,-0.43478199014198765,-0.6955544416492719,0.11513091387198843,-8.041643379608924,11.406599229153557,-1.1895770765690097,-0.07229127846331315,0.054881240132513436,0.055911151561577506,-169.27837263558095,26.290207017854407,-1.376971319681482,-0.6351919860106915,2024-09-18 22:45:35.424113920,2024-09-18 22:45:43.279977984,010,RP
545,1,0.7820453535389585,1,-3.376817867470296,0.6650329618893888,-10.857674838154049,-19.66439039266125,-0.30733413928367037,0.7534896991577119,-0.605244518408575,0.08500450052557648,116.36665287588859,87.430278778685,-1.211641626276815,-0.12854477861352315,-0.6778065558563728,0.24704013285417087,-37.364242762185,-8.325728698818027,-1.5990792669226217,-0.11003766277161274,4.819715589483671,0.9428744889234478,8.53677742966443,-24.144839261705986,-1.446119172263527,-0.1785595124915604,-0.46458658287000815,0.08419413599809054,100.40158936288448,63.64523131682024,-0.8437300962209133,0.17307712699589967,0.27518115618067795,0.04937709423295318,-61.15958221445483,33.829964545300896,-0.14632267652246478,-0.6033465480365771,-0.6900964754588886,0.12231528294298803,3.3208449274428022,19.291703379973804,-1.0740346593089933,0.055410130513445566,0.0507946219662817,0.05677775354486018,-167.8567812380227,25.52622174746221,-1.5369475491435007,-0.5193811579420529,2024-09-18 22:45:36.374593024,2024-09-18 22:45:43.334256896,010,RP
546,1,0.7819484664273209,1,-3.447160519698321,0.6338211844818571,-11.236057913205851,-21.732495235447118,-0.20048497101700669,0.7205197921141174,-0.5992190771838847,0.08439820215591942,116.84803952323904,87.01757441386137,-1.1536063920182886,-0.23175690609914734,-0.6879826889755554,0.24505967258991376,-37.17322909717112,-8.574538112176146,-1.5826294177430995,-0.012879956183292464,4.856297191411173,0.9410494228021503,8.516854916846352,-24.360378612337385,-1.4015564095934645,-0.27909166790194917,-0.46048863090887887,0.08004688656387533,98.104281030628,62.175906058093766,-0.8049938305245363,0.2433440042662653,0.271749701016956,0.054465619395982746,-76.2202009043067,37.712816807197655,-0.08654882005027131,-0.7270532994580969,-0.6844651802370363,0.1302097113687097,13.370364052264195,26.151548640867798,-0.9600442846467745,0.18419206923886725,0.04678243076711074,0.05736811947768893,-166.97147852409375,24.81133163413553,-1.6615599602299482,-0.4065753890358714,2024-09-18 22:45:36.436171264,2024-09-18 22:45:43.415436032,010,RP
547,1,0.7240991071158323,1,-3.517178887052578,0.5989820363731594,-11.726282961970634,-24.24343485744747,-0.2280875649366534,0.6296754901551902,-0.5928206710760571,0.08269737264190011,118.45643715072771,87.22342456497319,-1.0699838475339118,-0.3222206396096803,-0.6984246457140267,0.24166281809763185,-36.87001520029102,-8.750927303734029,-1.534512128403836,0.08045633046547965,4.901463484371562,0.9347383787918504,8.482259810422942,-24.575486725740493,-1.3118089313018015,-0.39399032192553585,-0.45685504396937154,0.07615571353805949,93.9645737493955,59.928189471843325,-0.7762123131867753,0.3346212970506867,0.268027121033816,0.059877080707503465,-86.24653961172281,40.116411711259026,-0.11047912952818839,-0.8052511252658424,-0.678624649121284,0.13860780881387702,21.858855841862972,31.833958375876982,-0.8747598246392316,0.2981195654234048,0.04284549328406105,0.05770679565714579,-166.5037036000644,24.13393331436786,-1.7545525870908925,-0.2959852160039117,2024-09-18 22:45:36.497735168,2024-09-18 22:45:43.483533056,010,RP
548,1,0.7933779336287097,1,-3.5851991766775986,0.5640999579809097,-12.284151310005786,-27.04112916281578,-0.40847645243752995,0.48429061054229866,-0.586165234237982,0.08001906651441737,121.40555587009531,88.16371609438683,-0.9903484061638332,-0.39238868929500537,-0.709118508308029,0.2368934730129652,-36.46795014833632,-8.860098410239825,-1.457729891222622,0.16912492025083742,4.955067690274541,0.9229745918276508,8.46057321916837,-24.922712999503272,-1.1717420369460272,-0.5173074688858725,-0.45363113303142555,0.0726481639755506,87.91954001059752,56.88304055060909,-0.7495084295465588,0.4345530405009484,0.2639868906887158,0.06551448504144859,-92.4239405870255,41.39870870076746,-0.20177952588776682,-0.8425788729425351,-0.6725209545099964,0.1473279057112361,28.758011039475367,36.34036503407698,-0.835455609872247,0.387571805199803,0.03898239749130969,0.057816525033697906,-166.3631130729278,23.48523300170058,-1.8185571072873337,-0.18680777612681745,2024-09-18 22:45:36.565689088,2024-09-18 22:45:44.422983936,010,RP
549,1,0.7933779336287097,1,-3.649608282500578,0.5331529049087952,-12.824262617041526,-29.8035350641173,-0.6884331542278033,0.3124740256504028,-0.5794004963690984,0.07657580133493994,125.77265686389309,89.87273981659995,-0.9447509862163237,-0.4379025616738459,-0.72003701415662,0.23079488505550902,-35.968580144010176,-8.898709050346167,-1.3550794621175108,0.2521005884039024,5.016687113759932,0.9051709451199873,8.474327777574313,-25.513050959534915,-0.9815457762398543,-0.6417980771659889,-0.4507466024484835,0.06957855756942519,80.21641459833394,53.157276340797964,-0.7162971181133608,0.5305448380229272,0.2596040702825783,0.0712817497171304,-95.78675318844866,41.866631006874,-0.34026098917692904,-0.8456794305276997,-0.6660835424144876,0.15621330812977435,34.16409252560493,39.75613977283126,-0.8479291567574765,0.44811679905505836,0.03519085215806976,0.057714627596679224,-166.48501016674726,22.858749379312737,-1.8552548958709882,-0.07823894935054827,2024-09-18 22:45:36.642950912,2024-09-18 22:45:44.494384896,010,RP
550,1,0.7933779336287097,1,-3.7089693641779102,0.5095757339053414,-13.24095937954578,-32.11031269105941,-0.9443702027747332,0.16714031077698308,-0.5726922577285195,0.07263646074614029,131.48094840715785,92.29812119158224,-0.9555802635113335,-0.45875376197753076,-0.7311291701010154,0.22342022400343933,-35.35736102577818,-8.850798023739195,-1.229455096662118,0.32792512024257964,5.0856303093316875,0.8812002374458123,8.541713456367336,-26.43999684732807,-0.7475494264586149,-0.7585279688900473,-0.44812451201448966,0.06693858950923338,71.33092057459429,48.965133974034394,-0.6725893362978059,0.6130938298447035,0.2548561268760995,0.07708372503285423,-97.16622081885556,41.76340670108136,-0.5063632505107933,-0.8213949783271439,-0.6592277057064381,0.16512475300034435,38.23547725338694,42.20588594634096,-0.9082775123994669,0.47892161178378073,0.03146914628565979,0.0574101456453905,-166.82681019703455,22.24989729446049,-1.8654687644778931,0.03051886641241407,2024-09-18 22:45:36.704945920,2024-09-18 22:45:44.559812096,010,RP
551,1,0.7933779336287097,1,-3.7621230973135167,0.4952372285410761,-13.466199958312808,-33.66150189621094,-1.0686288427830346,0.09944709788368936,-0.5662109893930395,0.06847525679905425,138.28548951840028,95.29876383891421,-1.0300459568315972,-0.46022208976877155,-0.7423148184603505,0.214844874134427,-34.59665892089786,-8.68161258620096,-1.0842991480957211,0.3944736096944448,5.1609613700828,0.8514595307845702,8.677070918180886,-27.782027814200443,-0.4835322786325049,-0.8561457647001258,-0.4456905084228751,0.06467748458250054,61.79140972115589,44.53984481478815,-0.6201542128390272,0.6774943221181357,0.2497239592515337,0.08282612456813768,-97.20082233542942,41.27337419610834,-0.6834236356636811,-0.775922671249252,-0.6518588442592058,0.17392899994518632,41.158059784465856,43.82924528305323,-1.0059349931278707,0.4814143285031988,0.027817341441695804,0.05690253645736573,-167.36279328766005,21.6555879655188,-1.8491963699219043,0.14025836275780487,2024-09-18 22:45:36.783111936,2024-09-18 22:45:44.621853952,010,RP
552,1,0.7933779336287097,1,-3.8082567926530455,0.4898608981555992,-13.52420523680886,-34.50364645831123,-1.063233005047656,0.12179644239178872,-0.5601214659011462,0.06432436297309216,145.76973479843807,98.64875753932243,-1.1556917182626996,-0.45278601415542746,-0.7534853774462112,0.20517661198050968,-33.61621484550933,-8.329326331181534,-0.9242047825113402,0.448697596753144,5.241537633370932,0.816908389466371,8.890579574270248,-29.600307421016392,-0.21258973603954479,-0.9200183782208765,-0.44338204577059837,0.06272308440300293,51.99404461104999,40.0532258675351,-0.5637264600198746,0.7236334072462233,0.24419329935890036,0.08841541656710222,-96.36878282943921,40.532611034322116,-0.8584661364311557,-0.7145078386120242,-0.6438787554182773,0.18248782939690342,43.12730810878788,44.76875746962693,-1.1267769617130259,0.45836483174299975,0.024238111658745187,0.05618211976580896,-168.07690793517628,21.073866861789426,-1.8055838680080316,0.2517714656426813,2024-09-18 22:45:37.701170944,2024-09-18 22:45:44.684549120,010,RP
553,1,0.7933779336287097,1,-3.8469355157138727,0.4913154463128692,-13.52067442003404,-35.013162622833015,-1.0112313337125554,0.20336999345602022,-0.5545764185935281,0.06034559661553431,153.34307489999975,102.04045329416093,-1.3016643459541104,-0.4498971160374465,-0.764509321728239,0.19456289665400114,-32.30045131841762,-7.693996128959449,-0.7557314124228407,0.48631460447162284,5.32604978722096,0.7790705051508712,9.186504104213654,-31.927778229551596,0.031220338758584987,-0.9318656222055662,-0.4411570991214011,0.06099703214064994,42.0801169795821,35.56394233740165,-0.507205990714716,0.7548759344792373,0.2382565200734253,0.09375876406278258,-95.02359640117805,39.639991403406334,-1.0221511780624901,-0.6413998636211858,-0.6351938376143442,0.19065069858210326,44.33767326166024,45.16301682996486,-1.2558230229317482,0.4132878895526344,0.0207372946167241,0.05523201199263786,-168.9531946434144,20.503632173757218,-1.7328521070925773,0.36583713877737833,2024-09-18 22:45:37.769110016,2024-09-18 22:45:44.764161024,010,RP
554,1,0.7933779336287097,1,-3.878100891831802,0.49660278874926983,-13.574108446693032,-35.64176207294184,-0.9774502784735497,0.30166179459217896,-0.5497134475843876,0.056632366279984823,160.1858958817201,105.05634107953412,-1.426686814462282,-0.46313297851900015,-0.7752399519321586,0.18319636244779622,-30.47151858237007,-6.622738601096446,-0.5884528541717304,0.5014587251628492,5.413057391074176,0.7399869583910718,9.559465020164907,-34.7459327821187,0.20393671736309704,-0.8713186962938096,-0.43900081115994743,0.05942286545334434,31.890973559695798,31.000163261386902,-0.4512434323249268,0.7770346451581421,0.23191456350297734,0.09876421394167303,-93.42477153322969,38.66656511049433,-1.1683043630358145,-0.5599182234349382,-0.6257239387075995,0.19825335774318614,44.974173973673075,45.14141727892751,-1.3793416710971953,0.35002414006555865,0.01732418069849656,0.05403106835851505,-169.96269658351414,19.944464467616548,-1.6282201503586011,0.4831709381502658,2024-09-18 22:45:37.835399936,2024-09-18 22:45:44.825103104,010,RP
555,1,0.783542664774736,1,-3.902046558659553,0.5029183010826798,-13.756462250908639,-36.67835618548809,-0.9725461069123269,0.3893880402826229,-0.5456536537426621,0.05324443854672512,165.04783362725337,107.05895346102183,-1.4927506270632829,-0.4957753966685734,-0.7855236421006464,0.17131974619048387,-27.867941765319806,-4.890927113342734,-0.43606748575794363,0.48640730653285014,5.5010215962683935,0.7021037789600437,9.98894765789064,-37.94941679005099,0.2599668814411755,-0.7215983289340616,-0.43692885343584015,0.0579321551635933,20.97436885352842,26.164306934712567,-0.39307217178356346,0.7976559346061196,0.22517845876937237,0.10334133775439933,-91.76183219984026,37.66278794861378,-1.29325763488224,-0.47255840101878127,-0.6154096328706617,0.2051228505059705,45.204820033255906,44.81948170065036,-1.4862122837327936,0.2724033237479896,0.014011550151148158,0.052557397561366716,-171.04456223096153,19.396599461780305,-1.4879075942417488,0.6043177430187903,2024-09-18 22:45:37.896988928,2024-09-18 22:45:45.772784896,010,RP
556,1,0.7830429024819744,1,-3.9193750752705236,0.5083108363050997,-14.075098295823366,-38.16558944263271,-0.9801312597769885,0.4574753008602883,-0.5425005492115558,0.05026786129325049,165.83723576913985,106.96679148448466,-1.4849045712031193,-0.5376366964774141,-0.7952079444487159,0.15923036214424482,-24.122761144486287,-2.1826113041342876,-0.3169312537953406,0.4317035987050184,5.588342222337008,0.6680669681831253,10.434389602082266,-41.31093997763058,0.17127715145396527,-0.4808179602518564,-0.4349879130715638,0.056476382598189837,8.617938630709972,20.74869913995134,-0.3286422717999544,0.8252256653679685,0.21807007032411416,0.10740217017035858,-90.17251236719554,36.66392611321637,-1.3951450946818027,-0.3811093150895392,-0.6042167226430801,0.21108610222753996,45.17509238319662,44.29554626487344,-1.5684843476480659,0.18396361280015808,0.01081555653334063,0.05079227969314298,-172.07685146237327,18.86110691507056,-1.3073380501673257,0.7294702760875434,2024-09-18 22:45:37.959475968,2024-09-18 22:45:45.840100096,010,RP
557,1,0.7825406446780149,1,-3.9309370280842617,0.5118718794115813,-14.47955489832441,-39.91821850000226,-0.9850289213302483,0.506294436458743,-0.5403382640217533,0.04788592219873021,159.1692122447664,103.00521583004715,-1.4345259012267042,-0.5667679650716668,-0.8041496613958142,0.1472820078717072,-18.75473869260889,1.9183832307715805,-0.25252125376139656,0.32733569991025674,5.673407451371025,0.6403981602795905,10.836632453434957,-44.480631309086974,-0.04825467224678626,-0.1756120659014274,-0.4332543442810321,0.05504961291630471,-6.0738953749534685,14.36845844209294,-0.25676833150116485,0.8673970105350068,0.21062214097495344,0.11086199713284522,-88.75688363677861,35.69416485784313,-1.4732482836946317,-0.286771586267458,-0.592138820408831,0.2159775291983585,45.005939999910105,43.649764222937385,-1.6212387329426683,0.08774371955056831,0.0077555726254030935,0.04872463124466748,-172.82892627671117,18.34038728950946,-1.0817265286709306,0.8581903461939091,2024-09-18 22:45:38.038073856,2024-09-18 22:45:45.902159872,010,RP
558,1,0.7820349643095164,1,-3.937755508740304,0.51359563301839,-14.873925998170662,-41.56988403589216,-0.982369385652095,0.5382395252686353,-0.5392286673973472,0.04643632484300278,140.68919200777418,92.86364552356157,-1.4116791151019379,-0.5678172525791355,-0.8122229075701253,0.1358795266590527,-11.203985420326044,7.899866385529489,-0.26139869069811406,0.1660039967668869,5.754661722515376,0.6210639967776101,11.132748023806208,-47.06519891900629,-0.3357944186276023,0.13495469649851488,-0.43183072782619786,0.05372011204193965,-23.97773746164266,6.645676180313364,-0.18414008680500782,0.9267108711123019,0.2028779143250876,0.1136397473789886,-87.58863314031083,34.769799210091506,-1.5274416765225507,-0.19027470051746956,-0.5791996757722757,0.2196423118915997,44.79535833729971,42.94545702506691,-1.641994765571252,-0.0138385567634698,0.0048539280265910666,0.046356182827882425,-172.88267094103784,17.839160041792628,-0.8073303603371373,0.9890010932805426,2024-09-18 22:45:38.100110080,2024-09-18 22:45:45.976807168,010,RP
559,1,0.7815245635736837,1,-3.9409461428250236,0.5140626303751846,-15.131506911767854,-42.632453799061686,-0.975818747020389,0.5551795572602456,-0.5392075036403903,0.046403757328739,107.7132578005537,75.07979684761034,-1.412628761696181,-0.5672071620755836,-0.8193267204842544,0.12545898563347938,-0.964677320851305,16.209614094381358,-0.3468973270042648,-0.050665260262533755,5.830691754491552,0.611046323147765,11.283370569890725,-48.789855744734496,-0.6112075019022543,0.3788625549717402,-0.43083867948737986,0.05265826525013056,-45.4859375437935,-2.597101266613421,-0.12721814067683068,0.9926482705425339,0.1948905516612123,0.11565821872828345,-86.72400042240666,33.901688284590044,-1.5577551648878727,-0.09199643758323726,-0.5654559461442283,0.22193486390649333,44.62240232423586,42.2320027254792,-1.629925665879967,-0.11902743495402768,0.0021352155356513655,0.04370704227165805,-171.50532521568877,17.366200834847486,-0.48378032154122064,1.118815800271243,2024-09-18 22:45:39.051243776,2024-09-18 22:45:46.041408000,010,RP
560,1,0.7810064991302579,1,-3.941645620143021,0.5140569077177755,-15.115928493556098,-42.581633341020485,-0.9726512566477314,0.5593387667860565,-0.5402800443481273,0.04828893362843891,63.77868377880342,51.458350100477084,-1.2322620624598097,-0.6368709682192232,-0.8253916114558364,0.11644510431870957,12.137630467369284,27.018298370717385,-0.4828151213686036,-0.3042621319787244,5.90032476611155,0.6101060791406588,11.296026303097621,-49.65022375481436,-0.8275000798572609,0.5079002643684554,-0.43040686106816917,0.05213545871564628,-69.74157461350987,-13.017252215352293,-0.1036566082930177,1.0337872193337712,0.18672242432372968,0.1168446970989228,-86.20854811246993,33.09706910098929,-1.5640583887862303,0.007909549498693364,-0.5509997267968265,0.22271484887963422,44.552235392405365,41.548269529403264,-1.5850767339141558,-0.22670185519150096,-0.0003751795402894345,0.04082050784498708,-167.45422832854072,16.937174599596176,-0.11806054331877913,1.2421815708178165,2024-09-18 22:45:39.109915904,2024-09-18 22:45:46.102960128,010,RP
561,1,0.7804691873432354,1,-3.9409554903446753,0.5141982814331689,-14.70928351542859,-40.968631629164705,-0.9778680187525168,0.5549606985589678,-0.5424174611551248,0.05238515674489917,19.04112422773704,27.32823826114847,-0.6849585653692389,-0.8148219142400139,-0.8303844319358573,0.10918128489136664,27.574756704741233,39.89764868203602,-0.6134210241602691,-0.5564750655045155,5.962726543113593,0.6168914856157629,11.224192261072535,-49.926789120107394,-0.988033534820167,0.5210971460579624,-0.43065535010076494,0.05246465331367774,-94.04090473315311,-23.49921875164874,-0.1137010773771916,1.0043168472234443,0.17844419500177516,0.1171325034094612,-86.08187254955425,32.36081045135061,-1.5458776857128003,0.10936928934179936,-0.5359595554980688,0.22184426816465833,44.641160699300606,40.925856645315015,-1.5077013758122986,-0.336285230467829,-0.0026533534783334976,0.03776560209129083,-158.6979528113015,16.57891823490372,0.2692777534791331,1.3503794179571993,2024-09-18 22:45:39.171912960,2024-09-18 22:45:46.164954880,010,RP
562,1,0.7736061431902861,1,-3.9399000672924696,0.5146571919101351,-13.838582599647646,-37.52263251558417,-0.9889971087259939,0.5483891709527488,-0.5455555683721358,0.0586324185380702,-16.944956273634645,7.75558474909626,0.05428098363218403,-1.0457997990925838,-0.8343105429498278,0.10384389224862917,43.91001346366981,53.63458717380859,-0.6846595183637976,-0.7602533339409592,6.017480209088531,0.6293553351016963,11.142137131645221,-50.047589676625535,-1.119078421598992,0.454650704977902,-0.43167913699381993,0.05387843571796971,-114.46462738397446,-32.41199156543326,-0.1367088023794949,0.8771090446957592,0.17013336925896927,0.1164636118922456,-86.38045576273427,31.69619797703933,-1.5023842497431323,0.21220993776223382,-0.5204986384253819,0.21918781455236344,44.94114569445739,40.39180514324179,-1.3977924164563198,-0.44758191013044035,-0.004679544471200746,0.034636361457315114,-142.06554208263807,16.335197977999062,0.6358287711759574,1.4306560572803968,2024-09-18 22:45:39.250019072,2024-09-18 22:45:47.121964800,010,RP
563,1,0.7733318559183398,1,-3.939395920883908,0.5150035480269681,-12.486423261318377,-32.18896486206755,-0.9953395717320199,0.545671415143578,-0.5495968690250015,0.06666372819274338,-41.123213706540994,-5.601189497360956,0.6449447646505586,-1.2443112360852682,-0.8372118675072807,0.10037742867968537,59.103654127123775,66.48228064827371,-0.6877063888038277,-0.8846694980070755,6.0646255722666,0.6452821847408166,11.115973350452599,-50.41421624178886,-1.2387292910245324,0.3535403816867802,-0.43353348457872887,0.056396160283206404,-128.01021764784664,-38.49671571855244,-0.1603214222984466,0.6778416906581047,0.16187202613469168,0.11479189393516553,-87.13907005139325,31.10537782471186,-1.4326635240360743,0.31591482345131044,-0.5048096375217211,0.21461622373053443,45.50396296207484,39.97083904868684,-1.2549560154375938,-0.5604972255709578,-0.006440536552251584,0.0315478397920405,-112.92873401141122,16.272678360800008,0.9102066073384898,1.4664693811700944,2024-09-18 22:45:39.312505088,2024-09-18 22:45:47.194637824,010,RP
564,1,0.7727862158880842,1,-3.940230983280824,0.5142107521363896,-10.677236184866302,-25.070776831417326,-0.9847503789185414,0.5488138069834245,-0.5544155531512154,0.07595248254529673,-55.50759141611811,-13.77427199905878,0.921542996184141,-1.3664378782236326,-0.8391598577562327,0.09849375195462697,71.29757435812391,76.83006235672768,-0.6617135970093915,-0.9332471765024875,6.104647395353467,0.6627250170190295,11.18751530214203,-51.295836149698374,-1.349853523689872,0.2507319386518454,-0.4362226586946368,0.059762726663342876,-134.35199388378086,-41.607383972908465,-0.1985984761923394,0.4730263239062862,0.1537439048624759,0.11208611181685602,-88.39115155764284,30.589600795762937,-1.3365153184122598,0.4192544175540394,-0.4891067333756561,0.2080109112464121,46.3854494361321,39.68743564986824,-1.0790346036730012,-0.6745423981423256,-0.007931348513803232,0.028628741208416544,-65.25033247642351,16.482476872487954,0.9965518187918776,1.4406387630100441,2024-09-18 22:45:39.374989056,2024-09-18 22:45:47.261584896,010,RP
565,1,0.7725344946549233,1,-3.943047853118871,0.5108015641931465,-8.442963985952264,-16.291011018769005,-0.9565839915056475,0.5526763193456541,-0.5598644921517602,0.08593102710863826,-63.43841795385282,-18.516917650644913,0.9083746339278522,-1.4110263484036258,-0.8402439520508509,0.09774386631570368,79.49972472182442,83.79916288722043,-0.6473289981385935,-0.9371205759762953,6.138414060410087,0.6802586283010434,11.371720166879534,-52.80432696342227,-1.448379030069146,0.1622443585237432,-0.43969221737135983,0.06349171118585105,-135.4646079041935,-42.5627338247367,-0.266172070925776,0.3233325469949301,0.14583141273864286,0.10833172869265928,-90.16809421513045,30.149340563343525,-1.2163242989213734,0.519674580429676,-0.4736165278620931,0.19926787473779453,47.65051724005321,39.56807252606681,-0.8725444493673566,-0.7879023067451789,-0.009156150749074748,0.026009330808669955,7.311439700116178,17.066944644087037,0.8092887462247429,1.3437258450078886,2024-09-18 22:45:39.452631040,2024-09-18 22:45:47.323604992,010,RP
566,1,0.7723004695741411,1,-3.9483253339772393,0.5030974777749097,-5.779674410495641,-5.820034897099907,-0.9365073647784019,0.5433958145047642,-0.5657833695189158,0.09605183322358715,-67.63812832107314,-21.268528149449576,0.6974461570752628,-1.3943641363796153,-0.8405580686263181,0.09762191949804003,83.67773718104972,87.33599715192376,-0.6485294394026022,-0.9322769955220072,6.167078708438857,0.697051485897142,11.660730404703209,-54.91264220369077,-1.5311959312773005,0.09156617162004646,-0.44382477456724734,0.06697031096835286,-134.00001502571536,-42.47252646079586,-0.3503739192992885,0.25609354606152634,0.13821293777674115,0.10353076543211402,-92.49664455887547,29.784232978973215,-1.0812750888698175,0.6121742634009197,-0.45856848992606936,0.1882985149231922,49.3799635820686,39.64409533243348,-0.6478834009316197,-0.8955054542323064,-0.010128537095577208,0.023802677407570454,108.48790099076486,18.09882372960627,0.34555768780472595,1.1867123660687913,2024-09-18 22:45:40.389452032,2024-09-18 22:45:47.386025984,010,RP
567,1,0.7720561809495525,1,-3.9563585579134455,0.4895149720892576,-2.602927185781847,6.701886752906425,-0.9923341833625652,0.4972453262742432,-0.572007389273366,0.10581840088593941,-69.87351249009143,-22.96816545881714,0.37582225266176206,-1.3342043795929368,-0.8401890411663855,0.09764913323394417,84.38619677217285,87.90035775368979,-0.63676465180794,-0.9429194281275365,6.191960621934807,0.7127978926894039,12.029253408823072,-57.48466341870751,-1.5986043355853399,0.03572433006239266,-0.44843967779685306,0.06957053228114954,-132.11809693954095,-42.24699682270116,-0.41120260727465796,0.2696933145165597,0.13096043826753023,0.09769905363980969,-95.39257989653576,29.492654070720715,-0.9571740725141136,0.687057770997025,-0.44418458514874626,0.17502395046361335,51.68157450663804,39.956158732065035,-0.44825805343906655,-0.9845919922315571,-0.01087116434405708,0.022080260211947263,235.21280334197328,19.557037040956974,-0.25591191359688015,1.007651999767136,2024-09-18 22:45:40.467558144,2024-09-18 22:45:47.465950976,010,RP
568,1,0.7718058860157764,1,-3.9672422513144876,0.46884454266509307,1.3026271016907196,22.16783727553476,-1.2599866378030458,0.3771807432785563,-0.5783766035278805,0.1148088772273799,-71.17205687913882,-24.164252523849427,0.00763345901008039,-1.2448280895065398,-0.8392104525526202,0.09741522850773378,82.33533225834813,86.09667144559863,-0.5755225816486145,-0.9783529662579337,6.214425514274075,0.7275571532299991,12.440003615880844,-60.30747586819171,-1.6532718235148625,-0.01048152089465107,-0.4532972419965304,0.07074628631453547,-131.15606110104156,-42.452680768230586,-0.393562869588739,0.34686524953463577,0.12413723989743818,0.09086018210773805,-98.846687878178,29.270555006200574,-0.9107909029273902,0.7250772374774143,-0.4306683227596763,0.1593565454388545,54.711928506605844,40.56269448488725,-0.41242718689565905,-1.0233524019267806,-0.011414652843027135,0.020850341460699234,375.51760453035035,21.2864030921591,-0.7729375185473093,0.8568589775280477,2024-09-18 22:45:41.722774016,2024-09-18 22:45:47.533810944,010,RP
569,1,0.7681441993752275,1,-3.9736023832685654,0.457680899748762,5.248824210802848,37.856740393403946,-1.372317678773891,0.31824467922021316,-0.5864352014461975,0.1226685389147488,-70.04000795794123,-24.07392617610854,-0.4229834573839262,-1.0967331388498378,-0.8344659867414718,0.09178999452868315,79.423506072857,83.27621436555386,-0.268748709719385,-1.064390493516532,6.244732690637746,0.740564601797173,12.581293939314245,-61.56681755335824,-1.6883249014887827,-0.0885305358565048,-0.45956650746648275,0.06747086248704937,-136.26788746917887,-45.62415712404623,-0.3011562627151947,0.36168861640193667,0.11866194200992763,0.085183588378046,-99.88336809574358,28.852354432733378,-0.7433921486330655,0.7860270264598295,-0.4202110675916961,0.14693589323654693,55.9274505191043,40.50133369031455,-0.15831779491153197,-1.1034282586873074,-0.01061410622708336,0.021637155490027062,393.3015982462184,21.174544943067026,-1.0048089873880601,0.7762014767710117,2024-09-18 22:45:41.784795136,2024-09-18 22:45:48.450221056,010,RP
570,1,0.7676595476348391,1,-3.977523884136512,0.45148503767333775,8.91738790401016,52.469123372310435,-1.407288925540632,0.29312692130336804,-0.5946786236870377,0.12883088281748228,-69.16360383564735,-24.130116738218284,-0.790431364249764,-0.9455519644164326,-0.8300570542804019,0.08547699528524243,74.21848951719954,78.6055807817875,-0.026486131740286467,-1.1070256587082663,6.27906564449177,0.7505628419058235,12.633745947390196,-62.328120139494914,-1.6930505102721067,-0.18052154049874836,-0.4648483513334349,0.06293947015496189,-142.4741814086783,-49.22888833540489,-0.19267490736266435,0.33515204659802705,0.1138704252525038,0.07940820393163839,-99.20985734463896,28.29706864507428,-0.5948812270871944,0.8191955585379262,-0.41130638556232607,0.13445774782908648,55.88418119636802,39.98552057798824,0.0532932654273206,-1.1473124485608663,-0.009769308289538713,0.022191023058528648,403.0894531160572,20.937905135752324,-1.2190287551285344,0.6713186801070674,2024-09-18 22:45:41.847714816,2024-09-18 22:45:48.514951936,010,RP
571,1,0.7673838789597716,1,-3.979435665516798,0.4489255722311923,12.01006017130804,64.79326179070601,-1.4057634418285976,0.28848296989781985,-0.6028819118233211,0.13317776728651198,-68.63624987216897,-24.37955354331638,-1.0847670624152195,-0.7986624174903533,-0.8260881030067979,0.07889947215677444,65.22883829314958,70.88476728692508,0.06899143450297318,-1.0900669246208519,6.317311426475879,0.7560615269953742,12.640116813632945,-62.85155437875324,-1.659368599902078,-0.28502866798451865,-0.4687596248673395,0.057977958688928556,-145.08680020332557,-51.01083403651353,-0.1319999669145191,0.20527546585941792,0.10979061796136738,0.07377334443897875,-95.5074553976117,27.48582254802152,-0.504233523687903,0.8130247561749872,-0.4040627517573267,0.12262962293511388,53.226728210723756,38.50693826786437,0.13524063776590545,-1.1327531198872522,-0.008941074036535077,0.02247581735708649,408.141020833582,20.64921908462006,-1.3708702920639333,0.5640827288805608,2024-09-18 22:45:41.925865984,2024-09-18 22:45:48.572166912,010,RP
572,1,0.7670914900368258,1,-3.9797508269012463,0.4485911191601176,14.39451283034214,74.28657433939476,-1.4034462933350524,0.28892743491116923,-0.6108456181305995,0.13577323878066974,-68.41467431704649,-24.790804022399932,-1.3058639269884988,-0.6611416864235803,-0.822623184450998,0.07251394132745106,50.68912389783175,58.69804851786551,-0.05158529093822306,-1.0050504491687575,6.358897507818378,0.7554897554421379,12.64105087880886,-63.38314692946298,-1.5816017809876668,-0.4000143800106884,-0.47098058590652303,0.05411014706204748,-133.2351249424234,-45.751157208711405,-0.29414057875491295,-0.030257351903690333,0.1064397938696009,0.06855541695766124,-87.02036510657611,26.262429724401372,-0.517063359558549,0.7587317828314288,-0.3985442787333531,0.11232647491712097,46.0552449436136,35.35505437794039,-0.007615808683272718,-1.046031036216775,-0.008179751679412666,0.022511961186102037,408.9386892443182,20.345016930123027,-1.4498442518816828,0.4711848670301909,2024-09-18 22:45:41.988735744,2024-09-18 22:45:48.655343104,010,RP
573,1,0.7667936791626913,1,-3.9787562244942447,0.44936376377097914,16.072318893111756,80.94783883802488,-1.4129359523116747,0.28466034294481696,-0.6184187281491065,0.136830542433263,-68.3778568260785,-25.28614725194516,-1.460139461307505,-0.5361166166128175,-0.8196780641320213,0.06673786943366272,29.18412819147404,40.92158969936818,-0.387976008033565,-0.8619511495046112,6.402782360937773,0.7474165535510316,12.668148240900656,-64.11139610258363,-1.4563074361957864,-0.523143127271187,-0.47128394694597436,0.05344614127561403,-95.35792729429829,-27.940660347844172,-0.3947357002091372,-0.09537412691020507,0.10382444180145253,0.06405439262134388,-71.86788123597157,24.46164265277783,-0.6599967198768346,0.6585981819956398,-0.394764572755289,0.10449158061934881,32.63917644642305,29.884790544956683,-0.3680978749454278,-0.9082752521065027,-0.0075213731988877834,0.022359462441996714,404.14129935347324,20.039697537520897,-1.4688632836905136,0.40351537444653274,2024-09-18 22:45:42.050345984,2024-09-18 22:45:48.723185920,010,RP
574,1,0.7665055963202846,1,-3.9765263563461857,0.4505025547535932,17.123353027705843,85.09146462369254,-1.431855251611935,0.271325381292351,-0.625514631457934,0.13665429946928692,-68.37247444557269,-25.76798315468939,-1.5580270830264187,-0.42477878890873016,-0.8172141651129055,0.061860539820656674,0.706371668319326,17.57725693318499,-0.8296159848205611,-0.6947185146977259,6.44747968807419,0.7308052258205522,12.736276826350627,-65.11688613958565,-1.281589583448083,-0.6514070573360528,-0.4695565446514406,0.05767110920301393,-41.04108308224745,-2.2711091608528067,0.5078768379822747,0.33965091910593825,0.10194009302462302,0.06056075779612101,-48.90151138425848,21.985024619555976,-0.8999227764827804,0.5352252263356604,-0.3926832703194433,0.09990086726134241,13.121711087905789,22.15267642218574,-0.7282798151795871,-0.7892075374607461,-0.006985190109761103,0.022098043968508778,391.56604492608244,19.735163264335938,-1.4536062970793662,0.36509512642491176,2024-09-18 22:45:42.127567104,2024-09-18 22:45:48.791096064,010,RP
575,1,0.7964742450801933,1,-3.972880419732502,0.45152927771998014,17.668534488866605,87.1949747161865,-1.4536479360106762,0.2470142887445806,-0.6321175589140152,0.1355738672948884,-68.25483435095096,-26.14507927400358,-1.6114713071350064,-0.3263943601316856,-0.8151368779009658,0.0579777807402325,-32.51442580019375,-9.503707533512543,-1.201132163005554,-0.5504264135038448,6.491124869886225,0.7053279601343199,12.830436083267792,-66.28396275158514,-1.0582576532367536,-0.7795074185153024,-0.46581161047616043,0.06675185462464471,3.2205171407158453,18.500154275882924,1.836632278834431,0.9735398063960536,0.10077113305895212,0.05829956055733561,-18.945213272188603,18.90913060748194,-1.1301120826353261,0.4302899946044095,-0.39220580570975805,0.09883913010202242,-9.213860034860675,13.386270601330521,-0.8237229412326599,-0.7583504308661022,-0.00657263217226906,0.021805106379136713,369.37529139861044,19.42776792388776,-1.4298795214753035,0.35239020181105357,2024-09-18 22:45:43.070915072,2024-09-18 22:45:48.849678848,010,RP
576,1,0.7781816265574294,1,-3.967386891301276,0.45208959223780854,17.850234249707825,87.81878536894784,-1.4722685603985166,0.21010309843056665,-0.6382790492406712,0.1338859937391089,-67.92767177418116,-26.356809757156732,-1.6315835571414656,-0.23853154279398786,-0.8132994001573717,0.05500819586992691,-66.29237331861796,-36.91554745504055,-1.375969362738222,-0.4677836971113242,6.531583832513825,0.6717880832498055,12.878767050477407,-67.11874664960999,-0.7976866497292145,-0.8965035227899314,-0.4601914187090028,0.0791735428493874,28.015123149394647,29.892319267427343,2.4077183170817182,1.3837020834144556,0.10029075313920463,0.05736580255891797,14.5929213346608,15.536464928845705,-1.2374941996012678,0.3822830518260575,-0.39318707319314306,0.10091409844231107,-29.577676760313672,5.370439842759424,-0.6785367076108875,-0.8097570947685488,-0.006267558473958872,0.021534763725708884,337.29933501545935,19.114043305436837,-1.4125206923563696,0.3563805576255707,2024-09-18 22:45:43.132977920,2024-09-18 22:45:49.795221248,010,RP
577,1,0.7781816265574294,1,-3.9594050266577465,0.45191553705064563,17.815724520985803,87.53966922194085,-1.4832796560802672,0.15835058501773389,-0.6441063018363445,0.13181939422143418,-67.36277409887774,-26.388787306265243,-1.6269684469772023,-0.15755394340062037,-0.8115119921382542,0.05281807609410618,-95.58358571802329,-60.56722606175064,-1.3392750520806613,-0.46687507273452644,6.566595105648285,0.6327117121464894,12.700199673835142,-66.39706901896177,-0.5431559652701758,-0.981479570806168,-0.45296121008935764,0.09309634533981502,39.39994774429959,34.84664800771539,2.2107510735695097,1.526075552423007,0.1004614133849267,0.05768604044329782,46.86997608849204,12.291375956832372,-1.2055662605914081,0.3976355202433524,-0.39543963407041494,0.10520288052301854,-44.94432976973232,-0.7727693176830022,-0.5407918564448178,-0.8755167238161795,-0.006037677875414923,0.021304044162046176,297.27884208147066,18.794873887664266,-1.4034157479064115,0.36777287307072737,2024-09-18 22:45:43.210174976,2024-09-18 22:45:49.869780992,010,RP
578,1,0.7781816265574294,1,-3.9481481454638567,0.45091206022105024,17.697192567803725,86.87113801649099,-1.484123280083598,0.08881385787845514,-0.6497455652855767,0.1295245515664141,-66.60127917947038,-26.273885789207515,-1.6030487384799281,-0.07926175913763898,-0.8095555038137364,0.05141466954526916,-115.01472298945038,-76.1108020157218,-1.1762223377202712,-0.5480949293234739,6.593927533303033,0.5931180842037955,11.928541607793322,-61.655938939779176,-0.3980323310800977,-1.0047800537455394,-0.44449574497537264,0.1069479704597278,44.16364145311743,36.63055070852869,1.6459389452079405,1.5014450248329692,0.10123621094001362,0.059036086221447945,73.92834516146439,9.51577445478786,-1.120430594740909,0.44779413947119684,-0.39874593695104477,0.11061088683873944,-55.08298241812104,-4.964115434371593,-0.56237994999189,-0.9002092925643064,-0.005837021034643701,0.021092388276054048,253.0147908109107,18.476852656039256,-1.3982298170222818,0.3815947968772468,2024-09-18 22:45:43.279977984,2024-09-18 22:45:49.934389248,010,RP
579,1,0.7781816265574294,1,-3.932756742093986,0.4493058358017454,17.59126887484917,86.18218126955115,-1.473945283700436,-0.0009174616049899238,-0.6553639915029851,0.12708295815579262,-65.73261190683678,-26.07878691118118,-1.5622459790841752,0.0004786704718348481,-0.8071971415661732,0.051114387443684926,-118.86837693991963,-78.95021408851355,-1.0346091541396774,-0.6654605729226989,6.611530949383453,0.5612062664375193,10.001634595897931,-49.12611667520339,-0.479724535348935,-0.9549357550844634,-0.43525994596226747,0.1195141539318663,46.15069250597136,37.08754792627032,0.9837754209235983,1.3912915861458006,0.10256124237158269,0.06110655498919474,94.14159628583053,7.344720926081248,-1.0769374267958958,0.49454618521044663,-0.4028725607082833,0.11617324276951145,-61.2594296342798,-7.679743284291196,-0.7269755157410662,-0.8700544463074699,-0.0056092868200107995,0.020855920649312007,208.71573222049432,18.170746405873324,-1.391900584942273,0.3967294109489303,2024-09-18 22:45:43.334256896,2024-09-18 22:45:49.996464128,010,RP
580,1,0.7781816265574294,1,-3.912373869207043,0.44776261496649794,17.54335480980705,85.63616293611682,-1.4517166828462786,-0.10904174169400538,-0.6611329889959042,0.12452508928333095,-64.86362119660087,-25.88347975880682,-1.5045761345425817,0.08518410820041365,-0.8042064529988453,0.05256849432850769,-103.26206539662991,-66.04401934195855,-0.9583453162644018,-0.6826695496629325,6.617659618723329,0.5479671204717191,6.500932859945049,-26.020960871289894,-0.6414406836794213,-0.902192545033112,-0.42578490572414035,0.1299218748891992,47.16876228799653,37.08374700391899,0.3552901534443742,1.2418129902401247,0.10437862065027505,0.06357703612430989,107.9333932513346,5.734061290321986,-1.1118683879641278,0.5130547654937804,-0.4075842844647104,0.12118887994176675,-64.89573278970305,-9.450480813904154,-0.9556404853071325,-0.7966076254888051,-0.005291856525410374,0.02055163785777716,167.9540072131834,17.8887885090399,-1.3789166462021063,0.4106652632269987,2024-09-18 22:45:43.415436032,2024-09-18 22:45:50.058094080,010,RP
581,1,0.7781816265574294,1,-3.886220568731308,0.44739683127502344,17.540778878299534,85.16733566841529,-1.4106846202029975,-0.2235092870920914,-0.6672146115424664,0.12184785330118778,-64.09276133844186,-25.763626859112485,-1.4282979920786523,0.17724892012591387,-0.8003704528030995,0.05654639096963809,-71.55091366262188,-40.26723716662817,-0.6819607365255704,-0.440396458684725,6.610958374558744,0.5640837870438995,1.9320695044398772,4.227168929393636,-0.32342762671101966,-0.9898595329427387,-0.41663995001982296,0.1376406729530358,47.98704028680315,36.993318066692886,-0.17745396690321158,1.0791365753755087,0.10662965707493074,0.0661670839027874,116.6978758261021,4.556545519289882,-1.2106175281227765,0.4961516322164173,-0.4126571053818119,0.12523382040749434,-67.03554990365595,-10.662695980920645,-1.1823236345274595,-0.697461906549531,-0.004820336963254726,0.020163590285027216,133.27323678555507,17.642421909490007,-1.3562503535254673,0.4140959617530053,2024-09-18 22:45:43.483533056,2024-09-18 22:45:50.135749120,010,RP
582,1,0.7781816265574294,1,-3.853673338040043,0.44963585884452917,17.519136690624773,84.51302997013977,-1.330341317075846,-0.3171949604554475,-0.6737505064350661,0.11902770686022716,-63.497832473703205,-25.781696786686535,-1.3305540333993422,0.2774289225969936,-0.795507867508177,0.06354884267511274,-35.23897060556329,-11.032878359614987,0.01057428173706132,0.04317735085465574,6.590513928729256,0.6146660955143834,-2.232383544096393,31.712554841633253,0.5986967384809012,-1.2370487326993078,-0.40840092367839076,0.1425070705778267,48.83958428637398,36.94613133462375,-0.5807922516216331,0.9216282276312122,0.10925797181702954,0.06865789167696995,121.93679860526348,3.677432694527322,-1.3402577181339335,0.44765023104774,-0.41789089940639274,0.12812203594403104,-68.30588634589486,-11.544408279836833,-1.3708890941510938,-0.5875258438156807,-0.004133566853781669,0.019724203943496974,106.47918260343702,17.44013881982734,-1.334648855942024,0.3905990245181983,2024-09-18 22:45:44.422983936,2024-09-18 22:45:50.208940800,010,RP
583,1,0.7676892859161258,1,-3.8143438172698096,0.4559339273328445,17.38727675358522,83.32105158419688,-1.1761502547225144,-0.351598504403624,-0.6808522075516403,0.11602994074684474,-63.136277881971175,-25.98647417253387,-1.208211944739983,0.3843007395483121,-0.7894830422106407,0.07356196272628021,-5.243322947428219,12.86048544817151,0.83083880198348,0.5667083239312739,6.555882983933463,0.6968080908255923,-4.940433800725475,49.38890588742586,1.435859210713037,-1.48602394908238,-0.40161540331668105,0.14475847726764723,49.60644901028726,36.922714026374884,-0.837138216203988,0.7867553154097665,0.11221250111488014,0.07089359123561581,124.87274565336416,2.9877168891537305,-1.4713289430195642,0.3751921095387376,-0.423122291606274,0.12984986494205075,-69.02681233198588,-12.206783016186083,-1.5085108291759068,-0.47709717288071407,-0.003178944871579908,0.01932548892166603,89.08293820485096,17.283189749551582,-1.3456399343493521,0.3263183417767924,2024-09-18 22:45:44.494384896,2024-09-18 22:45:51.151924992,010,RP
584,1,0.7675390599387211,1,-3.768155373362684,0.4673717770059464,17.07002428190779,81.32250372130234,-0.9212204849813226,-0.29398929489144515,-0.6885923879126051,0.11281598955996996,-63.051808481474524,-26.416995364466796,-1.0591967093714447,0.49375886947378334,-0.782219802965996,0.0861277882287854,14.796819827763162,28.574365490196236,1.375106793542625,0.9642205035186057,6.507109418653534,0.8024557536099232,-6.246826635508159,57.64878443661091,1.7307293631368958,-1.6183475437716348,-0.3967672254314038,0.1450619291763562,49.83015070029096,36.77097063618317,-0.9522071901496081,0.6926301658680459,0.1154501736662645,0.07277232979304545,126.37928300442486,2.4094898293211524,-1.5843964804213695,0.28621291912382746,-0.4282364991982026,0.1305359538348203,-69.32813017816859,-12.688835763456167,-1.5960660902601196,-0.3722812121114919,-0.0019176887087566684,0.0191135706933333,82.2298436174037,17.15769124262792,-1.4095212034209779,0.23160192608807742,2024-09-18 22:45:44.559812096,2024-09-18 22:45:51.219773952,010,RP
585,1,0.7673853153522951,1,-3.715407034447737,0.48425350812039475,16.54998109272059,78.48991617187109,-0.5825944988910061,-0.1395876434648058,-0.6969979089556393,0.10935075665379003,-63.28146709210992,-27.107050238845712,-0.8844948730292028,0.5986858273247427,-0.7737147935632223,0.1005528621531158,26.513452269736735,37.5138502495277,1.5267653156610859,1.1960893188686477,6.4447361365759335,0.9224276482108817,-6.677162055337604,60.032547587807876,1.5671911207904792,-1.6301045907474885,-0.39424411689073324,0.14451211442780867,48.69926109970582,36.19939718548477,-0.9709301300887674,0.6513818795497041,0.11893776411879503,0.07423368083942598,127.04147393998555,1.8899711392219465,-1.668942500128736,0.18648054094220365,-0.4331758479729307,0.1303619135421556,-69.2428973900906,-12.994350793055116,-1.6409167735409218,-0.2758159440362829,-0.0003293924336214513,0.019257902977268135,85.7029097477815,17.02822989001026,-1.4569741023758431,0.1585661247964131,2024-09-18 22:45:44.621853952,2024-09-18 22:45:51.287587840,010,RP
586,1,0.7669723307134261,1,-3.6568125003865335,0.5058716609607288,15.879437573593668,75.06812581822491,-0.23334568866298033,0.08104304488529056,-0.7060462456984187,0.10561204964775338,-63.85953380523399,-28.087784095236703,-0.6907580685069687,0.6889343123044687,-0.76404906339799,0.11605665535202661,32.80049454683433,42.06118713749965,1.3740989193462596,1.2924166544348719,6.36981060482785,1.0483775724046416,-6.676288177219638,59.526691232140465,1.1706580719404167,-1.5615974580068637,-0.3943121302180071,0.14454632036860868,45.19725788494607,34.82182703662569,-0.9713735205305936,0.6519995537737769,0.12265247677409374,0.07524588842967081,127.24345841565395,1.3932746720186489,-1.7203104489397367,0.07994444523322962,-0.43794323346037045,0.12951953172624656,-68.7778390389044,-13.120789219114691,-1.6521648528286685,-0.1878231922612432,0.00158476140582652,0.01989450194927218,96.75534324321151,16.84666586622066,-1.3277315406047072,0.17532200410040258,2024-09-18 22:45:44.684549120,2024-09-18 22:45:51.355407872,010,RP
587,1,0.7667642143009021,1,-3.5935020878335973,0.5305615300619065,15.153846816492601,71.45538017377667,0.03231961291604124,0.31776978466175315,-0.7156666509110244,0.10160399873624944,-64.81583623540945,-29.38653244459288,-0.49303277655278066,0.7516872458634534,-0.7533960640626387,0.13183546357608117,35.981447835250805,44.1082811783531,1.0419926338259913,1.2953468604745424,6.2838794834075715,1.173152291512515,-6.5035483588031235,57.86751410123192,0.6981144465616747,-1.4489116239901743,-0.39709953710040297,0.14670588390190722,38.634257721804225,32.341645857546126,-0.9990744355833332,0.645195980332697,0.1265810197880623,0.07579469868115397,127.24389402054015,0.8933381330759167,-1.7370226046328705,-0.03093395566726829,-0.44259945007264895,0.12817129664016647,-67.96138451100734,-13.0796714107477,-1.637725932437151,-0.10649193776435527,0.003800547773936997,0.02106726414294632,110.70678638897718,16.579253569429664,-0.9567114953712945,0.2990142742777038,2024-09-18 22:45:44.764161024,2024-09-18 22:45:51.423222784,010,RP
588,1,0.7660519639998958,1,-3.526981097846793,0.5560174503937203,14.470533218012568,68.03729713569446,0.14928279034795322,0.5249747304968411,-0.7257463423942951,0.09737469823205644,-66.16587033252895,-31.019638385168058,-0.31654367228211155,0.7722619645036863,-0.7420240183233289,0.14709058227740748,37.55204589389824,44.86451999045244,0.62543923463324,1.2379939903025188,6.188965290348932,1.2906719674547495,-6.288776282210259,55.92101812936888,0.22860911378814475,-1.3144782733600826,-0.4025917853340547,0.15223668424430536,29.383396352059805,28.829513996553906,-0.9969267131039983,0.5640042635926519,0.13071712587901452,0.07587466328987773,127.23050122744019,0.3687945554025868,-1.7189761656490166,-0.1447544822108975,-0.44725372984791456,0.12642981162076805,-66.86664444772109,-12.906356131657608,-1.6028316889345828,-0.028742054696679963,0.006271152255016831,0.02270682491834463,123.46742700169075,16.225716966737217,-0.4962109044097325,0.47398301572739593,2024-09-18 22:45:44.825103104,2024-09-18 22:45:51.491091968,010,RP
589,1,0.7660519639998958,1,-3.459047842171864,0.5797263277382693,13.900844821436841,65.08368728395706,0.1042630001922622,0.6755306834824822,-0.7361405633537083,0.09303457018577839,-67.89040915456705,-32.976884041356755,-0.19558078556617264,0.7357425123879552,-0.7302910526230865,0.16105830701709925,38.39212768046732,45.03742733620841,0.18579022475579166,1.1426161183893606,6.087517261537366,1.3958474277046682,-6.091527884490723,54.082281145973475,-0.20355759838727439,-1.1705907035159402,-0.4106379971101246,0.1616947869009399,18.989367356371496,24.797755777608767,-0.875716424039104,0.3826048702947956,0.13505776931422786,0.0754832401239184,127.35569550199232,-0.20037614396113396,-1.6664017920205922,-0.26079729743649954,-0.4520481917594768,0.12435701522500785,-65.6087952531983,-12.65833725772605,-1.5496795673994102,0.04914027240256906,0.008929531637370564,0.02465916255921532,133.2942303836537,15.8097449527102,-0.15906875543715016,0.625904149163016,2024-09-18 22:45:45.772784896,2024-09-18 22:45:51.558914816,010,RP
590,1,0.804806300943099,1,-3.3916848065891867,0.5993755867650837,13.483047544878616,62.730247504484446,-0.07355676475481099,0.7612494495445464,-0.7466839797726793,0.08876861261009437,-69.90488887775203,-35.196860632806796,-0.16641707346170698,0.6305065578179788,-0.7186318588063092,0.17305748011124716,38.9935147806777,45.0219820082297,-0.23709955406643335,1.0240505168499925,5.982330042825976,1.4846338249608295,-5.936267406523061,52.51271084829156,-0.5844320616494234,-1.023872494384456,-0.42096796495730976,0.17482052255586414,9.249490401682653,20.893739151288507,-0.6546666983472238,0.14235105955194916,0.1395986473028361,0.07461744349185832,127.75820559911458,-0.8348726834740189,-1.57934893243643,-0.37872867477148325,-0.45713860175293386,0.12197729617023287,-64.32377026518365,-12.404878398502998,-1.4778674827635623,0.13087501782952166,0.011692589391930902,0.026736745612823583,140.41401399169652,15.358196589522253,-0.04179180606388222,0.7123105563053925,2024-09-18 22:45:45.840100096,2024-09-18 22:45:52.475983872,010,RP
591,1,0.804806300943099,1,-3.3269420719159952,0.6131719373763518,13.226756165586849,61.00465156226515,-0.33327426383039693,0.7868488654035501,-0.7572006281680591,0.08483485427844892,-72.02673076310691,-37.538685778716236,-0.2511614082070115,0.4550293809103536,-0.7075349906228343,0.18255698888385352,39.60821058265479,45.024194903185915,-0.6141589921505233,0.893450330343178,5.876426866022985,1.5541815255865434,-5.829963190891567,51.25935232288028,-0.9079005458975327,-0.8783122767776625,-0.4332172467942514,0.19075204696019454,1.2353935798868914,17.535193805385894,-0.4446703367137026,-0.09015865064839576,0.1443295855441064,0.07327247042695913,128.57589995256393,-1.5573063511140477,-1.4574991411188625,-0.49839746788436046,-0.46267424532071816,0.11929426288642736,-63.14109415128554,-12.213758085170445,-1.3852391026089017,0.2194650382130955,0.0144669024149707,0.028762019155321526,145.8231634080335,14.890390525133652,-0.11924846121417598,0.7268341430237996,2024-09-18 22:45:45.902159872,2024-09-18 22:45:52.543869184,010,RP
592,1,0.804806300943099,1,-3.266829120950539,0.6200717654504035,13.118112737658802,59.854632703295984,-0.618591471368938,0.7639862276039614,-0.7675112280586541,0.08154006706466278,-73.9669438337463,-39.770459897584125,-0.4355690709164328,0.22729351780851562,-0.6975114496280905,0.1892569259763577,40.322785251084376,45.12560439352606,-0.9215222609563769,0.761273021222709,5.7729098317259355,1.6030152175368946,-5.769973511632384,50.3095368141008,-1.1703660413656742,-0.7370754351577632,-0.44695746970143185,0.20838109984248485,-4.861456812413237,14.82713556406099,-0.33272786801517684,-0.27071005480605387,0.14923043830793917,0.07144187885320662,129.95408737752715,-2.3931054192565946,-1.3001653428334652,-0.6197187667063913,-0.4687790322586834,0.1163021795350253,-62.1633116100304,-12.14085705854504,-1.2688952201064225,0.3163061837349586,0.017155459183674462,0.03059319121710631,150.485744242505,14.418347956922828,-0.3162681025823555,0.6823651585484847,2024-09-18 22:45:45.976807168,2024-09-18 22:45:52.600156928,010,RP
593,1,0.804806300943099,1,-3.2132227974071386,0.6199425501617454,13.119693166238928,59.15649717674556,-0.8769042291855844,0.7078465957340883,-0.7774384561549059,0.07918357148721718,-75.39253793415986,-41.61305829713339,-0.6597681477695496,-0.009965181746097273,-0.6890579292018533,0.19317104145666825,41.0779037141425,45.30505526922015,-1.140592261345249,0.6393643429690732,5.6747886172001465,1.631171800965665,-5.746897682857374,49.612429554892934,-1.3692509673959659,-0.6035585224695857,-0.4617290842810869,0.22663656563434115,-9.343198435674388,12.685973542039582,-0.3370704645189364,-0.3869730940907906,0.15426799680063547,0.06911921312066208,132.05200187391964,-3.3713978026033335,-1.1063609321384036,-0.742641878969064,-0.47553543286178473,0.11298893989343446,-61.458713410472534,-12.225795884777437,-1.1263417564285603,0.4202714441462362,0.019664604817520605,0.03213500013541669,155.0547892531747,13.950908844272373,-0.5587849611312019,0.5974322697853154,2024-09-18 22:45:46.041408000,2024-09-18 22:45:52.679523840,010,RP
594,1,0.804806300943099,1,-3.1677925653632797,0.6136716119149264,13.16311468053557,58.69801682202482,-1.065529739757613,0.6360027728346378,-0.7868110497414598,0.07797230990092292,-76.08279038559725,-42.86278017055123,-0.8478249845086911,-0.1999504217007131,-0.6826198588503567,0.19469570309798703,41.648656119257446,45.43019976143457,-1.2639822532424605,0.5415924368197204,5.5848038991955935,1.6402428250269274,-5.744797585420306,49.08356795514476,-1.5036635849199211,-0.4819458264170768,-0.4770738829508137,0.24463001070778057,-12.636403558412983,10.971501887854437,-0.43230068109267705,-0.4458013243477349,0.15939434589022722,0.0663010415197789,135.0486768499631,-4.525995509840545,-0.874824056367264,-0.867193200711992,-0.48297278977032665,0.10933418211997717,-61.0665498050615,-12.493481920999153,-0.9569767543557908,0.5271239892682348,0.02191028387582115,0.03333930786924737,159.8500242390007,13.497640591366604,-0.792318368566475,0.490150086028689,2024-09-18 22:45:46.102960128,2024-09-18 22:45:52.747376896,010,RP
595,1,0.804806300943099,1,-3.131942132416255,0.6032269225537686,13.135740038917131,58.14037766835171,-1.1607199600469964,0.5678224168135544,-0.7954671678000684,0.07793777920323186,-76.0990276621409,-43.53427800674229,-0.9635899950576343,-0.29986916106390904,-0.6785589890625455,0.19464819283792428,41.60887668006252,45.23407729605135,-1.305744300747761,0.48138257357143455,5.505260535571303,1.6332872383962518,-5.740179223210671,48.60118214464803,-1.5763955718900529,-0.3772825977183939,-0.4925645762015791,0.26169719360381516,-15.114735571057688,9.555016679043035,-0.5818788884467865,-0.4604563644295803,0.16454681963739035,0.06299110817709776,139.14795043101086,-5.896352702484084,-0.6038841451225072,-0.9935716285827776,-0.4910612160304262,0.10530931488687349,-61.00811160124104,-12.95871747062538,-0.7641781325264443,0.6295782706423381,0.023822820916368483,0.034199754097150356,164.89725384233202,13.071682252113167,-0.9837322282841088,0.3766153642382101,2024-09-18 22:45:46.164954880,2024-09-18 22:45:52.804513792,010,RP
596,1,0.804806300943099,1,-3.1067665541899396,0.5916454048681468,12.86988685081732,56.98373402432816,-1.171012798721404,0.5215201598713438,-0.8032575039783926,0.07890248700575721,-75.80940208335319,-43.89447109556865,-1.030481545328429,-0.304163519274603,-0.6771288168859545,0.19424726453971677,40.336136958387804,44.31276069638295,-1.3066514420341535,0.46375474172969966,5.437885319149511,1.6145925810447557,-5.701027973298248,48.001536320059216,-1.5963807255374152,-0.29487918774615657,-0.5078292125247995,0.2773862418535003,-17.053829608817598,8.33956713922205,-0.7546250347272507,-0.44393208384527816,0.16964933026781948,0.059204917365454815,144.58029680600922,-7.527950523062018,-0.2910720242884013,-1.122262501232075,-0.49971110745324265,0.10088399625295616,-61.29535888614199,-13.629971670737971,-0.5579463704501335,0.7180425274285898,0.025349874511747465,0.03474419617611522,169.95106088430094,12.691761933444614,-1.118026773102811,0.2708835565139497,2024-09-18 22:45:47.121964800,2024-09-18 22:45:52.879090176,010,RP
597,1,0.8343537842636242,1,-3.0930219906379963,0.5828696306974429,12.15667377723873,54.600859326011644,-1.1436467264544041,0.5056136209231743,-0.8100491636371415,0.08052091063596725,-75.72226352163172,-44.338756234408976,-1.091841710996897,-0.24022408624688285,-0.6784599758510451,0.19499285075836387,37.161326264805574,42.212472520212806,-1.3146446212499354,0.47274518048747854,5.383727485538296,1.5892734604624876,-5.587617340555293,47.08220905501792,-1.579983875651745,-0.23883063708711097,-0.5225693071596846,0.29142656812345225,-18.639937405215463,7.25934082465667,-0.9289073600212943,-0.40668309701559513,0.17461474708956168,0.05497387807233484,151.59523987239055,-9.470764470298919,0.0675570470013902,-1.2541079946978964,-0.5087771625871045,0.09603864086746183,-61.931013915537214,-14.509085536089493,-0.3575319171117859,0.7818361431645809,0.026457636215196846,0.03502755158212289,174.48557099983557,12.383524237685442,-1.1948612915196308,0.1850548647718295,2024-09-18 22:45:47.194637824,2024-09-18 22:45:53.826148864,010,RP
598,1,0.8343537842636242,1,-3.0911010984902236,0.5813016842310501,10.816256346819063,50.43414187520424,-1.1373975354911063,0.5061699068654868,-0.8157317381725413,0.08237373400620483,-76.26785442111996,-45.214109453630535,-1.1674286310141482,-0.14519252479617387,-0.6825568162614165,0.19840630526712777,31.730352995203024,38.657768719256666,-1.3349662663757689,0.4660687957437867,5.343120080765918,1.562717779013347,-5.357101924012954,45.62363886490334,-1.5488028668378357,-0.20979282162648488,-0.5365714661839648,0.3036940456168632,-19.991050657064765,6.273372638380852,-1.0916126943911595,-0.356362729934656,0.17934813087520154,0.050348551327235744,160.42794161473122,-11.772451468758023,0.47816161240473143,-1.3901781382556015,-0.5180656994916633,0.09077932542216682,-62.89689695828334,-15.584724918548128,-0.19305813669068916,0.8106969433681237,0.027130569449102915,0.035126004770555094,177.66812292534726,12.179762652082104,-1.2256312991933822,0.12881051688142017,2024-09-18 22:45:47.261584896,2024-09-18 22:45:53.882862080,010,RP
599,1,0.8343537842636242,1,-3.1010069596683807,0.5909939675853673,8.822386207187833,44.3582810293718,-1.1585099782019959,0.4836844322449014,-0.8202266174295211,0.08407196130385709,-77.66634536297163,-46.70400374518319,-1.248332652478517,-0.04804446922384966,-0.6893052246847785,0.2056627213914644,24.394643445762494,33.815355181486375,-1.3064042020053994,0.3953224534137141,5.315711960120308,1.5399319066434407,-4.972950667438029,43.434773339988595,-1.5228017114629184,-0.20297710736874014,-0.5497127403595231,0.31417701669172204,-21.175944013319487,5.359313786738305,-1.2358291240398291,-0.29821600885991506,0.18375059011084954,0.045401863596187204,171.19418666634274,-14.457032823487404,0.9489226915596811,-1.5310511764709358,-0.5273441936318425,0.0851520048501956,-64.12695065084824,-16.816975081040546,-0.10466344863171839,0.7966347969717121,0.027370015007345625,0.03513229336000238,178.35200694877295,12.118502893221873,-1.2301661935051367,0.1081150250671282,2024-09-18 22:45:47.323604992,2024-09-18 22:45:53.960968960,010,RP
600,1,0.8343537842636242,1,-3.1223256723071167,0.6146497356865441,6.3858110800698045,36.93858187380519,-1.1370376995736784,0.39675149934275866,-0.8234991153588073,0.08534039636999388,-79.88286693588744,-48.783470254028636,-1.3153103776459905,0.034259678186403894,-0.6984899544927328,0.21726872243407602,16.19744865232462,28.313755172060606,-1.1681502328761075,0.2440667310269129,5.3005657435540385,1.524894200238169,-4.417220155755406,40.41376583933352,-1.5116346192095849,-0.20805814270142792,-0.5619601991055698,0.32294378831825,-22.228256640948096,4.50860447228309,-1.358668888598257,-0.23557880716334081,0.18772333255086865,0.040235146635019696,183.5853875561668,-17.463260759686417,1.4856297998339754,-1.674555076126846,-0.5363517569386791,0.07925512682666291,-65.45708871526365,-18.10802453652265,-0.13642200533238213,0.7365178507868727,0.02719198638336706,0.03515116142075476,175.14632736084016,12.237423451307292,-1.2315475256372364,0.12313890474187908,2024-09-18 22:45:47.386025984,2024-09-18 22:45:54.022959872,010,RP
601,1,0.8343537842636242,1,-3.1542054231672085,0.6529037474024609,3.8754145248971184,29.223853511451463,-1.009953817732736,0.2381032876385231,-0.8255713745373864,0.08606908822739646,-82.60423363511954,-51.19569070475307,-1.3553094328222721,0.09287452356837868,-0.7098180756404736,0.2329718352003136,8.337934874564507,22.918416887478983,-0.9428681997742236,0.04162232669435567,5.296303610574966,1.5200721744424235,-3.6998256186916176,36.59539978277418,-1.5109450806014497,-0.21213550116427674,-0.5733652210304836,0.3301112718326227,-23.15656521015371,3.7228308699734107,-1.459549966546909,-0.17031786252038772,0.19117153329212144,0.03499218420127581,196.01328342035595,-20.47215993709263,2.0726430372378317,-1.8097691277406278,-0.5448098440704123,0.07325029854758239,-66.53951405351589,-19.25138227601702,-0.3203509595221701,0.6358447844140962,0.026624450955740748,0.03529371517437629,166.63184316961912,12.563518663865793,-1.248262194209613,0.16608427312741617,2024-09-18 22:45:47.465950976,2024-09-18 22:45:54.085768192,010,RP
602,1,0.8343537842636242,1,-3.195353044445341,0.7042789235930919,1.6224795156424963,22.18439485985844,-0.8056641883526332,0.04128314868378515,-0.8265330486996311,0.08632694575378763,-85.21288501397808,-53.43126563909441,-1.3687137218855694,0.12304833656643283,-0.7229446844380599,0.25193532248083544,1.6115244020688135,18.165043000317866,-0.7180634926674472,-0.16297307229873373,5.3012763545436625,1.5262444118653935,-2.8583589031048144,32.152950465828916,-1.5080314226249463,-0.20465630091897064,-0.5840527797632967,0.33581385550236054,-23.952183603280897,3.0106605851029364,-1.5388985351690363,-0.10318805991207514,0.19400793401445443,0.02988963830143914,203.3259130246146,-22.44684031750812,2.6108533496838495,-1.9034098949811271,-0.5524338567673964,0.06736968068006012,-66.71392237782976,-19.855029439265202,-0.6464263752410924,0.5131159768948257,0.025704321200154295,0.035669407089249594,151.75360177184302,13.099276676776235,-1.285454914961263,0.22051838219632275,2024-09-18 22:45:47.533810944,2024-09-18 22:45:54.163259904,010,RP
603,1,0.8343537842636242,1,-3.2440610819980966,0.7657355167152943,-0.20912319597360252,16.321591578598973,-0.613446490980802,-0.14731154791990908,-0.8265461915381822,0.08632876498665767,-86.81268305037545,-54.754692552499165,-1.3687734924620134,0.12349531491622602,-0.7374977173139534,0.2730343109558262,-3.732706193382479,14.24713770297677,-0.5693105177407696,-0.3324104503533211,5.313731393667934,1.5426750755976053,-1.9472129781934353,27.346966732384086,-1.4926223404400272,-0.18122896587050763,-0.5942059680159228,0.3401716624755034,-24.59608129493596,2.384861704744244,-1.597162896860533,-0.0341285539497255,0.19615621920071685,0.025275669002827378,191.6054032433463,-20.584591478643567,2.777270015232724,-1.881119216784443,-0.5589465330509532,0.061918196563578685,-64.86461377567406,-19.255850987602113,-1.0268647493714766,0.40108802303074564,0.024474292727897768,0.03637524861503433,130.29880472769742,13.811028910999134,-1.3305585460353084,0.2642305589544965,2024-09-18 22:45:48.450221056,2024-09-18 22:45:54.225332992,010,RP
604,1,0.7980429482755934,1,-3.2982789621793174,0.833406584747621,-1.6133655749682192,11.678670265777988,-0.5044806192690139,-0.2954921824977076,-0.8258409079768229,0.08635067816414727,-86.40886129035594,-54.359972465270914,-1.3740882422895937,0.09874434949442895,-0.7531002029138623,0.2951137832473781,-7.810867051573021,11.117634438527155,-0.5232563222006257,-0.4512107092883814,5.331962696499478,1.5675622057898124,-1.0219594905311706,22.44904988084581,-1.4636970906043016,-0.1440052927457552,-0.6040462689367695,0.34325901361249544,-25.06553485298261,1.8592571931512965,-1.6340584533049256,0.03746170181992906,0.19755411384449506,0.021713479532809023,132.64493784405232,-9.204553151739885,2.0432996691140417,-1.6653738471243862,-0.5640925481499316,0.05726699337856227,-59.405102782562565,-16.509975801724323,-1.2986257086526385,0.33665091887692444,0.02297959737322937,0.037483785552325385,103.21266206854568,14.628214581845642,-1.3588514136610945,0.27609785175478174,2024-09-18 22:45:48.514951936,2024-09-18 22:45:55.176152064,010,RP
605,1,0.7980429482755934,1,-3.3557351014458576,0.9032224669311477,-2.666908389874943,8.050561903756204,-0.4993912845580768,-0.3918294547709119,-0.8247001618360693,0.08661001680738319,-83.27120934876297,-51.67377982621005,-1.3964597137099173,0.060626824602693426,-0.7693902530171521,0.31714660916996634,-10.879845139844234,8.629153195067813,-0.5684425140989444,-0.519871680076569,5.354439181432942,1.5986023188934446,-0.12716288744005,17.680885946933152,-1.4283613035699971,-0.0991080898788139,-0.6138106846988658,0.3450769425361953,-25.34023851172026,1.4458908486884186,-1.6480473595610867,0.11242272164243125,0.1981561241491124,0.01997278800085963,5.694516998470431,15.871596582681859,0.9408896517665362,-1.419712831566588,-0.5676527494406587,0.053828447502042465,-48.721260667255,-10.656757573982324,-1.3384993476820741,0.3332270403393699,0.02126477082567753,0.0390332959679165,72.49093220915358,15.458496939632631,-1.3477242052403198,0.24403038121995962,2024-09-18 22:45:48.572166912,2024-09-18 22:45:55.244087808,010,RP
606,1,0.7980429482755934,1,-3.4141029190616385,0.9713619515924908,-3.465553146818311,5.168244885284353,-0.5813959995156055,-0.4392958196546519,-0.8234353500566788,0.08715593433864784,-77.29454804128844,-46.64706322385113,-1.432588194132277,0.02451941092873217,-0.7860402950807366,0.3383062834329699,-13.200452069587731,6.62391276002214,-0.6779256780117731,-0.5462287804279751,5.379917512702836,1.6335181472863551,0.708182441014766,13.190036883396015,-1.3963530889664832,-0.05337566697942633,-0.6237277793618062,0.345536065616811,-25.406837210254423,1.1530498462410992,-1.636158569444,0.1914806166248027,0.19793592880654193,0.020628264965024935,-136.6756417589213,44.05302009678226,1.449620941827928,-1.528413987608938,-0.5694570893012175,0.05199760551278627,-32.35494934179429,-1.4247552766665033,-1.2434278678855089,0.3563394918156372,0.019370676962622662,0.041023858656948145,40.63072675746717,16.21295531722451,-1.2898773782593418,0.1690765603871024,2024-09-18 22:45:48.655343104,2024-09-18 22:45:55.311896064,010,RP
607,1,0.6886421543845619,1,-3.471190068054114,1.034575131949353,-4.092602293602845,2.793799565950315,-0.7191922029574411,-0.44729572969758985,-0.8223569788475276,0.08782793564470223,-69.04812991534948,-39.782211512258385,-1.4677859430981015,0.0014554929228906748,-0.8027762172830714,0.357987781242929,-14.983614034761164,4.971511003944892,-0.8241855668575071,-0.5397714019263132,5.40754110422373,1.6704483798364314,1.4686983067312127,9.057953536647169,-1.3754213512121538,-0.01222991387098773,-0.6339954116128955,0.3444560085700687,-25.260555325659354,0.9849238287382748,-1.5943012647582577,0.27485962326344393,0.1968883814704334,0.023493519192993754,-214.6950515973446,59.27096121871233,2.609095337504698,-1.812509125421379,-0.5693961296823632,0.052061160833482716,-12.262150285316217,10.017979085957458,-1.2485285194754694,0.3552356094480817,0.01733213238705475,0.04342074287200839,9.937375773464892,16.8277640875144,-1.1962509189227386,0.0632875322077069,2024-09-18 22:45:48.723185920,2024-09-18 22:45:55.379707136,010,RP
608,1,0.6871400611745252,1,-3.525123364209201,1.0904191681550832,-4.609397855673304,0.7513039240302497,-0.8819469721229409,-0.4265347292887632,-0.8217454513079092,0.08830761008003127,-59.441729094334384,-31.845970501146272,-1.4875225549015547,-0.006896207530601283,-0.8193947552593416,0.37579952511620457,-16.381382137142555,3.5771813929263243,-0.9851181533311539,-0.5090380674791607,5.436915542141111,1.7081521053683202,2.147713536604181,5.323062892769879,-1.3697101595519454,0.020920232853032735,-0.6447627351782741,0.34158474621800666,-24.903056430009485,0.9434372218881829,-1.5181636423579534,0.36191115592501516,0.19503093479032485,0.027833546160487367,-230.36371577364616,61.92805082910693,2.8369780435947716,-1.926888676782804,-0.5674306215992532,0.054119203323986155,7.632495290062667,21.330911546793622,-1.3335406331755861,0.33842068030188394,0.0151763993754284,0.04616329167748847,-17.948616200495547,17.272395367695008,-1.0890831845838838,-0.056338559703680326,2024-09-18 22:45:48.791096064,2024-09-18 22:45:55.437127168,010,RP
609,1,0.6866924506817318,1,-3.5745029956771717,1.1374096731603847,-5.05577384844463,-1.0718787667316372,-1.0455583029547066,-0.38667210419356196,-0.8218258873882627,0.08823488175812559,-49.288168265708244,-23.50629262270769,-1.485176740197428,-0.006341928874768461,-0.8357757135510271,0.39153651132096,-17.495341223311712,2.3778187052679556,-1.145028779713774,-0.46079684566143453,5.468143921682747,1.746020331859469,2.742538254424879,2.0034061140841866,-1.380357677396805,0.04423153317354797,-0.6561180062598541,0.3366369495521979,-24.336608039813605,1.0323132537899644,-1.4046430980797313,0.45081494955828566,0.1924042877981692,0.03295406799670361,-218.89679516534503,59.11668197508994,2.424680414350168,-1.876903202340105,-0.5635979556349161,0.05807953098028826,23.811792246996436,30.420277430410536,-1.214450489917432,0.37238827984557255,0.012922597904619875,0.04917546550512531,-42.16265289350315,17.544851009934803,-0.9923182568038964,-0.17361577456252913,2024-09-18 22:45:48.849678848,2024-09-18 22:45:55.514663168,010,RP
610,1,0.6861360382028272,1,-3.618507506847676,1.1750631353666645,-5.4534789406188215,-2.733454485064903,-1.1939545013921928,-0.335568076915373,-0.8227494905421955,0.08733166197822584,-39.057157760164486,-15.13425664920149,-1.4622648133117453,-0.004609476924363869,-0.8518859010667036,0.4051387974382396,-18.389333547139234,1.334386021179135,-1.2936576529317836,-0.4000092668315671,5.501808324277776,1.7839163524657153,3.251580407218556,-0.8895721514935683,-1.4066964884360342,0.05660137905446146,-0.6680825612578688,0.3293462498488918,-23.555323063295702,1.263099436616861,-1.2536108491012907,0.538375942395404,0.18907215883592024,0.03838508098689312,-200.79419437499652,54.96459181219999,1.8466325532531007,-1.7560210478917708,-0.5580142846104473,0.06372130050277394,34.93661758326855,36.495131667436375,-0.7817873875803771,0.49447851140902843,0.010581885681934746,0.05237469113535396,-62.46815756589136,17.661030902123354,-0.9250233902081808,-0.2762656586177044,2024-09-18 22:45:49.795221248,2024-09-18 22:45:55.580811008,010,RP
611,1,0.8959795995741535,1,-3.65694467152472,1.2038100348988112,-5.809985330846219,-4.246794897274866,-1.3183698998242728,-0.2791615178822404,-0.8245826494186039,0.08548815932372864,-28.869442574026323,-6.805241444928862,-1.4259044325521921,-0.006885688464145704,-0.8677733821999547,0.4166401407141109,-19.101620588040053,0.4241220968161957,-1.4246968103433697,-0.33007130411991653,5.538892365884997,1.82189220633358,3.67366161980201,-3.3480163007660697,-1.4469328317344425,0.056959063873458254,-0.680610538736141,0.319523395714654,-22.534266876080146,1.662940481447115,-1.0697655264172616,0.619894537951401,0.18512004157026518,0.04382205846418562,-183.50591239541933,50.970622131029444,1.2849766567255854,-1.6160343277292737,-0.5508713218609217,0.07076489673070763,41.569119754235636,39.899235947610734,-0.21862426522509848,0.6735908086411181,0.008158181030696984,0.05567758845796726,-79.02625459134119,17.64471049113411,-0.898776241346773,-0.35651237207207137,2024-09-18 22:45:49.869780992,2024-09-18 22:45:56.526146048,010,RP
612,1,0.8959795995741535,1,-3.690253731962816,1.2247791920663311,-6.122342799826218,-5.592998365414385,-1.4159712971403564,-0.22144764155265018,-0.8273037636538464,0.08279413606766757,-18.62631391132331,1.590380398164237,-1.3872580470224891,-0.013959071173012736,-0.8835527974325275,0.42611444210812877,-19.655043363157255,-0.36626854717522334,-1.534354825215185,-0.2531340302812678,5.580650829945627,1.859852133512838,4.009011459496649,-5.372893128701494,-1.4979777075132295,0.043944961325511185,-0.6935935098234123,0.3071114570308919,-21.216687125975113,2.2842435094697193,-0.8643961761755352,0.6890585591298743,0.18065262921807934,0.049055021486887715,-169.0479512909186,47.538956864634244,0.7794232060316206,-1.4753672498834463,-0.5424269233000288,0.07890532509182395,45.02144069843891,41.420841560588904,0.23708764912259817,0.8482556931313502,0.0056492359632775956,0.059002765608696855,-92.19919634780322,17.520855015793295,-0.9175348252884357,-0.41037907117659117,2024-09-18 22:45:49.934389248,2024-09-18 22:45:56.594706944,010,RP
613,1,0.8959795995741535,1,-3.7194610171649622,1.2394726572954744,-6.381519980679988,-6.735814798398516,-1.4881524581700627,-0.16439268668551932,-0.8308076134156586,0.07951491909879721,-8.181613617247518,10.202653116765536,-1.3597324970194031,-0.022210975268560584,-0.8993848342170424,0.4336288742084425,-20.064814382371694,-1.045989756885089,-1.6201755808903768,-0.1704343526524786,5.628444554897704,1.8972495760424717,4.260884417563955,-6.9821516990863195,-1.5547831434201977,0.016037079438522273,-0.7068690857789768,0.29223053801511867,-19.499072383285444,3.21670853088893,-0.6569459955921579,0.7378280782762844,0.17578962158239367,0.053928682368501964,-157.6179838198363,44.707605730268874,0.32911442358482734,-1.3381338052274285,-0.5329894813045654,0.0878154086000183,46.55460743199829,41.813116067518415,0.46393436824152046,0.9716891183361255,0.0030479620079614024,0.06227146173778829,-102.42334388196866,17.31218246088061,-0.9785864410638538,-0.43666168551675716,2024-09-18 22:45:49.996464128,2024-09-18 22:45:56.662516992,010,RP
614,1,0.8959795995741535,1,-3.74608373614769,1.2493798024978333,-6.577386633172105,-7.639441092881229,-1.538417744127624,-0.10791409694143421,-0.8349172760526284,0.0760208445834058,2.4899332213865857,19.078888262753026,-1.3532751127146576,-0.02454235748702042,-0.9154547006202439,0.4392103450271282,-20.343858828140927,-1.6238811929762569,-1.6801907004410679,-0.08259795895914682,5.683568697452411,1.9328973248074075,4.4366502862198764,-8.21600668830256,-1.6098975605615875,-0.028023109707363807,-0.7202327308876306,0.275206935574632,-17.214059706192874,4.601870768145983,-0.4761038029592801,0.7563976515904896,0.1706600499343821,0.05832426153790933,-148.89415063278287,42.41028318192813,-0.0729226031978123,-1.2037883972302261,-0.5228978971959304,0.09714397217666115,47.10158180857058,41.62931808230365,0.46145029231382173,1.0266509342579802,0.0003440269569219945,0.06540677713174879,-110.14243634054705,17.03789196720221,-1.0739345736999437,-0.43603093596812037,2024-09-18 22:45:50.058094080,2024-09-18 22:45:56.718511104,010,RP
615,1,0.8959795995741535,1,-3.7719845252946844,1.2556188214717485,-6.703550713432379,-8.285689555595082,-1.570036464454111,-0.05016420962640091,-0.8394021509787798,0.07268941589554788,13.176583652692893,28.06045266062224,-1.3646713581402907,-0.011864097199594047,-0.9319540692048418,0.44282717249647274,-20.505898033283074,-2.110555114817725,-1.7124008635288328,0.010114283400559853,5.7471034601237765,1.9649320019264256,4.547677428786959,-9.135972686508323,-1.6537999783852841,-0.08878706250910705,-0.733451959060309,0.256584400390339,-14.113859201096867,6.6481623190541335,-0.3594022011772351,0.7335799602752578,0.16539577462450997,0.062152524888933025,-142.45702885010886,40.561790637369896,-0.4312227815628811,-1.0709603075479324,-0.5124999199107622,0.106525356099738,47.26738301665409,41.22453001042652,0.2903803225822337,1.0184375099556366,-0.002474251354426575,0.06833224242832399,-115.77918429516089,16.7135331964433,-1.191902326772032,-0.4103739518373721,2024-09-18 22:45:50.135749120,2024-09-18 22:45:56.798249984,010,RP
616,1,0.8959795995741535,1,-3.7991960735952097,1.2587005691582231,-6.760630293643519,-8.684960066639299,-1.584097030206871,0.011798496186079038,-0.8439984943211687,0.06981122757897769,23.440150187942354,36.7834514652854,-1.372565309543095,0.024711804113316433,-0.94906805680067,0.44438328839620145,-20.566791374903282,-2.519284724804236,-1.714514959681358,0.10762736580279754,5.819805291639884,1.9909195450561763,4.608100539845721,-9.818247906202739,-1.675999659632012,-0.1658843576651062,-0.7462816780181074,0.23711692177904486,-9.864555164735098,9.638263218759299,-0.34862370536812914,0.6584267723651959,0.16012493926307103,0.0653520405513653,-137.91074340533163,39.08294941150371,-0.7470498369583174,-0.9387700213076533,-0.5021310919117999,0.11560120566870662,47.41131105125325,40.80669338713576,0.022883723903286413,0.962663455591836,-0.005417852407178694,0.07097066268156177,-119.72547844929568,16.351345028382866,-1.3188165210277687,-0.3623487364287891,2024-09-18 22:45:50.208940800,2024-09-18 22:45:56.865727744,010,RP
617,1,0.8959795995741535,1,-3.8297400482388064,1.2584619529855539,-6.756985955586632,-8.877499719497296,-1.578586755504769,0.08112105632681348,-0.8484289419196791,0.06753307392949326,32.79081186101988,44.82067381193236,-1.3480724530010972,0.09055930580904427,-0.9669653093553058,0.4437205783302695,-20.544758932796697,-2.8660691770819335,-1.6838544499045978,0.20992836250233302,5.9020399399119645,2.0080498264891204,4.633109152950658,-10.34479526668647,-1.6663790026526442,-0.25810706849054643,-0.7584792924129163,0.21774061157009644,-4.078190584107611,13.906776891441048,-0.4761747652185546,0.5244826420437317,0.1549659101784729,0.06788931868854207,-134.90385766271586,37.905499089289904,-1.0194203850880796,-0.8071659021093088,-0.49209548874758896,0.12404713320722978,47.72848710967357,40.48697319141782,-0.2814468213134762,0.8763821346622718,-0.008495118735058057,0.07324408458666248,-122.33851623243724,15.960719778734623,-1.4406262939831453,-0.2950871068170001,2024-09-18 22:45:51.151924992,2024-09-18 22:45:56.919708928,010,RP
618,1,0.4277337576734233,1,-3.865456483863279,1.2541524321674349,-6.707129319760848,-8.92611651717908,-1.5486542953034061,0.1603296011697664,-0.8524197963567337,0.06585782140615912,40.93525064479996,51.89401801845222,-1.2760017408927455,0.1833478024133538,-0.9857875265350805,0.44062654067944396,-20.45992410604527,-3.1691379775938304,-1.6173574245984155,0.31697088492791087,5.993746579971909,2.013365085858153,4.637428054825284,-10.79556854347483,-1.6162080759051247,-0.3636909671025532,-0.769818514598544,0.1995151190330292,3.566669580702816,19.745688278680454,-0.7387526755929521,0.33788880386405123,0.1500220479971408,0.06975876133406396,-133.1182145907246,36.97066717862337,-1.2463373984571149,-0.6769136543012747,-0.48264926536730896,0.1315968815992605,48.308325960364904,40.31597803589463,-0.5815964407864489,0.7738399465666459,-0.011710119248344822,0.07507524698544842,-123.93748354940486,15.548677288296696,-1.5443054959737632,-0.21199150000576453,2024-09-18 22:45:51.219773952,2024-09-18 22:45:57.876334080,010,RP
619,1,0.4277337576734233,1,-3.907853382546289,1.2446224985908816,-6.628942424514502,-8.904935076343603,-1.4877576176933875,0.25076109326843393,-0.8557164952430907,0.06469562291361146,47.91725166521613,58.003582656639864,-1.1668769666082708,0.28997022233961495,-1.0056356463252574,0.4348473635953576,-20.33332715250542,-3.4479185929526928,-1.511665219721424,0.42858062858277785,6.094419185857966,2.003989295248281,4.634340798665238,-11.243615477189756,-1.5185830543381904,-0.4806322990164064,-0.7801013351859747,0.1835156256676798,13.063817828646737,27.191101730753648,-1.0685827904491565,0.12720424991770965,0.14537767115151784,0.07098128014866545,-132.24872676399121,36.22601190970245,-1.4258583670330673,-0.5494812344918145,-0.4739883582686857,0.13806000775886085,49.16987000796445,40.305945961359754,-0.8529682129605742,0.6653711790687609,-0.015061270507473275,0.07639043562565498,-124.79995188594438,15.120354165326146,-1.6189269279414895,-0.11659922135860618,2024-09-18 22:45:51.287587840,2024-09-18 22:45:57.944160768,010,RP
620,1,0.4277337576734233,1,-3.957985713412213,1.2285615982005438,-6.540921768355717,-8.888874911698885,-1.3892335007862906,0.35230187356152803,-0.8580973999415328,0.06393974725259798,54.051430110688436,63.38139164110322,-1.052135417946607,0.38733474091939424,-1.0265522278014463,0.42610854272704796,-20.18534760925975,-3.7213135572321883,-1.3633151966489039,0.5443421456385249,6.203094975763091,1.9773508914047202,4.635249488693507,-11.75289281472312,-1.368384222905391,-0.6069228086844006,-0.7891682419277182,0.1706572069781607,23.729726848092668,35.726746818134274,-1.3418061627608528,-0.0555970306630729,0.1410954917666559,0.07160140248122948,-131.98165165285022,35.62201604413437,-1.5569658100118735,-0.4269023493398625,-0.4662411197071176,0.14333220616094008,50.279732243046375,40.442478659572004,-1.0829576162671422,0.5578210829795337,-0.018540080679811558,0.0771235420856199,-125.15807376176846,14.679559214727005,-1.6563798279655426,-0.012506529581093216,2024-09-18 22:45:51.355407872,2024-09-18 22:45:57.998395904,010,RP
621,1,0.4277337576734233,1,-4.016372854937691,1.204743620180342,-6.460156649266991,-8.94639780476116,-1.247870947811713,0.46337275626855867,-0.8593850088448844,0.06353460453044395,59.71113768315818,68.31485658597903,-0.9730867890697374,0.4482420796806415,-1.0485016699162817,0.4141455718305933,-20.033307000308778,-4.004955843769285,-1.1690882124283708,0.6634513177679668,6.3183472467978765,1.9314047785172206,4.649545328314978,-12.377441924020848,-1.1619989655041707,-0.7406570934549641,-0.7969070053252921,0.16146915762419423,34.06929997581676,44.150063817257205,-1.460794392747355,-0.15769518834125246,0.1372155505576917,0.07168325571221291,-131.9745447630929,35.10895981926852,-1.6402925255819674,-0.31163052740388253,-0.4594653367820978,0.14739851618624009,51.55912414796254,40.68963034083358,-1.2668850897718196,0.4554601033548339,-0.02212997951957637,0.07722114791295727,-125.19375002500006,14.229464875967782,-1.6517801246153256,0.09665214543925849,2024-09-18 22:45:51.423222784,2024-09-18 22:45:58.079839232,010,RP
622,0,1.0807053385827865,0,-4.09489350360224,1.1803006966752825,-6.464023515509128,-9.469487900790432,-1.0770716371481839,0.5859336288443695,-0.8571023121265227,0.06574875642803918,70.26149475947499,77.22128961181154,-1.1227432064944072,0.40902157044613446,-1.0710054345668685,0.3986418284559613,-19.860030953865675,-4.270201082256363,-0.9272648534739223,0.7827167270993596,6.430313674928309,1.8609763740597978,4.663729681736629,-12.989244748640088,-0.8967362878728586,-0.8754808504220131,-0.8064504255704297,0.15648959739799567,39.65931769707456,48.98327363463862,-1.4762651130733075,-0.10476298803405333,0.1349077535880742,0.07077718851005861,-129.792514782401,34.51001660184063,-1.6322845174201,-0.24935788590956945,-0.45590760354160376,0.14825161212877405,52.58022472420572,40.971724247691604,-1.341476075655464,0.3834902841455904,-0.02509588478874655,0.07627799848430983,-124.11414235950862,13.885245782691682,-1.5895945438744674,0.18954763914818576,2024-09-18 22:45:51.491091968,2024-09-18 22:45:59.190716928,010,RP
623,0,1.0810122670466806,0,-4.1804570028033865,1.1465231630976287,-6.501117606461069,-10.177642623978558,-0.8647753280100989,0.7049590235762877,-0.853508538036467,0.06913047212433757,76.83444944526875,82.57885861686816,-1.2222370515030763,0.37563336310450096,-1.0940953697173181,0.3796135373472863,-19.675629640428287,-4.527015285865407,-0.6379172026527864,0.9008085210012754,6.543502367539787,1.7703361635650345,4.68959903695094,-13.686402401100782,-0.5763455874860348,-1.0107365567825306,-0.8143251692190159,0.15490684182370293,41.778020513333736,51.020893624156,-1.459164098330096,0.0001942048477313881,0.1329913736988317,0.06979570751859102,-126.07902664235576,33.76742294777851,-1.6076053361300238,-0.2034802025374174,-0.4532188483450681,0.14865267516111544,53.29896588252162,41.15609593525952,-1.3839824037347583,0.32856629176275826,-0.02815428074135842,0.07479905305952614,-122.54187424349813,13.549921669976314,-1.4955085372233405,0.2772751037643355,2024-09-18 22:45:51.558914816,2024-09-18 22:45:59.252760064,010,RP
624,0,1.0816048478860985,0,-4.27103544910181,1.1026653679448233,-6.5807101090539035,-11.106446156031847,-0.6188719665669371,0.8162574775111355,-0.8487552460523127,0.07326027017171904,79.94126549153079,84.85056846199745,-1.23662786213054,0.353015167540345,-1.1173310132312684,0.3571182715722867,-19.436127288314758,-4.716587796344628,-0.30531939043985057,1.0130084758719498,6.65535579601103,1.6608074516935856,4.719500356362823,-14.409954050995436,-0.20711953779860126,-1.1417664847471898,-0.8204701948498714,0.15559141832584264,40.69677227041312,50.39048867446671,-1.469349242824616,0.09874582937094394,0.13140813692123401,0.06880056410314725,-120.55076541592223,32.841351487735075,-1.575652949598992,-0.17254057712209558,-0.45113386265448274,0.14876485063589656,53.580135166158776,41.17181333905849,-1.4061189905277345,0.28619569425661523,-0.0312812035744994,0.0727919373601999,-120.45320577004945,13.232078749106018,-1.37619755570882,0.35613737465730033,2024-09-18 22:45:52.475983872,2024-09-18 22:45:59.333133056,010,RP
625,0,1.0818942354679828,0,-4.364181336403057,1.048453979747613,-6.709369257546335,-12.280904092820158,-0.3505709979832914,0.9165476027149301,-0.8430489453412289,0.07758805891397443,80.7742645248697,85.09665851840481,-1.208595563754589,0.330802166308066,-1.1401890975763642,0.33146630032563973,-19.044179757136433,-4.713966131371446,0.05834336681502972,1.1117768172815035,6.763179819685603,1.535144388774448,4.7335280925822305,-15.013701671667006,0.19566269544689296,-1.2613484183497214,-0.8248973615460423,0.15731171486076775,37.35494818822543,47.81399820115627,-1.5034320012416502,0.1607193635040426,0.1300925678185594,0.06782680133639217,-113.04582727392413,31.70642195123814,-1.5433129665558332,-0.154393524714779,-0.44936023835077626,0.14868559839433915,53.33666346527733,40.96737580759215,-1.4158303556284555,0.25093864407364536,-0.03444303329214688,0.07029126257501724,-117.72429374667716,12.945218231188724,-1.2411952217338496,0.42211845834023565,2024-09-18 22:45:52.543869184,2024-09-18 22:45:59.393004800,010,RP
626,0,1.0821795906400664,0,-4.457178867463844,0.9841736147760638,-6.889167135457121,-13.706250170585903,-0.07384605912200204,1.0031389413989358,-0.8366373696654502,0.0815369630774997,80.51053479359427,84.3581220600714,-1.1900862858483838,0.29636746817285176,-1.1620893014314824,0.3032754250313613,-18.307485566004292,-4.274933112364874,0.4264466431486551,1.1849041992846587,6.864276968206147,1.3976198413986958,4.689710881569158,-15.191474391900915,0.5995306122753661,-1.3577886821977185,-0.8276815049069572,0.1590300041558967,32.69220969047277,44.05873731534431,-1.535022519894557,0.1870612343028429,0.12897814574922972,0.0668849986968407,-103.52768196799116,30.35280845394746,-1.5147828013940576,-0.14673498100984939,-0.4476031189472323,0.14843296233703981,52.548911006373324,40.52105646373325,-1.4167355018375987,0.21738387498524986,-0.037599275963547694,0.0673598912157045,-114.10556460468247,12.709713387452126,-1.1024738940206684,0.470980177857023,2024-09-18 22:45:52.600156928,2024-09-18 22:45:59.471586048,010,RP
627,0,1.0824476777779448,0,-4.547216485211908,0.9107676492551983,-7.113192139880045,-15.3452245609423,0.1937989074260118,1.0728507296444856,-0.8297950173276742,0.0845887941513245,79.98363769487996,83.37002402695332,-1.2029281454767975,0.2429782176754522,-1.1824292745557885,0.2735147809731917,-16.867731922870554,-2.9449000209613496,0.74687848992457,1.21283050340988,6.956098309912018,1.254065307285566,4.506809448703945,-14.349809589225016,0.9410701227327625,-1.412388694871203,-0.8289462762939593,0.1600345965697748,27.335410074133765,39.659586391921565,-1.5496929388247387,0.19265732335642557,0.12800254524117763,0.06596687291400716,-92.06418453957745,28.784449946619375,-1.4921351275226917,-0.14760448090867523,-0.4455879786654325,0.14794842546876696,51.26579638618254,39.84342258639269,-1.4084694921985859,0.18107612831235168,-0.04070617659151805,0.06408589902174426,-109.1988448024189,12.554932539882971,-0.9738115060344947,0.4983756912290379,2024-09-18 22:45:52.679523840,2024-09-18 22:45:59.538653952,010,RP
628,0,1.0827508452255814,0,-4.631562186014233,0.8299660415862238,-7.355198156110411,-17.066057650482588,0.4277723010838983,1.1198903322599563,-0.8228097130114641,0.08634509994582722,79.64519897472908,82.53284331113778,-1.2397432153469954,0.17120022107384697,-1.2006255027450385,0.24353656730253592,-14.094753350075488,0.07747967299830569,0.9278614103317766,1.1662102647330466,7.03639807858583,1.1118627084972745,4.038751676135426,-11.41826453384461,1.110065957446035,-1.3978321261060362,-0.8288488972871582,0.1599447652070063,21.596937783445924,34.90059806658851,-1.5487674358575474,0.19266081656340156,0.1271114479896901,0.06505282889277686,-78.79076284797132,27.015207953817914,-1.4761950887688484,-0.15566816924017107,-0.44307934982195246,0.14711618911592897,49.58606301253237,38.970560559823205,-1.3878512890837256,0.13913441882650324,-0.04372036538555965,0.060576060672068485,-102.43997816854919,12.521286724382279,-0.8700019944815236,0.5000120063210722,2024-09-18 22:45:52.747376896,2024-09-18 22:45:59.607266816,010,RP
629,0,1.077030236492057,0,-4.707724486213802,0.7444518190964012,-7.547180316002446,-18.53004557551553,0.5881612787678456,1.1324201032215098,-0.8159710069440838,0.08657206309403843,79.61099465526416,81.96026347267595,-1.2788743888801886,0.08784148079601439,-1.2161545218588345,0.21508905197779998,-8.989499725764839,6.067379259262337,0.836981785377898,1.009022108287415,7.103368642836338,0.9798275720626598,3.052860606775081,-4.685594305116437,0.955862180837951,-1.2834359286106405,-0.8275668864612028,0.15865484099541255,15.581870185411258,29.89503979458344,-1.5405076423715467,0.19715639287741088,0.12626071797680397,0.06411982307718253,-63.87186702226228,25.064507788749783,-1.4672551700580445,-0.1702077889985626,-0.43989404855009595,0.14579268482835944,47.62753460580116,37.95106902020567,-1.3505054650587942,0.09043786375332462,-0.04660159703820623,0.05694792056041164,-93.092260579965,12.661751985076789,-0.8057939492397201,0.4719612890647685,2024-09-18 22:45:52.804513792,2024-09-18 22:46:00.550233856,010,RP
630,0,1.077030236492057,0,-4.773586051354151,0.6580782288854382,-7.534732135796099,-18.96769222412612,0.6066076823703623,1.0883046684229007,-0.8095598915625192,0.08523844774555984,79.66212886280445,81.49126440381139,-1.298357574410778,0.005245508284605367,-1.2285893761791877,0.19026663533338534,-0.31211667630662665,16.61653676736132,0.3669111722819447,0.7212820919400198,7.155739138486055,0.8677186070846066,1.2662762106595602,7.93885775924957,0.3816522912208229,-1.0597838164337847,-0.8252887132460621,0.156263340352436,9.293259784318902,24.669622409261923,-1.5325927766341354,0.21051105008544507,0.1254171421961393,0.06314824876797434,-47.47353348195416,22.953994899259417,-1.4653584717431989,-0.19086062228750353,-0.4359085082950839,0.14383676496057396,45.49655881269197,36.83233708460012,-1.2924382398342935,0.03548350667252834,-0.049314011842875656,0.05332266081512302,-80.2634676071152,13.041886407872461,-0.7941410400343933,0.4113073497857864,2024-09-18 22:45:52.879090176,2024-09-18 22:46:00.609842944,010,RP
631,0,1.077030236492057,0,-4.827503985012395,0.5761210048279262,-7.004885924607537,-16.816114715600126,0.38071163627682125,0.9546950879576345,-0.8038384536523369,0.08254944803045366,79.15042618680177,80.62415619192214,-1.2874756904260833,-0.059008924448655055,-1.237628015714247,0.1712648351370443,12.570796103281422,32.55796943725257,-0.3782415751090875,0.353135460782449,7.192832019440854,0.7847679783672564,-1.4521129764206224,27.444804712643815,-0.4428582772697145,-0.7839872530491363,-0.8222080899219496,0.15300691627732652,2.7109060523234083,19.228928887238684,-1.5286301966365057,0.2321911278238706,0.12455831982353341,0.062127313254091564,-29.755106323926977,20.70624604987893,-1.4701453712431614,-0.2172106681138015,-0.43106119616753436,0.14113288004629893,43.266300082697676,35.650423067391145,-1.211265855379534,-0.023845303977360028,-0.05182605589203749,0.049819770248307804,-62.97346172539427,13.736333852904625,-0.8431776807520852,0.3173409207589533,2024-09-18 22:45:53.826148864,2024-09-18 22:46:00.671457024,010,RP
632,0,1.0771723861648448,0,-4.868376954111995,0.5053892800913626,-5.439072994887955,-9.479457620045427,-0.16974904702800897,0.7083599643924722,-0.7990385126855748,0.0789688654332577,76.83031950825385,78.39038422903265,-1.2567225326934177,-0.0846280742790453,-1.2431116329425678,0.1597566702331949,28.056773098760296,51.87770102189901,-0.9845562164354047,0.05464429668396341,7.214578354317639,0.7367271870679644,-4.744026159925394,51.22614844571436,-1.0515068836478327,-0.5810748932645625,-0.8185198867288325,0.14920262271454826,-4.150481641208606,13.602748237167836,-1.527563604243628,0.25781265589821145,0.12367233197309879,0.06105893545871805,-10.883590242674012,18.34599898555115,-1.4804339487215201,-0.2483276467662273,-0.4253516586308935,0.13760487142842123,40.965256040421075,34.42463960303233,-1.1071299956842309,-0.08441796188515154,-0.05410971148776639,0.04655295792803235,-40.31474762846875,14.818580637121443,-0.9517403925352217,0.19336050763930332,2024-09-18 22:45:53.882862080,2024-09-18 22:46:00.749100800,010,RP
633,0,1.077498121007464,0,-4.895679931355303,0.453557480509267,-2.3285180869449844,5.600320731945604,-0.9097427379883629,0.39879621658997266,-0.7953498425655035,0.07520621008943926,70.80768622408384,73.31688209075264,-1.238230683910309,-0.058667847385973505,-1.2450314480542493,0.15601319953286108,42.06767291738884,69.37557572860914,-1.1557439536752425,-0.045239350735946274,7.221493447597586,0.7226496640400504,-7.775184690864309,73.14844529893765,-1.1982521366521912,-0.5255623630593184,-0.8144161785937025,0.14519708721197616,-11.197792353279027,7.88033674295671,-1.5248730161078894,0.28035594443759876,0.12275749748722353,0.05996011388005727,8.929305817514166,15.90386076354386,-1.493802621927345,-0.28235017523630773,-0.41883719815021947,0.1332223586141058,38.572009507382575,33.15539238909574,-0.98351545783391,-0.14186682932055092,-0.056139640849658196,0.04362601958042822,-11.74586044480832,16.340591613158253,-1.1047025413449083,0.04864826767338948,2024-09-18 22:45:53.960968960,2024-09-18 22:46:00.811159040,010,RP
634,0,1.0781302020825043,0,-4.90946527949567,0.4266397487996798,2.0895424355971373,27.25853603759696,-1.3980851713433782,0.1854946142499682,-0.7929100605705899,0.07212558154303189,59.105184181950904,63.865095169746546,-1.2578726144395493,0.004754507725218982,-1.2435232994453096,0.15853635674251465,51.20819838985439,80.67858782040172,-1.0988711076204298,0.006145595275535123,7.214614374513744,0.734659838736245,-9.880095110672697,88.28107620702222,-1.1425630409292646,-0.555448910373089,-0.810082681227966,0.1413224856792777,-18.233652092612083,2.2292342242388905,-1.5149917224789402,0.2918223701990856,0.12182208823189773,0.0588632412373914,29.371759356242627,13.421870940177742,-1.506524495570435,-0.31625200832602285,-0.41162758976862085,0.1280031606929306,36.010800776544734,31.823039129287075,-0.8481569509548308,-0.19053018760371854,-0.05789248930946219,0.041127507992683505,22.494493334919635,18.30226221491361,-1.2718253819080287,-0.10066561591430415,2024-09-18 22:45:54.022959872,2024-09-18 22:46:00.889416960,010,RP
635,0,1.078494196695028,0,-4.9103314424728515,0.42504802562094557,6.436761666829806,48.60663320033836,-1.4218982106143043,0.17338518722944915,-0.7917982767938265,0.070533667592531,41.27384747139502,49.68056130450181,-1.2902033784600417,0.0549854218021051,-1.2388513134911572,0.164747065956845,55.336981438903365,85.55429214022121,-1.0922972853226898,0.07228686707417405,7.195406240170833,0.7616209129957476,-11.003301842006724,96.17322673645839,-1.1619969904136083,-0.5713195812558348,-0.805696776521352,0.13786056554391934,-24.958355193340054,-3.10886632654902,-1.4943228510261124,0.28544649748877327,0.12088365497857996,0.057813584933045704,49.97062118621005,10.959368669460869,-1.514224201791599,-0.34598837815327776,-0.40387820847588457,0.12201515997917163,33.14378154116611,30.38605111096226,-0.7140489726554904,-0.22344257488013403,-0.059346355000457075,0.039123671236913536,60.98877384776247,20.619461423811913,-1.4151947403848257,-0.23384707286630074,2024-09-18 22:45:54.085768192,2024-09-18 22:46:00.950851840,010,RP
636,0,1.084126533551864,0,-4.899368084795805,0.44227051711137977,9.427985594419773,63.19117172521483,-1.2930132590621137,0.2601089200147173,-0.7920327433101768,0.07088274489386256,19.916128775148835,32.77422610989988,-1.2808153437453373,0.042611493309207125,-1.2313839675740386,0.17206195683191253,56.30408574134259,86.33194849080328,-1.162107038284349,0.08093508875685572,7.165651522796226,0.7933010434473111,-11.457352306985705,99.09939400576502,-1.2827166751998338,-0.5334874390582747,-0.8014282555956972,0.13501578273976944,-31.0093192166446,-7.851744607005615,-1.4637058122052433,0.2580929969293521,0.11996769170025,0.0568634434820133,70.04910796532148,8.596370211738785,-1.5134195792443328,-0.36721286598051306,-0.3957818209548933,0.11538031124885229,29.75853250218647,28.777886182660744,-0.6001828933147597,-0.23257728733943303,-0.060480348497890114,0.03765029683023969,101.03990377932168,23.110928592766662,-1.5060999298529005,-0.33206764990738724,2024-09-18 22:45:54.163259904,2024-09-18 22:46:01.900635904,010,RP
637,0,1.084754542040008,0,-4.878091484390141,0.46839724206300803,10.95404833213666,70.43484988859386,-1.2509157137378089,0.30954201355919403,-0.7935707130457909,0.0730701838865013,-0.43180870607285543,16.657329257222386,-1.235648162049754,-0.02406081308296075,-1.2215664581647185,0.1785152270174786,55.92252391589757,85.31307947157474,-1.2329370202866874,0.03192148297183541,7.127337141903849,0.8223337635987867,-11.567820027909043,99.4477533357753,-1.431204108968887,-0.4507155715597426,-0.7974433532796685,0.13289813312545937,-36.03596783053356,-11.73664302545894,-1.4288551545923196,0.21194963711087242,0.11910562108181699,0.05606327297446963,88.73732064043264,6.430886311984935,-1.5035080039551565,-0.3765797271320682,-0.3875588626437825,0.1082812631946201,25.554150225257626,26.903737397129202,-0.5308975174933468,-0.20970750391221435,-0.06127415376965858,0.036705741741514614,139.1415526028126,25.52578088993378,-1.5414440647157805,-0.38694288246000863,2024-09-18 22:45:54.225332992,2024-09-18 22:46:01.968508160,010,RP
638,0,1.0850559395423929,0,-4.84837875761077,0.49445996949015025,11.556934741955438,73.03239690599064,-1.2802470018599108,0.288556026440468,-0.7963089127032736,0.07651320606723806,-16.457879866721623,3.8944435779298137,-1.2115016989115985,-0.09132686947017712,-1.2098921727380825,0.18286840558516484,55.30656976758218,83.91498586279035,-1.2594907377739555,-0.05127045613486282,7.0825460878444515,0.8442946586026963,-11.547031512577217,98.78238286562033,-1.5557341880048738,-0.3435733696580603,-0.7939114566313731,0.1315162780124939,-39.78776042608435,-14.587958835972728,-1.3980467960548686,0.1545691195107989,0.11833232824692218,0.05545111703748811,105.06221859124592,4.567743063310807,-1.4879443055530517,-0.3732643770195664,-0.37944595374179185,0.10096788924877004,20.138711871328464,24.641552733147368,-0.5316459405790623,-0.14848484450442023,-0.06170762713188689,0.0362483706313426,171.9670040859858,27.611675767125682,-1.543917178594678,-0.40532434943983764,2024-09-18 22:45:55.176152064,2024-09-18 22:46:02.022408960,010,RP
639,0,1.0853244232990682,0,-4.812396940064453,0.5143335387634215,11.7341959002969,73.46960844470566,-1.3224053697317941,0.22162750095697215,-0.8000852864379343,0.08043340880843124,-27.484358010705115,-4.989830451557742,-1.2328538074128519,-0.11797618039883197,-1.1968744929454982,0.1844978946087517,55.00941383850545,82.8393642951903,-1.2363363059497776,-0.14729599871146565,7.033353152311427,0.8570770078735885,-11.506088189227954,97.92638163647969,-1.639625316917552,-0.2280315240693076,-0.7910121834571132,0.1307816671293433,-42.178848197806296,-16.363982808652892,-1.3780813292302219,0.09704499177081216,0.11768349765690118,0.05504253185404143,118.11094896801994,3.1002904138676457,-1.4731522272322672,-0.35993952557103653,-0.3716828695150308,0.09375872284779031,13.069295610063806,21.857633294888707,-0.6181615756925805,-0.04849100355295689,-0.06176070713684172,0.03620045018156337,197.37791886092546,29.19019984204893,-1.5428149524262296,-0.40600649307535613,2024-09-18 22:45:55.244087808,2024-09-18 22:46:02.100077824,010,RP
640,0,1.0855903236382265,0,-4.772516461114052,0.5248356925224245,11.766021566939063,73.15353161003964,-1.3569309375745553,0.13737433219358575,-0.804684034461627,0.08413290738215104,-34.47193599026955,-10.739016528353055,-1.2807883339144397,-0.09610704193058535,-1.1830196735125345,0.18324630030191794,55.26876040614922,82.38403089112514,-1.1769538019180767,-0.2420750380489215,6.981723631453178,0.860217490276995,-11.492811097643514,97.23963083224501,-1.6840821818242306,-0.1132763866757323,-0.7889393881440488,0.13052359396892502,-43.300637413005894,-17.161578386864193,-1.3707587485478254,0.05119803136633259,0.1171928670964832,0.05482352039136797,127.21503409535258,2.091305416588762,-1.464956353864891,-0.34244460455050596,-0.3644986974847108,0.08702992517127932,3.9903345033061113,18.454471728983375,-0.7783301617269256,0.07870130499252527,-0.06141403849254649,0.03645766129738284,214.88195536790562,30.196768678318225,-1.552180937258102,-0.41056982047098367,2024-09-18 22:45:55.311896064,2024-09-18 22:46:02.172077824,010,RP
641,0,1.085853834458654,0,-4.73120599967056,0.525280526361174,11.766592864216712,72.6701747548629,-1.3862819326252878,0.05333439504154489,-0.8098448737563592,0.08714501515064806,-38.71179704984462,-14.350550394713203,-1.3279235170286234,-0.03633259759448202,-1.1688022184816766,0.17929285814021242,56.16498322020363,82.64575698876016,-1.099698275477985,-0.32729754535508926,6.929419083014223,0.8543424668356574,-11.51949337718135,96.82339723449644,-1.6952019055255263,-0.0036335097195162444,-0.7878991801049856,0.13051354327355819,-43.381341726727406,-17.18012357834273,-1.3715297132183861,0.027112578321371532,0.11688954512348729,0.0547486353796767,132.07575402067297,1.5617251906819403,-1.4644714330246236,-0.3280193770460659,-0.3580984052955715,0.0811804334617722,-7.077650774045465,14.465504544575357,-0.957442087843146,0.2047058518743397,-0.060650529642473645,0.03690120705223186,225.39556921306422,30.67036065183916,-1.5637473625936726,-0.43493766735825606,2024-09-18 22:45:55.379707136,2024-09-18 22:46:02.239788032,010,RP
642,0,1.086115158347755,0,-4.690917241184231,0.5169700592189638,11.74572734740879,72.098234924209,-1.41158758096698,-0.023871019819740456,-0.8152759359334969,0.08927109060085424,-41.22275606004877,-16.607921028614484,-1.3565940125968055,0.04814219980443321,-1.1546445402968737,0.17304454685454151,57.69776210919174,83.62040600672606,-1.0217975561726071,-0.39836635534870973,6.877920139361203,0.8407257951848583,-11.578617057788193,96.6368034477126,-1.678292929395947,0.09935423340976986,-0.7881010100752303,0.13049575030503552,-42.7175626601726,-16.665754280433966,-1.370460985518235,0.031795243022232675,0.1167957820217227,0.05474514530918129,132.77253434282304,1.4927280204239464,-1.466342782699817,-0.3228772327974719,-0.3526515039447136,0.07656164583941322,-19.367047768011734,10.170181477641558,-1.0751389624895618,0.2896355781935203,-0.059457648217203805,0.03740952713260513,230.62534501483233,30.71244063386316,-1.555124341027015,-0.4859447221274994,2024-09-18 22:45:55.437127168,2024-09-18 22:46:02.301833984,010,RP
643,0,1.089944735524699,0,-4.653969402290567,0.5026710909300383,11.642623302047488,71.18441261012418,-1.4181860048379393,-0.09574897399501686,-0.8206698825512122,0.09054732048122038,-42.66353601919592,-18.0126790940929,-1.3584069507545102,0.14763454412987895,-1.1409022345514783,0.16504019732132852,59.8153056171469,85.24341583898249,-0.9570117350294707,-0.45308524513072473,6.8283786274409985,0.8209289256580068,-11.651155077443772,96.55849831581767,-1.6364310283670043,0.19546073778486314,-0.7897426647796391,0.1302203531342318,-41.60882843561472,-15.860267047101194,-1.3547099755463166,0.0687594298231955,0.11692560907441514,0.05472222863914152,129.6573982953228,1.8397297333153488,-1.46067938009927,-0.3302844690357461,-0.34828431360217466,0.07337610008144012,-31.241869470805963,6.118946935711613,-1.0884234066856118,0.30495023568809937,-0.057829998179401876,0.03786803358694008,232.46824356382433,30.443638102064703,-1.5022905396353368,-0.5624184739332616,2024-09-18 22:45:55.514663168,2024-09-18 22:46:03.224868096,010,RP
644,0,1.089944735524699,0,-4.622438156328318,0.48601375163699495,11.348770886785557,69.45899157450555,-1.3775986047590207,-0.16763206914184242,-0.8257231571390969,0.09117118512416972,-43.43115452296444,-18.86211003089815,-1.3311480487481733,0.25528039528937024,-1.1278560156814283,0.1558651229754896,62.419812657739634,87.40056120373939,-0.9145243638439027,-0.4909727015104174,6.781608744598444,0.7965190216111473,-11.71092849374023,96.41893508051585,-1.5709077337996644,0.28481848226669465,-0.7929907851332203,0.1294760353930584,-40.313657294776235,-14.968358749776188,-1.3117215668541784,0.13778762506986306,0.11728438201489405,0.05458279336698699,123.19130393149145,2.5515840487860353,-1.437428528737701,-0.34984634885244864,-0.3450761377813197,0.07158507374847961,-40.72098518422745,2.948159705976451,-1.0387518328142076,0.25965745527574535,-0.055771809918479,0.038176627739665854,232.6367254210185,29.974571230238436,-1.387964066421755,-0.6580316309968681,2024-09-18 22:45:55.580811008,2024-09-18 22:46:03.286916096,010,RP
645,0,1.089944735524699,0,-4.598053450688162,0.4707602248471484,10.745822089435354,66.40986433880929,-1.2749926266833564,-0.2410099918936771,-0.8301569992432207,0.09140665981764329,-43.78793991572937,-19.350864803484324,-1.2799029824983357,0.36369760816416263,-1.1157112908695783,0.1460803010084527,65.36186469136469,89.92497042844519,-0.8983352745543987,-0.5128703578014184,6.738119622528406,0.7688791548169056,-11.726576299327776,96.01507386757702,-1.482360578999349,0.36727640031961833,-0.7979591357130396,0.12811946259544832,-39.0294453529014,-14.1439024811605,-1.2327040380986418,0.23422591249314606,0.11786888902534068,0.054235566857304025,113.78553170062833,3.588225791289248,-1.390765934181021,-0.37790542382283393,-0.3430582573647725,0.07088711072286272,-46.43027913799633,1.0717093499590264,-1.0019429495622811,0.19744211824580277,-0.05329913983649515,0.03825533565204198,232.51165442475707,29.392671182799962,-1.2044233561695301,-0.7638162435673028,2024-09-18 22:45:56.526146048,2024-09-18 22:46:03.348960000,010,RP
646,0,1.089944735524699,0,-4.582112463063294,0.45998845731271476,9.768784409441352,61.761668791479586,-1.1468393855510517,-0.3051312916585963,-0.8337376882073431,0.09148914280854763,-43.96069112683436,-19.651684992083943,-1.2188210075240107,0.4625137997297463,-1.1046053857934226,0.13617259753096064,68.4294691768443,92.58756019972716,-0.9070946547541507,-0.5206021182718995,6.698180758404905,0.739120822108986,-11.661471941642713,95.11064697418986,-1.3720595653744159,0.441942832438191,-0.8046880168397799,0.12609798703809058,-37.88932530061559,-13.489086035549649,-1.1160150094215455,0.3476881887226451,0.11866767193675436,0.05360595761696999,101.68394295869504,4.9334032157419285,-1.3217906011697718,-0.4085164098757782,-0.34221425301760205,0.07079363670268357,-48.118418639035674,0.5331913090541501,-1.0004041226883413,0.16286355373879127,-0.05044150435420108,0.03804820937371466,233.1398503062922,28.759924774362624,-0.9529926033514928,-0.869638337211929,2024-09-18 22:45:56.594706944,2024-09-18 22:46:03.426700288,010,RP
647,0,1.089944735524699,0,-4.5754132052640095,0.4554215312128532,8.461313702620135,55.71400644884949,-1.0730259596731735,-0.33819503424190844,-0.8362938008392504,0.09155686585908235,-44.18495227460144,-19.951601677627323,-1.1666566296234855,0.5393905615398051,-1.0946204089314413,0.12652958812905923,71.33368244319402,95.0833046465546,-0.9345026996826156,-0.5165434257625112,6.661902904141068,0.7080908524084912,-11.47150215815872,93.42203354229815,-1.2432583635717882,0.5068339528498926,-0.8131291796439022,0.12346129123463784,-36.967916386256924,-13.059691524301469,-0.9698099106271463,0.4607487441072251,0.11966139784430978,0.052644920439595455,86.89231365213526,6.602344286459293,-1.2391216789558979,-0.43450456708907725,-0.3424808558799103,0.07075916474822862,-46.337532969535424,1.1302820492299508,-0.9939648909090901,0.174372115430467,-0.04724245319181653,0.03752523782767604,235.2966388146284,28.115990445391844,-0.6425334826146387,-0.9647880602530072,2024-09-18 22:45:56.662516992,2024-09-18 22:46:03.488699904,010,RP
648,0,1.089944735524699,0,-4.578217958308148,0.457258845893832,6.9637254594979785,48.88145295540129,-1.10514527181101,-0.32336471465158106,-0.8377283055627426,0.09163238489902237,-44.686435724962024,-20.435092081510824,-1.1367756006307683,0.5843150423143983,-1.0857978567940194,0.11743675636788276,73.69186181651799,97.01446562353624,-0.9705623150473093,-0.5030282344542587,6.629315250637318,0.6764492386266223,-11.100822264316365,90.59085033144675,-1.1027561419343699,0.5586077520303434,-0.823139935328714,0.12035869041619107,-36.29018093160901,-12.871897185111967,-0.8128742335622823,0.5489504706612208,0.12082323551466483,0.05133545943646351,69.14691581620484,8.645445905225989,-1.1577796778932292,-0.44838445452212694,-0.34374948670453326,0.07029968721156087,-41.77640104603751,2.6393835840618736,-0.9323328266272131,0.22417871348934745,-0.043758632096846134,0.03668197514229949,239.5647233831091,27.483024593904176,-0.2883133726595566,-1.0380474725264202,2024-09-18 22:45:56.718511104,2024-09-18 22:46:03.566511104,010,RP
649,0,1.089944735524699,0,-4.590260052446927,0.4646549851550532,5.432499423431334,41.9365850883178,-1.2169378442043475,-0.26454159887715994,-0.838022999189079,0.09165831388459088,-45.6209584760198,-21.231412447954526,-1.1311897333495449,0.5935185449457059,-1.0781505657590704,0.10909012040398461,75.01200562848055,97.8742363070689,-1.0041457086810006,-0.4816023022253361,6.600424869030231,0.6447883515960063,-10.476398087938508,86.14867847749011,-0.9627417751679572,0.5924745109089423,-0.8344876467010105,0.11702129072042795,-35.84057591334609,-12.908517850337107,-0.6722137629208635,0.5840252023167574,0.12211921231222987,0.04969661753990856,47.91744055090126,11.148359903905835,-1.0967735351368173,-0.44318714698213524,-0.3458691530790607,0.06906533577748533,-34.77605075243878,4.972036778819562,-0.7932171936071142,0.2909504428609933,-0.040057344896099426,0.035536986335430364,246.405576336568,26.870353155636074,0.08811754817276407,-1.0775279380843665,2024-09-18 22:45:56.798249984,2024-09-18 22:46:03.623783168,010,RP
650,0,0.8988689137152563,0,-4.6107986399281025,0.47652840350433284,3.9671128580577126,35.291558570373795,-1.3370329710136448,-0.18442018181278944,-0.8372344278692497,0.09156472169367454,-47.01112616793125,-22.359333320697026,-1.144048079091121,0.5696630803765113,-1.071669074413389,0.10161571253553829,74.68702245433654,97.03977222433085,-1.027110451790518,-0.45230279957283337,6.575252675682734,0.6137636322601508,-9.503440747407483,79.48752420258336,-0.8424341385265892,0.6025527710116159,-0.8468632290842824,0.1137307169460141,-35.57279769059327,-13.125294319817723,-0.5762404402904537,0.54193730238004,0.12350855464694224,0.047784854735845116,22.45608570918781,14.226481311030348,-1.0753884410821895,-0.413435488430421,-0.3486513426712896,0.06687033368474492,-25.104743035296966,8.247197633326008,-0.5883496386056324,0.34929182548658283,-0.03621305699848269,0.03412771930533855,256.21243396689374,26.278235474963108,0.4577955401048661,-1.0704860431105188,2024-09-18 22:45:56.865727744,2024-09-18 22:46:04.573955072,010,RP
651,0,0.8854129246827325,0,-4.638708267889233,0.4921742628124963,2.597995520779838,29.051343302180623,-1.4069355884789343,-0.10949130582878606,-0.8354836654879318,0.0913322201188837,-48.70666545896592,-23.69362339135127,-1.168938610651927,0.5187822512842234,-1.0663224274696026,0.09508915801398357,72.01354450891658,93.78965759143817,-1.039026677281671,-0.4134287587498,6.553848018529892,0.5842091272357127,-8.066063947822716,69.8637572217733,-0.7677875622012698,0.5831732450487843,-0.8599013443751545,0.1107785397722478,-35.42285258073791,-13.460158555779447,-0.5442831185492558,0.4149694432902068,0.12494412860043336,0.04569246858729688,-8.069134916773537,18.008191030735595,-1.107746707763374,-0.35657941953643557,-0.3518773164353952,0.06369692209036497,-11.84026389781955,12.83367971374837,-0.35725689700737107,0.3724305411137858,-0.0323032902572008,0.032505755602951276,269.3384527587572,25.700518216891503,0.7819094972833152,-1.0032592010804868,2024-09-18 22:45:56.919708928,2024-09-18 22:46:04.643430912,010,RP
652,0,0.8719581142122499,0,-4.67258078155749,0.5113923779006582,1.317792415950534,23.15749151685268,-1.4061147154773161,-0.05700028250176741,-0.8329440405384452,0.09102293568783916,-50.37844214422348,-24.962423155641815,-1.2024366506212316,0.44704399097110287,-1.062056109252254,0.08955206892581494,66.25332456144454,87.36474810875457,-1.0496729025123654,-0.36247293199706976,6.536287468481575,0.5572140599550859,-6.040887314829609,56.48497605443007,-0.7657393232711285,0.531778459419624,-0.8732052252540484,0.10842282859396818,-35.32796466020397,-13.848563338880473,-0.5769766909660108,0.22223071877505926,0.12637320102425684,0.04354218500089983,-44.295677278631565,22.597786529238117,-1.1955909043402895,-0.27501789167274127,-0.35530787594623026,0.05968821018640862,6.750570859177973,19.398530993399042,-0.16302761308562586,0.3311307519523883,-0.02840418187062388,0.030732383979369077,286.0927296006531,25.126229923440178,1.0080847553359238,-0.8614102640715868,2024-09-18 22:45:57.876334080,2024-09-18 22:46:04.698384128,010,RP
653,0,0.8221262746096034,0,-4.710819776786835,0.5341964350853416,0.11515149888983356,17.542457958296875,-1.3484618476254977,-0.030548316715239242,-0.8298300338539989,0.09076954075084677,-51.557837115269926,-25.78424171880339,-1.2429112596585288,0.3596618275835501,-1.058790437983164,0.08502355119865339,56.75485184988841,77.09149444781296,-1.0755892232064366,-0.2985492670527984,6.522661848797583,0.5341299925448948,-3.33395723381159,38.746275654505574,-0.8490695952426748,0.4535655158088417,-0.8863741540857158,0.10684924039382851,-35.24962674748155,-14.244358090136172,-0.654978066456017,0.00928903436887656,0.12773868171410557,0.0414766877744169,-86.19530570239469,28.010474720368226,-1.3215034562988657,-0.1781383601444084,-0.35869507907284187,0.055139239686901376,33.27133813251167,28.934265262300528,-0.08846653458389486,0.19379726120642415,-0.024585992651743948,0.02887501046688676,306.6933623183697,24.54036075229808,1.0655973412921096,-0.6302581617722387,2024-09-18 22:45:57.944160768,2024-09-18 22:46:04.776043008,010,RP
654,0,0.7812398960623178,0,-4.751714789262836,0.560364008886354,-1.0105767097719123,12.198027702492233,-1.2685602331751602,-0.02295960878233406,-0.8263886761234576,0.09072767373633683,-51.73955444451808,-25.756981900622833,-1.288396804647171,0.2621112673322517,-1.0564217852983677,0.08150411504393812,43.13831800057188,62.572258916932846,-1.129573424433055,-0.22544297620017875,6.513054598899408,0.5164675614957035,0.054636806184713387,16.644147498209477,-0.9943598067860058,0.36592680799710947,-0.8990311845622794,0.10614347714214203,-35.19286628952383,-14.639484268412506,-0.7497885626649468,-0.16815223477700672,0.1289809067539831,0.03964201632635769,-132.4769909703212,34.08700241939123,-1.4489395144563844,-0.08252506695342718,-0.36179489924080216,0.05048780575596505,70.77443629924926,42.605830049711464,-0.21410517675434892,-0.06392668408174444,-0.020908996948992953,0.027004261551742403,331.1652616007796,23.92433344442315,0.8606704453074205,-0.29628739733080567,2024-09-18 22:45:57.998395904,2024-09-18 22:46:04.838047232,010,RP
655,0,0.7772299469800917,0,-4.793494164528818,0.5890936967181181,-2.053251386144593,7.157751462205188,-1.2042349847295761,-0.022555075165149936,-0.8228925592068284,0.09100831120397226,-50.54029290911056,-24.589230975040696,-1.3364887652652246,0.16197342382089852,-1.0548278203616397,0.07897031741145868,25.498694650122303,43.89673249985552,-1.2084542611184776,-0.15297199707694403,6.507517428523831,0.5056556656256407,3.9598088508163762,-8.768525110310492,-1.132268086051196,0.2974339110704283,-0.9108482396378946,0.10628103912120677,-35.211282570062885,-15.07213474433425,-0.8397507499727008,-0.2688564281791242,0.13004007413328647,0.03816487149893687,-180.1796733932187,40.430578085365504,-1.5369194480124944,-0.007615669759095046,-0.3643802737513672,0.04629033390453469,120.85485556584248,61.0371253552636,-0.5484594256112802,-0.42817428356237974,-0.01742024588301645,0.02519118044854587,359.1781691985969,23.256972023251237,0.2755182648850032,0.1496795126653017,2024-09-18 22:45:58.079839232,2024-09-18 22:46:04.915201024,010,RP
656,0,0.7772299469800917,0,-4.834371072424568,0.6189273391095621,-3.0108625864172796,2.4443730091788822,-1.1805498014530391,-0.019015589447638002,-0.8196314707380292,0.09161632994855391,-47.8433628448845,-22.21392585360588,-1.3852466610385699,0.06919052185867351,-1.0538769358077675,0.07736478116807499,4.516816002698959,21.760168208531866,-1.2897388266084244,-0.09452698621145562,6.506050660375649,0.502695845590411,8.032589258052433,-35.260432646878385,-1.1785121402672567,0.2763062432115214,-0.9215658264644359,0.10713785022278136,-35.393544709254435,-15.617481281490015,-0.9181274842794016,-0.282209511415242,0.13085950495224433,0.037126947637191314,-224.98806648122016,46.44182699989511,-1.566525946822826,0.03372940486301339,-0.3662549012216919,0.043140807891317565,179.5108820850898,82.74674038629334,-0.9390773919429045,-0.8025473054846245,-0.014151587155254355,0.023503899152324884,389.8474041270418,22.516959516753502,-0.8209389173811736,0.7066813596125926,2024-09-18 22:45:59.190716928,2024-09-18 22:46:04.983638016,010,RP
657,0,0.8400951417380413,0,-4.860670530451903,0.6480665822207367,-4.417424755208074,-4.471646328128608,-1.2013275131626748,-0.06058682269814445,-0.8192504745209067,0.09191004856343986,-39.163671064883204,-15.084856103886287,-1.39948375473995,0.06323616080967998,-1.0537871069833715,0.07721381148423,-17.25280340068455,-1.180781782960243,-1.2974150436544685,-0.08889486194602075,6.51657000663841,0.5206398262067693,10.708347861914122,-52.781698497600125,-1.0546106121752459,0.3598266410443647,-0.9278146591563926,0.11142142056544561,-38.758512737730534,-18.960716285166164,-1.058227049958937,-0.21796116066268942,0.1302374336434112,0.03744626308671304,-234.81681108601182,47.58193885217188,-1.5998072666894108,0.06871167239879593,-0.36500884417477103,0.043920071422377936,187.3101612159898,85.36986544763843,-0.9472552107793462,-0.80589157871161,-0.011828599180732896,0.02368985182084519,387.11701336577204,21.579051987146137,-1.0698530431857223,0.6972190964875583,2024-09-18 22:45:59.252760064,2024-09-18 22:46:05.926721280,010,RP
658,0,0.8400951417380413,0,-4.883249606453122,0.673120514536682,-5.712482430111235,-10.895477578711054,-1.2440107311999145,-0.08537665866255358,-0.8196988567911608,0.09150306735410015,-29.571254010476952,-7.239523106268994,-1.3839830005639409,0.0670377120171278,-1.0541741036487093,0.07787090763634126,-38.67538449144905,-23.77058877954251,-1.2625807116018994,-0.11371071847824696,6.532136599967119,0.5448050236684837,12.565684503691497,-65.08076765020289,-0.9879193204607293,0.4329625651937943,-0.9329753715323927,0.11506709906401355,-42.3834680154181,-22.542731818516,-1.1878408487390868,-0.15856871240122902,0.12931338130287667,0.037713672053067894,-239.14474515800134,47.92461561719589,-1.6216438719106583,0.1305866987502555,-0.3628203007305995,0.04474410049452147,188.81196481596174,85.50481385606258,-0.8694691816244617,-0.8508178959344926,-0.009700850183680007,0.02399647100348495,383.254194118666,20.717891519412195,-1.2745652562546697,0.6325476600008868,2024-09-18 22:45:59.333133056,2024-09-18 22:46:05.994579968,010,RP
659,0,0.8400951417380413,0,-4.901613666615656,0.6927964867591242,-6.9171928763972295,-16.90540713756512,-1.2982736935661439,-0.09327428620587153,-0.8210521232689106,0.09014049896470894,-19.217540860526935,1.2213972724573057,-1.3449982341630764,0.06974889456091264,-1.0550459155589116,0.07931591390898489,-57.985788843792044,-44.1776696801043,-1.199849762046034,-0.1628471356269734,6.552486713683957,0.5725072909538248,13.699288007739947,-72.76440265764597,-1.0120094194894274,0.46982737057910745,-0.9371575754389964,0.11801718309746431,-46.1933318064236,-26.29043083715702,-1.2950697618984306,-0.10683553569957371,0.12810174015079623,0.03781623278852465,-240.0846627947505,47.755263087524646,-1.6105246041067147,0.21559784998255555,-0.3597936917850904,0.045184495252963225,188.35396250190007,84.76856753090914,-0.6573745679203689,-0.9278836909910365,-0.007736130020216815,0.024387465512396823,379.1584158135409,19.933218802992986,-1.436741439012165,0.5376873263605916,2024-09-18 22:45:59.393004800,2024-09-18 22:46:06.046938880,010,RP
660,0,0.8400951417380413,0,-4.915575479592325,0.7066671634506504,-8.040371340978176,-22.52305221052918,-1.3524210431014405,-0.08791800114308573,-0.8233265445259049,0.08772063266391351,-7.996319871115803,10.416417591590394,-1.297515702940709,0.06204392973333735,-1.0564360688391627,0.08148784407074526,-73.85344105744893,-61.021438940976154,-1.1446218108642905,-0.22106581032820466,6.57725709594584,0.6010004363360543,14.299716117258876,-77.05290930225202,-1.1099525947655895,0.46254989281527276,-0.9405264449689308,0.12032569947688479,-50.078170227811746,-30.099843414912755,-1.3787164533255367,-0.062348168255907485,0.1266281635923169,0.037667711343553796,-239.3006375289539,47.30220027676209,-1.5537291106871092,0.31738912225987126,-0.3560870559220502,0.04494251259069839,188.9312067247042,84.27595717440016,-0.32511767434428407,-1.0150032687736659,-0.0058937556925857315,0.02483653207337638,375.29651164434097,19.211905951911408,-1.5601196951562095,0.4305555187165393,2024-09-18 22:45:59.471586048,2024-09-18 22:46:06.130230016,010,RP
661,0,0.8400951417380413,0,-4.925279662566238,0.7151701454207603,-9.068221753344252,-27.66352817738722,-1.396218909932807,-0.07524278629259307,-0.8264742461041847,0.08433919317757997,4.342305738888764,20.58880386190196,-1.2618623606651669,0.03893172663843204,-1.0584098992580593,0.0842981817965367,-85.61975440996225,-73.62079563954795,-1.129980954835548,-0.27056510243629095,6.606053054751941,0.6278934057070541,14.556546352002698,-79.16131749528563,-1.2430804982264632,0.41597351713682007,-0.943290623235833,0.12211685540928609,-53.88727906698113,-33.831365055575894,-1.4427752156503204,-0.023148796600839107,0.1249295263043528,0.037208853766423695,-237.93444493135954,46.72503749676386,-1.446851034358359,0.4295760003204487,-0.35190083838157066,0.04385262669016246,192.4283351258236,84.71569245914719,0.07897524964751268,-1.0928180480772212,-0.004127687645604237,0.025326320685955712,371.76556235657483,18.534532118800346,-1.6485403470847544,0.32179307283960373,2024-09-18 22:45:59.538653952,2024-09-18 22:46:06.186511104,010,RP
662,0,0.8400951417380413,0,-4.9311828432894105,0.7194276055162411,-9.96072832638681,-32.11817262974548,-1.4237520328404378,-0.061808536176811486,-0.830386422232017,0.08030413454133108,17.956129496328685,31.910526129591165,-1.2580733433906286,0.00303437420311277,-1.0610660516018253,0.08763907636534628,-93.29477600877068,-81.991919614703,-1.1679198378738327,-0.2973057022513966,6.63851663335166,0.6513664484666314,14.616374188948875,-80.03104317262893,-1.3751568117102348,0.34013072262809096,-0.94568711235608,0.12354267830344028,-57.43867742220088,-37.319016988953514,-1.4927405503081277,0.013607363244486814,0.12305356740948786,0.03640490314557848,-236.6574987328885,46.12154947328829,-1.2907860442878478,0.5466824522103622,-0.34746419683836355,0.04186841312029534,200.16452652041218,86.55000644294633,0.4974997116728148,-1.147896842135557,-0.00239013432677086,0.025845135168249624,368.42680113045213,17.88058954428428,-1.7049718601456092,0.21671746286595375,2024-09-18 22:45:59.607266816,2024-09-18 22:46:06.264684032,010,RP
663,0,0.8400951417380413,0,-4.933994429887967,0.7209229442615738,-10.656418089394634,-35.578707495630475,-1.43538122518975,-0.05285262026139712,-0.8349043702590694,0.07611799112354155,32.492831052897515,44.128406648153714,-1.2948949927808435,-0.03146410213519886,-1.0645302678768667,0.09138540980314774,-97.3935965441326,-86.67843141861698,-1.2455457842279365,-0.2946469897626381,6.674374285673854,0.670219675335408,14.579079953317246,-80.30623634920377,-1.4821232868826597,0.24535061532440486,-0.9479637095960831,0.12474295185748684,-60.54478688936487,-40.39426077634665,-1.5332700418983325,0.051438112355542465,0.12105827365099027,0.0352429364815404,-235.72366119285954,45.53629948269851,-1.0892334867111648,0.66400186176278,-0.34301958833454826,0.039046186369131715,213.29577472619772,90.16462884007889,0.8743259473338965,-1.1705799676343958,-0.000635345093331325,0.026382401663975246,365.0608558146373,17.231939623509167,-1.7312666158863752,0.11747981268597113,2024-09-18 22:46:00.550233856,2024-09-18 22:46:06.326696960,010,RP
664,0,0.7194321067745121,0,-4.934591354146088,0.7211104549829728,-11.086437450445695,-37.70703839125072,-1.4370816901662022,-0.05053408773131111,-0.8398368827403918,0.07241746384489638,46.52294965511465,56.07168901423966,-1.3554973933603673,-0.038565982469395584,-1.0689413563256187,0.09539819650187933,-98.70778845278136,-88.51283726861828,-1.3340557219368416,-0.2640920861562149,6.713454686830063,0.683818255597684,14.508794184713249,-80.40413231961585,-1.5523825801216493,0.1401858228750486,-0.9503609750969846,0.12581191066156203,-63.04950490981194,-42.91978896547097,-1.5665555942367428,0.09432662242952088,0.11901096269165896,0.03373077190364717,-234.94454070219655,44.960975968118056,-0.8478820727293215,0.7767726758578547,-0.33880666774639284,0.035531683351123416,232.93816544227252,95.9210036244543,1.1556304336352117,-1.150341435898846,0.0011768579359167977,0.02692421360319858,361.50877847136684,16.574555525152384,-1.728502146202582,0.024626911233576618,2024-09-18 22:46:00.609842944,2024-09-18 22:46:07.276814848,010,RP
665,0,0.7194321067745121,0,-4.933925234429833,0.7210591748946878,-11.194782367290262,-38.23421921592359,-1.4364440098710565,-0.05334051137285019,-0.844981307713987,0.06985267414728985,57.270343825651686,65.39237001902883,-1.3984665386435613,0.005780208146218969,-1.0744316607127535,0.0995355725072649,-98.08599809270225,-88.38670182341001,-1.402311415759585,-0.21389574209109188,6.755676162832971,0.691990051089576,14.446188468957688,-80.59377108353,-1.5834854093219806,0.031015429873037383,-0.9530961468954471,0.12677648720254064,-64.8648702182644,-44.822457873901044,-1.5911724585276406,0.14627836210394138,0.1169868784468056,0.03189881557770585,-233.51709502465647,44.31843601090064,-0.5760929787311868,0.8786875950149124,-0.335046805518429,0.031554529947076235,259.72274560498755,104.01927623542663,1.285206090058284,-1.0675666545417644,0.0030782261402520572,0.02745023724223644,357.7683479022855,15.898708119332394,-1.6976667457873102,-0.06200549647069933,2024-09-18 22:46:00.671457024,2024-09-18 22:46:07.344696064,010,RP
666,0,0.7194321067745121,0,-4.932936800649911,0.7212254333065391,-10.956428970081223,-37.04737167022045,-1.4375516175651737,-0.057358724381704834,-0.850145224554235,0.06890888051416018,61.52032860969237,69.30121358053725,-1.3927372652475651,0.09526182505548889,-1.081105542911399,0.10367012412961547,-96.27495637836431,-87.08338898420278,-1.4277514784651277,-0.15645963631464208,6.8010071133463805,0.6949125233106482,14.41751508375311,-81.05362264138364,-1.5784167197155479,-0.0775820680827579,-0.9563510604923674,0.12758960763365915,-65.9924496591011,-46.1119492159705,-1.601678463469181,0.21067235426547662,0.11506707870451156,0.02980620719850113,-229.60347407895537,43.41980102267245,-0.2928358196880083,0.9595109063076332,-0.33192973013067556,0.02743944450917557,291.74522743102597,113.83891460809298,1.1924519756829266,-0.8800106254611444,0.005090201116064171,0.02793286319828252,354.0254880794326,15.197939065462913,-1.6403334669615077,-0.14285527627142644,2024-09-18 22:46:00.749100800,2024-09-18 22:46:07.407717120,010,RP
667,0,0.7194321067745121,0,-4.932483715716623,0.7214106711112757,-10.384157281583487,-34.219686692850765,-1.4388408074075774,-0.05891532949098906,-0.855166178501929,0.0697418720454892,57.694907590647446,66.3387336433159,-1.3492839752441612,0.18337463378626423,-1.0890197650878266,0.10770519239459717,-93.84147642243342,-85.19522260905332,-1.4015031034011645,-0.10527073331143763,6.8494074163742935,0.6930084902585343,14.440003915440492,-81.90546991089194,-1.542720775561083,-0.18219275043530078,-0.9602655806794973,0.1281387271362666,-66.52044648502465,-46.877295171001634,-1.5892985314007109,0.28968157409144085,0.11333556610002493,0.027552735446533645,-219.5303966545654,41.88060178100818,-0.0398071906294879,1.0019665517996108,-0.32960354120994634,0.02364515333697014,318.37119384729175,121.93627291130561,0.7798908896059125,-0.5192116338740308,0.0072232042975649,0.0283387549581036,350.62359322527993,14.467374154587512,-1.5590035294706408,-0.21842188254197686,2024-09-18 22:46:00.811159040,2024-09-18 22:46:07.469304320,010,RP
668,0,0.7194321067745121,0,-4.933282735151482,0.7209050717302377,-9.520669684168498,-29.968155379988577,-1.4358109310463048,-0.056976965582576644,-0.8599272350758231,0.07214608014206943,47.03100949829927,57.4432459606973,-1.2960123468120255,0.21996788376271195,-1.098168952400977,0.11158089391445206,-91.16614808215625,-83.1158333338139,-1.3283446564480546,-0.07181626101427105,6.900763496572792,0.6868525240314302,14.524702719560567,-83.23153832571508,-1.4827194593130362,-0.27996956495799746,-0.9649369712655046,0.12826530302878209,-66.60036791791174,-47.26515730387803,-1.5434826698077642,0.38405197340742825,0.11187584579791013,0.025297671592422934,-196.62411270344955,38.99748891296202,0.09962625945449943,0.9808035160126525,-0.3281682202289782,0.020814892490432658,309.6631166574903,118.62159386404697,0.02867178447871721,0.007560492787957977,0.009477136850543794,0.028632134163882536,347.9978396110435,13.701976850312555,-1.4570180001534776,-0.2891319596285643,2024-09-18 22:46:00.889416960,2024-09-18 22:46:07.548137984,010,RP
669,0,0.7194321067745121,0,-4.935866553261759,0.718760691008133,-8.421176684057086,-24.565804333945103,-1.4259421271529586,-0.053871778750951865,-0.8643662032508451,0.07568995594089419,32.42925390799478,45.03075107471108,-1.242186708834281,0.19096289464588045,-1.1084775386449637,0.11526307840632796,-88.4838771095766,-81.08239030818692,-1.223761429519426,-0.06278591537195055,6.9548282477589956,0.6770753813191493,14.678191973129463,-85.08430416075015,-1.4046607339728316,-0.36830583614406887,-0.9704237302772447,0.12778799168944885,-66.41679182432215,-47.45243087520589,-1.4535717984639613,0.49328826469673154,0.11076734443233187,0.0232834672068821,-150.69867271804682,33.69249178645514,0.008198358930691985,0.8756426869547799,-0.32767196566941026,0.01969737219123434,228.22855020443976,91.78409766736844,-0.5031120462340914,0.33237722001625536,0.011842809596569293,0.028778598140664278,346.61054988888264,12.895157253503783,-1.3382148581102113,-0.35522534930884203,2024-09-18 22:46:00.950851840,2024-09-18 22:46:07.602061056,010,RP
670,0,0.7194321067745121,0,-4.940556104542267,0.7141026197131616,-7.135901965141623,-18.255324015295606,-1.4115302658543938,-0.0541868283013888,-0.86847723321437,0.07991284104867309,16.577969365895886,31.397588967205852,-1.1851460822998645,0.11514646006630276,-1.1197982810596376,0.11871601637898715,-85.94337740504065,-79.2392462866242,-1.1098750661205388,-0.07814420810285957,7.0111715324790636,0.6642559943171251,14.904375658167998,-87.4971343239214,-1.3145183193276584,-0.4449785757639733,-0.9767508519565106,0.12652327125525512,-66.16347247006118,-47.62522810353343,-1.309899042877572,0.6160361565959329,0.1100823041163446,0.02184892837875797,-72.14653652191856,24.9420569743468,-0.32386763075038427,0.7180740829199566,-0.32811033521979827,0.02071910190760449,96.5550042814413,48.680694821932775,0.04567334364723452,0.02056809111995802,0.01430376310565554,0.028748263135077324,346.9134179949297,12.03783265082727,-1.206644741533298,-0.41666317484270504,2024-09-18 22:46:01.900635904,2024-09-18 22:46:07.683782912,010,RP
671,0,0.8806378986310559,0,-4.947447987027034,0.7063893769422629,-5.699576107641142,-11.198356340656533,-1.3986921336534228,-0.06278516126670407,-0.8723055339402358,0.08446263175338342,1.148163466836667,18.00154934598963,-1.1271209914021896,0.019257574139632923,-1.1319172051033979,0.12186973349992379,-83.66057457175384,-77.69684374660402,-1.0107400318559812,-0.11095924377070036,7.069144464776773,0.6488095786663404,15.206938662833272,-90.50004627456772,-1.2181000068112453,-0.5088440362680193,-0.9839136230944139,0.1243015654286052,-66.03212144763772,-47.96990385415555,-1.1042684686112783,0.7503816861699846,0.10988360542294266,0.02138801418517485,34.33530385578171,13.227113019034435,-0.5267301730531062,0.6431309577907279,-0.32942903778379645,0.023595098785771103,-12.346803597345762,12.932604371220872,1.061387989842613,-0.5843575894638866,0.016837950384272916,0.0285177199962441,349.34217636919414,11.11779376716159,-1.066565449847711,-0.47306345748475714,2024-09-18 22:46:01.968508160,2024-09-18 22:46:08.626884096,010,RP
672,0,0.8806378986310559,0,-4.9564134960187545,0.6955694370564485,-4.129740548854486,-3.4687017913982605,-1.3939779377406318,-0.08297292616421688,-0.8759380523036101,0.08914145620474288,-13.039375113930566,5.578315159447492,-1.07628224672849,-0.07709493819377669,-1.14456441244171,0.12459804582424094,-81.74927896217582,-76.5673154428762,-0.9469835492181269,-0.1494626526514841,7.1278605811434135,0.6308980816602898,15.59227549630852,-94.13956588046587,-1.1209568697584396,-0.5608884816286193,-0.9918788322237205,0.12098198693493237,-66.21342725038468,-48.67569689864184,-0.8302902133389174,0.8938771367343465,0.1102234763144919,0.02221064888395693,138.79710741016686,1.7013003188554774,-0.107651343634239,0.7858922752922802,-0.33153058781307954,0.02763650265358568,-73.49600570341542,-7.366173972766775,1.6038765983783279,-1.0184671061309933,0.0194190262246795,0.02807129247567146,354.3314375687356,10.119228521624333,-0.9227342088747741,-0.5236466413102818,2024-09-18 22:46:02.022408960,2024-09-18 22:46:08.694571008,010,RP
673,0,0.8806378986310559,0,-4.967104722118583,0.6821228462291368,-2.4321545930899435,4.919233435740549,-1.4009509124265047,-0.11531306868028514,-0.8794932768992424,0.09388901207572099,-25.617336009197196,-5.530274792157799,-1.0411123143401466,-0.16344633669360567,-1.1574293720671314,0.1267181954246002,-80.32628000160922,-75.97199582275113,-0.9306178456317977,-0.18064675395939858,7.1861971959095206,0.6103914142162687,16.07197654066008,-98.496392749215,-1.0274381074280015,-0.6050782693890828,-1.0005842335404904,0.11647058678235316,-66.90660152636666,-49.945690607058545,-0.48421172663159906,1.0431841395762624,0.11114263541371255,0.024382195961090793,207.75581030404012,-6.090528279702362,0.7010217427642527,1.0741807893218138,-0.33428365268304583,0.032221232326985656,-102.07551816633178,-17.122177062155988,1.6111184935632297,-1.2207947270461252,0.02201731639779756,0.027402407782656117,362.3316269743575,9.022429927976807,-0.7808794361805562,-0.5671835434329151,2024-09-18 22:46:02.100077824,2024-09-18 22:46:08.756568064,010,RP
674,0,0.8806378986310559,0,-4.978968009811936,0.6669996803079207,-0.6108025190767116,13.958833797204504,-1.4182672345721132,-0.15716796749310646,-0.8831114637417476,0.09873971632022335,-36.40625643439167,-15.150782409133045,-1.0271760582235339,-0.2353459809040249,-1.1701791940042898,0.12801206674736695,-79.4994470531268,-76.02859887641463,-0.9617332463354344,-0.19388282226992945,7.242822088890192,0.586902979657748,16.66323474816222,-103.68884470635197,-0.9384293825708729,-0.6482269773946356,-1.0099378742955654,0.11074396560743427,-68.33373481850477,-52.012826885277555,-0.06693871273525787,1.1931672281410477,0.11266946444403615,0.02771659530485961,234.8286130173259,-9.458014064797917,1.2693745059594272,1.3221724249922144,-0.33753370108224534,0.03691618382825624,-114.40585479214334,-21.615831593470084,1.3121341759778264,-1.2701066654782216,0.024600687272350482,0.026515175886152445,373.8162064908815,7.803864406781428,-0.6481997583225683,-0.6019812728825323,2024-09-18 22:46:02.172077824,2024-09-18 22:46:08.830416128,010,RP
675,0,0.8806378986310559,0,-4.991269742310102,0.6514744776636443,1.3200173512871165,23.588562664803714,-1.4398957769123113,-0.20302394426775583,-0.8869444139431039,0.1037747709722595,-45.31049038699922,-23.18788634177166,-1.0366276525032594,-0.29115080642175983,-1.182478291027863,0.12826194554326875,-79.34823540076661,-76.82756579277509,-1.0282392336563224,-0.1833592868905294,7.29624964456008,0.5599251124580453,17.384097315360723,-109.83871385819853,-0.848135449310234,-0.6981757543449846,-1.0198185026513487,0.10387562475502532,-70.75584809946453,-55.15812306262217,0.4116406683781362,1.335050620421819,0.11481916096756832,0.03191369440227483,234.27875223411377,-9.899689764049764,1.4025200041857975,1.4466183857600947,-0.3411144663744384,0.041428490264800895,-119.60236290054463,-23.798096197941224,0.8810016949049593,-1.2318667413845106,0.027135501069285965,0.025425498074858697,389.27467956209495,6.436836516496818,-0.5337366546626519,-0.6259556217894656,2024-09-18 22:46:02.239788032,2024-09-18 22:46:08.895845888,010,RP
676,0,0.8806378986310559,0,-5.003135772333566,0.6369480718332867,3.3248091245886147,33.63447146741035,-1.4576091467854222,-0.24573434731807697,-0.8911435651433821,0.10907825501761172,-52.308792086324274,-29.614643468150938,-1.0685378420370424,-0.33018178936629655,-1.1940068281270093,0.12729395760496284,-79.89748841914422,-78.39814672265686,-1.1084226677082298,-0.14911978391296196,7.344921615443129,0.5290959048021471,18.236952760187627,-116.94898852811725,-0.7420742594010021,-0.7598871422426317,-1.0300776931600184,0.09606106582004731,-74.48406294405262,-59.724371734595294,0.9240674580666361,1.452942168036212,0.11759298899771728,0.036676835180512825,221.1583214205723,-9.006668057562974,1.2428275736273289,1.4655793624895015,-0.3448599325980847,0.04555293241448342,-122.00415425121494,-25.0743444117603,0.4159212549261735,-1.1443785245816993,0.029587794476017434,0.024161116003477742,409.18511832153314,4.8931148164576035,-0.4484519493828767,-0.6368045952326318,2024-09-18 22:46:02.301833984,2024-09-18 22:46:08.958321920,010,RP
677,0,0.8806378986310559,0,-5.013598475860902,0.6247436294427662,5.341336051321143,43.77931428596459,-1.465127350493552,-0.27863988847252863,-0.8958462384782611,0.11470063518585079,-57.4742840939122,-34.488121214762195,-1.1193774243779908,-0.35206107469154313,-1.2044750266680826,0.12502572793308298,-81.07401345259248,-80.65162451539977,-1.1754856345535802,-0.09729705592717633,7.387298269875302,0.494632296198437,19.165345378725263,-124.58012275781981,-0.602240861672557,-0.8292224907712729,-1.0405438232216475,0.08763924684953174,-79.86437243215485,-66.10237942975198,1.4104440857865752,1.5179824123319963,0.12097754094389739,0.041752291334926216,204.3913283824846,-7.726760297969608,0.9531352616772231,1.4205970597726203,-0.34861539114374884,0.04914588078259695,-123.57280511052365,-26.079381788335446,-0.029753032934014545,-1.0296581523990957,0.03192474657397926,0.0227606510500408,433.94944488158166,3.1462739462365326,-0.4047602383926243,-0.6322978677697381,2024-09-18 22:46:03.224868096,2024-09-18 22:46:09.019917056,010,RP
678,0,0.8914983623059582,0,-5.021644771910635,0.615940639034644,7.284010322581488,53.57771235493441,-1.462086816740109,-0.2980322164788115,-0.9011606649212572,0.12063006536325038,-60.98480209713522,-37.95710480794567,-1.183973038473682,-0.35660279755879054,-1.2136319128814483,0.12151760967427605,-82.62442825792607,-83.27564291740279,-1.2042370009630847,-0.04029374460439746,7.421944167799443,0.45796926230357293,19.95358932134236,-131.09442589020213,-0.4322808178749957,-0.8848612349306634,-1.0510272974369792,0.07910688636837963,-87.17830501911828,-74.62677831938052,1.7608369985863392,1.481121297507518,0.12494376436170417,0.0469268882144885,188.06963638974491,-6.498128332671676,0.626858570300914,1.3428441193349494,-0.35224531058431374,0.05211693007349786,-125.14248767281437,-27.08085443760416,-0.42669912963982215,-0.9013503108238871,0.03411631034046742,0.0212719320807828,463.7635849332457,1.1780976118096704,-0.41502194681000715,-0.6107860439475132,2024-09-18 22:46:03.286916096,2024-09-18 22:46:09.941905152,010,RP
679,0,0.8914983623059582,0,-5.026262292527339,0.6112690728499545,9.057183477688161,62.52377979040563,-1.4551755511173012,-0.3049230251916579,-0.9071508983911194,0.12677146409832335,-63.11053130526309,-40.250775171510284,-1.2569454421659083,-0.34376705151995174,-1.2212689884906225,0.11702803204504822,-83.96586818372174,-85.5449109044708,-1.1819529239448205,0.003201011473886401,7.447596953759205,0.42262536713445414,20.03418620233631,-132.20654413156453,-0.31302493890797267,-0.8855416355948842,-1.0613258716794358,0.07111118830958903,-96.353255931238,-85.2622033403729,1.8207857655770594,1.2734319664160758,0.12944573627142403,0.05201725733644778,173.73536006555756,-5.489301600067046,0.30478725944815777,1.2501488118247468,-0.355636750484469,0.05442729480160334,-126.99447771463547,-28.163903383905282,-0.7591603913698011,-0.7688231134512808,0.03613671821142732,0.019749479200088453,498.39555496491266,-1.0103797275949726,-0.4882646163393485,-0.5720882179938792,2024-09-18 22:46:03.348960000,2024-09-18 22:46:10.003918080,010,RP
680,0,0.8914983623059582,0,-5.026480443251513,0.6110675908860668,10.574844082529616,70.15424697126909,-1.4546726703540123,-0.30503849930280647,-0.9138237315169604,0.1329357174385501,-64.18132161198328,-41.65041480915269,-1.33387255242809,-0.313537965646016,-1.2272203025792114,0.1120710649673483,-83.96142053894732,-86.03915991878732,-1.1244434758334105,0.010925503578865303,7.463213539302709,0.3950994979119612,18.30634878244472,-119.62419008833915,-0.40456847578667654,-0.804236133539411,-1.071229290256012,0.06438328934713032,-106.4397952407353,-97.02142631072807,1.4809223318945524,0.8399119715831561,0.13441953193354736,0.056862355397347034,161.7910511067893,-4.747877360811257,0.0010099232471003639,1.1513652251038058,-0.3586989222119109,0.05608792393581771,-129.1114881700373,-29.31215165176826,-1.0199186756739658,-0.6392948786228309,0.03796565789462356,0.01825054919679694,536.8743286756486,-3.3827870949053587,-0.6249019735689205,-0.518694824357375,2024-09-18 22:46:03.426700288,2024-09-18 22:46:10.081221120,010,RP
681,0,0.8914983623059582,0,-5.021400076799493,0.6153000568353693,11.7791828291069,76.14798956271264,-1.467661632178582,-0.30673827581649205,-0.9211203713449344,0.13884319432016534,-64.54306075203444,-42.45192808765263,-1.411266256573076,-0.2658507313858148,-1.2313605372189536,0.10746108551183232,-80.73591537276326,-82.41502012626975,-1.0848117164559257,-0.03083663139686734,7.467993678362422,0.38478999576279427,13.62038007883758,-84.71691232565253,-0.5838570572586761,-0.7333849593560078,-1.0805232165817906,0.059559102248419336,-115.31286039102041,-107.59822282295234,0.8495811129717814,0.22700470075154133,0.13978267977935535,0.06132029525710873,152.18456998002918,-4.272767012877313,-0.28158406776791267,1.0502499794045335,-0.3613606698448353,0.05715441611475711,-131.2830092541189,-30.440516163314115,-1.2080164740900567,-0.5190161856779529,0.03958914229461071,0.016829485234675357,577.1615999030776,-5.849332705548122,-0.8111519533834279,-0.45667192288141367,2024-09-18 22:46:03.488699904,2024-09-18 22:46:10.143211008,010,RP
682,0,0.8914983623059582,0,-5.010206487464793,0.6236160131475472,12.650494293607434,80.3815885794683,-1.4920709956057416,-0.3177890156252667,-0.9289149010772048,0.1441447812506192,-64.51450245501503,-42.92848266604538,-1.4851801741048585,-0.20074053225885297,-1.2336019951062063,0.10429785942856133,-71.97141058879762,-71.78407569294869,-1.1109471646470324,-0.09989543483750034,7.461383598511765,0.40096546610955364,6.56372159703905,-31.974444669344635,-0.10541172991479808,-0.8816357718416726,-1.0889925136505199,0.05689708469606002,-120.70197374483068,-114.44354579096215,0.2369167466841171,-0.36447605526028154,0.14543466377849676,0.06526802712422297,144.70947885986627,-4.045774403546137,-0.5437026181939988,0.9478673870606209,-0.36356772111793545,0.05771936582334523,-133.1387385875947,-31.404947780808346,-1.3279956526861953,-0.41387462898759925,0.041000142255087,0.015531288655242,615.9646058441953,-8.254636463710595,-1.0173448582268372,-0.39519240788377347,2024-09-18 22:46:03.566511104,2024-09-18 22:46:10.204839936,010,RP
683,0,0.8914983623059582,0,-4.99216592282386,0.6354339106635527,13.205639343134653,82.92474271789884,-1.515282815482436,-0.34253938253388777,-0.9370200190247246,0.1484602426983296,-64.35264962645189,-43.299720977269416,-1.5492458075754265,-0.11877248350922402,-1.2338905208712074,0.10381045853070735,-56.33788520898894,-52.514782525301705,-1.1289221432850545,-0.11637827353235394,7.443063859020952,0.44740340416960306,-0.0997957262393384,17.742785963256765,1.127422622662154,-1.243492525836735,-1.0964234040278407,0.05607804251298896,-122.2736712953512,-117.0637149046302,-0.19138143312365896,-0.7198599445887407,0.15125886957106513,0.06860272344564172,139.1262438655851,-4.044078374776749,-0.786079707706933,0.8440041542159531,-0.3652808785719499,0.057904146378178784,-134.15011959562355,-32.002473546421506,-1.38997346506684,-0.3294492747955469,0.04219888411961129,0.014386318808794414,648.8778245232098,-10.381920124840399,-1.2044508394432887,-0.3439579520740094,2024-09-18 22:46:03.623783168,2024-09-18 22:46:10.282030080,010,RP
684,0,0.9348000852943876,0,-4.96661269666376,0.6500270687674993,13.488059300680467,83.98996657611333,-1.517654293667074,-0.38050333401313413,-0.9451987872666633,0.15142970234493983,-64.22765124539738,-43.70789806613582,-1.5933779485508697,-0.021711874230977105,-1.2322004327530527,0.10701866987945081,-35.53901581652463,-26.791190668739198,-0.9299551339333152,0.011641401848203262,7.412927611471499,0.5206490840762302,-4.413510149223697,49.71703124869002,2.1190755568507047,-1.5716747067252974,-1.1026039142832162,0.05631965997284675,-121.91943314641944,-117.42884421443306,-0.510987939022026,-0.8009074688393678,0.15712621358713647,0.07124430434978832,135.20271725335303,-4.243891028711564,-1.0078025353894178,0.7380722666623725,-0.36647528687551506,0.05785121782173884,-133.6293587081327,-31.97185756755405,-1.4097392716081951,-0.2703866466688613,0.04319262534484659,0.013407890625872616,670.9226941838567,-11.978912565238414,-1.3384662075461393,-0.3091914352485249,2024-09-18 22:46:04.573955072,2024-09-18 22:46:10.344515072,010,RP
685,0,0.8577878318712738,0,-4.93293978686665,0.6666037656548288,13.554890620564631,83.86545924880885,-1.4784484407800529,-0.42629832876800344,-0.9531791421377361,0.15277231409664188,-64.20011075827311,-44.19420649771839,-1.6042542136481188,0.08657432867903411,-1.2285290081787226,0.11436333302269736,-14.190068045797368,-0.4329102222920188,-0.44567615031458185,0.284349252111021,7.371052907055751,0.613680674871464,-6.522621194657894,65.07858591850653,2.395065053117796,-1.7333247586510145,-1.1073226787438213,0.056754585666060654,-121.67576658313057,-117.73433579104,-0.7728311292218741,-0.7172591524503287,0.1629003951579456,0.07313889051692342,132.71693489890507,-4.61964113918298,-1.2056312754612153,0.6297794608566744,-0.36714008840756485,0.05771719838846364,-130.7538249766662,-31.0049708615605,-1.4076234782256996,-0.23900948522827514,0.04399478630978014,0.012593596607284869,677.2781282770944,-12.796706525838623,-1.4049547767210382,-0.2905252659983306,2024-09-18 22:46:04.643430912,2024-09-18 22:46:11.300691968,010,RP
686,0,0.8577878318712738,0,-4.89060817615994,0.6843855363913558,13.465473863245897,82.85435657145837,-1.381504294963359,-0.47029876566929324,-0.9606666615979612,0.15234927905181136,-64.18577577108744,-44.66113493208587,-1.5686279351860386,0.1989019983047114,-1.2228910797494987,0.12560094617620784,3.3950475162972924,21.151773323005642,0.10216658432063319,0.5997882192751541,7.317665784097738,0.7196326421684686,-7.298129005897543,70.40526891438766,2.1632635549686796,-1.7518444041536296,-1.110367146420852,0.05682584955454118,-121.78243789889929,-118.22321805397542,-0.9224684634985962,-0.6009299128777438,0.16844437747029237,0.07426322705260648,131.4389133856024,-5.140145940609461,-1.3740153097562569,0.519701511646441,-0.3672776548496393,0.05766695790698568,-124.64592622431674,-28.77966347022822,-1.4048147570745564,-0.2333132607999605,0.04462337855114946,0.011930123395701658,663.771284137913,-12.61971728346869,-1.4138276981752798,-0.2811851556106608,2024-09-18 22:46:04.698384128,2024-09-18 22:46:11.357032960,010,RP
687,0,0.8577878318712738,0,-4.839184739638185,0.7026912868299108,13.273033889088277,81.23066304477643,-1.2194309969887887,-0.4995471181032026,-0.9673523383022519,0.15023612601782554,-63.88546164951045,-44.799750710172745,-1.4811256203536183,0.30328830798867756,-1.2153143876335553,0.14003351339292308,15.63321086722922,35.99926609185294,0.46599611044850464,0.8570391900485212,7.253091386131975,0.8331150407254851,-7.411072218304088,70.75318406858335,1.7137731536144551,-1.6865789910219782,-1.1115229991946582,0.05661189703200879,-119.42880541874759,-115.74786398928154,-0.9413497009151564,-0.5501844407070584,0.17362743043725898,0.0746300770177473,131.09595623750423,-5.761854022233209,-1.5058224848498165,0.40980225044724594,-0.36690195664491126,0.057868253708134226,-114.53756055233534,-25.024055075986837,-1.4165811906827395,-0.24500047253311988,0.04509878519737798,0.011400225799333525,626.8673103975938,-11.27095417887914,-1.391902390310374,-0.2716425588314842,2024-09-18 22:46:04.776043008,2024-09-18 22:46:11.434196992,010,RP
688,0,0.8577878318712738,0,-4.778404674485766,0.7210344788688924,13.01952535197718,79.21256080147364,-0.9962138765982704,-0.49895524238193373,-0.9729156856714336,0.14681603039546065,-62.6605493025738,-43.96343128926224,-1.3581734727911619,0.38231299720705175,-1.2058368967835063,0.15683195719647414,23.15995219865283,44.92712488887787,0.5775678079947557,1.018164225413758,7.17770258179331,0.9502308730742202,-7.230931450306371,68.90147533963446,1.2184987563493186,-1.5812247607391718,-1.110576868438287,0.0571232255591584,-107.88164663891007,-102.81086128620662,-0.9638252415715893,-0.569878163135498,0.17833189269607852,0.07429419055123866,131.32083218522854,-6.418692554015902,-1.5939837412379143,0.30387804559113285,-0.36603592138262653,0.05848504858320542,-100.02108034368565,-19.611308301286673,-1.444064077826572,-0.2589165541629135,0.045441203901406484,0.010989694440170866,563.444368303872,-8.603590427195414,-1.369571136191861,-0.2545968293534308,2024-09-18 22:46:04.838047232,2024-09-18 22:46:11.496311040,010,RP
689,0,0.8577878318712738,0,-4.708241797353794,0.7392419711810544,12.732799514630127,76.94909887210765,-0.728129791900384,-0.4531623319023735,-0.977026613671083,0.14289928755439102,-59.38381170919307,-41.01956446111412,-1.2516828775278144,0.4176600815520965,-1.1945069476237915,0.17524361366560037,27.335004210526346,49.651852442799324,0.49620893251556897,1.092135771418489,7.091884922249842,1.0682868574630502,-6.93763612689961,66.20091704441512,0.7539753953062962,-1.4607009104386866,-1.1073237800522187,0.06039717045550978,-80.29119204517389,-71.90834628036058,-0.8815657369289744,-0.4348125333154946,0.1824588223445732,0.07335811512686705,131.58191522069538,-7.008281293011546,-1.6343158905123447,0.20779649847760023,-0.3647077759359996,0.05966783382645415,-81.31771728079158,-12.657203813669911,-1.469738405233573,-0.25555155701455956,0.04566823565165221,0.010692402190859193,471.041745600882,-4.511645439866697,-1.3678320793719072,-0.22915222044622685,2024-09-18 22:46:04.915201024,2024-09-18 22:46:11.567316224,010,RP
690,0,0.8577878318712738,0,-4.628965543403654,0.7575905623876559,12.425310205693073,74.51633280825503,-0.44230163437525016,-0.34953064608314727,-0.97935035765093,0.13983401604462004,-52.47904172743546,-34.39536828494201,-1.225301002392467,0.40858462731490014,-1.1813852301287635,0.19466602638053382,29.376858163718794,51.70538634220494,0.3066329528292919,1.1031184068064674,6.9960311986826005,1.185499347227816,-6.61407649455251,63.272285506362614,0.3468180268905452,-1.3378402818641493,-1.1015792688936819,0.06882138867156114,-41.83347260312374,-29.08288616543293,0.1369984843859613,0.13489781427504044,0.18593195823829228,0.07197679320061562,131.1021733500782,-7.37608382027611,-1.6295012081174858,0.1291831797549638,-0.36294658421312015,0.06154152071191263,-59.417573165522505,-4.565405222659539,-1.4628638159466838,-0.21703849963754912,0.04579303692423637,0.01051266451034407,349.1195326951801,1.0127563483174766,-1.3870267698217913,-0.20327368331256868,2024-09-18 22:46:04.983638016,2024-09-18 22:46:11.629801984,010,RP
691,0,0.8577878318712738,0,-4.541165531793192,0.7769157343046478,12.094640224388888,71.92376330643427,-0.17209813114444428,-0.18255298923849042,-0.9795587390339843,0.13948358175659073,-40.6713285588032,-22.839955317898124,-1.2326472260529053,0.4037054189994736,-1.1665462870224852,0.21464856469670174,30.14344452440179,52.163723288009145,0.07299262981937016,1.07364773412668,6.890565239843485,1.3007396011189034,-6.29686210351145,60.38893913054372,0.001131594096992039,-1.2187366453321966,-1.0931949568359403,0.0837615137852064,-8.864684315614152,7.309171812227957,1.9380658883336084,0.9198040173574444,0.18869980216217586,0.07035894490010039,128.79753451083002,-7.304069281169646,-1.5930006294077401,0.07589353200141422,-0.3607775035763674,0.0641938208857648,-35.95440170211499,4.02846071132906,-1.395677986872659,-0.1343144668411429,0.0458233185728593,0.010464899862725157,201.24245560022229,7.778402846646522,-1.3995071953129954,-0.19352519677812105,2024-09-18 22:46:05.926721280,2024-09-18 22:46:11.706973184,010,RP
692,0,0.3041787086034129,0,-4.445732866193962,0.7986039312552935,11.727346384290598,69.13664925388166,0.05024598673256797,0.04107236322680397,-0.9773486092742236,0.1438688631765023,-24.648349279276125,-7.09002988900584,-1.01123283842299,0.49712539132405076,-1.1500778203891817,0.23486798412703402,30.179299047660365,51.70854246960655,-0.16656692779981785,1.0200838040973599,6.775982081922221,1.4133195275651191,-6.001142159929061,57.66363174674733,-0.2881317229030813,-1.1058400970624467,-1.0820758546225098,0.10503041815320177,10.730152342417965,28.61083876615164,3.2294101897370773,1.507290454842576,0.19073597285102428,0.06876143046419626,123.30914161035115,-6.519489086475056,-1.5491130337254275,0.052509646240721734,-0.35821768303506624,0.06766758742314019,-12.817982407243285,12.40837204089307,-1.2611213932066818,-0.011209261219296803,0.04576135846384229,0.010570295403624828,37.12681743915943,15.301026398544996,-1.3563752616724885,-0.21984465763618755,2024-09-18 22:46:05.994579968,2024-09-18 22:46:12.644728064,010,RP
693,0,0.3041787086034129,0,-4.34379950408731,0.8243937962294148,11.307180499341083,66.1161250456635,0.20126054217428901,0.2994057588801353,-0.9724650306286938,0.15444876861331464,-7.840741029381352,9.375153534711007,-0.36693497199349956,0.731287535920608,-1.1320766117470384,0.2550976931216413,29.81322763230002,50.75085772321739,-0.3927180530674539,0.9530367328569024,6.652880101804267,1.522823101215553,-5.732243036725011,55.13592563773384,-0.5290168305909821,-0.999637398795888,-1.0681963176452174,0.13155522002486414,19.90172176778994,38.25894590715288,3.6000295288574726,1.8006412900028195,0.19203808570768158,0.06747132503645255,113.24493457430074,-4.747340451740364,-1.523344992530447,0.05509322376708917,-0.3552737177538994,0.07195924953337259,8.319699255274559,19.955770485015748,-1.0793522694237183,0.13721350865966975,0.04560490767841733,0.010850174223626956,-127.51266465687212,22.815203299505637,-1.2189014405717618,-0.29440014821488164,2024-09-18 22:46:06.046938880,2024-09-18 22:46:12.706724864,010,RP
