,Unnamed: 0,time,MARKER,pid,L_O_DSI,L_D_DSI,L_O_DSphi,L_D_DSphi,R_O_DSI,R_D_DSI,R_O_DSphi,R_D_DSphi,trial_id,timestamps,floatTimestamps,dateTimestamps,episode,states,actions,rewards,chosen_actions,optimal_actions,numDemonstrations,steps,seed,continuous_optimal,binary_optimal,discrete_optimal
1,8,2024-09-14 19:41:01.290396928,TASK_BEGIN,3,-0.8630422770570396,0.2702539665475326,-1.7517335660260545,0.134486603126093,-1.059039792229142,0.1053385878013772,7.006864371090178,-1.3310959232743371,0,2024-09-14 19:41:01.083511040,1726342861.083511,2024-09-14 19:41:01.083510009,0,"[-3.0571620e-03  9.8638165e-01 -5.0379626e-02 -2.2001553e-01
  8.7266648e-03  1.9081883e-02  0.0000000e+00  0.0000000e+00
 -4.0000001e-01  3.9694282e-01 -1.2091444e+01]",0.0,-2.559800703296844,[0.38460513 0.15281329 0.11700477 0.3455768 ],[0.38460513 0.15281329 0.11700477 0.3455768 ],30,171,465,0.14108111088108402,0,0
2,9,2024-09-14 19:41:01.352884992,TASK_BEGIN,3,-0.9041311260559148,0.2913300299151896,-1.8283067284401224,0.1348798888124359,-1.1038488883134745,0.1082258090482144,7.362835827911781,-1.3574735847547812,0,2024-09-14 19:41:01.083511040,1726342861.083511,2024-09-14 19:41:01.083510009,0,"[-3.0571620e-03  9.8638165e-01 -5.0379626e-02 -2.2001553e-01
  8.7266648e-03  1.9081883e-02  0.0000000e+00  0.0000000e+00
 -4.0000001e-01  3.9694282e-01 -1.2091444e+01]",0.0,-2.559800703296844,[0.38460513 0.15281329 0.11700477 0.3455768 ],[0.38460513 0.15281329 0.11700477 0.3455768 ],30,171,465,0.14108111088108402,0,0
3,10,2024-09-14 19:41:01.430832896,TASK_BEGIN,3,-0.9433638623807208,0.3103732491427425,-1.8738323996852624,0.1371841801096019,-1.1335092994997538,0.1087958057510166,7.635133110071335,-1.3767032839341693,0,2024-09-14 19:41:01.083511040,1726342861.083511,2024-09-14 19:41:01.083510009,0,"[-3.0571620e-03  9.8638165e-01 -5.0379626e-02 -2.2001553e-01
  8.7266648e-03  1.9081883e-02  0.0000000e+00  0.0000000e+00
 -4.0000001e-01  3.9694282e-01 -1.2091444e+01]",0.0,-2.559800703296844,[0.38460513 0.15281329 0.11700477 0.3455768 ],[0.38460513 0.15281329 0.11700477 0.3455768 ],30,171,465,0.14108111088108402,0,0
4,11,2024-09-14 19:41:01.492433152,TASK_BEGIN,3,-0.9807737162191776,0.3272841875124448,-1.8868002569256832,0.1394001047750336,-1.149283973606294,0.1072461514640391,7.838447053094024,-1.3910257124742176,0,2024-09-14 19:41:01.104541184,1726342861.1045413,2024-09-14 19:41:01.104541016,0,"[-3.3973854e-03  9.8254395e-01 -5.0392095e-02 -2.4562386e-01
  9.6801752e-03  1.9076144e-02  0.0000000e+00  0.0000000e+00
 -4.0000001e-01  3.9660260e-01 -1.2060742e+01]",0.0,-2.5743846626745466,[0.3836158  0.14925277 0.12244224 0.34468918],[0.3836158  0.14925277 0.12244224 0.34468918],30,171,465,0.14024485500505607,0,0
5,12,2024-09-14 19:41:01.570696960,TASK_BEGIN,3,-1.016336594257093,0.3420070605028698,-1.867316759404335,0.1398144198099285,-1.1528828690456885,0.1038895113821078,7.988095728995473,-1.4026635564210592,0,2024-09-14 19:41:01.188511488,1726342861.1885114,2024-09-14 19:41:01.188511229,0,"[-4.7593913e-03  9.6319175e-01 -5.0441500e-02 -3.4805912e-01
  1.3491602e-02  1.9055042e-02  0.0000000e+00  0.0000000e+00
 -4.0000001e-01  3.9524060e-01 -1.1905925e+01]",0.0,-2.6038520212838705,[0.3906849  0.14824993 0.17018738 0.29087778],[0.3906849  0.14824993 0.17018738 0.29087778],30,171,465,0.10045130234654713,0,0
6,13,2024-09-14 19:41:01.631312896,TASK_BEGIN,3,-1.049992076349297,0.3545394027668024,-1.816888929974329,0.1370521058461922,-1.1463141102145649,0.0991283496057488,8.098671781872175,-1.4136048160322623,0,2024-09-14 19:41:01.251513088,1726342861.251513,2024-09-14 19:41:01.251511962,0,"[-5.7818890e-03  9.4447625e-01 -5.0478112e-02 -4.2488751e-01
  1.6347503e-02  1.9040251e-02  0.0000000e+00  0.0000000e+00
 -4.0000001e-01  3.9421812e-01 -1.1756201e+01]",0.0,-2.613341401089926,[0.39053942 0.15301446 0.18614605 0.27030006],[0.39053942 0.15301446 0.18614605 0.27030006],30,171,465,0.08709890606984587,0,0
7,14,2024-09-14 19:41:02.577056000,TASK_BEGIN,3,-1.0816610196365577,0.3649363246524177,-1.7379463862523887,0.1300605909348131,-1.1317614674339846,0.0934252114843833,8.18301732885426,-1.4254428975528113,0,2024-09-14 19:41:02.973323008,1726342862.973323,2024-09-14 19:41:02.973322998,0,"[-0.05276346  0.2738682  -0.07581376 -0.7274108   0.02693587 -0.03090256
  0.          0.         -0.4         0.34723654 -6.391337  ]",0.0,-2.3557351060259037,[0.37054241 0.14870634 0.20153728 0.27921397],[0.37054241 0.14870634 0.20153728 0.27921397],30,171,465,0.1188330751091999,0,0
8,15,2024-09-14 19:41:02.639063040,TASK_BEGIN,3,-1.1112477866430486,0.3733080098499896,-1.6334508178616185,0.118099151260771,-1.1115030183429315,0.0872727248292115,8.251573458301715,-1.4392774229429144,0,2024-09-14 19:41:03.035551232,1726342863.0355513,2024-09-14 19:41:03.035551025,0,"[-0.05438995  0.23736906 -0.07581365 -0.8042134   0.02230049 -0.03090272
  0.          0.         -0.4         0.34561005 -6.099344  ]",0.0,-2.358443168481415,[0.33358687 0.10743733 0.27669252 0.28228328],[0.33358687 0.10743733 0.27669252 0.28228328],30,171,465,0.1321349337326228,0,0
9,16,2024-09-14 19:41:02.716245760,TASK_BEGIN,3,-1.138635021631727,0.3798094587474712,-1.5067461325245015,0.1007609235869963,-1.0878399474526732,0.0811615237650816,8.312097568204665,-1.4556840523785848,0,2024-09-14 19:41:03.056545536,1726342863.0565455,2024-09-14 19:41:03.056544922,0,"[-0.05515909  0.22541988 -0.10768445 -0.7646996   0.02019089 -0.04219278
  0.          0.         -0.4         0.3448409  -6.0037503 ]",2.0,3.5146781867698396,[0.31409    0.09975093 0.33585547 0.2503036 ],[0.31409    0.09975093 0.33585547 0.2503036 ],30,171,465,0.133875147291701,0,0
10,17,2024-09-14 19:41:02.785831168,TASK_BEGIN,3,-1.1636791362013388,0.3846236920136345,-1.361522863898241,0.0779976973448196,-1.062996403368102,0.0755442258787007,8.369647909112699,-1.4747487872163303,0,2024-09-14 19:41:03.119005696,1726342863.1190057,2024-09-14 19:41:03.119004883,0,"[-0.05757856  0.18839717 -0.12340324 -0.76314384  0.01359898 -0.04745317
  0.          0.         -0.4         0.34242144 -5.7075686 ]",2.0,4.986769704272501,[0.30220877 0.1056491  0.40307089 0.18907125],[0.30220877 0.1056491  0.40307089 0.18907125],30,171,465,0.14332706098247608,0,0
11,18,2024-09-14 19:41:02.853653760,TASK_BEGIN,3,-1.1861982759720695,0.387940104444854,-1.2017395676088076,0.0501142321271894,-1.0389926795407676,0.070798867055532,8.426684596473983,-1.4961439715567462,0,2024-09-14 19:41:03.219797248,1726342863.2197971,2024-09-14 19:41:03.219797119,0,"[-6.1040323e-02  1.2742603e-01 -9.0257563e-02 -7.8108931e-01
  4.3363706e-03 -3.4270357e-02  0.0000000e+00  0.0000000e+00
 -4.0000001e-01  3.3895966e-01 -5.2197995e+00]",2.0,2.093243665159531,[0.30497282 0.1117456  0.42846925 0.15481233],[0.30497282 0.1117456  0.42846925 0.15481233],30,171,465,0.1539448802490219,0,0
12,19,2024-09-14 19:41:02.916652800,TASK_BEGIN,3,-1.205952927940093,0.3899315904520631,-1.0315101450147093,0.0177322098427517,-1.017522688187005,0.0671971837881283,8.48320968406385,-1.5192135115156953,0,2024-09-14 19:41:03.219797248,1726342863.2197971,2024-09-14 19:41:03.219797119,0,"[-6.1040323e-02  1.2742603e-01 -9.0257563e-02 -7.8108931e-01
  4.3363706e-03 -3.4270357e-02  0.0000000e+00  0.0000000e+00
 -4.0000001e-01  3.3895966e-01 -5.2197995e+00]",2.0,2.093243665159531,[0.30497282 0.1117456  0.42846925 0.15481233],[0.30497282 0.1117456  0.42846925 0.15481233],30,171,465,0.1539448802490219,0,0
13,20,2024-09-14 19:41:02.979104000,TASK_BEGIN,3,-1.2226404916931424,0.3907377422273717,-0.855036646475914,-0.0182555162775071,-0.9998516186720404,0.064881769650222,8.537000875407536,-1.5430448648860586,0,2024-09-14 19:41:03.344094464,1726342863.3440945,2024-09-14 19:41:03.344093994,0,"[-0.0660007   0.06202269 -0.1318943  -0.67622674 -0.00879383 -0.05004821
  0.          0.         -0.4         0.3339993  -4.696573  ]",0.0,-2.700944403699225,[0.45913217 0.1978171  0.13981817 0.20323256],[0.45913217 0.1978171  0.13981817 0.20323256],30,171,465,0.17080501403904141,0,0
14,21,2024-09-14 19:41:03.907100160,TASK_BEGIN,3,-1.2359161732735142,0.390458986059198,-0.6766068090904542,-0.0567259927317381,-0.9867417781618254,0.0638577338710387,8.584026157724029,-1.566532683994161,0,2024-09-14 19:41:04.289224960,1726342864.2892249,2024-09-14 19:41:04.289223877,0,"[-0.07009514 -0.32849312  0.05892767 -0.29632482  0.26607656  0.72406477
  0.          0.         -0.4         0.32990485 -1.5724462 ]",3.0,-6.30057018168794,[3.53721192e-03 4.56998529e-05 3.80507945e-03 9.92612009e-01],[3.53721192e-03 4.56998529e-05 3.80507945e-03 9.92612009e-01],30,171,465,1.2675405417586119,0,0
15,22,2024-09-14 19:41:03.975988992,TASK_BEGIN,3,-1.2454260551366858,0.3891592726956879,-0.5006639078277463,-0.0963656979581645,-0.9784328280341076,0.0640046731900459,8.619069876598973,-1.588460176304686,0,2024-09-14 19:41:04.373222656,1726342864.3732226,2024-09-14 19:41:04.373222168,0,"[-0.0661788  -0.350003    0.12165592 -0.38718563  0.3921795   0.5701738
  0.          0.         -0.4         0.3338212  -1.4003671 ]",3.0,-5.487525240800531,[4.13353459e-03 2.17124886e-05 2.43545488e-03 9.93409298e-01],[4.13353459e-03 2.17124886e-05 2.43545488e-03 9.93409298e-01],30,171,465,1.4521718986324448,0,0
16,23,2024-09-14 19:41:04.031489024,TASK_BEGIN,3,-1.250836360466825,0.3868732223766645,-0.3319624974067731,-0.1357217357588444,-0.9746894173369196,0.0651060278411597,8.63654833602388,-1.6076131016421926,0,2024-09-14 19:41:04.414492416,1726342864.4144924,2024-09-14 19:41:04.414492188,0,"[-0.06372348 -0.36279863  0.15031868 -0.43003705  0.44378263  0.49512133
  0.          0.         -0.4         0.3362765  -1.2980021 ]",3.0,-5.068560886703105,[4.92076048e-03 2.06605570e-05 2.31746140e-03 9.92741118e-01],[4.92076048e-03 2.06605570e-05 2.31746140e-03 9.92741118e-01],30,171,465,1.5141436904265078,0,0
17,24,2024-09-14 19:41:04.111652096,TASK_BEGIN,3,-1.251864397201604,0.3836180324401789,-0.1757324111999059,-0.1732656138410932,-0.974882044748134,0.0668843522554312,8.631407376726672,-1.6229092608239997,0,2024-09-14 19:41:04.456070912,1726342864.456071,2024-09-14 19:41:04.456069824,0,"[-0.06099884 -0.37697226  0.17190638 -0.474415    0.4889321   0.43741888
  0.          1.         -0.4         0.33900115 -1.1846131 ]",3.0,5.2792890855468695,[7.14839312e-03 2.74304742e-05 3.62517295e-03 9.89199003e-01],[7.14839312e-03 2.74304742e-05 3.62517295e-03 9.89199003e-01],30,171,465,1.5455245133856876,1,2
18,25,2024-09-14 19:41:04.179392000,TASK_BEGIN,3,-1.248320797011125,0.3794107352122217,-0.0376914740555289,-0.2074494361303708,-0.9780590526777204,0.0690342869549228,8.599921322378693,-1.6335171048988637,0,2024-09-14 19:41:04.456070912,1726342864.456071,2024-09-14 19:41:04.456069824,0,"[-0.06099884 -0.37697226  0.17190638 -0.474415    0.4889321   0.43741888
  0.          1.         -0.4         0.33900115 -1.1846131 ]",3.0,5.2792890855468695,[7.14839312e-03 2.74304742e-05 3.62517295e-03 9.89199003e-01],[7.14839312e-03 2.74304742e-05 3.62517295e-03 9.89199003e-01],30,171,465,1.5455245133856876,1,2
19,26,2024-09-14 19:41:04.231652096,TASK_BEGIN,3,-1.240149456461333,0.3742854677058042,0.0761920873013863,-0.236742478622405,-0.9830075425762532,0.0712526000667947,8.540291081822403,-1.638952724009286,0,2024-09-14 19:41:04.456070912,1726342864.456071,2024-09-14 19:41:04.456069824,0,"[-0.06099884 -0.37697226  0.17190638 -0.474415    0.4889321   0.43741888
  0.          1.         -0.4         0.33900115 -1.1846131 ]",3.0,5.2792890855468695,[7.14839312e-03 2.74304742e-05 3.62517295e-03 9.89199003e-01],[7.14839312e-03 2.74304742e-05 3.62517295e-03 9.89199003e-01],30,171,465,1.5455245133856876,1,2
20,27,2024-09-14 19:41:04.315025152,TASK_BEGIN,3,-1.227443087226228,0.3683038373002344,0.160168623155106,-0.2596723361348225,-0.9883258768852607,0.0732648353536295,8.453065563956818,-1.6391496951508835,0,2024-09-14 19:41:04.456070912,1726342864.456071,2024-09-14 19:41:04.456069824,0,"[-0.06099884 -0.37697226  0.17190638 -0.474415    0.4889321   0.43741888
  0.          1.         -0.4         0.33900115 -1.1846131 ]",3.0,5.2792890855468695,[7.14839312e-03 2.74304742e-05 3.62517295e-03 9.89199003e-01],[7.14839312e-03 2.74304742e-05 3.62517295e-03 9.89199003e-01],30,171,465,1.5455245133856876,1,2
21,34,2024-09-14 19:41:05.664434688,TASK_BEGIN,3,-1.046172722306565,0.3121112502002937,-0.2299397710256898,-0.1821357657769055,-0.9230967495150784,0.0684928119594184,7.5838615519871855,-1.5695843798479554,0,2024-09-14 19:41:06.038395648,1726342866.0383956,2024-09-14 19:41:06.038395020,1,"[-1.9740264e-03  1.0009236e+00 -1.4628319e-01 -7.6583549e-02
  5.8131758e-03  5.5617582e-02  0.0000000e+00  0.0000000e+00
 -6.0000002e-01  5.9802598e-01 -1.2166050e+01]",0.0,-0.9316428802634533,[0.42080271 0.19483781 0.05729243 0.32706705],[0.42080271 0.19483781 0.05729243 0.32706705],30,342,466,0.1719255784974326,0,0
22,35,2024-09-14 19:41:06.607115008,TASK_BEGIN,3,-1.015055503904884,0.3034634618623289,-0.3705387483227002,-0.1445059876800622,-0.8895204084094231,0.0643177298429606,7.521365086345434,-1.5655957284200173,0,2024-09-14 19:41:06.225391616,1726342866.2253916,2024-09-14 19:41:06.225390869,1,"[-1.0876576e-02  9.7215450e-01 -1.4661190e-01 -3.0707124e-01
  3.0794935e-02  5.5464227e-02  0.0000000e+00  0.0000000e+00
 -6.0000002e-01  5.8912343e-01 -1.1935897e+01]",0.0,-2.501509736650249,[0.4311436  0.15972241 0.08164983 0.32748416],[0.4311436  0.15972241 0.08164983 0.32748416],30,342,466,0.18015678790045803,0,0
23,36,2024-09-14 19:41:06.669313024,TASK_BEGIN,3,-0.9848300158881,0.2948530028316679,-0.5029526167162928,-0.1061828434554342,-0.8500524720017757,0.0591959841795152,7.490201175110757,-1.5660624274324395,0,2024-09-14 19:41:06.288341760,1726342866.2883418,2024-09-14 19:41:06.288341064,1,"[ -0.01384878   0.95536363  -0.14671916  -0.38390636   0.03910747
   0.05541653   0.           0.          -0.6          0.58615124
 -11.80157   ]",0.0,-2.5907105320572725,[0.40165001 0.14570458 0.10935272 0.34329269],[0.40165001 0.14570458 0.10935272 0.34329269],30,342,466,0.15574964848490924,0,0
24,37,2024-09-14 19:41:06.730905088,TASK_BEGIN,3,-0.9560088673454934,0.28625350535176,-0.6166196322349395,-0.0696737036575169,-0.8057567450513263,0.0531400743624024,7.489852235014426,-1.571094345559944,0,2024-09-14 19:41:06.351340800,1726342866.3513408,2024-09-14 19:41:06.351340088,1,"[ -0.01673993   0.9349786   -0.13240942  -0.4602363    0.04574999
   0.02210112   0.           0.          -0.6          0.58326006
 -11.63849   ]",3.0,-2.0252431949175875,[0.34908054 0.13114537 0.16788856 0.35188553],[0.34908054 0.13114537 0.16788856 0.35188553],30,342,466,0.11786341231665638,0,0
25,38,2024-09-14 19:41:06.808649216,TASK_BEGIN,3,-0.9289554645928098,0.2776030768231334,-0.7030058257641024,-0.037132715163511,-0.7580437507818003,0.0461965833025512,7.517833596487399,-1.5804735287733702,0,2024-09-14 19:41:06.476345088,1726342866.476345,2024-09-14 19:41:06.476344971,1,"[ -0.02242986   0.88771236  -0.15214951  -0.47683254   0.04710019
  -0.01598906   0.           0.          -0.6          0.57757014
 -11.26036   ]",0.0,-2.284682370723516,[0.38757571 0.20416015 0.1553856  0.25287853],[0.38757571 0.20416015 0.1553856  0.25287853],30,342,466,0.08496129454443235,0,0
26,39,2024-09-14 19:41:06.870272000,TASK_BEGIN,3,-0.9038948577846098,0.2688053397049961,-0.7560956542940478,-0.0102058152168054,-0.7085755593161618,0.0384519373878981,7.570274855003517,-1.593732963740225,0,2024-09-14 19:41:06.476345088,1726342866.476345,2024-09-14 19:41:06.476344971,1,"[ -0.02242986   0.88771236  -0.15214951  -0.47683254   0.04710019
  -0.01598906   0.           0.          -0.6          0.57757014
 -11.26036   ]",0.0,-2.284682370723516,[0.38757571 0.20416015 0.1553856  0.25287853],[0.38757571 0.20416015 0.1553856  0.25287853],30,342,466,0.08496129454443235,0,0
27,40,2024-09-14 19:41:06.932500992,TASK_BEGIN,3,-0.8809280667743098,0.2597312300741528,-0.772368520704117,0.0100023238962634,-0.6591563211416394,0.0300319315403784,7.642578018427371,-1.610254610710982,0,2024-09-14 19:41:07.295376896,1726342867.295377,2024-09-14 19:41:07.295376953,1,"[-0.07005366  0.56160915 -0.19016948 -0.50321174  0.01713214 -0.01356029
  0.          0.         -0.6         0.5299463  -8.651534  ]",0.0,-2.231009515285365,[0.32319327 0.2216837  0.16990596 0.28521706],[0.32319327 0.2216837  0.16990596 0.28521706],30,342,466,0.06155306075113579,0,0
28,41,2024-09-14 19:41:07.014519040,TASK_BEGIN,3,-0.8600501612539287,0.2502271797255548,-0.7504464371708733,0.0228727414496567,-0.6116252304355599,0.021097050487229,7.73005289328471,-1.6293666939611144,0,2024-09-14 19:41:07.295376896,1726342867.295377,2024-09-14 19:41:07.295376953,1,"[-0.07005366  0.56160915 -0.19016948 -0.50321174  0.01713214 -0.01356029
  0.          0.         -0.6         0.5299463  -8.651534  ]",0.0,-2.231009515285365,[0.32319327 0.2216837  0.16990596 0.28521706],[0.32319327 0.2216837  0.16990596 0.28521706],30,342,466,0.06155306075113579,0,0
29,42,2024-09-14 19:41:07.947410176,TASK_BEGIN,3,-0.8411707435884875,0.2401326129380718,-0.6906962285227142,0.0281743146698087,-0.5677534575951475,0.0118344058512907,7.8284306951677936,-1.6504114619634205,0,2024-09-14 19:41:08.008659456,1726342868.0086594,2024-09-14 19:41:08.008659180,1,"[-0.11755061  0.2454089  -0.21197493 -0.6819512  -0.06369317 -0.0604667
  0.          0.         -0.6         0.48244938 -6.121932  ]",0.0,-2.6488660188949495,[0.37256395 0.21995344 0.15624189 0.25124072],[0.37256395 0.21995344 0.15624189 0.25124072],30,342,466,0.11575411638925473,0,0
30,43,2024-09-14 19:41:08.024713216,TASK_BEGIN,3,-0.824136613880745,0.2293046921055018,-0.5950204539350084,0.025965580305923,-0.5291362896554835,0.0024457061935545,7.934131123492887,-1.6727523609388524,0,2024-09-14 19:41:08.008659456,1726342868.0086594,2024-09-14 19:41:08.008659180,1,"[-0.11755061  0.2454089  -0.21197493 -0.6819512  -0.06369317 -0.0604667
  0.          0.         -0.6         0.48244938 -6.121932  ]",0.0,-2.6488660188949495,[0.37256395 0.21995344 0.15624189 0.25124072],[0.37256395 0.21995344 0.15624189 0.25124072],30,342,466,0.11575411638925473,0,0
31,44,2024-09-14 19:41:08.093458944,TASK_BEGIN,3,-0.8087581619266051,0.2176460474040095,-0.4668609640755121,0.0165259776435616,-0.4970818480665434,-0.0068663891940997,8.04419628796573,-1.6957111815748045,0,2024-09-14 19:41:08.461322240,1726342868.4613223,2024-09-14 19:41:08.461322021,1,"[-0.14658904 -0.00458831 -0.07617126 -0.67577535 -0.13357668 -0.04331529
  0.          0.         -0.6         0.45341095 -4.1219544 ]",0.0,-2.7268009160046347,[0.44646558 0.21906242 0.14364711 0.19082489],[0.44646558 0.21906242 0.14364711 0.19082489],30,342,466,0.18951291836906248,0,0
32,45,2024-09-14 19:41:08.148680960,TASK_BEGIN,3,-0.794823049120421,0.2051279768093462,-0.3112119601270261,0.0003176544309947,-0.4725119336595713,-0.015908847137464,8.1559911073552,-1.718479277997151,0,2024-09-14 19:41:08.461322240,1726342868.4613223,2024-09-14 19:41:08.461322021,1,"[-0.14658904 -0.00458831 -0.07617126 -0.67577535 -0.13357668 -0.04331529
  0.          0.         -0.6         0.45341095 -4.1219544 ]",0.0,-2.7268009160046347,[0.44646558 0.21906242 0.14364711 0.19082489],[0.44646558 0.21906242 0.14364711 0.19082489],30,342,466,0.18951291836906248,0,0
33,46,2024-09-14 19:41:08.228992000,TASK_BEGIN,3,-0.7820701591014442,0.1917983308969926,-0.1344060162744768,-0.0220466924579876,-0.4558947196874197,-0.0245047410715413,8.266926777086404,-1.7400736464422868,0,2024-09-14 19:41:08.461322240,1726342868.4613223,2024-09-14 19:41:08.461322021,1,"[-0.14658904 -0.00458831 -0.07617126 -0.67577535 -0.13357668 -0.04331529
  0.          0.         -0.6         0.45341095 -4.1219544 ]",0.0,-2.7268009160046347,[0.44646558 0.21906242 0.14364711 0.19082489],[0.44646558 0.21906242 0.14364711 0.19082489],30,342,466,0.18951291836906248,0,0
34,47,2024-09-14 19:41:08.296772864,TASK_BEGIN,3,-0.7701325146854532,0.1777699646166287,0.0563846345145172,-0.0498461604102909,-0.4472269277198419,-0.0324984617264664,8.374383367043347,-1.7593658543789783,0,2024-09-14 19:41:08.461322240,1726342868.4613223,2024-09-14 19:41:08.461322021,1,"[-0.14658904 -0.00458831 -0.07617126 -0.67577535 -0.13357668 -0.04331529
  0.          0.         -0.6         0.45341095 -4.1219544 ]",0.0,-2.7268009160046347,[0.44646558 0.21906242 0.14364711 0.19082489],[0.44646558 0.21906242 0.14364711 0.19082489],30,342,466,0.18951291836906248,0,0
35,48,2024-09-14 19:41:08.364525824,TASK_BEGIN,3,-0.7584957423533305,0.1631981059657334,0.2537953046601687,-0.0822930380208497,-0.4460731125033867,-0.039760317055425,8.47577247739034,-1.7751557196025547,0,2024-09-14 19:41:08.461322240,1726342868.4613223,2024-09-14 19:41:08.461322021,1,"[-0.14658904 -0.00458831 -0.07617126 -0.67577535 -0.13357668 -0.04331529
  0.          0.         -0.6         0.45341095 -4.1219544 ]",0.0,-2.7268009160046347,[0.44646558 0.21906242 0.14364711 0.19082489],[0.44646558 0.21906242 0.14364711 0.19082489],30,342,466,0.18951291836906248,0,0
36,49,2024-09-14 19:41:09.307805184,TASK_BEGIN,3,-0.7465054817761706,0.1482585300606504,0.4508726703361428,-0.1185500990225617,-0.4516470151473344,-0.0461890733454712,8.568567602193383,-1.786262166294396,0,2024-09-14 19:41:09.656603392,1726342869.6566033,2024-09-14 19:41:09.656603027,1,"[-0.0889105  -0.4968276   0.4928446  -0.25216842 -0.04736552 -0.04104964
  1.          1.         -0.6         0.5110895  -0.18404007]",3.0,19.976824594958618,[0.03626509 0.03181249 0.09740202 0.8345204 ],[0.03626509 0.03181249 0.09740202 0.8345204 ],30,342,466,0.9802896493235489,1,1
37,50,2024-09-14 19:41:09.366870016,TASK_BEGIN,3,-0.7334278778754394,0.133133683268053,0.6414914613720665,-0.1577114066217263,-0.462904456611254,-0.0517135615523961,8.650211056560266,-1.7916273294714522,0,2024-09-14 19:41:09.656603392,1726342869.6566033,2024-09-14 19:41:09.656603027,1,"[-0.0889105  -0.4968276   0.4928446  -0.25216842 -0.04736552 -0.04104964
  1.          1.         -0.6         0.5110895  -0.18404007]",3.0,19.976824594958618,[0.03626509 0.03181249 0.09740202 0.8345204 ],[0.03626509 0.03181249 0.09740202 0.8345204 ],30,342,466,0.9802896493235489,1,1
38,51,2024-09-14 19:41:09.428888832,TASK_BEGIN,3,-0.7185509237055415,0.1180083092704272,0.8205139267748703,-0.1987614709714167,-0.4786330838797086,-0.05629422357824,8.717949885108434,-1.790422259148714,0,2024-09-14 19:41:09.656603392,1726342869.6566033,2024-09-14 19:41:09.656603027,1,"[-0.0889105  -0.4968276   0.4928446  -0.25216842 -0.04736552 -0.04104964
  1.          1.         -0.6         0.5110895  -0.18404007]",3.0,19.976824594958618,[0.03626509 0.03181249 0.09740202 0.8345204 ],[0.03626509 0.03181249 0.09740202 0.8345204 ],30,342,466,0.9802896493235489,1,1
39,52,2024-09-14 19:41:09.511204096,TASK_BEGIN,3,-0.7012929999598839,0.1030697046238703,0.9837084552861056,-0.240554248719258,-0.4975506696153837,-0.0599206903845286,8.768752758819932,-1.7821301980091813,0,2024-09-14 19:41:09.656603392,1726342869.6566033,2024-09-14 19:41:09.656603027,1,"[-0.0889105  -0.4968276   0.4928446  -0.25216842 -0.04736552 -0.04104964
  1.          1.         -0.6         0.5110895  -0.18404007]",3.0,19.976824594958618,[0.03626509 0.03181249 0.09740202 0.8345204 ],[0.03626509 0.03181249 0.09740202 0.8345204 ],30,342,466,0.9802896493235489,1,1
40,53,2024-09-14 19:41:09.579013120,TASK_BEGIN,3,-0.6812822585236564,0.0885055100813037,1.1275128672160315,-0.2818453101019761,-0.5184203579772483,-0.0626021057923454,8.799411054605564,-1.766589155204323,0,2024-09-14 19:41:09.656603392,1726342869.6566033,2024-09-14 19:41:09.656603027,1,"[-0.0889105  -0.4968276   0.4928446  -0.25216842 -0.04736552 -0.04104964
  1.          1.         -0.6         0.5110895  -0.18404007]",3.0,19.976824594958618,[0.03626509 0.03181249 0.09740202 0.8345204 ],[0.03626509 0.03181249 0.09740202 0.8345204 ],30,342,466,0.9802896493235489,1,1
41,54,2024-09-14 19:41:09.645416960,TASK_BEGIN,3,-0.6584037581626079,0.0744985634528161,1.248776343690061,-0.3213719474549544,-0.5401682621351326,-0.0643524155625572,8.806767754496349,-1.7439922433864017,0,2024-09-14 19:41:09.656603392,1726342869.6566033,2024-09-14 19:41:09.656603027,1,"[-0.0889105  -0.4968276   0.4928446  -0.25216842 -0.04736552 -0.04104964
  1.          1.         -0.6         0.5110895  -0.18404007]",3.0,19.976824594958618,[0.03626509 0.03181249 0.09740202 0.8345204 ],[0.03626509 0.03181249 0.09740202 0.8345204 ],30,342,466,0.9802896493235489,1,1
42,55,2024-09-14 19:41:09.707861760,TASK_BEGIN,3,-0.6328263282529533,0.0612235174815249,1.344669081616355,-0.3579605389442549,-0.5619826224711566,-0.0651732723621102,8.787969107381823,-1.7148734115029534,0,2024-09-14 19:41:09.656603392,1726342869.6566033,2024-09-14 19:41:09.656603027,1,"[-0.0889105  -0.4968276   0.4928446  -0.25216842 -0.04736552 -0.04104964
  1.          1.         -0.6         0.5110895  -0.18404007]",3.0,19.976824594958618,[0.03626509 0.03181249 0.09740202 0.8345204 ],[0.03626509 0.03181249 0.09740202 0.8345204 ],30,342,466,0.9802896493235489,1,1
43,56,2024-09-14 19:41:10.632888832,TASK_BEGIN,3,-0.6050013759129986,0.0488469429225727,1.412876666798249,-0.3906475948488329,-0.5833786532432782,-0.0650362976069865,8.740718658955581,-1.6801060878493332,0,2024-09-14 19:41:10.894604032,1726342870.894604,2024-09-14 19:41:10.894603027,1,"[ 0.10612941 -0.5439175   0.52312756 -0.08230785 -0.2835484  -0.04389578
  1.          0.         -0.6         0.70612943  0.19267893]",0.0,-10.77182335804548,[6.61246523e-01 2.47182163e-01 1.82524117e-04 9.13887896e-02],[6.61246523e-01 2.47182163e-01 1.82524117e-04 9.13887896e-02],30,342,466,0.6372422524220529,1,1
44,57,2024-09-14 19:41:10.689298176,TASK_BEGIN,3,-0.5756241711710236,0.0375298348868958,1.4519607908292609,-0.4187855923082605,-0.6042185149314998,-0.0638696723814096,8.663565724280977,-1.640894377948678,0,2024-09-14 19:41:10.894604032,1726342870.894604,2024-09-14 19:41:10.894603027,1,"[ 0.10612941 -0.5439175   0.52312756 -0.08230785 -0.2835484  -0.04389578
  1.          0.         -0.6         0.70612943  0.19267893]",0.0,-10.77182335804548,[6.61246523e-01 2.47182163e-01 1.82524117e-04 9.13887896e-02],[6.61246523e-01 2.47182163e-01 1.82524117e-04 9.13887896e-02],30,342,466,0.6372422524220529,1,1
45,58,2024-09-14 19:41:10.768642816,TASK_BEGIN,3,-0.5455711048850669,0.0274322743916114,1.4616825292677216,-0.4420925157664446,-0.6246926693011394,-0.0615532828496944,8.556213100567636,-1.5987183041561162,0,2024-09-14 19:41:10.894604032,1726342870.894604,2024-09-14 19:41:10.894603027,1,"[ 0.10612941 -0.5439175   0.52312756 -0.08230785 -0.2835484  -0.04389578
  1.          0.         -0.6         0.70612943  0.19267893]",0.0,-10.77182335804548,[6.61246523e-01 2.47182163e-01 1.82524117e-04 9.13887896e-02],[6.61246523e-01 2.47182163e-01 1.82524117e-04 9.13887896e-02],30,342,466,0.6372422524220529,1,1
46,59,2024-09-14 19:41:10.829175040,TASK_BEGIN,3,-0.515829364037122,0.0187187148436463,1.443253824736579,-0.460633127368197,-0.6452747217571173,-0.0579226564019301,8.419730673650564,-1.5552306770982516,0,2024-09-14 19:41:10.894604032,1726342870.894604,2024-09-14 19:41:10.894603027,1,"[ 0.10612941 -0.5439175   0.52312756 -0.08230785 -0.2835484  -0.04389578
  1.          0.         -0.6         0.70612943  0.19267893]",0.0,-10.77182335804548,[6.61246523e-01 2.47182163e-01 1.82524117e-04 9.13887896e-02],[6.61246523e-01 2.47182163e-01 1.82524117e-04 9.13887896e-02],30,342,466,0.6372422524220529,1,1
47,60,2024-09-14 19:41:10.890199040,TASK_BEGIN,3,-0.4874163928590097,0.011559146857261,1.3995634902663978,-0.4747504499884715,-0.6666433373148704,-0.0527834736947652,8.256570270576246,-1.5121242045479637,0,2024-09-14 19:41:10.894604032,1726342870.894604,2024-09-14 19:41:10.894603027,1,"[ 0.10612941 -0.5439175   0.52312756 -0.08230785 -0.2835484  -0.04389578
  1.          0.         -0.6         0.70612943  0.19267893]",0.0,-10.77182335804548,[6.61246523e-01 2.47182163e-01 1.82524117e-04 9.13887896e-02],[6.61246523e-01 2.47182163e-01 1.82524117e-04 9.13887896e-02],30,342,466,0.6372422524220529,1,1
48,61,2024-09-14 19:41:10.967545856,TASK_BEGIN,3,-0.4612863864537608,0.0061225362344318,1.3352551469755074,-0.4849673271252689,-0.689564069723963,-0.0459392340385151,8.070432575111408,-1.470981374328984,0,2024-09-14 19:41:10.894604032,1726342870.894604,2024-09-14 19:41:10.894603027,1,"[ 0.10612941 -0.5439175   0.52312756 -0.08230785 -0.2835484  -0.04389578
  1.          0.         -0.6         0.70612943  0.19267893]",0.0,-10.77182335804548,[6.61246523e-01 2.47182163e-01 1.82524117e-04 9.13887896e-02],[6.61246523e-01 2.47182163e-01 1.82524117e-04 9.13887896e-02],30,342,466,0.6372422524220529,1,1
49,62,2024-09-14 19:41:11.029544192,TASK_BEGIN,3,-0.4382459434907914,0.0025651711226872,1.256416967002428,-0.4918771436765647,-0.7147474746554169,-0.0372281296601332,7.866089716052287,-1.4331321256553666,0,2024-09-14 19:41:10.894604032,1726342870.894604,2024-09-14 19:41:10.894603027,1,"[ 0.10612941 -0.5439175   0.52312756 -0.08230785 -0.2835484  -0.04389578
  1.          0.         -0.6         0.70612943  0.19267893]",0.0,-10.77182335804548,[6.61246523e-01 2.47182163e-01 1.82524117e-04 9.13887896e-02],[6.61246523e-01 2.47182163e-01 1.82524117e-04 9.13887896e-02],30,342,466,0.6372422524220529,1,1
50,63,2024-09-14 19:41:11.976998144,TASK_BEGIN,3,-0.4189074158527586,0.0010197073682339,1.1698286808195957,-0.4960468857670316,-0.7427069722556003,-0.0265600065239951,7.649116175592769,-1.3995610130473068,0,2024-09-14 19:41:12.301603328,1726342872.3016033,2024-09-14 19:41:12.301603027,1,"[ 0.33487526 -0.657476    0.12780243  0.05387786 -0.36022627 -0.06344113
  1.          0.         -0.6         0.93487525  1.1011472 ]",1.0,30.746755183897864,[2.22618330e-01 7.25927651e-01 4.22085832e-04 5.10319331e-02],[2.22618330e-01 7.25927651e-01 4.22085832e-04 5.10319331e-02],30,342,466,0.5074428189250272,1,1
51,64,2024-09-14 19:41:12.049177856,TASK_BEGIN,3,-0.4036807574037774,0.0015859313357256,1.081989263132733,-0.4979416670021331,-0.7736336857364063,-0.0139466385694721,7.425389255688501,-1.370875755125031,0,2024-09-14 19:41:12.301603328,1726342872.3016033,2024-09-14 19:41:12.301603027,1,"[ 0.33487526 -0.657476    0.12780243  0.05387786 -0.36022627 -0.06344113
  1.          0.         -0.6         0.93487525  1.1011472 ]",1.0,30.746755183897864,[2.22618330e-01 7.25927651e-01 4.22085832e-04 5.10319331e-02],[2.22618330e-01 7.25927651e-01 4.22085832e-04 5.10319331e-02],30,342,466,0.5074428189250272,1,1
52,65,2024-09-14 19:41:12.117001984,TASK_BEGIN,3,-0.3927823847383104,0.0043196207543632,0.9982150528578556,-0.4978586830269009,-0.8073113149718694,0.0004769634634089,7.20038141008668,-1.3473008823025758,0,2024-09-14 19:41:12.301603328,1726342872.3016033,2024-09-14 19:41:12.301603027,1,"[ 0.33487526 -0.657476    0.12780243  0.05387786 -0.36022627 -0.06344113
  1.          0.         -0.6         0.93487525  1.1011472 ]",1.0,30.746755183897864,[2.22618330e-01 7.25927651e-01 4.22085832e-04 5.10319331e-02],[2.22618330e-01 7.25927651e-01 4.22085832e-04 5.10319331e-02],30,342,466,0.5074428189250272,1,1
53,66,2024-09-14 19:41:12.178019072,TASK_BEGIN,3,-0.3862439050985978,0.0092186899442211,0.9220068122479292,-0.4958683852537497,-0.8430937006682484,0.0164405021477518,6.978523180163967,-1.3286687049267578,0,2024-09-14 19:41:12.301603328,1726342872.3016033,2024-09-14 19:41:12.301603027,1,"[ 0.33487526 -0.657476    0.12780243  0.05387786 -0.36022627 -0.06344113
  1.          0.         -0.6         0.93487525  1.1011472 ]",1.0,30.746755183897864,[2.22618330e-01 7.25927651e-01 4.22085832e-04 5.10319331e-02],[2.22618330e-01 7.25927651e-01 4.22085832e-04 5.10319331e-02],30,342,466,0.5074428189250272,1,1
54,67,2024-09-14 19:41:12.239578880,TASK_BEGIN,3,-0.3839121042948824,0.016210528617712,0.8547877437780526,-0.4917906936492565,-0.8799437826010328,0.033535740337807,6.762969344841764,-1.3144347547669752,0,2024-09-14 19:41:12.637602560,1726342872.6376026,2024-09-14 19:41:12.637602051,1,"[ 3.3280143e-01 -6.5843713e-01 -8.0871917e-03  2.0311116e-03
 -3.5861722e-01  9.7876569e-09  1.0000000e+00  1.0000000e+00
 -6.0000002e-01  9.3280143e-01  1.1088364e+00]",0.0,1.8009989456527933,[4.53615505e-01 1.08770581e-01 4.28197670e-05 4.37571094e-01],[4.53615505e-01 1.08770581e-01 4.28197670e-05 4.37571094e-01],30,342,466,0.5572668898490181,1,1
55,68,2024-09-14 19:41:12.317253120,TASK_BEGIN,3,-0.3854364751914749,0.0251444357642144,0.7959969489349952,-0.4852282912930438,-0.916517427711686,0.0512253166326625,6.55586110792862,-1.303768545962788,0,2024-09-14 19:41:12.679631104,1726342872.679631,2024-09-14 19:41:12.679630859,1,"[ 3.3280197e-01 -6.5843523e-01  1.3184517e-04 -2.3919656e-05
 -3.5862604e-01 -3.1967349e-05  1.0000000e+00  1.0000000e+00
 -6.0000002e-01  9.3280196e-01  1.1088209e+00]",0.0,-0.010889303392275451,[4.61504747e-01 1.08147490e-01 4.01754545e-05 4.30307588e-01],[4.61504747e-01 1.08147490e-01 4.01754545e-05 4.30307588e-01],30,342,466,0.5599846561360432,1,1
56,69,2024-09-14 19:41:12.378341888,TASK_BEGIN,3,-0.3902584575172841,0.035790850693594,0.7434027535654205,-0.475636823019984,-0.9512865041075969,0.068867277882898,6.358863467926972,-1.2957283492018123,0,2024-09-14 19:41:12.679631104,1726342872.679631,2024-09-14 19:41:12.679630859,1,"[ 3.3280197e-01 -6.5843523e-01  1.3184517e-04 -2.3919656e-05
 -3.5862604e-01 -3.1967349e-05  1.0000000e+00  1.0000000e+00
 -6.0000002e-01  9.3280196e-01  1.1088209e+00]",0.0,-0.010889303392275451,[4.61504747e-01 1.08147490e-01 4.01754545e-05 4.30307588e-01],[4.61504747e-01 1.08147490e-01 4.01754545e-05 4.30307588e-01],30,342,466,0.5599846561360432,1,1
57,70,2024-09-14 19:41:13.317639936,TASK_BEGIN,3,-0.3976350438234138,0.047848464563578,0.6934896192138561,-0.4623967006502443,-0.9826960147182588,0.0857566252056171,6.17365194018717,-1.2894590945770177,0,2024-09-14 19:41:12.931604224,1726342872.9316041,2024-09-14 19:41:12.931604004,1,"[ 3.3279577e-01 -6.5842211e-01 -1.3243582e-08  3.4410954e-09
 -3.5867786e-01  1.6594615e-08  1.0000000e+00  1.0000000e+00
 -6.0000002e-01  9.3279576e-01  1.1087158e+00]",0.0,-0.0003875664660597522,[4.61508158e-01 1.08147464e-01 4.01751384e-05 4.30304203e-01],[4.61508158e-01 1.08147464e-01 4.01751384e-05 4.30304203e-01],30,342,466,0.5599811170227108,1,1
58,71,2024-09-14 19:41:13.394943232,TASK_BEGIN,3,-0.4067110567282743,0.0609589313604305,0.6418635395340394,-0.4448779868835758,-1.009327876112654,0.1011794865843384,6.00216633982398,-1.2843284228596796,0,2024-09-14 19:41:13.077313280,1726342873.0773132,2024-09-14 19:41:13.077312988,1,"[ 3.3279166e-01 -6.5841520e-01 -1.3877706e-08  3.0918534e-09
 -3.5870823e-01  1.8016273e-08  1.0000000e+00  1.0000000e+00
 -6.0000002e-01  9.3279165e-01  1.1086609e+00]",0.0,-0.00037942821256820025,[4.61508158e-01 1.08147464e-01 4.01751384e-05 4.30304203e-01],[4.61508158e-01 1.08147464e-01 4.01751384e-05 4.30304203e-01],30,342,466,0.5599802511515156,1,1
59,72,2024-09-14 19:41:13.457048832,TASK_BEGIN,3,-0.4166119617728341,0.0747257059273015,0.5836946883750648,-0.4225128592682522,-1.0300354489355843,0.1144733395553636,5.846647079196554,-1.279963821348611,0,2024-09-14 19:41:13.077313280,1726342873.0773132,2024-09-14 19:41:13.077312988,1,"[ 3.3279166e-01 -6.5841520e-01 -1.3877706e-08  3.0918534e-09
 -3.5870823e-01  1.8016273e-08  1.0000000e+00  1.0000000e+00
 -6.0000002e-01  9.3279165e-01  1.1086609e+00]",0.0,-0.00037942821256820025,[4.61508158e-01 1.08147464e-01 4.01751384e-05 4.30304203e-01],[4.61508158e-01 1.08147464e-01 4.01751384e-05 4.30304203e-01],30,342,466,0.5599802511515156,1,1
60,73,2024-09-14 19:41:13.535511040,TASK_BEGIN,3,-0.4265176977457299,0.0887329134238276,0.5142269011430208,-0.3948894062719547,-1.0440269792413606,0.1250849395733519,5.709547316536387,-1.2762182692156336,0,2024-09-14 19:41:13.160682496,1726342873.1606824,2024-09-14 19:41:13.160681885,1,"[ 0.33278957 -0.65841156  0.          0.         -0.3587248   0.
  1.          1.         -0.6         0.93278956  1.1086316 ]",0.0,19.999639933123717,[4.61508158e-01 1.08147464e-01 4.01754449e-05 4.30304203e-01],[4.61508158e-01 1.08147464e-01 4.01754449e-05 4.30304203e-01],30,342,466,0.5599798287580406,1,1
61,77,2024-09-14 19:41:14.680856064,TASK_BEGIN,3,-0.4533294996745421,0.1391238271880982,0.0614949867326603,-0.2345616193837559,-1.029746005884174,0.1353689103131994,5.39244286181622,-1.269385542612647,0,2024-09-14 19:41:14.720546816,1726342874.7205467,2024-09-14 19:41:14.720545898,2,"[-4.0102005e-04  1.0017865e+00 -2.9814433e-02 -4.8974600e-02
  1.2400575e-03  1.1338743e-02  0.0000000e+00  0.0000000e+00
 -2.0000000e-01  1.9959898e-01 -1.0519627e+01]",0.0,-1.6730977602694992,[0.41885883 0.23264942 0.08380836 0.26468338],[0.41885883 0.23264942 0.08380836 0.26468338],30,281,467,0.11956549951097659,0,0
62,78,2024-09-14 19:41:14.750016000,TASK_BEGIN,3,-0.4546246234479211,0.1486070177376376,-0.0960912555625737,-0.1861666889501659,-1.0104361088882587,0.1300734288624387,5.379450258413125,-1.2707568422864002,0,2024-09-14 19:41:14.720546816,1726342874.7205467,2024-09-14 19:41:14.720545898,2,"[-4.0102005e-04  1.0017865e+00 -2.9814433e-02 -4.8974600e-02
  1.2400575e-03  1.1338743e-02  0.0000000e+00  0.0000000e+00
 -2.0000000e-01  1.9959898e-01 -1.0519627e+01]",0.0,-1.6730977602694992,[0.41885883 0.23264942 0.08380836 0.26468338],[0.41885883 0.23264942 0.08380836 0.26468338],30,281,467,0.11956549951097659,0,0
63,79,2024-09-14 19:41:14.805293824,TASK_BEGIN,3,-0.4533537187641087,0.1563795018992424,-0.2641679620679467,-0.1374101510909253,-0.9862394586734392,0.1222234147812682,5.393648278587269,-1.273720925205927,0,2024-09-14 19:41:14.720546816,1726342874.7205467,2024-09-14 19:41:14.720545898,2,"[-4.0102005e-04  1.0017865e+00 -2.9814433e-02 -4.8974600e-02
  1.2400575e-03  1.1338743e-02  0.0000000e+00  0.0000000e+00
 -2.0000000e-01  1.9959898e-01 -1.0519627e+01]",0.0,-1.6730977602694992,[0.41885883 0.23264942 0.08380836 0.26468338],[0.41885883 0.23264942 0.08380836 0.26468338],30,281,467,0.11956549951097659,0,0
64,80,2024-09-14 19:41:14.882443776,TASK_BEGIN,3,-0.4496039906928738,0.1623516045445071,-0.4353615810288707,-0.0902088655733055,-0.9579790344890292,0.1122945087260402,5.433198799407027,-1.2782980818526577,0,2024-09-14 19:41:14.720546816,1726342874.7205467,2024-09-14 19:41:14.720545898,2,"[-4.0102005e-04  1.0017865e+00 -2.9814433e-02 -4.8974600e-02
  1.2400575e-03  1.1338743e-02  0.0000000e+00  0.0000000e+00
 -2.0000000e-01  1.9959898e-01 -1.0519627e+01]",0.0,-1.6730977602694992,[0.41885883 0.23264942 0.08380836 0.26468338],[0.41885883 0.23264942 0.08380836 0.26468338],30,281,467,0.11956549951097659,0,0
65,81,2024-09-14 19:41:14.944039168,TASK_BEGIN,3,-0.4436184053712358,0.1665144306526321,-0.6009007950039971,-0.0464883700833664,-0.9263994819443502,0.1007957401465323,5.494721193954432,-1.2843638424879509,0,2024-09-14 19:41:14.720546816,1726342874.7205467,2024-09-14 19:41:14.720545898,2,"[-4.0102005e-04  1.0017865e+00 -2.9814433e-02 -4.8974600e-02
  1.2400575e-03  1.1338743e-02  0.0000000e+00  0.0000000e+00
 -2.0000000e-01  1.9959898e-01 -1.0519627e+01]",0.0,-1.6730977602694992,[0.41885883 0.23264942 0.08380836 0.26468338],[0.41885883 0.23264942 0.08380836 0.26468338],30,281,467,0.11956549951097659,0,0
66,82,2024-09-14 19:41:15.005629184,TASK_BEGIN,3,-0.4357420749453086,0.1689207808220183,-0.751523149957634,-0.0079849606405381,-0.8921118452066038,0.0882222222852789,5.573392732999869,-1.2916496940296094,0,2024-09-14 19:41:14.720546816,1726342874.7205467,2024-09-14 19:41:14.720545898,2,"[-4.0102005e-04  1.0017865e+00 -2.9814433e-02 -4.8974600e-02
  1.2400575e-03  1.1338743e-02  0.0000000e+00  0.0000000e+00
 -2.0000000e-01  1.9959898e-01 -1.0519627e+01]",0.0,-1.6730977602694992,[0.41885883 0.23264942 0.08380836 0.26468338],[0.41885883 0.23264942 0.08380836 0.26468338],30,281,467,0.11956549951097659,0,0
67,83,2024-09-14 19:41:15.083246848,TASK_BEGIN,3,-0.4263473441709769,0.169659648550546,-0.8785715871010727,0.0239311519429412,-0.8555992080295689,0.07502028998675,5.6633282951257975,-1.2997917057069954,0,2024-09-14 19:41:14.720546816,1726342874.7205467,2024-09-14 19:41:14.720545898,2,"[-4.0102005e-04  1.0017865e+00 -2.9814433e-02 -4.8974600e-02
  1.2400575e-03  1.1338743e-02  0.0000000e+00  0.0000000e+00
 -2.0000000e-01  1.9959898e-01 -1.0519627e+01]",0.0,-1.6730977602694992,[0.41885883 0.23264942 0.08380836 0.26468338],[0.41885883 0.23264942 0.08380836 0.26468338],30,281,467,0.11956549951097659,0,0
68,84,2024-09-14 19:41:16.007177984,TASK_BEGIN,3,-0.4157711537873719,0.1688356520025637,-0.9751181433071092,0.0483817400012421,-0.8172691086967494,0.0615698551107959,5.758256096364658,-1.308425301912825,0,2024-09-14 19:41:15.641497600,1726342875.6414976,2024-09-14 19:41:15.641497070,2,"[-1.5089671e-02  7.1004415e-01 -8.6646870e-02 -4.5553353e-01
  1.4483422e-02 -3.5745609e-03  0.0000000e+00  0.0000000e+00
 -2.0000000e-01  1.8491033e-01 -8.1856880e+00]",2.0,10.512702266740558,[0.27065992 0.1556892  0.33191055 0.24174033],[0.27065992 0.1556892  0.33191055 0.24174033],30,281,467,0.06460518303741962,0,0
69,85,2024-09-14 19:41:16.075010048,TASK_BEGIN,3,-0.4043017434565584,0.166561282916532,-1.036852490631017,0.0650345342226038,-0.7775218401912046,0.0481817521137992,5.852300214710437,-1.317283782096498,0,2024-09-14 19:41:16.459043072,1726342876.459043,2024-09-14 19:41:16.459042969,2,"[-0.04865162  0.39183128 -0.15694086 -0.70773786 -0.014616   -0.02689899
  0.          0.         -0.2         0.15134838 -5.6399846 ]",0.0,-2.5649050475695674,[0.40559363 0.17632765 0.20506867 0.21301004],[0.40559363 0.17632765 0.20506867 0.21301004],30,281,467,0.07528212107696675,0,0
70,86,2024-09-14 19:41:16.142826240,TASK_BEGIN,3,-0.3922320865425807,0.1629623897067327,-1.0625231540088436,0.0740719032822974,-0.7368061169632726,0.0351044890344072,5.9405891116860765,-1.3262479666913085,0,2024-09-14 19:41:16.522074112,1726342876.5220742,2024-09-14 19:41:16.522073975,2,"[-0.05196134  0.35758424 -0.15676731 -0.6995959  -0.01868902 -0.02766334
  0.          0.         -0.2         0.14803866 -5.3660083 ]",2.0,5.4325629220155465,[0.34083327 0.13353945 0.3519155  0.17371177],[0.34083327 0.13353945 0.3519155  0.17371177],30,281,467,0.11558607077702651,0,0
71,87,2024-09-14 19:41:16.210636032,TASK_BEGIN,3,-0.3799647894997705,0.1581908798359682,-1.0539351268900006,0.0760922828599254,-0.6956464899048704,0.022534376534519,6.019604858036704,-1.3353350883473651,0,2024-09-14 19:41:16.583749120,1726342876.583749,2024-09-14 19:41:16.583749023,2,"[-0.05545529  0.32363486 -0.18274233 -0.69685996 -0.02338077 -0.03850954
  0.          0.         -0.2         0.1445447  -5.0944133 ]",2.0,4.2398356146938285,[0.34696219 0.1460904  0.35968425 0.14726316],[0.34696219 0.1460904  0.35968425 0.14726316],30,281,467,0.11883130690112224,0,0
72,88,2024-09-14 19:41:16.278441984,TASK_BEGIN,3,-0.368119621466942,0.1524359199481713,-1.015613266405435,0.0719863567551467,-0.6546445810310128,0.0106255874900389,6.0873913184348,-1.3446626967462194,0,2024-09-14 19:41:16.643777792,1726342876.6437778,2024-09-14 19:41:16.643777100,2,"[-0.059412    0.29064155 -0.19536674 -0.64121526 -0.02949961 -0.04535604
  0.          0.         -0.2         0.140588   -4.8304667 ]",2.0,9.527109872184877,[0.34404998 0.16009823 0.38636566 0.10948613],[0.34404998 0.16009823 0.38636566 0.10948613],30,281,467,0.14586437562230553,0,0
73,89,2024-09-14 19:41:16.340876288,TASK_BEGIN,3,-0.3575737209740996,0.1459266342578305,-0.9541951586986472,0.0628214993383633,-0.6144714256888281,-0.0004986384333532,6.143704621678655,-1.3544184289652,0,2024-09-14 19:41:16.723749888,1726342876.7237499,2024-09-14 19:41:16.723748779,2,"[-0.06465411  0.24847424 -0.15645225 -0.62173045 -0.03795671 -0.03307313
  0.          0.         -0.2         0.13534589 -4.4931283 ]",2.0,9.897856925253517,[0.35777069 0.16849423 0.37574228 0.09799281],[0.35777069 0.16849423 0.37574228 0.09799281],30,281,467,0.15117375407306471,0,0
74,90,2024-09-14 19:41:16.414040064,TASK_BEGIN,3,-0.3493863901222229,0.1389238113998486,-0.8776397764619145,0.0497523806335786,-0.5758697356674841,-0.0107311562452608,6.190032959892137,-1.3648289212832296,0,2024-09-14 19:41:16.803750400,1726342876.8037505,2024-09-14 19:41:16.803750000,2,"[-0.06904435  0.207075   -0.15311632 -0.63101614 -0.04462146 -0.0340759
  0.          0.         -0.2         0.13095565 -4.1619344 ]",2.0,6.240218432623064,[0.34600733 0.16246511 0.40200684 0.08952073],[0.34600733 0.16246511 0.40200684 0.08952073],30,281,467,0.17079148506103722,0,0
75,91,2024-09-14 19:41:17.350012928,TASK_BEGIN,3,-0.344629759898915,0.1317037990157366,-0.794388040229924,0.0339611673165845,-0.5396582234124174,-0.0199665081793182,6.229381949871905,-1.37611929474521,0,2024-09-14 19:41:17.223751680,1726342877.2237518,2024-09-14 19:41:17.223751953,2,"[-0.09577441  0.01253366 -0.16784808 -0.48006204 -0.10289007 -0.06860767
  0.          0.         -0.2         0.10422559 -2.6056037 ]",2.0,8.291429407074897,[0.29679648 0.15712553 0.48884957 0.05722842],[0.29679648 0.15712553 0.48884957 0.05722842],30,281,467,0.25526869162206584,0,0
76,92,2024-09-14 19:41:17.411633920,TASK_BEGIN,3,-0.3441996516803927,0.1245421616062167,-0.7125426489851855,0.0166109746811112,-0.5067026055955881,-0.028096594701255,6.2658661756269565,-1.3884779509540863,0,2024-09-14 19:41:17.223751680,1726342877.2237518,2024-09-14 19:41:17.223751953,2,"[-0.09577441  0.01253366 -0.16784808 -0.48006204 -0.10289007 -0.06860767
  0.          0.         -0.2         0.10422559 -2.6056037 ]",2.0,8.291429407074897,[0.29679648 0.15712553 0.48884957 0.05722842],[0.29679648 0.15712553 0.48884957 0.05722842],30,281,467,0.25526869162206584,0,0
77,93,2024-09-14 19:41:17.489273856,TASK_BEGIN,3,-0.3486675487581982,0.1177029925652824,-0.639074298399064,-0.0012059495117436,-0.4778355201632283,-0.0350201586266938,6.304277747427406,-1.4020415437942702,0,2024-09-14 19:41:17.823749120,1726342877.823749,2024-09-14 19:41:17.823749023,2,"[-0.12298512 -0.20056456 -0.00915553 -0.37095442 -0.23474793 -0.09360231
  0.          0.         -0.2         0.07701488 -0.90081793]",2.0,3.0454781629329775,[0.3161185  0.15935263 0.47206567 0.0524632 ],[0.3161185  0.15935263 0.47206567 0.0524632 ],30,281,467,0.2662333952603388,0,0
78,94,2024-09-14 19:41:17.551805952,TASK_BEGIN,3,-0.3581921629472578,0.1114330094959839,-0.579142876751708,-0.0185188012626275,-0.4537519253551921,-0.0406598638405406,6.349764860052434,-1.4169055509139417,0,2024-09-14 19:41:17.823749120,1726342877.823749,2024-09-14 19:41:17.823749023,2,"[-0.12298512 -0.20056456 -0.00915553 -0.37095442 -0.23474793 -0.09360231
  0.          0.         -0.2         0.07701488 -0.90081793]",2.0,3.0454781629329775,[0.3161185  0.15935263 0.47206567 0.0524632 ],[0.3161185  0.15935263 0.47206567 0.0524632 ],30,281,467,0.2662333952603388,0,0
79,95,2024-09-14 19:41:17.628455936,TASK_BEGIN,3,-0.3724906919367922,0.1059568007761966,-0.5357268308784863,-0.0344998443608359,-0.434927980132906,-0.0449778940674217,6.407601878696611,-1.433159469003793,0,2024-09-14 19:41:17.964322304,1726342877.9643223,2024-09-14 19:41:17.964322021,2,"[-0.11891111 -0.2371428   0.15412027 -0.27854255 -0.2613488  -0.07138414
  0.          0.         -0.2         0.08108889 -0.608192  ]",2.0,7.125384127922314,[0.30719403 0.13761856 0.49595414 0.05923328],[0.30719403 0.13761856 0.49595414 0.05923328],30,281,467,0.3458746965988909,0,0
80,96,2024-09-14 19:41:17.690978048,TASK_BEGIN,3,-0.3908754183013326,0.1014733425629606,-0.5096987285121254,-0.0484381805997548,-0.4215926825639039,-0.0479847726128373,6.48291398751828,-1.4509233437535456,0,2024-09-14 19:41:17.964322304,1726342877.9643223,2024-09-14 19:41:17.964322021,2,"[-0.11891111 -0.2371428   0.15412027 -0.27854255 -0.2613488  -0.07138414
  0.          0.         -0.2         0.08108889 -0.608192  ]",2.0,7.125384127922314,[0.30719403 0.13761856 0.49595414 0.05923328],[0.30719403 0.13761856 0.49595414 0.05923328],30,281,467,0.3458746965988909,0,0
81,97,2024-09-14 19:41:17.764100096,TASK_BEGIN,3,-0.4123647342737263,0.0981563452511848,-0.5002658471813556,-0.0596859043127182,-0.4137382619434313,-0.0497422960432764,6.580239916960792,-1.4703419382580036,0,2024-09-14 19:41:18.125044224,1726342878.1250443,2024-09-14 19:41:18.125044189,2,"[-0.10825332 -0.27476168  0.2597785  -0.22699358 -0.28933913 -0.07303733
  0.          0.         -0.2         0.09174668 -0.30724105]",2.0,4.721625032100673,[0.32322047 0.11655117 0.4716988  0.08852956],[0.32322047 0.11655117 0.4716988  0.08852956],30,281,467,0.3652895017769327,0,0
82,98,2024-09-14 19:41:18.707329024,TASK_BEGIN,3,-0.4358589487865951,0.0961580493336814,-0.5055295745865278,-0.0676345306331864,-0.4111373756722556,-0.050363108801935,6.702965218622114,-1.491510339652693,0,2024-09-14 19:41:18.354213120,1726342878.354213,2024-09-14 19:41:18.354212891,2,"[-0.08456922 -0.30832475  0.32475895 -0.2909027   0.0184454   0.52978295
  0.          1.         -0.2         0.11543079 -0.03873643]",3.0,6.082988593639248,[0.09053867 0.04446839 0.1337238  0.73126915],[0.09053867 0.04446839 0.1337238  0.73126915],30,281,467,0.7398408017290233,0,0
83,99,2024-09-14 19:41:18.760404992,TASK_BEGIN,3,-0.4603328543591304,0.0956117996978444,-0.5229694169244822,-0.0717606378905447,-0.4133675253054659,-0.050003538771608,6.852783801871769,-1.5143534574541486,0,2024-09-14 19:41:18.375212544,1726342878.3752127,2024-09-14 19:41:18.375211914,2,"[-0.08223883 -0.3120047   0.3479679  -0.23587848  0.00867399 -0.19704397
  0.          1.         -0.2         0.11776116 -0.00929698]",3.0,2.4112872116292063,[0.30926867 0.05310172 0.07803922 0.55959039],[0.30926867 0.05310172 0.07803922 0.55959039],30,281,467,0.5591945326203895,0,0
84,100,2024-09-14 19:41:18.842971904,TASK_BEGIN,3,-0.4849743544951271,0.0966275975306907,-0.5497843540229425,-0.0717126322080296,-0.419864619730349,-0.0488452532939799,7.029330724368708,-1.5385198199496104,0,2024-09-14 19:41:19.236189440,1726342879.2361894,2024-09-14 19:41:19.236189209,2,"[-0.03053435 -0.31383526  0.11044367 -0.00418265 -0.04023877 -0.00985664
  1.          1.         -0.2         0.16946565  0.00534765]",0.0,0.2035206543281305,[0.45951864 0.31772424 0.01566113 0.207096  ],[0.45951864 0.31772424 0.01566113 0.207096  ],30,281,467,0.22704732401529104,0,0
85,101,2024-09-14 19:41:18.910785024,TASK_BEGIN,3,-0.509219950641868,0.0992771478115913,-0.5830493053062745,-0.0673892364680186,-0.4299961323823937,-0.0470717102403883,7.23004530046977,-1.563343084584276,0,2024-09-14 19:41:19.299040768,1726342879.2990408,2024-09-14 19:41:19.299040039,2,"[-0.02837324 -0.31401992  0.10139455 -0.0038441  -0.04163648 -0.00904881
  1.          1.         -0.2         0.17162676  0.00682489]",0.0,0.21103041734599515,[0.463399   0.31031487 0.01534196 0.21094417],[0.463399   0.31031487 0.01534196 0.21094417],30,281,467,0.2296567041751895,0,0
86,102,2024-09-14 19:41:18.977256192,TASK_BEGIN,3,-0.5326855703317418,0.1035687393551694,-0.6196574993752639,-0.0590072916208544,-0.4431160976215419,-0.0448528779684626,7.450262775594087,-1.5878829521705071,0,2024-09-14 19:41:19.362044672,1726342879.3620446,2024-09-14 19:41:19.362044189,2,"[-0.02639937 -0.31418866  0.0923518  -0.00350474 -0.04291307 -0.00824162
  1.          1.         -0.2         0.17360063  0.00817481]",0.0,0.21864209943092305,[0.46727855 0.30275607 0.0151186  0.21484678],[0.46727855 0.30275607 0.0151186  0.21484678],30,281,467,0.2321422450752836,0,0
87,103,2024-09-14 19:41:19.038295808,TASK_BEGIN,3,-0.5550312454855779,0.1094170938883952,-0.6561788304074393,-0.0471637730880029,-0.4585809236792571,-0.0423456497965552,7.683500912775054,-1.611026151311299,0,2024-09-14 19:41:19.423973888,1726342879.4239738,2024-09-14 19:41:19.423973145,2,"[-0.02461259 -0.31434155  0.08331487 -0.00316463 -0.04406868 -0.00743501
  1.          1.         -0.2         0.17538741  0.0093979 ]",0.0,0.22635278274999138,[0.47090803 0.29520202 0.01497923 0.21891072],[0.47090803 0.29520202 0.01497923 0.21891072],30,281,467,0.23402543822647467,0,0
88,104,2024-09-14 19:41:19.114259968,TASK_BEGIN,3,-0.5758200581654852,0.1166181938148075,-0.6889431586543109,-0.0328356743132649,-0.475737115455981,-0.0397045969348018,7.921918749790213,-1.6316244512019205,0,2024-09-14 19:41:19.507940864,1726342879.5079408,2024-09-14 19:41:19.507939941,2,"[-0.02252102 -0.31452066  0.07127365 -0.00271011 -0.04542139 -0.00636034
  1.          1.         -0.2         0.17747898  0.0108308 ]",0.0,0.23674644590622052,[0.47490316 0.28603516 0.01473332 0.22432837],[0.47490316 0.28603516 0.01473332 0.22432837],30,281,467,0.23570981251007295,0,0
89,105,2024-09-14 19:41:20.042965760,TASK_BEGIN,3,-0.5944362977911528,0.12484101788776,-0.7145416333659899,-0.0172578580918588,-0.4939100369985056,-0.03708988206316,8.156945948237073,-1.6486449101472624,0,2024-09-14 19:41:20.032939520,1726342880.0329394,2024-09-14 19:41:20.032938965,2,"[-1.6936222e-02 -3.1499988e-01 -6.9969588e-05  2.0478044e-06
 -4.9032554e-02  1.4259114e-05  1.0000000e+00  1.0000000e+00
 -2.0000000e-01  1.8306378e-01  1.4664567e-02]",0.0,-0.004182816526878241,[0.51516748 0.23287302 0.01485735 0.23710215],[0.51516748 0.23287302 0.01485735 0.23710215],30,281,467,0.2482798076594984,0,0
90,106,2024-09-14 19:41:20.120534016,TASK_BEGIN,3,-0.6101004572785523,0.1336438051763255,-0.7305687116542959,-0.00170915161608,-0.5124158214213667,-0.0346632755867252,8.380029159314011,-1.6613012434650831,0,2024-09-14 19:41:20.032939520,1726342880.0329394,2024-09-14 19:41:20.032938965,2,"[-1.6936222e-02 -3.1499988e-01 -6.9969588e-05  2.0478044e-06
 -4.9032554e-02  1.4259114e-05  1.0000000e+00  1.0000000e+00
 -2.0000000e-01  1.8306378e-01  1.4664567e-02]",0.0,-0.004182816526878241,[0.51516748 0.23287302 0.01485735 0.23710215],[0.51516748 0.23287302 0.01485735 0.23710215],30,281,467,0.2482798076594984,0,0
91,107,2024-09-14 19:41:20.182543872,TASK_BEGIN,3,-0.6219604967314933,0.1425118882181942,-0.7361956575417978,0.012697896842567,-0.5305912820147428,-0.0325743785039989,8.583377533929005,-1.6691435260359948,0,2024-09-14 19:41:20.032939520,1726342880.0329394,2024-09-14 19:41:20.032938965,2,"[-1.6936222e-02 -3.1499988e-01 -6.9969588e-05  2.0478044e-06
 -4.9032554e-02  1.4259114e-05  1.0000000e+00  1.0000000e+00
 -2.0000000e-01  1.8306378e-01  1.4664567e-02]",0.0,-0.004182816526878241,[0.51516748 0.23287302 0.01485735 0.23710215],[0.51516748 0.23287302 0.01485735 0.23710215],30,281,467,0.2482798076594984,0,0
92,108,2024-09-14 19:41:20.260879872,TASK_BEGIN,3,-0.6292031637122072,0.1509050141761561,-0.7322555640127537,0.0251471843379522,-0.5478203367485618,-0.0309442156737725,8.760622052904676,-1.672103165186134,0,2024-09-14 19:41:20.032939520,1726342880.0329394,2024-09-14 19:41:20.032938965,2,"[-1.6936222e-02 -3.1499988e-01 -6.9969588e-05  2.0478044e-06
 -4.9032554e-02  1.4259114e-05  1.0000000e+00  1.0000000e+00
 -2.0000000e-01  1.8306378e-01  1.4664567e-02]",0.0,-0.004182816526878241,[0.51516748 0.23287302 0.01485735 0.23710215],[0.51516748 0.23287302 0.01485735 0.23710215],30,281,467,0.2482798076594984,0,0
93,109,2024-09-14 19:41:20.321758976,TASK_BEGIN,3,-0.6311509678224756,0.1583036972174135,-0.7208187824280605,0.0351508986573823,-0.5635461857541979,-0.0298502643302788,8.907330246500422,-1.6704949859061964,0,2024-09-14 19:41:20.032939520,1726342880.0329394,2024-09-14 19:41:20.032938965,2,"[-1.6936222e-02 -3.1499988e-01 -6.9969588e-05  2.0478044e-06
 -4.9032554e-02  1.4259114e-05  1.0000000e+00  1.0000000e+00
 -2.0000000e-01  1.8306378e-01  1.4664567e-02]",0.0,-0.004182816526878241,[0.51516748 0.23287302 0.01485735 0.23710215],[0.51516748 0.23287302 0.01485735 0.23710215],30,281,467,0.2482798076594984,0,0
94,110,2024-09-14 19:41:20.396507136,TASK_BEGIN,3,-0.6273433775198309,0.164252861134051,-0.7044946701628231,0.0425116017445213,-0.5772769744165408,-0.0293153492712603,9.02124646296506,-1.6649693977424511,0,2024-09-14 19:41:20.032939520,1726342880.0329394,2024-09-14 19:41:20.032938965,2,"[-1.6936222e-02 -3.1499988e-01 -6.9969588e-05  2.0478044e-06
 -4.9032554e-02  1.4259114e-05  1.0000000e+00  1.0000000e+00
 -2.0000000e-01  1.8306378e-01  1.4664567e-02]",0.0,-0.004182816526878241,[0.51516748 0.23287302 0.01485735 0.23710215],[0.51516748 0.23287302 0.01485735 0.23710215],30,281,467,0.2482798076594984,0,0
95,111,2024-09-14 19:41:20.460127232,TASK_BEGIN,3,-0.6175988636382695,0.1684031881093839,-0.6857043690591504,0.0472564031117496,-0.5886020459130185,-0.0293039817134,9.10214896218024,-1.6564180168655998,0,2024-09-14 19:41:20.074940416,1726342880.0749404,2024-09-14 19:41:20.074939941,2,"[-1.6936222e-02 -3.1499988e-01  1.9632109e-06 -5.6192665e-08
 -4.9032539e-02 -4.1333161e-07  1.0000000e+00  1.0000000e+00
 -2.0000000e-01  1.8306378e-01  1.4664567e-02]",0.0,0.00015504575772951057,[0.51492549 0.23299639 0.01485037 0.23722776],[0.51492549 0.23299639 0.01485037 0.23722776],30,281,467,0.24815450425678703,0,0
96,117,2024-09-14 19:41:21.721501184,TASK_BEGIN,3,-0.4626433539925235,0.154405152033341,-0.5503423457013156,0.0418493783634733,-0.603387896370865,-0.0330239866508142,9.040265187094631,-1.5985763901501,0,2024-09-14 19:41:22.056981248,1726342882.0569813,2024-09-14 19:41:22.056980957,3,"[-2.3121834e-03  1.0053134e+00 -1.7131123e-01  6.3863128e-02
  6.7961798e-03  6.5135807e-02  0.0000000e+00  0.0000000e+00
 -4.0000001e-01  3.9768782e-01 -1.0284744e+01]",0.0,0.7594441708358488,[0.40817292 0.20886597 0.0440662  0.33889492],[0.40817292 0.20886597 0.0440662  0.33889492],30,264,468,0.16386439783904294,0,0
97,118,2024-09-14 19:41:21.789134080,TASK_BEGIN,3,-0.4309365498171686,0.1481863858951209,-0.5198516791063797,0.0417214511340681,-0.6000740911643864,-0.032769797441854,8.972980569601429,-1.595688511918241,0,2024-09-14 19:41:22.056981248,1726342882.0569813,2024-09-14 19:41:22.056980957,3,"[-2.3121834e-03  1.0053134e+00 -1.7131123e-01  6.3863128e-02
  6.7961798e-03  6.5135807e-02  0.0000000e+00  0.0000000e+00
 -4.0000001e-01  3.9768782e-01 -1.0284744e+01]",0.0,0.7594441708358488,[0.40817292 0.20886597 0.0440662  0.33889492],[0.40817292 0.20886597 0.0440662  0.33889492],30,264,468,0.16386439783904294,0,0
98,119,2024-09-14 19:41:22.726504192,TASK_BEGIN,3,-0.4012884115392347,0.1420614767158813,-0.4882268933480275,0.0440430050782138,-0.5966420019884455,-0.0318560386152865,8.895639124770058,-1.5955827969890626,0,2024-09-14 19:41:22.347998720,1726342882.3479986,2024-09-14 19:41:22.347998047,3,"[ -0.01847235   0.97728777  -0.16016737  -0.29491758   0.05092406
   0.03791125   0.           0.          -0.4          0.38152763
 -10.060539  ]",3.0,-1.7582766413412065,[0.38770239 0.13365149 0.09094374 0.38770239],[0.38770239 0.13365149 0.09094374 0.38770239],30,264,468,0.17748877760847992,0,0
99,120,2024-09-14 19:41:22.788626944,TASK_BEGIN,3,-0.3749614047320475,0.1364877498534625,-0.4576839487175614,0.0494515756732819,-0.5938406311460412,-0.0301420166766784,8.806758006992315,-1.597687688879906,0,2024-09-14 19:41:22.389963008,1726342882.389963,2024-09-14 19:41:22.389961914,3,"[-0.02065929  0.966874   -0.16021462 -0.34613967  0.05471288  0.03789241
  0.          0.         -0.4         0.3793407  -9.977229  ]",0.0,-2.4232092842199364,[0.37998684 0.14275649 0.10886805 0.36838861],[0.37998684 0.14275649 0.10886805 0.36838861],30,264,468,0.14562224045266886,0,0
100,121,2024-09-14 19:41:22.867686912,TASK_BEGIN,3,-0.3529893026532304,0.1318616868260581,-0.4307690073243436,0.0582964599353311,-0.592462153556759,-0.0275055178718026,8.702824520155009,-1.6009692143657708,0,2024-09-14 19:41:22.473964288,1726342882.4739642,2024-09-14 19:41:22.473963867,3,"[-0.02478504  0.9412441  -0.14948943 -0.44852707  0.05733019  0.01308538
  0.          0.         -0.4         0.37521496 -9.77219   ]",0.0,-2.417387885203752,[0.33888125 0.15456985 0.1803042  0.32624471],[0.33888125 0.15456985 0.1803042  0.32624471],30,264,468,0.0766850281108076,0,0
101,122,2024-09-14 19:41:22.935480832,TASK_BEGIN,3,-0.3361607015632449,0.128503776740578,-0.4097045216753026,0.0705414421944421,-0.5933149345203903,-0.0238571273291454,8.57902204306114,-1.6040517187384469,0,2024-09-14 19:41:22.620965888,1726342882.620966,2024-09-14 19:41:22.620965088,3,"[-3.06537952e-02  8.86757255e-01 -1.07145436e-01 -4.62958217e-01
  5.29205166e-02 -4.38825320e-03  0.00000000e+00  0.00000000e+00
 -4.00000006e-01  3.69346201e-01 -9.33629513e+00]",2.0,6.60147884305182,[0.2709998  0.14607413 0.3199352  0.26299087],[0.2709998  0.14607413 0.3199352  0.26299087],30,264,468,0.054816867254800526,0,0
102,123,2024-09-14 19:41:22.988987136,TASK_BEGIN,3,-0.3249991881152818,0.1266449812377448,-0.3957379645741068,0.0857004767826868,-0.5971920725849672,-0.0191488736848955,8.430461314582619,-1.6054415186144344,0,2024-09-14 19:41:23.350848512,1726342883.3508484,2024-09-14 19:41:23.350847900,3,"[-6.9133125e-02  6.2316895e-01 -1.5701541e-01 -4.2833275e-01
  3.2543786e-02 -6.6697341e-04  0.0000000e+00  0.0000000e+00
 -4.0000001e-01  3.3086687e-01 -7.2275887e+00]",0.0,-2.3216910501951986,[0.33497118 0.23137546 0.14331507 0.29033829],[0.33497118 0.23137546 0.14331507 0.29033829],30,264,468,0.06171264623379269,0,0
103,124,2024-09-14 19:41:23.070987008,TASK_BEGIN,3,-0.3197128116048996,0.1264087357338054,-0.388650617030686,0.1028145490206972,-0.6048243840264821,-0.0133735723792381,8.253546101988604,-1.6037714071697422,0,2024-09-14 19:41:23.350848512,1726342883.3508484,2024-09-14 19:41:23.350847900,3,"[-6.9133125e-02  6.2316895e-01 -1.5701541e-01 -4.2833275e-01
  3.2543786e-02 -6.6697341e-04  0.0000000e+00  0.0000000e+00
 -4.0000001e-01  3.3086687e-01 -7.2275887e+00]",0.0,-2.3216910501951986,[0.33497118 0.23137546 0.14331507 0.29033829],[0.33497118 0.23137546 0.14331507 0.29033829],30,264,468,0.06171264623379269,0,0
104,125,2024-09-14 19:41:23.127233792,TASK_BEGIN,3,-0.3201301401573629,0.1277928005267855,-0.3865843320271107,0.1204845746638512,-0.6168072627316589,-0.0065584497293155,8.047048789433251,-1.597970088013232,0,2024-09-14 19:41:23.517879552,1726342883.5178795,2024-09-14 19:41:23.517878906,3,"[-0.07781378  0.5650897  -0.1732841  -0.4305785   0.02092389 -0.04472424
  0.          0.         -0.4         0.3221862  -6.7629547 ]",0.0,-2.064085097129123,[0.3474176  0.2898976  0.11786339 0.24482142],[0.3474176  0.2898976  0.11786339 0.24482142],30,264,468,0.06947514213179852,0,0
105,126,2024-09-14 19:41:24.076903168,TASK_BEGIN,3,-0.325662936511654,0.1306602404896325,-0.38630738584902,0.1369829794434665,-0.6335063355244183,0.0012400887797183,7.812642187872615,-1.587313633816409,0,2024-09-14 19:41:24.414867456,1726342884.4148674,2024-09-14 19:41:24.414866943,3,"[-0.12467027  0.13695478 -0.08712351 -0.52986765 -0.07041332 -0.03382465
  0.          0.         -0.4         0.27532974 -3.3378756 ]",0.0,-2.658331484231539,[0.51614281 0.22664512 0.08557442 0.17163765],[0.51614281 0.22664512 0.08557442 0.17163765],30,264,468,0.25440759345720904,0,0
106,127,2024-09-14 19:41:24.138969856,TASK_BEGIN,3,-0.335325684882651,0.134745955885434,-0.3838824912038593,0.1504422913612826,-0.6549722118537611,0.0099389319087824,7.554877976830165,-1.5713894865802782,0,2024-09-14 19:41:24.414867456,1726342884.4148674,2024-09-14 19:41:24.414866943,3,"[-0.12467027  0.13695478 -0.08712351 -0.52986765 -0.07041332 -0.03382465
  0.          0.         -0.4         0.27532974 -3.3378756 ]",0.0,-2.658331484231539,[0.51614281 0.22664512 0.08557442 0.17163765],[0.51614281 0.22664512 0.08557442 0.17163765],30,264,468,0.25440759345720904,0,0
107,128,2024-09-14 19:41:24.216624128,TASK_BEGIN,3,-0.3478139888999817,0.1396801913435374,-0.3755339043500922,0.1590801040576129,-0.6809017644606505,0.019431288302585,7.280755064745101,-1.5500465049726562,0,2024-09-14 19:41:24.601854208,1726342884.601854,2024-09-14 19:41:24.601854004,3,"[-0.13042037  0.06109846 -0.09137512 -0.49118888 -0.0883336  -0.04768134
  0.          0.         -0.4         0.26957962 -2.731025  ]",0.0,-2.7163035704909078,[0.53009106 0.21188451 0.09530148 0.16272295],[0.53009106 0.21188451 0.09530148 0.16272295],30,264,468,0.27034866268545676,0,0
108,129,2024-09-14 19:41:24.285530112,TASK_BEGIN,3,-0.3616220279807549,0.1450262240420769,-0.3584483917647161,0.1614090769949403,-0.7106589794888138,0.0295900600829977,6.999060480231442,-1.5233880318097148,0,2024-09-14 19:41:24.601854208,1726342884.601854,2024-09-14 19:41:24.601854004,3,"[-0.13042037  0.06109846 -0.09137512 -0.49118888 -0.0883336  -0.04768134
  0.          0.         -0.4         0.26957962 -2.731025  ]",0.0,-2.7163035704909078,[0.53009106 0.21188451 0.09530148 0.16272295],[0.53009106 0.21188451 0.09530148 0.16272295],30,264,468,0.27034866268545676,0,0
109,130,2024-09-14 19:41:24.353356032,TASK_BEGIN,3,-0.3751862521795905,0.1503271787996666,-0.3313058612890374,0.1564061413972139,-0.7433375492358215,0.0402671715059296,6.719647284301448,-1.4918074302293522,0,2024-09-14 19:41:24.686855424,1726342884.6868553,2024-09-14 19:41:24.686854980,3,"[-0.13317537  0.03066504 -0.09931449 -0.45755595 -0.0988939  -0.05792201
  0.          0.         -0.4         0.26682463 -2.4875576 ]",0.0,-2.748415835259607,[0.54448072 0.2204841  0.08349882 0.15153636],[0.54448072 0.2204841  0.08349882 0.15153636],30,264,468,0.2954057195241259,0,0
110,131,2024-09-14 19:41:24.420242944,TASK_BEGIN,3,-0.387052234213014,0.1551565049543514,-0.2944768230661904,0.143642237467628,-0.777837688358644,0.0512877509013516,6.452756889974423,-1.4560312014735153,0,2024-09-14 19:41:24.686855424,1726342884.6868553,2024-09-14 19:41:24.686854980,3,"[-0.13317537  0.03066504 -0.09931449 -0.45755595 -0.0988939  -0.05792201
  0.          0.         -0.4         0.26682463 -2.4875576 ]",0.0,-2.748415835259607,[0.54448072 0.2204841  0.08349882 0.15153636],[0.54448072 0.2204841  0.08349882 0.15153636],30,264,468,0.2954057195241259,0,0
111,132,2024-09-14 19:41:24.479149056,TASK_BEGIN,3,-0.3960346376475622,0.1591647244447645,-0.2499421903326341,0.1233767240652802,-0.8129350104398684,0.0624424292797807,6.208371239612519,-1.417141016324862,0,2024-09-14 19:41:24.686855424,1726342884.6868553,2024-09-14 19:41:24.686854980,3,"[-0.13317537  0.03066504 -0.09931449 -0.45755595 -0.0988939  -0.05792201
  0.          0.         -0.4         0.26682463 -2.4875576 ]",0.0,-2.748415835259607,[0.54448072 0.2204841  0.08349882 0.15153636],[0.54448072 0.2204841  0.08349882 0.15153636],30,264,468,0.2954057195241259,0,0
112,133,2024-09-14 19:41:25.428129024,TASK_BEGIN,3,-0.4013138644806808,0.1621121585678682,-0.2010315371222763,0.0966076096349179,-0.8473285395694682,0.0734806689432728,5.995451646772471,-1.3765459365600248,0,2024-09-14 19:41:25.587526144,1726342885.587526,2024-09-14 19:41:25.587526123,3,"[-0.11715245 -0.25163025  0.2554082  -0.2882709  -0.20081846 -0.03866787
  0.          0.         -0.4         0.28284755 -0.22919527]",0.0,-2.171261222390143,[0.51408268 0.20713847 0.11632543 0.16245342],[0.51408268 0.20713847 0.11632543 0.16245342],30,264,468,0.27734539936845753,0,0
113,134,2024-09-14 19:41:25.487438080,TASK_BEGIN,3,-0.4024430558387928,0.1638798936549547,-0.1520379211127428,0.065048877993103,-0.879672560561691,0.0841075689173071,5.82100171401728,-1.3358802420724103,0,2024-09-14 19:41:25.587526144,1726342885.587526,2024-09-14 19:41:25.587526123,3,"[-0.11715245 -0.25163025  0.2554082  -0.2882709  -0.20081846 -0.03866787
  0.          0.         -0.4         0.28284755 -0.22919527]",0.0,-2.171261222390143,[0.51408268 0.20713847 0.11632543 0.16245342],[0.51408268 0.20713847 0.11632543 0.16245342],30,264,468,0.27734539936845753,0,0
114,135,2024-09-14 19:41:25.564610816,TASK_BEGIN,3,-0.3992945078235161,0.1644598990523693,-0.1076912186537734,0.0309912106723732,-0.9086082851426442,0.0939871778523763,5.689191717645233,-1.296851547648178,0,2024-09-14 19:41:25.944527616,1726342885.9445276,2024-09-14 19:41:25.944526855,3,"[-0.08096448 -0.33400774  0.36828426 -0.31074885 -0.26132372 -0.30633885
  0.          1.         -0.4         0.3190355   0.42982468]",1.0,-2.2483110584178068,[0.25645267 0.55498845 0.17450434 0.01405453],[0.25645267 0.55498845 0.17450434 0.01405453],30,264,468,0.3350103077674035,0,0
115,136,2024-09-14 19:41:25.626135040,TASK_BEGIN,3,-0.3919929012870203,0.1639320373219622,-0.0724537781495913,-0.0029761209470086,-0.932800571126148,0.1027533663641355,5.600943612429038,-1.261102858344079,0,2024-09-14 19:41:25.986528512,1726342885.9865284,2024-09-14 19:41:25.986527832,3,"[-0.0762763  -0.34430134  0.36066395 -0.34192264 -0.29745263 -0.37907392
  0.          1.         -0.4         0.3237237   0.5121735 ]",1.0,-2.7699749577579187,[0.15458861 0.58920402 0.2510791  0.00512827],[0.15458861 0.58920402 0.2510791  0.00512827],30,264,468,0.34706006380916077,0,0
116,137,2024-09-14 19:41:25.688623104,TASK_BEGIN,3,-0.3808595143595457,0.1624361173553612,-0.0496742011075652,-0.0343406778065434,-0.9509777030554342,0.1100277592157928,5.5542040813471205,-1.2301191422903146,0,2024-09-14 19:41:26.049526784,1726342886.0495267,2024-09-14 19:41:26.049525879,3,"[-0.06887261 -0.3593135   0.3880689  -0.31683946 -0.34687695 -0.3069457
  0.          0.         -0.4         0.33112738  0.63227063]",1.0,-12.070588041915338,[0.17169919 0.77335739 0.04924183 0.00570159],[0.17169919 0.77335739 0.04924183 0.00570159],30,264,468,0.4681936764155667,0,0
117,138,2024-09-14 19:41:25.771795968,TASK_BEGIN,3,-0.3663638481312408,0.1601442904122569,-0.0407844368644151,-0.0610335825417721,-0.9619834977793128,0.1154457980754372,5.544812615066153,-1.2051591055718935,0,2024-09-14 19:41:26.112554496,1726342886.1125546,2024-09-14 19:41:26.112553955,3,"[-0.06157732 -0.3752035   0.37245938 -0.35511076 -0.4006971  -0.41969648
  0.          1.         -0.4         0.3384227   0.75939065]",1.0,-2.7615936285384723,[0.13203777 0.77517769 0.08930783 0.00347671],[0.13203777 0.77517769 0.08930783 0.00347671],30,264,468,0.5815693717208631,0,0
118,139,2024-09-14 19:41:25.828243968,TASK_BEGIN,3,-0.3490755852468178,0.1572369562157991,-0.0448923295755637,-0.0816707576746028,-0.964857243964061,0.1186920924053993,5.567626835461958,-1.1871894504705829,0,2024-09-14 19:41:26.217572864,1726342886.217573,2024-09-14 19:41:26.217572021,3,"[-0.05024656 -0.4056223   0.35078478 -0.4320109  -0.5269281  -0.5575619
  0.          1.         -0.4         0.34975344  1.0027412 ]",1.0,-4.025205226009101,[1.18914276e-01 7.99831511e-01 8.05922850e-02 6.61927644e-04],[1.18914276e-01 7.99831511e-01 8.05922850e-02 6.61927644e-04],30,264,468,0.6267574356293715,0,0
119,140,2024-09-14 19:41:26.756933888,TASK_BEGIN,3,-0.3296228459359585,0.1538850992975678,-0.0590683979335946,-0.0956165048551559,-0.9589470905136468,0.1195422877568654,5.6175447269794665,-1.17681979295762,0,2024-09-14 19:41:26.364232192,1726342886.3642323,2024-09-14 19:41:26.364231934,3,"[-0.03630304 -0.44672352  0.1997292  -0.00166237 -0.7255214  -0.47467476
  1.          1.         -0.4         0.36369696  1.331551  ]",0.0,34.16715923541065,[7.42905719e-01 2.56357713e-01 4.97362276e-04 2.39205749e-04],[7.42905719e-01 2.56357713e-01 4.97362276e-04 2.39205749e-04],30,264,468,0.8726257593592237,1,1
120,141,2024-09-14 19:41:26.824749056,TASK_BEGIN,3,-0.3086659340016078,0.1502424729650537,-0.0792490367251734,-0.1029119009031315,-0.9440382340282216,0.1179030768176627,5.690276684989973,-1.1742540331584048,0,2024-09-14 19:41:26.868232704,1726342886.8682327,2024-09-14 19:41:26.868231934,3,"[-3.7232477e-02 -4.4285131e-01 -2.9812925e-02  1.5736256e-02
 -6.7833632e-01 -1.8024998e-09  0.0000000e+00  1.0000000e+00
 -4.0000001e-01  3.6276752e-01  1.3005732e+00]",0.0,-7.316267520987438,[7.47444458e-01 1.90308897e-01 9.07772595e-05 6.21558679e-02],[7.47444458e-01 1.90308897e-01 9.07772595e-05 6.21558679e-02],30,264,468,0.8016159252006123,1,1
121,142,2024-09-14 19:41:26.891108864,TASK_BEGIN,3,-0.2868830295468934,0.1464483418387444,-0.1013298052268848,-0.1041567317270245,-0.920447547105714,0.1138384351093568,5.782881267892863,-1.1792799811171029,0,2024-09-14 19:41:26.868232704,1726342886.8682327,2024-09-14 19:41:26.868231934,3,"[-3.7232477e-02 -4.4285131e-01 -2.9812925e-02  1.5736256e-02
 -6.7833632e-01 -1.8024998e-09  0.0000000e+00  1.0000000e+00
 -4.0000001e-01  3.6276752e-01  1.3005732e+00]",0.0,-7.316267520987438,[7.47444458e-01 1.90308897e-01 9.07772595e-05 6.21558679e-02],[7.47444458e-01 1.90308897e-01 9.07772595e-05 6.21558679e-02],30,264,468,0.8016159252006123,1,1
122,143,2024-09-14 19:41:26.960334080,TASK_BEGIN,3,-0.2649512317785351,0.1426348357178767,-0.1220414288071553,-0.1003974676387355,-0.8890393354218856,0.1075732183466246,5.893958725516576,-1.1912950260852528,0,2024-09-14 19:41:26.868232704,1726342886.8682327,2024-09-14 19:41:26.868231934,3,"[-3.7232477e-02 -4.4285131e-01 -2.9812925e-02  1.5736256e-02
 -6.7833632e-01 -1.8024998e-09  0.0000000e+00  1.0000000e+00
 -4.0000001e-01  3.6276752e-01  1.3005732e+00]",0.0,-7.316267520987438,[7.47444458e-01 1.90308897e-01 9.07772595e-05 6.21558679e-02],[7.47444458e-01 1.90308897e-01 9.07772595e-05 6.21558679e-02],30,264,468,0.8016159252006123,1,1
123,144,2024-09-14 19:41:27.015998976,TASK_BEGIN,3,-0.2435094197859461,0.1389303793718782,-0.1394453736583997,-0.0930039164559097,-0.8511644735369738,0.0994746257524613,6.023312710831684,-1.2093371887650466,0,2024-09-14 19:41:26.868232704,1726342886.8682327,2024-09-14 19:41:26.868231934,3,"[-3.7232477e-02 -4.4285131e-01 -2.9812925e-02  1.5736256e-02
 -6.7833632e-01 -1.8024998e-09  0.0000000e+00  1.0000000e+00
 -4.0000001e-01  3.6276752e-01  1.3005732e+00]",0.0,-7.316267520987438,[7.47444458e-01 1.90308897e-01 9.07772595e-05 6.21558679e-02],[7.47444458e-01 1.90308897e-01 9.07772595e-05 6.21558679e-02],30,264,468,0.8016159252006123,1,1
124,145,2024-09-14 19:41:27.094345984,TASK_BEGIN,3,-0.2231061633564812,0.1354559760854248,-0.1530583975796674,-0.0835023456924926,-0.8085597876050686,0.0900192752004116,6.171175074466667,-1.2321064245925335,0,2024-09-14 19:41:26.868232704,1726342886.8682327,2024-09-14 19:41:26.868231934,3,"[-3.7232477e-02 -4.4285131e-01 -2.9812925e-02  1.5736256e-02
 -6.7833632e-01 -1.8024998e-09  0.0000000e+00  1.0000000e+00
 -4.0000001e-01  3.6276752e-01  1.3005732e+00]",0.0,-7.316267520987438,[7.47444458e-01 1.90308897e-01 9.07772595e-05 6.21558679e-02],[7.47444458e-01 1.90308897e-01 9.07772595e-05 6.21558679e-02],30,264,468,0.8016159252006123,1,1
125,146,2024-09-14 19:41:27.163621888,TASK_BEGIN,3,-0.2041491585214742,0.1323164309570709,-0.1636993939186354,-0.0733828650663636,-0.763231611409803,0.0797534388544572,6.3373951596839655,-1.2579952414704856,0,2024-09-14 19:41:26.868232704,1726342886.8682327,2024-09-14 19:41:26.868231934,3,"[-3.7232477e-02 -4.4285131e-01 -2.9812925e-02  1.5736256e-02
 -6.7833632e-01 -1.8024998e-09  0.0000000e+00  1.0000000e+00
 -4.0000001e-01  3.6276752e-01  1.3005732e+00]",0.0,-7.316267520987438,[7.47444458e-01 1.90308897e-01 9.07772595e-05 6.21558679e-02],[7.47444458e-01 1.90308897e-01 9.07772595e-05 6.21558679e-02],30,264,468,0.8016159252006123,1,1
126,154,2024-09-14 19:41:29.456610048,TASK_BEGIN,3,-0.1158802006724224,0.1217339083128087,-0.4053327234929914,-0.0540286338932497,-0.5229108451479677,0.0268626402969527,7.928936447406962,-1.3618418157393457,0,2024-09-14 19:41:29.605804032,1726342889.605804,2024-09-14 19:41:29.605803955,4,"[  0.03046107   0.8777002    0.2040864   -0.44043967  -0.04154621
  -0.0174661    0.           0.          -0.2          0.23046108
 -11.072218  ]",2.0,5.186372357767962,[0.31333289 0.28013361 0.33841388 0.06811961],[0.31333289 0.28013361 0.33841388 0.06811961],30,358,469,0.09695356315109027,0,0
127,155,2024-09-14 19:41:29.515048192,TASK_BEGIN,3,-0.1141368706797368,0.1213655042254507,-0.4696613794199938,-0.0579078492884472,-0.5211449423665513,0.0274467015163507,8.081654623821793,-1.3467708029042875,0,2024-09-14 19:41:29.605804032,1726342889.605804,2024-09-14 19:41:29.605803955,4,"[  0.03046107   0.8777002    0.2040864   -0.44043967  -0.04154621
  -0.0174661    0.           0.          -0.2          0.23046108
 -11.072218  ]",2.0,5.186372357767962,[0.31333289 0.28013361 0.33841388 0.06811961],[0.31333289 0.28013361 0.33841388 0.06811961],30,358,469,0.09695356315109027,0,0
128,156,2024-09-14 19:41:29.592120832,TASK_BEGIN,3,-0.1150909431238594,0.120849068536683,-0.5354894393648512,-0.0615800900275243,-0.5242798266691164,0.0293379107167068,8.210831990206842,-1.327035183378496,0,2024-09-14 19:41:29.605804032,1726342889.605804,2024-09-14 19:41:29.605803955,4,"[  0.03046107   0.8777002    0.2040864   -0.44043967  -0.04154621
  -0.0174661    0.           0.          -0.2          0.23046108
 -11.072218  ]",2.0,5.186372357767962,[0.31333289 0.28013361 0.33841388 0.06811961],[0.31333289 0.28013361 0.33841388 0.06811961],30,358,469,0.09695356315109027,0,0
129,157,2024-09-14 19:41:29.654337024,TASK_BEGIN,3,-0.1188467874396767,0.1200855548878674,-0.598748398717064,-0.064743326998797,-0.5308443841952516,0.0321753395975175,8.315268906925064,-1.3042893781213778,0,2024-09-14 19:41:29.605804032,1726342889.605804,2024-09-14 19:41:29.605803955,4,"[  0.03046107   0.8777002    0.2040864   -0.44043967  -0.04154621
  -0.0174661    0.           0.          -0.2          0.23046108
 -11.072218  ]",2.0,5.186372357767962,[0.31333289 0.28013361 0.33841388 0.06811961],[0.31333289 0.28013361 0.33841388 0.06811961],30,358,469,0.09695356315109027,0,0
130,158,2024-09-14 19:41:29.716559872,TASK_BEGIN,3,-0.1253618099055807,0.1190078137173639,-0.6554969162569797,-0.0673173420554565,-0.539160887463662,0.0355427253061092,8.394238144251647,-1.2801517417152986,0,2024-09-14 19:41:29.605804032,1726342889.605804,2024-09-14 19:41:29.605803955,4,"[  0.03046107   0.8777002    0.2040864   -0.44043967  -0.04154621
  -0.0174661    0.           0.          -0.2          0.23046108
 -11.072218  ]",2.0,5.186372357767962,[0.31333289 0.28013361 0.33841388 0.06811961],[0.31333289 0.28013361 0.33841388 0.06811961],30,358,469,0.09695356315109027,0,0
131,159,2024-09-14 19:41:29.793438976,TASK_BEGIN,3,-0.1344127634414686,0.1175882112107924,-0.7024519794145827,-0.0694237194656203,-0.5474852295860159,0.0390140722074282,8.447024894873673,-1.2559952913615084,0,2024-09-14 19:41:29.605804032,1726342889.605804,2024-09-14 19:41:29.605803955,4,"[  0.03046107   0.8777002    0.2040864   -0.44043967  -0.04154621
  -0.0174661    0.           0.          -0.2          0.23046108
 -11.072218  ]",2.0,5.186372357767962,[0.31333289 0.28013361 0.33841388 0.06811961],[0.31333289 0.28013361 0.33841388 0.06811961],30,358,469,0.09695356315109027,0,0
132,160,2024-09-14 19:41:29.863393024,TASK_BEGIN,3,-0.1456108982563919,0.1158452541606237,-0.7373567149642238,-0.0713378687343152,-0.5541907825796771,0.0422096525681853,8.472496606527514,-1.232818157627277,0,2024-09-14 19:41:29.605804032,1726342889.605804,2024-09-14 19:41:29.605803955,4,"[  0.03046107   0.8777002    0.2040864   -0.44043967  -0.04154621
  -0.0174661    0.           0.          -0.2          0.23046108
 -11.072218  ]",2.0,5.186372357767962,[0.31333289 0.28013361 0.33841388 0.06811961],[0.31333289 0.28013361 0.33841388 0.06811961],30,358,469,0.09695356315109027,0,0
133,161,2024-09-14 19:41:30.806895104,TASK_BEGIN,3,-0.1584792860545295,0.1138490873456941,-0.7591869459879519,-0.0734207404294835,-0.5579649453060337,0.0448450860254779,8.468851624606833,-1.21121872934849,0,2024-09-14 19:41:30.607999744,1726342890.6079998,2024-09-14 19:41:30.607999023,4,"[ 0.08881712  0.47309923  0.17429996 -0.47257003  0.0133796   0.08268717
  0.          0.         -0.2         0.2888171  -7.83541   ]",1.0,-2.329452345961494,[0.35926721 0.37355599 0.15432569 0.11285111],[0.35926721 0.37355599 0.15432569 0.11285111],30,358,469,0.09559065011463777,0,0
134,162,2024-09-14 19:41:30.874707968,TASK_BEGIN,3,-0.1725834328233088,0.1117263702676395,-0.7682690385984612,-0.0760296036131422,-0.5579796415599467,0.0467615646057226,8.433760621751546,-1.1914795929891668,0,2024-09-14 19:41:30.607999744,1726342890.6079998,2024-09-14 19:41:30.607999023,4,"[ 0.08881712  0.47309923  0.17429996 -0.47257003  0.0133796   0.08268717
  0.          0.         -0.2         0.2888171  -7.83541   ]",1.0,-2.329452345961494,[0.35926721 0.37355599 0.15432569 0.11285111],[0.35926721 0.37355599 0.15432569 0.11285111],30,358,469,0.09559065011463777,0,0
135,163,2024-09-14 19:41:30.942519040,TASK_BEGIN,3,-0.1876702490844487,0.109663832450909,-0.7663466882562154,-0.0794116875956598,-0.553988541634926,0.0479307399456962,8.365017824297789,-1.1737280852565022,0,2024-09-14 19:41:30.607999744,1726342890.6079998,2024-09-14 19:41:30.607999023,4,"[ 0.08881712  0.47309923  0.17429996 -0.47257003  0.0133796   0.08268717
  0.          0.         -0.2         0.2888171  -7.83541   ]",1.0,-2.329452345961494,[0.35926721 0.37355599 0.15432569 0.11285111],[0.35926721 0.37355599 0.15432569 0.11285111],30,358,469,0.09559065011463777,0,0
136,164,2024-09-14 19:41:31.009208064,TASK_BEGIN,3,-0.203752449661696,0.1079053807428998,-0.7565331659018087,-0.0836071911035197,-0.5463128434550268,0.0484327521737469,8.261566800157759,-1.1581125760532351,0,2024-09-14 19:41:30.691997696,1726342890.6919978,2024-09-14 19:41:30.691997070,4,"[ 0.09338156  0.44290447  0.14305668 -0.46821594  0.0288516   0.0720332
  0.          0.         -0.2         0.29338157 -7.593852  ]",0.0,-2.8879473454488362,[0.35508374 0.30137635 0.17597779 0.16756213],[0.35508374 0.30137635 0.17597779 0.16756213],30,358,469,0.05685791394066895,0,0
137,165,2024-09-14 19:41:31.071232256,TASK_BEGIN,3,-0.2211033186696432,0.1067373017714383,-0.7430287969038052,-0.0884027287216962,-0.5357212218371991,0.0484155572748549,8.124578160735325,-1.1449450338197906,0,2024-09-14 19:41:30.691997696,1726342890.6919978,2024-09-14 19:41:30.691997070,4,"[ 0.09338156  0.44290447  0.14305668 -0.46821594  0.0288516   0.0720332
  0.          0.         -0.2         0.29338157 -7.593852  ]",0.0,-2.8879473454488362,[0.35508374 0.30137635 0.17597779 0.16756213],[0.35508374 0.30137635 0.17597779 0.16756213],30,358,469,0.05685791394066895,0,0
138,166,2024-09-14 19:41:31.145912064,TASK_BEGIN,3,-0.240172209684771,0.1064618988712024,-0.7305867964949746,-0.0933570594170162,-0.5232502447182696,0.0480500260174706,7.958234977746237,-1.1347830587375962,0,2024-09-14 19:41:30.860037888,1726342890.8600378,2024-09-14 19:41:30.860037109,4,"[ 0.10051862  0.38336778  0.12912758 -0.44736546  0.05564455  0.07215242
  0.          0.         -0.2         0.30051863 -7.1175585 ]",0.0,-2.89277931462982,[0.34670487 0.29104295 0.17216775 0.19008443],[0.34670487 0.29104295 0.17216775 0.19008443],30,358,469,0.05506169272017627,0,0
139,167,2024-09-14 19:41:31.209180160,TASK_BEGIN,3,-0.2614550608196888,0.1073652519831852,-0.7238529968832513,-0.0978884236049066,-0.5100191052906031,0.0474924492558029,7.769937045012685,-1.128424235077676,0,2024-09-14 19:41:30.860037888,1726342890.8600378,2024-09-14 19:41:30.860037109,4,"[ 0.10051862  0.38336778  0.12912758 -0.44736546  0.05564455  0.07215242
  0.          0.         -0.2         0.30051863 -7.1175585 ]",0.0,-2.89277931462982,[0.34670487 0.29104295 0.17216775 0.19008443],[0.34670487 0.29104295 0.17216775 0.19008443],30,358,469,0.05506169272017627,0,0
140,168,2024-09-14 19:41:32.132102144,TASK_BEGIN,3,-0.2853550291418114,0.1096866715750313,-0.7266968650563707,-0.1013962037587247,-0.497082668701626,0.046860663432092,7.569791851308194,-1.1268001281601108,0,2024-09-14 19:41:32.078000128,1726342892.078,2024-09-14 19:41:32.078000000,4,"[ 0.07660675  0.09971571 -0.3535803  -0.09795602  0.2245752   0.0414751
  0.          0.         -0.2         0.27660674 -4.848342  ]",2.0,-3.175588813439478,[0.30932078 0.07409722 0.33075575 0.28582625],[0.30932078 0.07409722 0.33075575 0.28582625],30,358,469,0.12214815427891676,0,0
141,169,2024-09-14 19:41:32.199928064,TASK_BEGIN,3,-0.3120659257445312,0.1135977910694906,-0.7416131238633262,-0.1033872010778115,-0.485345418346217,0.0462256171290427,7.369522448624849,-1.1308021173884804,0,2024-09-14 19:41:32.078000128,1726342892.078,2024-09-14 19:41:32.078000000,4,"[ 0.07660675  0.09971571 -0.3535803  -0.09795602  0.2245752   0.0414751
  0.          0.         -0.2         0.27660674 -4.848342  ]",2.0,-3.175588813439478,[0.30932078 0.07409722 0.33075575 0.28582625],[0.30932078 0.07409722 0.33075575 0.28582625],30,358,469,0.12214815427891676,0,0
142,170,2024-09-14 19:41:32.257950976,TASK_BEGIN,3,-0.3415092247683899,0.1191964551414039,-0.7693438351073899,-0.1035792542499002,-0.4755297907950876,0.0456165205095742,7.181074005601107,-1.1410914330226205,0,2024-09-14 19:41:32.078000128,1726342892.078,2024-09-14 19:41:32.078000000,4,"[ 0.07660675  0.09971571 -0.3535803  -0.09795602  0.2245752   0.0414751
  0.          0.         -0.2         0.27660674 -4.848342  ]",2.0,-3.175588813439478,[0.30932078 0.07409722 0.33075575 0.28582625],[0.30932078 0.07409722 0.33075575 0.28582625],30,358,469,0.12214815427891676,0,0
143,171,2024-09-14 19:41:32.334615040,TASK_BEGIN,3,-0.3733413246204136,0.1265132752323732,-0.8088624348930373,-0.1019652381741461,-0.4681809909649902,0.045035749808949,7.015174804959878,-1.1579304930865164,0,2024-09-14 19:41:32.078000128,1726342892.078,2024-09-14 19:41:32.078000000,4,"[ 0.07660675  0.09971571 -0.3535803  -0.09795602  0.2245752   0.0414751
  0.          0.         -0.2         0.27660674 -4.848342  ]",2.0,-3.175588813439478,[0.30932078 0.07409722 0.33075575 0.28582625],[0.30932078 0.07409722 0.33075575 0.28582625],30,358,469,0.12214815427891676,0,0
144,172,2024-09-14 19:41:32.403321088,TASK_BEGIN,3,-0.4070195692690417,0.135522298781487,-0.8576770913854517,-0.0988326284595041,-0.4636948653370473,0.0444780981780848,6.880084758480508,-1.1810661311652035,0,2024-09-14 19:41:32.078000128,1726342892.078,2024-09-14 19:41:32.078000000,4,"[ 0.07660675  0.09971571 -0.3535803  -0.09795602  0.2245752   0.0414751
  0.          0.         -0.2         0.27660674 -4.848342  ]",2.0,-3.175588813439478,[0.30932078 0.07409722 0.33075575 0.28582625],[0.30932078 0.07409722 0.33075575 0.28582625],30,358,469,0.12214815427891676,0,0
145,173,2024-09-14 19:41:32.457746944,TASK_BEGIN,3,-0.4418873105240224,0.146146175217997,-0.9122929792868246,-0.0947326603009547,-0.4623534861882206,0.0439475681959952,6.780773541372028,-1.2096983862632738,0,2024-09-14 19:41:32.855032576,1726342892.8550327,2024-09-14 19:41:32.855031981,4,"[-0.0264248  -0.07760113 -0.4220756  -0.62504405 -0.03481093 -0.191539
  0.          0.         -0.2         0.1735752  -3.4298074 ]",0.0,-2.868703235144949,[0.45378845 0.1874718  0.30754565 0.0511941 ],[0.45378845 0.1874718  0.30754565 0.0511941 ],30,358,469,0.19375647687869976,0,0
146,174,2024-09-14 19:41:32.534614016,TASK_BEGIN,3,-0.4772328140710352,0.1582502117615866,-0.9687369744358936,-0.0903889265795028,-0.4643506292333783,0.0434664608716392,6.718670781570349,-1.2425503306894443,0,2024-09-14 19:41:32.897000448,1726342892.8970006,2024-09-14 19:41:32.897000000,4,"[-0.03230945 -0.09670973 -0.39788097 -0.5730522  -0.05363637 -0.18497325
  0.          0.         -0.2         0.16769055 -3.2769387 ]",2.0,6.754301597014387,[0.34952443 0.16659673 0.45014249 0.03373635],[0.34952443 0.16659673 0.45014249 0.03373635],30,358,469,0.26311737335748786,0,0
147,175,2024-09-14 19:41:33.476770048,TASK_BEGIN,3,-0.5123058701148508,0.1716278598205965,-1.023091892458558,-0.0865581149322188,-0.4697922247696445,0.0430753707316202,6.691938173840063,-1.2780172271711296,0,2024-09-14 19:41:33.253082112,1726342893.253082,2024-09-14 19:41:33.253082031,4,"[-0.07388083 -0.22615063 -0.22209714 -0.27612242 -0.20932274 -0.17858383
  0.          0.         -0.2         0.12611917 -2.2414114 ]",2.0,7.299430917298591,[0.27702887 0.10232147 0.49429084 0.12635882],[0.27702887 0.10232147 0.49429084 0.12635882],30,358,469,0.27780494231068675,0,0
148,176,2024-09-14 19:41:33.538448896,TASK_BEGIN,3,-0.5463132049974623,0.1859881343095157,-1.0719351466316134,-0.0838913133480497,-0.4786609385012376,0.0428258230844844,6.696066784850798,-1.3143425743827355,0,2024-09-14 19:41:33.253082112,1726342893.253082,2024-09-14 19:41:33.253082031,4,"[-0.07388083 -0.22615063 -0.22209714 -0.27612242 -0.20932274 -0.17858383
  0.          0.         -0.2         0.12611917 -2.2414114 ]",2.0,7.299430917298591,[0.27702887 0.10232147 0.49429084 0.12635882],[0.27702887 0.10232147 0.49429084 0.12635882],30,358,469,0.27780494231068675,0,0
149,177,2024-09-14 19:41:33.616558080,TASK_BEGIN,3,-0.5784241518333533,0.2009560150680612,-1.1126026046444986,-0.0828383612274135,-0.4907545848756953,0.0427688576139084,6.724580629486272,-1.3497708020457335,0,2024-09-14 19:41:33.253082112,1726342893.253082,2024-09-14 19:41:33.253082031,4,"[-0.07388083 -0.22615063 -0.22209714 -0.27612242 -0.20932274 -0.17858383
  0.          0.         -0.2         0.12611917 -2.2414114 ]",2.0,7.299430917298591,[0.27702887 0.10232147 0.49429084 0.12635882],[0.27702887 0.10232147 0.49429084 0.12635882],30,358,469,0.27780494231068675,0,0
150,178,2024-09-14 19:41:33.678612992,TASK_BEGIN,3,-0.6078066238536252,0.2160904212501595,-1.1433128121472669,-0.0835979625074457,-0.5056356113952403,0.04294269433563,6.769756018384157,-1.3826653547451244,0,2024-09-14 19:41:33.484172800,1726342893.4841728,2024-09-14 19:41:33.484172119,4,"[-0.08656558 -0.25230116 -0.0919076  -0.0702996  -0.31320485 -0.2007796
  0.          0.         -0.2         0.11343443 -2.0322073 ]",2.0,9.011264448958368,[0.32542217 0.12981685 0.35606727 0.18869372],[0.32542217 0.12981685 0.35606727 0.18869372],30,358,469,0.19916188295986478,0,0
151,179,2024-09-14 19:41:33.740613120,TASK_BEGIN,3,-0.6337008519997129,0.2309178175857984,-1.1632210246363484,-0.0861000840361733,-0.5226243488077945,0.043362135848728,6.823398792117709,-1.4116080962924562,0,2024-09-14 19:41:33.484172800,1726342893.4841728,2024-09-14 19:41:33.484172119,4,"[-0.08656558 -0.25230116 -0.0919076  -0.0702996  -0.31320485 -0.2007796
  0.          0.         -0.2         0.11343443 -2.0322073 ]",2.0,9.011264448958368,[0.32542217 0.12981685 0.35606727 0.18869372],[0.32542217 0.12981685 0.35606727 0.18869372],30,358,469,0.19916188295986478,0,0
152,180,2024-09-14 19:41:33.820724736,TASK_BEGIN,3,-0.6555168035220782,0.2449739302267523,-1.1724309431988964,-0.0900126951186973,-0.5408412104824066,0.0440139066733544,6.877644076511913,-1.4354791754897889,0,2024-09-14 19:41:33.484172800,1726342893.4841728,2024-09-14 19:41:33.484172119,4,"[-0.08656558 -0.25230116 -0.0919076  -0.0702996  -0.31320485 -0.2007796
  0.          0.         -0.2         0.11343443 -2.0322073 ]",2.0,9.011264448958368,[0.32542217 0.12981685 0.35606727 0.18869372],[0.32542217 0.12981685 0.35606727 0.18869372],30,358,469,0.19916188295986478,0,0
153,181,2024-09-14 19:41:33.879550976,TASK_BEGIN,3,-0.6729142274301197,0.2578413127743916,-1.1719701116032015,-0.0947666756180814,-0.5592870500465298,0.0448624190025143,6.925601651256645,-1.4534958610700288,0,2024-09-14 19:41:33.484172800,1726342893.4841728,2024-09-14 19:41:33.484172119,4,"[-0.08656558 -0.25230116 -0.0919076  -0.0702996  -0.31320485 -0.2007796
  0.          0.         -0.2         0.11343443 -2.0322073 ]",2.0,9.011264448958368,[0.32542217 0.12981685 0.35606727 0.18869372],[0.32542217 0.12981685 0.35606727 0.18869372],30,358,469,0.19916188295986478,0,0
154,182,2024-09-14 19:41:34.831610880,TASK_BEGIN,3,-0.6858321122303749,0.269173936662009,-1.1637101796125764,-0.0995993272633047,-0.5769459033201965,0.0458652071750192,6.96172053864113,-1.4651957466948788,0,2024-09-14 19:41:34.489358080,1726342894.4893582,2024-09-14 19:41:34.489357910,4,"[-0.06071711 -0.45611888  0.13447084  0.03784771 -0.4678455  -0.16953166
  1.          0.         -0.2         0.1392829  -0.40166533]",3.0,30.46111245360834,[0.07129601 0.01988235 0.12369703 0.78512461],[0.07129601 0.01988235 0.12369703 0.78512461],30,358,469,0.9198676756075536,0,0
155,183,2024-09-14 19:41:34.899918848,TASK_BEGIN,3,-0.6944684508010693,0.2787102193424586,-1.15018031894863,-0.1036204024161841,-0.5928901364630135,0.0469901650083325,6.981897721144174,-1.4703718003425867,0,2024-09-14 19:41:34.909393664,1726342894.9093935,2024-09-14 19:41:34.909393066,4,"[-0.06440592 -0.45376146 -0.13627242 -0.05150485 -0.4464547   0.18291752
  1.          0.         -0.2         0.13559408 -0.42052472]",3.0,0.23424893168290395,[0.40821029 0.03161981 0.00969662 0.55047329],[0.40821029 0.03161981 0.00969662 0.55047329],30,358,469,0.6080555619470125,0,0
156,184,2024-09-14 19:41:34.955248128,TASK_BEGIN,3,-0.6992211895872008,0.2862796088598552,-1.134232498719166,-0.105897471273407,-0.6063614844313979,0.0482243655994588,6.983466603856243,-1.4689974330768274,0,2024-09-14 19:41:34.909393664,1726342894.9093935,2024-09-14 19:41:34.909393066,4,"[-0.06440592 -0.45376146 -0.13627242 -0.05150485 -0.4464547   0.18291752
  1.          0.         -0.2         0.13559408 -0.42052472]",3.0,0.23424893168290395,[0.40821029 0.03161981 0.00969662 0.55047329],[0.40821029 0.03161981 0.00969662 0.55047329],30,358,469,0.6080555619470125,0,0
157,185,2024-09-14 19:41:35.035481856,TASK_BEGIN,3,-0.700603974273402,0.2918040921647151,-1.118577200009079,-0.105561242260196,-0.6167970254711209,0.0495684785250951,6.965244685122068,-1.4612016600808553,0,2024-09-14 19:41:35.413385472,1726342895.4133854,2024-09-14 19:41:35.413385010,4,"[-0.09130565 -0.49459654 -0.22047961 -0.08495726 -0.04974763  0.46744722
  1.          0.         -0.2         0.10869434 -0.09384407]",2.0,5.72850081679911,[0.07385163 0.02450951 0.85326006 0.0483788 ],[0.07385163 0.02450951 0.85326006 0.0483788 ],30,358,469,0.9831668335914173,0,0
158,186,2024-09-14 19:41:35.103279104,TASK_BEGIN,3,-0.699170035354697,0.2952940857845506,-1.1053066883726912,-0.101927244003488,-0.6237877408920076,0.0510187293574443,6.927684361846221,-1.447321074404369,0,2024-09-14 19:41:35.413385472,1726342895.4133854,2024-09-14 19:41:35.413385010,4,"[-0.09130565 -0.49459654 -0.22047961 -0.08495726 -0.04974763  0.46744722
  1.          0.         -0.2         0.10869434 -0.09384407]",2.0,5.72850081679911,[0.07385163 0.02450951 0.85326006 0.0483788 ],[0.07385163 0.02450951 0.85326006 0.0483788 ],30,358,469,0.9831668335914173,0,0
159,187,2024-09-14 19:41:35.156103936,TASK_BEGIN,3,-0.6954698914806074,0.2968380749637828,-1.0955925981313783,-0.0945920224331298,-0.6269990496714003,0.0525448378073547,6.872920776796524,-1.4279739107155325,0,2024-09-14 19:41:35.413385472,1726342895.4133854,2024-09-14 19:41:35.413385010,4,"[-0.09130565 -0.49459654 -0.22047961 -0.08495726 -0.04974763  0.46744722
  1.          0.         -0.2         0.10869434 -0.09384407]",2.0,5.72850081679911,[0.07385163 0.02450951 0.85326006 0.0483788 ],[0.07385163 0.02450951 0.85326006 0.0483788 ],30,358,469,0.9831668335914173,0,0
160,188,2024-09-14 19:41:35.233371136,TASK_BEGIN,3,-0.6900309157712616,0.296585214704631,-1.08966848000847,-0.0834492890258416,-0.6261091685275019,0.054073286122182,6.8044746529671984,-1.4040654643849435,0,2024-09-14 19:41:35.413385472,1726342895.4133854,2024-09-14 19:41:35.413385010,4,"[-0.09130565 -0.49459654 -0.22047961 -0.08495726 -0.04974763  0.46744722
  1.          0.         -0.2         0.10869434 -0.09384407]",2.0,5.72850081679911,[0.07385163 0.02450951 0.85326006 0.0483788 ],[0.07385163 0.02450951 0.85326006 0.0483788 ],30,358,469,0.9831668335914173,0,0
161,189,2024-09-14 19:41:36.177233920,TASK_BEGIN,3,-0.6833372319216825,0.2947232446068326,-1.0870178374912018,-0.0686328520723517,-0.6208062610601462,0.0554821514074589,6.726603843446024,-1.376695147225849,0,2024-09-14 19:41:35.791482624,1726342895.7914827,2024-09-14 19:41:35.791481934,4,"[-1.0879636e-01 -5.0243700e-01 -9.5415384e-02 -8.2421359e-09
  4.0747453e-03  5.6275242e-09  1.0000000e+00  1.0000000e+00
 -2.0000000e-01  9.1203645e-02 -3.1120433e-02]",0.0,0.5705658196019954,[0.49509638 0.16283753 0.02416139 0.3179047 ],[0.49509638 0.16283753 0.02416139 0.3179047 ],30,358,469,0.17325589150425846,0,0
162,190,2024-09-14 19:41:36.250236160,TASK_BEGIN,3,-0.6758035920854674,0.2914574964651225,-1.0865839480166075,-0.0504536005810201,-0.6108423587582865,0.0566106383459713,6.643525493105974,-1.3470179786534873,0,2024-09-14 19:41:35.854532096,1726342895.854532,2024-09-14 19:41:35.854531982,4,"[-1.10557556e-01 -5.02436817e-01 -7.91236907e-02 -8.91544882e-09
  4.07607853e-03  5.52555246e-09  1.00000000e+00  1.00000000e+00
 -2.00000003e-01  8.94424468e-02 -3.11218631e-02]",0.0,0.5655095367904437,[0.49017751 0.16982396 0.02430713 0.3156914 ],[0.49017751 0.16982396 0.02430713 0.3156914 ],30,358,469,0.16570739879737148,0,0
163,191,2024-09-14 19:41:36.318069760,TASK_BEGIN,3,-0.667737642813174,0.28699411645293,-1.0869222486762644,-0.0293779488885387,-0.596106617436812,0.0572824575084729,6.558771050303808,-1.3161225065075883,0,2024-09-14 19:41:36.022527232,1726342896.0225272,2024-09-14 19:41:36.022526855,4,"[-0.1133697  -0.50234234 -0.01476942  0.00207204  0.00334424 -0.00502546
  1.          1.         -0.2         0.0866303  -0.03187741]",0.0,1.408440511298803,[0.4769892  0.19529056 0.02205388 0.30566635],[0.4769892  0.19529056 0.02205388 0.30566635],30,358,469,0.1585120195231811,0,0
164,192,2024-09-14 19:41:36.385835008,TASK_BEGIN,3,-0.6592872676962641,0.2815259215782022,-1.0863888825600376,-0.0060359605463259,-0.5766816241246173,0.0573369064868359,6.474836723514076,-1.284939862604192,0,2024-09-14 19:41:36.022527232,1726342896.0225272,2024-09-14 19:41:36.022526855,4,"[-0.1133697  -0.50234234 -0.01476942  0.00207204  0.00334424 -0.00502546
  1.          1.         -0.2         0.0866303  -0.03187741]",0.0,1.408440511298803,[0.4769892  0.19529056 0.02205388 0.30566635],[0.4769892  0.19529056 0.02205388 0.30566635],30,358,469,0.1585120195231811,0,0
165,193,2024-09-14 19:41:36.438926080,TASK_BEGIN,3,-0.6503940775737685,0.2752200680682259,-1.0834431171594794,0.0187764504220237,-0.5528765943750137,0.0566600062383219,6.393188505616157,-1.2541804543020536,0,2024-09-14 19:41:36.043528192,1726342896.0435283,2024-09-14 19:41:36.043528076,4,"[-1.1337757e-01 -5.0233996e-01 -1.1063244e-03  1.5546379e-04
  3.3253895e-03 -3.7712933e-04  1.0000000e+00  1.0000000e+00
 -2.0000000e-01  8.6622432e-02 -3.1896964e-02]",0.0,1.381884116296657,[0.47481192 0.2053922  0.02333416 0.29646172],[0.47481192 0.2053922  0.02333416 0.29646172],30,358,469,0.15321524256358768,0,0
166,194,2024-09-14 19:41:36.521441024,TASK_BEGIN,3,-0.6407897816466789,0.2682098291976926,-1.0769400741556747,0.0441168975025494,-0.525252654284597,0.0552103714122198,6.314599092170759,-1.2243206587070026,0,2024-09-14 19:41:36.169539584,1726342896.1695397,2024-09-14 19:41:36.169539062,4,"[-1.1336247e-01 -5.0234067e-01 -3.7221005e-07  2.2394491e-09
  3.3168748e-03  7.1577780e-08  1.0000000e+00  1.0000000e+00
 -2.0000000e-01  8.6637527e-02 -3.1891242e-02]",0.0,0.0009169022271677818,[0.47156602 0.21703489 0.02480535 0.28659373],[0.47156602 0.21703489 0.02480535 0.28659373],30,358,469,0.1452124604995377,0,0
167,195,2024-09-14 19:41:36.589231872,TASK_BEGIN,3,-0.6300499812385737,0.2605910633213391,-1.066200492133844,0.0689266578210288,-0.4946407623235891,0.0530342746756534,6.239651641121456,-1.1956672440261755,0,2024-09-14 19:41:36.358555392,1726342896.3585553,2024-09-14 19:41:36.358555176,4,"[-1.1336247e-01 -5.0234067e-01 -8.1554807e-10  4.9088483e-10
  3.3169629e-03 -7.2989753e-10  1.0000000e+00  1.0000000e+00
 -2.0000000e-01  8.6637527e-02 -3.1891242e-02]",0.0,-1.7717443512310638e-07,[0.47145304 0.21719987 0.02482421 0.28652288],[0.47145304 0.21719987 0.02482421 0.28652288],30,358,469,0.1451079387417673,0,0
168,200,2024-09-14 19:41:37.780800000,TASK_BEGIN,3,-0.5438016560782855,0.2142688622594839,-0.9287738178669308,0.1447238035368619,-0.3392511099156215,0.0375469708580376,5.949635027773436,-1.0817492493754477,0,2024-09-14 19:41:38.167558912,1726342898.167559,2024-09-14 19:41:38.167557861,5,"[-2.3718674e-03  9.9442923e-01 -7.0331290e-02 -1.5985692e-01
  6.8331766e-03  2.6696127e-02  0.0000000e+00  0.0000000e+00
 -6.0000002e-01  5.9762812e-01 -1.1377674e+01]",0.0,-2.409591270401606,[0.4159667  0.23594621 0.05495986 0.29312723],[0.4159667  0.23594621 0.05495986 0.29312723],30,280,470,0.16645998807864532,0,0
169,201,2024-09-14 19:41:37.838736128,TASK_BEGIN,3,-0.518069519887185,0.2032498034269494,-0.8785521524535094,0.1433538799395383,-0.316502552631292,0.035032736374189,5.91350825262051,-1.067658843645744,0,2024-09-14 19:41:38.188047104,1726342898.1880472,2024-09-14 19:41:38.188046875,5,"[-2.8468769e-03  9.9153137e-01 -7.0348926e-02 -1.8546486e-01
  8.1671178e-03  2.6688183e-02  0.0000000e+00  0.0000000e+00
 -6.0000002e-01  5.9715313e-01 -1.1354491e+01]",0.0,-2.4712952886828674,[0.42323856 0.23815731 0.05687934 0.28172479],[0.42323856 0.23815731 0.05687934 0.28172479],30,280,470,0.16784293543333914,0,0
170,202,2024-09-14 19:41:37.916350976,TASK_BEGIN,3,-0.4893594541073177,0.1916102126512236,-0.8200188110209038,0.1354009146845367,-0.2986202786717955,0.0330529103962888,5.885987173755234,-1.0573384856462935,0,2024-09-14 19:41:38.188047104,1726342898.1880472,2024-09-14 19:41:38.188046875,5,"[-2.8468769e-03  9.9153137e-01 -7.0348926e-02 -1.8546486e-01
  8.1671178e-03  2.6688183e-02  0.0000000e+00  0.0000000e+00
 -6.0000002e-01  5.9715313e-01 -1.1354491e+01]",0.0,-2.4712952886828674,[0.42323856 0.23815731 0.05687934 0.28172479],[0.42323856 0.23815731 0.05687934 0.28172479],30,280,470,0.16784293543333914,0,0
171,203,2024-09-14 19:41:38.846606080,TASK_BEGIN,3,-0.4579065430997251,0.1793768847562047,-0.7546555020727005,0.1211499533128419,-0.2857623977259803,0.0315972772947942,5.868535751152157,-1.0511425184121543,0,2024-09-14 19:41:38.754780160,1726342898.75478,2024-09-14 19:41:38.754780029,5,"[-0.01645867  0.80552375 -0.11012641 -0.43680504  0.04800302  0.02127173
  0.          0.         -0.6         0.58354133 -9.86643   ]",0.0,-2.5315319592608603,[0.37030583 0.24477215 0.14306983 0.24185219],[0.37030583 0.24477215 0.14306983 0.24185219],30,280,470,0.07446089789599415,0,0
172,204,2024-09-14 19:41:38.924102144,TASK_BEGIN,3,-0.4241913941547364,0.1666155972186259,-0.6849184746941986,0.1012056042926839,-0.2776353008945836,0.0305632817127029,5.863684553109463,-1.0495077006624332,0,2024-09-14 19:41:38.754780160,1726342898.75478,2024-09-14 19:41:38.754780029,5,"[-0.01645867  0.80552375 -0.11012641 -0.43680504  0.04800302  0.02127173
  0.          0.         -0.6         0.58354133 -9.86643   ]",0.0,-2.5315319592608603,[0.37030583 0.24477215 0.14306983 0.24185219],[0.37030583 0.24477215 0.14306983 0.24185219],30,280,470,0.07446089789599415,0,0
173,205,2024-09-14 19:41:38.993232896,TASK_BEGIN,3,-0.38898398838007,0.1534380687187169,-0.6138538743812126,0.0764039408785484,-0.2735357318091139,0.0297735524546224,5.874972165293043,-1.052973153281304,0,2024-09-14 19:41:38.754780160,1726342898.75478,2024-09-14 19:41:38.754780029,5,"[-0.01645867  0.80552375 -0.11012641 -0.43680504  0.04800302  0.02127173
  0.          0.         -0.6         0.58354133 -9.86643   ]",0.0,-2.5315319592608603,[0.37030583 0.24477215 0.14306983 0.24185219],[0.37030583 0.24477215 0.14306983 0.24185219],30,280,470,0.07446089789599415,0,0
174,206,2024-09-14 19:41:39.061029120,TASK_BEGIN,3,-0.353338092097422,0.1400065288442616,-0.5446643930453928,0.047735656857582,-0.2724191119135216,0.0290006120016351,5.906496208086565,-1.0621320856933452,0,2024-09-14 19:41:38.754780160,1726342898.75478,2024-09-14 19:41:38.754780029,5,"[-0.01645867  0.80552375 -0.11012641 -0.43680504  0.04800302  0.02127173
  0.          0.         -0.6         0.58354133 -9.86643   ]",0.0,-2.5315319592608603,[0.37030583 0.24477215 0.14306983 0.24185219],[0.37030583 0.24477215 0.14306983 0.24185219],30,280,470,0.07446089789599415,0,0
175,207,2024-09-14 19:41:39.128770048,TASK_BEGIN,3,-0.3185281129056337,0.1265344116681717,-0.4803503720630668,0.0162885239232003,-0.2729899389823617,0.0279946999636428,5.962240569342808,-1.0775291952381276,0,2024-09-14 19:41:38.754780160,1726342898.75478,2024-09-14 19:41:38.754780029,5,"[-0.01645867  0.80552375 -0.11012641 -0.43680504  0.04800302  0.02127173
  0.          0.         -0.6         0.58354133 -9.86643   ]",0.0,-2.5315319592608603,[0.37030583 0.24477215 0.14306983 0.24185219],[0.37030583 0.24477215 0.14306983 0.24185219],30,280,470,0.07446089789599415,0,0
176,208,2024-09-14 19:41:39.186928896,TASK_BEGIN,3,-0.2859542286820281,0.1132832750792071,-0.4234197077621133,-0.0168038884552909,-0.2738196856143985,0.0265161191384148,6.045421003550176,-1.0995372078812358,0,2024-09-14 19:41:39.554572288,1726342899.5545723,2024-09-14 19:41:39.554572021,5,"[-0.03805931  0.5307014  -0.16265209 -0.43127024  0.08825171 -0.03227741
  0.          0.         -0.6         0.56194067 -7.667852  ]",0.0,-2.1463049727694568,[0.32929415 0.22677492 0.15216354 0.29176739],[0.32929415 0.22677492 0.15216354 0.29176739],30,280,470,0.07794053935812363,0,0
177,209,2024-09-14 19:41:39.263191040,TASK_BEGIN,3,-0.2570398409588783,0.1005540769853664,-0.3756043589838347,-0.0504268361467954,-0.2734856453426031,0.0243713258847581,6.158023352058209,-1.1282493417213042,0,2024-09-14 19:41:39.659610624,1726342899.6596107,2024-09-14 19:41:39.659610107,5,"[-0.04409655  0.49492383 -0.18728836 -0.43387958  0.0750499  -0.06923202
  0.          0.         -0.6         0.55590343 -7.3816314 ]",0.0,-1.9023200546097883,[0.34506243 0.27554047 0.12630956 0.25308754],[0.34506243 0.27554047 0.12630956 0.25308754],30,280,470,0.09589013820211918,0,0
178,210,2024-09-14 19:41:40.207667968,TASK_BEGIN,3,-0.2331122554458766,0.0886684513890481,-0.3376013490645358,-0.0835618743390357,-0.2707161549328912,0.0214471161055417,6.30056147223316,-1.163414304242525,0,2024-09-14 19:41:40.159919104,1726342900.159919,2024-09-14 19:41:40.159918945,5,"[-0.08008083  0.26435208 -0.18642265 -0.65472585 -0.0148529  -0.0652573
  0.          0.         -0.6         0.51991916 -5.5370574 ]",0.0,-2.698050574601808,[0.40081841 0.21368665 0.13196026 0.25353469],[0.40081841 0.21368665 0.13196026 0.25353469],30,280,470,0.1744554217549934,0,0
179,211,2024-09-14 19:41:40.275507200,TASK_BEGIN,3,-0.2152501788877848,0.0779400362407709,-0.3089429319993475,-0.1153556523757513,-0.264527681761344,0.0177353497534251,6.471931973347946,-1.204418070440955,0,2024-09-14 19:41:40.159919104,1726342900.159919,2024-09-14 19:41:40.159918945,5,"[-0.08008083  0.26435208 -0.18642265 -0.65472585 -0.0148529  -0.0652573
  0.          0.         -0.6         0.51991916 -5.5370574 ]",0.0,-2.698050574601808,[0.40081841 0.21368665 0.13196026 0.25353469],[0.40081841 0.21368665 0.13196026 0.25353469],30,280,470,0.1744554217549934,0,0
180,212,2024-09-14 19:41:40.336603904,TASK_BEGIN,3,-0.2041196670397789,0.068643456580934,-0.2880782213494742,-0.1451572809178357,-0.2543358628059546,0.0133420312723582,6.669235471912256,-1.250296793785274,0,2024-09-14 19:41:40.685557248,1726342900.6855574,2024-09-14 19:41:40.685557129,5,"[-0.11042921  0.00658667 -0.15553115 -0.59531355 -0.09905665 -0.07723256
  0.          0.         -0.6         0.4895708  -3.4749339 ]",0.0,-2.7892481220879404,[0.50445806 0.21071018 0.15087987 0.13395189],[0.50445806 0.21071018 0.15087987 0.13395189],30,280,470,0.25907380182193446,0,0
181,213,2024-09-14 19:41:40.411107840,TASK_BEGIN,3,-0.199864078213033,0.0609923747840731,-0.2726557095181082,-0.1725115713455695,-0.2400217683748753,0.0084791446205862,6.887604457937828,-1.2997594838174118,0,2024-09-14 19:41:40.685557248,1726342900.6855574,2024-09-14 19:41:40.685557129,5,"[-0.11042921  0.00658667 -0.15553115 -0.59531355 -0.09905665 -0.07723256
  0.          0.         -0.6         0.4895708  -3.4749339 ]",0.0,-2.7892481220879404,[0.50445806 0.21071018 0.15087987 0.13395189],[0.50445806 0.21071018 0.15087987 0.13395189],30,280,470,0.25907380182193446,0,0
182,214,2024-09-14 19:41:40.478922240,TASK_BEGIN,3,-0.2021113952506632,0.05513541368896,-0.2598650008701351,-0.1971259279398457,-0.2219478830187686,0.0034436836327807,7.120204231375133,-1.35120892921772,0,2024-09-14 19:41:40.685557248,1726342900.6855574,2024-09-14 19:41:40.685557129,5,"[-0.11042921  0.00658667 -0.15553115 -0.59531355 -0.09905665 -0.07723256
  0.          0.         -0.6         0.4895708  -3.4749339 ]",0.0,-2.7892481220879404,[0.50445806 0.21071018 0.15087987 0.13395189],[0.50445806 0.21071018 0.15087987 0.13395189],30,280,470,0.25907380182193446,0,0
183,215,2024-09-14 19:41:40.536417024,TASK_BEGIN,3,-0.2100987206563519,0.0511684920187043,-0.2466442654495035,-0.2188587996441213,-0.2009313816554342,-0.0014095676457786,7.358519637246765,-1.4027745602720023,0,2024-09-14 19:41:40.685557248,1726342900.6855574,2024-09-14 19:41:40.685557129,5,"[-0.11042921  0.00658667 -0.15553115 -0.59531355 -0.09905665 -0.07723256
  0.          0.         -0.6         0.4895708  -3.4749339 ]",0.0,-2.7892481220879404,[0.50445806 0.21071018 0.15087987 0.13395189],[0.50445806 0.21071018 0.15087987 0.13395189],30,280,470,0.25907380182193446,0,0
184,216,2024-09-14 19:41:40.613138944,TASK_BEGIN,3,-0.2228427847780226,0.0491502597976741,-0.2297533289723764,-0.2377456600718949,-0.1781785985481138,-0.0056978218990749,7.592934873401716,-1.4523894360143508,0,2024-09-14 19:41:40.979611648,1726342900.9796116,2024-09-14 19:41:40.979610840,5,"[-0.12081003 -0.12458009 -0.09336531 -0.5451168  -0.14769071 -0.08276653
  0.          0.         -0.6         0.47918996 -2.4255998 ]",0.0,-2.8929089737017932,[0.50125601 0.25830023 0.16819461 0.07224915],[0.50125601 0.25830023 0.16819461 0.07224915],30,280,470,0.29163521867099695,0,0
185,217,2024-09-14 19:41:41.552339200,TASK_BEGIN,3,-0.2392783176501448,0.0491060859210189,-0.205929510962995,-0.2540188653941033,-0.155187043759556,-0.009040689098476,7.813511400619168,-1.4979163979074817,0,2024-09-14 19:41:41.189579264,1726342901.1895792,2024-09-14 19:41:41.189579102,5,"[-0.12344257 -0.20949262  0.02869103 -0.50313044 -0.18421113 -0.06532612
  0.          0.         -0.6         0.47655743 -1.7462995 ]",0.0,-2.893011918546506,[0.48155365 0.272333   0.16142091 0.08469244],[0.48155365 0.272333   0.16142091 0.08469244],30,280,470,0.26919119235923766,0,0
186,218,2024-09-14 19:41:41.625603072,TASK_BEGIN,3,-0.2583344444530411,0.0510168999445233,-0.1722353446194448,-0.2680874121964156,-0.1336403079878007,-0.0110881768468067,8.010763888960243,-1.5372810302271172,0,2024-09-14 19:41:41.399578368,1726342901.3995783,2024-09-14 19:41:41.399578125,5,"[-0.12028933 -0.2841556   0.10556222 -0.42817375 -0.2220318  -0.0747041
  0.          0.         -0.6         0.47971067 -1.1489956 ]",0.0,-2.898499811345715,[0.49646597 0.19964074 0.15877936 0.14511394],[0.49646597 0.19964074 0.15877936 0.14511394],30,280,470,0.25392051618228356,0,0
187,219,2024-09-14 19:41:41.693304064,TASK_BEGIN,3,-0.2789622199292279,0.0548008440971364,-0.1264596927990107,-0.2804954612449605,-0.1153180076342865,-0.0115437738948843,8.176264651574085,-1.5685774553384366,0,2024-09-14 19:41:41.399578368,1726342901.3995783,2024-09-14 19:41:41.399578125,5,"[-0.12028933 -0.2841556   0.10556222 -0.42817375 -0.2220318  -0.0747041
  0.          0.         -0.6         0.47971067 -1.1489956 ]",0.0,-2.898499811345715,[0.49646597 0.19964074 0.15877936 0.14511394],[0.49646597 0.19964074 0.15877936 0.14511394],30,280,470,0.25392051618228356,0,0
188,220,2024-09-14 19:41:41.752087808,TASK_BEGIN,3,-0.3001467165671345,0.060300642518625,-0.0674343793787895,-0.2918804646627567,-0.1020186768387491,-0.0101806357168034,8.303049158517005,-1.5901591265958344,0,2024-09-14 19:41:42.134577408,1726342902.1345775,2024-09-14 19:41:42.134576904,5,"[-0.04207675 -0.48495245  0.12266347  0.00957857 -0.2533901   0.2837446
  1.          0.         -0.6         0.55792326  0.45737907]",3.0,2.690456048223444,[0.123121   0.0210136  0.00251977 0.85334562],[0.123121   0.0210136  0.00251977 0.85334562],30,280,470,1.0383980465151215,0,0
189,221,2024-09-14 19:41:41.828783872,TASK_BEGIN,3,-0.3209421684880921,0.0672882943805595,0.0047252714337276,-0.3029177572259597,-0.0954865406846965,-0.0068483882585956,8.385876984117013,-1.6007320657871165,0,2024-09-14 19:41:42.155577856,1726342902.155578,2024-09-14 19:41:42.155576904,5,"[-0.04117544 -0.4849543   0.11055821  0.00291746 -0.23941801  0.27998227
  1.          0.         -0.6         0.55882454  0.45739385]",3.0,2.569826194514908,[0.11992923 0.02088228 0.0035005  0.85568799],[0.11992923 0.02088228 0.0035005  0.85568799],30,280,470,1.0435806210946066,0,0
190,222,2024-09-14 19:41:41.896601856,TASK_BEGIN,3,-0.34054524122975,0.0754905773376046,0.0884787883377993,-0.314241400967163,-0.0973301457095151,-0.0014733422006323,8.421445389213025,-1.5994458885986005,0,2024-09-14 19:41:42.239659264,1726342902.2396593,2024-09-14 19:41:42.239658936,5,"[-0.03831156 -0.48603755  0.06893228 -0.02515989 -0.18240874  0.29259485
  1.          0.         -0.6         0.5616884   0.4660599 ]",3.0,2.0051000286965657,[0.11966308 0.02710395 0.01047177 0.84276119],[0.11966308 0.02710395 0.01047177 0.84276119],30,280,470,1.0475681657612814,1,1
191,223,2024-09-14 19:41:41.953246208,TASK_BEGIN,3,-0.3583797830637348,0.0846255306236573,0.1809425969694215,-0.3263573433310204,-0.1089110245733283,0.005937144573137,8.408649724284263,-1.585976728203299,0,2024-09-14 19:41:42.239659264,1726342902.2396593,2024-09-14 19:41:42.239658936,5,"[-0.03831156 -0.48603755  0.06893228 -0.02515989 -0.18240874  0.29259485
  1.          0.         -0.6         0.5616884   0.4660599 ]",3.0,2.0051000286965657,[0.11966308 0.02710395 0.01047177 0.84276119],[0.11966308 0.02710395 0.01047177 0.84276119],30,280,470,1.0475681657612814,1,1
192,224,2024-09-14 19:41:42.874906112,TASK_BEGIN,3,-0.3741539612247067,0.094433351607365,0.2781902783749413,-0.3395588795362426,-0.1311965075615886,0.015278720764264,8.348840489700224,-1.5605986005953831,0,2024-09-14 19:41:42.533657856,1726342902.5336578,2024-09-14 19:41:42.533656982,5,"[-0.03362568 -0.5009852   0.04216882 -0.01784717  0.03497398 -0.3022638
  0.          1.         -0.6         0.5663743   0.58564115]",0.0,1.1604645211962321,[0.49747744 0.41386692 0.01051232 0.07814333],[0.49747744 0.41386692 0.01051232 0.07814333],30,280,470,0.5241665885446214,1,1
193,225,2024-09-14 19:41:42.937391104,TASK_BEGIN,3,-0.3878750425556876,0.104692448217798,0.3755671950779744,-0.3538367495474564,-0.1646060498461997,0.0263277754603031,8.24587592131052,-1.5242209962605162,0,2024-09-14 19:41:42.553657856,1726342902.5536578,2024-09-14 19:41:42.553656982,5,"[-3.3622902e-02 -5.0098044e-01  5.4650189e-04  5.9037116e-05
  3.4978814e-02  2.2146231e-04  1.0000000e+00  1.0000000e+00
 -6.0000002e-01  5.6637710e-01  5.8560300e-01]",0.0,14.523364331259799,[0.49672919 0.38530961 0.04101957 0.07694163],[0.49672919 0.38530961 0.04101957 0.07694163],30,280,470,0.409405768738452,1,1
194,226,2024-09-14 19:41:43.018414080,TASK_BEGIN,3,-0.3998211893447584,0.1152212116181879,0.4679237386327606,-0.3687939607216026,-0.2088970308547016,0.0387251703381928,8.105810065488328,-1.4783506784315257,0,2024-09-14 19:41:42.803656704,1726342902.8036568,2024-09-14 19:41:42.803656006,5,"[-3.3973139e-02 -5.0061178e-01 -8.2907462e-03 -9.5091789e-04
  3.2965582e-02 -6.8461159e-03  1.0000000e+00  1.0000000e+00
 -6.0000002e-01  5.6602687e-01  5.8265400e-01]",0.0,0.23046897758001705,[0.46458466 0.17824226 0.0032257  0.35394738],[0.46458466 0.17824226 0.0032257  0.35394738],30,280,470,0.4073421010074215,1,1
195,227,2024-09-14 19:41:43.086159872,TASK_BEGIN,3,-0.4104651173686787,0.1258679784087581,0.5499482976900303,-0.3836054299327829,-0.2631299959453287,0.0519767750810755,7.936246996316817,-1.4249522936465886,0,2024-09-14 19:41:42.803656704,1726342902.8036568,2024-09-14 19:41:42.803656006,5,"[-3.3973139e-02 -5.0061178e-01 -8.2907462e-03 -9.5091789e-04
  3.2965582e-02 -6.8461159e-03  1.0000000e+00  1.0000000e+00
 -6.0000002e-01  5.6602687e-01  5.8265400e-01]",0.0,0.23046897758001705,[0.46458466 0.17824226 0.0032257  0.35394738],[0.46458466 0.17824226 0.0032257  0.35394738],30,280,470,0.4073421010074215,1,1
196,228,2024-09-14 19:41:43.141394944,TASK_BEGIN,3,-0.4203613979174181,0.1364928921116176,0.6167693790115091,-0.397063897969371,-0.3257297833590981,0.0654766546324277,7.745556574332753,-1.3662417568916032,0,2024-09-14 19:41:42.803656704,1726342902.8036568,2024-09-14 19:41:42.803656006,5,"[-3.3973139e-02 -5.0061178e-01 -8.2907462e-03 -9.5091789e-04
  3.2965582e-02 -6.8461159e-03  1.0000000e+00  1.0000000e+00
 -6.0000002e-01  5.6602687e-01  5.8265400e-01]",0.0,0.23046897758001705,[0.46458466 0.17824226 0.0032257  0.35394738],[0.46458466 0.17824226 0.0032257  0.35394738],30,280,470,0.4073421010074215,1,1
197,229,2024-09-14 19:41:43.215845888,TASK_BEGIN,3,-0.4300383869007135,0.1469496473803958,0.6646759958298923,-0.407728716414917,-0.3946209954707138,0.0785505847740414,7.5421606684091005,-1.304492654402907,0,2024-09-14 19:41:42.824622848,1726342902.8246229,2024-09-14 19:41:42.824621826,5,"[-3.4020584e-02 -5.0062239e-01 -6.3921902e-03 -7.3393655e-04
  3.2699477e-02 -5.2771415e-03  1.0000000e+00  1.0000000e+00
 -6.0000002e-01  5.6597942e-01  5.8273840e-01]",0.0,0.22095765736570172,[0.46401356 0.178915   0.00320565 0.35386578],[0.46401356 0.178915   0.00320565 0.35386578],30,280,470,0.40708758104432013,1,1
198,230,2024-09-14 19:41:43.277355008,TASK_BEGIN,3,-0.4399307111280246,0.1570737216266137,0.6916183133232572,-0.4141528658359478,-0.4673956025709031,0.090509623998696,7.333960640085904,-1.2419052727372442,0,2024-09-14 19:41:43.345261824,1726342903.3452618,2024-09-14 19:41:43.345260986,5,"[-3.4204405e-02 -5.0044668e-01 -3.9546615e-03 -4.5532963e-04
  3.3749055e-02 -3.2663452e-03  1.0000000e+00  1.0000000e+00
 -6.0000002e-01  5.6579560e-01  5.8133316e-01]",0.0,0.2083011698720867,[0.46258962 0.18069994 0.00322471 0.35348573],[0.46258962 0.18069994 0.00322471 0.35348573],30,280,470,0.40538480482512124,1,1
199,231,2024-09-14 19:41:44.224661248,TASK_BEGIN,3,-0.4503567130850607,0.1666772547744423,0.6973268549550695,-0.4151264351631638,-0.5414856955683733,0.1007028524975645,7.127821673409453,-1.1805107906075292,0,2024-09-14 19:41:43.849290496,1726342903.8492906,2024-09-14 19:41:43.849290039,5,"[-3.4221649e-02 -5.0045037e-01 -1.1351102e-08 -3.0183005e-09
  3.3652209e-02  2.3784734e-08  1.0000000e+00  1.0000000e+00
 -6.0000002e-01  5.6577837e-01  5.8136272e-01]",0.0,7.799165103961059e-06,[0.4598506  0.18380986 0.00318643 0.35315311],[0.4598506  0.18380986 0.00318643 0.35315311],30,280,470,0.4030636860848844,1,1
200,232,2024-09-14 19:41:44.286216960,TASK_BEGIN,3,-0.4615244870199783,0.1755485149319864,0.68316626807709,-0.4098807837863228,-0.6143300233725824,0.1085635869475975,6.929017265461839,-1.122061883693128,0,2024-09-14 19:41:43.891290624,1726342903.8912907,2024-09-14 19:41:43.891290039,5,"[-0.03422165 -0.5004504   0.          0.          0.03365209  0.
  1.          1.         -0.6         0.5657784   0.5813627 ]",0.0,20.000006055564754,[0.4598506  0.18380986 0.00318643 0.35315311],[0.4598506  0.18380986 0.00318643 0.35315311],30,280,470,0.403063645061921,1,1
201,238,2024-09-14 19:41:45.582300160,TASK_BEGIN,3,-0.5429443198517827,0.2007556656959503,0.3727013237673308,-0.2751209620598773,-0.9096364677854236,0.0931504382097813,5.904561968756092,-0.8780231115087742,0,2024-09-14 19:41:45.701868032,1726342905.701868,2024-09-14 19:41:45.701867188,6,"[-5.75145066e-04  9.67715263e-01 -6.10978296e-03 -3.27371448e-01
  1.69682701e-03  2.31085508e-03  0.00000000e+00  0.00000000e+00
  4.00000006e-01 -4.00575131e-01 -1.16262245e+01]",0.0,-2.5748403317481348,[0.50510309 0.13987628 0.06418432 0.29083631],[0.50510309 0.13987628 0.06418432 0.29083631],30,328,471,0.2741454487185787,0,0
202,239,2024-09-14 19:41:45.650131712,TASK_BEGIN,3,-0.5561580304250591,0.1988033090621611,0.3137879566707685,-0.2477960550153795,-0.9230672088514256,0.0813693546009473,5.727979875961252,-0.8547727565489367,0,2024-09-14 19:41:45.701868032,1726342905.701868,2024-09-14 19:41:45.701867188,6,"[-5.75145066e-04  9.67715263e-01 -6.10978296e-03 -3.27371448e-01
  1.69682701e-03  2.31085508e-03  0.00000000e+00  0.00000000e+00
  4.00000006e-01 -4.00575131e-01 -1.16262245e+01]",0.0,-2.5748403317481348,[0.50510309 0.13987628 0.06418432 0.29083631],[0.50510309 0.13987628 0.06418432 0.29083631],30,328,471,0.2741454487185787,0,0
203,240,2024-09-14 19:41:45.705803008,TASK_BEGIN,3,-0.5676468619109135,0.1950574666166398,0.2563228894809083,-0.2228446268520266,-0.9252004852452032,0.0681516017740476,5.539434350927448,-0.8354506962259068,0,2024-09-14 19:41:45.701868032,1726342905.701868,2024-09-14 19:41:45.701867188,6,"[-5.75145066e-04  9.67715263e-01 -6.10978296e-03 -3.27371448e-01
  1.69682701e-03  2.31085508e-03  0.00000000e+00  0.00000000e+00
  4.00000006e-01 -4.00575131e-01 -1.16262245e+01]",0.0,-2.5748403317481348,[0.50510309 0.13987628 0.06418432 0.29083631],[0.50510309 0.13987628 0.06418432 0.29083631],30,328,471,0.2741454487185787,0,0
204,241,2024-09-14 19:41:45.785687040,TASK_BEGIN,3,-0.5765498602243009,0.1896750950039247,0.1990533678477777,-0.201119002225229,-0.9165429396043808,0.0541105309885258,5.339064619630639,-0.8198753850381327,0,2024-09-14 19:41:45.701868032,1726342905.701868,2024-09-14 19:41:45.701867188,6,"[-5.75145066e-04  9.67715263e-01 -6.10978296e-03 -3.27371448e-01
  1.69682701e-03  2.31085508e-03  0.00000000e+00  0.00000000e+00
  4.00000006e-01 -4.00575131e-01 -1.16262245e+01]",0.0,-2.5748403317481348,[0.50510309 0.13987628 0.06418432 0.29083631],[0.50510309 0.13987628 0.06418432 0.29083631],30,328,471,0.2741454487185787,0,0
205,242,2024-09-14 19:41:45.853420032,TASK_BEGIN,3,-0.5820032522445415,0.182873888664688,0.1400336554077456,-0.1830867417949683,-0.8979648669090362,0.0398424827236897,5.129615562762506,-0.8080745904515219,0,2024-09-14 19:41:45.701868032,1726342905.701868,2024-09-14 19:41:45.701867188,6,"[-5.75145066e-04  9.67715263e-01 -6.10978296e-03 -3.27371448e-01
  1.69682701e-03  2.31085508e-03  0.00000000e+00  0.00000000e+00
  4.00000006e-01 -4.00575131e-01 -1.16262245e+01]",0.0,-2.5748403317481348,[0.50510309 0.13987628 0.06418432 0.29083631],[0.50510309 0.13987628 0.06418432 0.29083631],30,328,471,0.2741454487185787,0,0
206,243,2024-09-14 19:41:45.920718080,TASK_BEGIN,3,-0.5832377986557408,0.1749162077927871,0.0770571793866627,-0.1688106261433101,-0.8706709867107087,0.025892218559999,4.916122837957538,-0.8002351249194374,0,2024-09-14 19:41:45.701868032,1726342905.701868,2024-09-14 19:41:45.701867188,6,"[-5.75145066e-04  9.67715263e-01 -6.10978296e-03 -3.27371448e-01
  1.69682701e-03  2.31085508e-03  0.00000000e+00  0.00000000e+00
  4.00000006e-01 -4.00575131e-01 -1.16262245e+01]",0.0,-2.5748403317481348,[0.50510309 0.13987628 0.06418432 0.29083631],[0.50510309 0.13987628 0.06418432 0.29083631],30,328,471,0.2741454487185787,0,0
207,244,2024-09-14 19:41:45.983632128,TASK_BEGIN,3,-0.5796695775375508,0.1660909491667401,0.0078921946093628,-0.1579187677913483,-0.836167294511692,0.0127362958590786,4.705376682472225,-0.7966040528904307,0,2024-09-14 19:41:45.701868032,1726342905.701868,2024-09-14 19:41:45.701867188,6,"[-5.75145066e-04  9.67715263e-01 -6.10978296e-03 -3.27371448e-01
  1.69682701e-03  2.31085508e-03  0.00000000e+00  0.00000000e+00
  4.00000006e-01 -4.00575131e-01 -1.16262245e+01]",0.0,-2.5748403317481348,[0.50510309 0.13987628 0.06418432 0.29083631],[0.50510309 0.13987628 0.06418432 0.29083631],30,328,471,0.2741454487185787,0,0
208,245,2024-09-14 19:41:46.932004864,TASK_BEGIN,3,-0.5709639907432945,0.1566956977991612,-0.0697159243692444,-0.1495850474726203,-0.796206625349691,0.0007772331802369,4.50524508995061,-0.7973620611347673,0,2024-09-14 19:41:47.276868864,1726342907.2768688,2024-09-14 19:41:47.276868164,6,"[-0.01140094  0.15466332 -0.01809998 -0.8520593  -0.02216193 -0.01262554
  0.          0.          0.4        -0.41140094 -5.121809  ]",0.0,-2.632018705980528,[0.49641456 0.07119411 0.20162517 0.23076616],[0.49641456 0.07119411 0.20162517 0.23076616],30,328,471,0.25055280289643517,0,0
209,246,2024-09-14 19:41:46.996989952,TASK_BEGIN,3,-0.5570749476695438,0.1470203708182053,-0.1581172475098024,-0.1425719036657346,-0.7526965436646144,-0.0096615884392206,4.32392630853223,-0.8025072707149707,0,2024-09-14 19:41:47.360899072,1726342907.360899,2024-09-14 19:41:47.360897949,6,"[-0.01231742  0.10104334 -0.04516871 -0.83822614 -0.02588449 -0.02460073
  0.          0.          0.4        -0.41231743 -4.692849  ]",0.0,-2.7026362531213692,[0.50219476 0.06602255 0.24273808 0.18904461],[0.50219476 0.06602255 0.24273808 0.18904461],30,328,471,0.2525336765281013,0,0
210,247,2024-09-14 19:41:47.059062016,TASK_BEGIN,3,-0.5382694989132762,0.1373330422473668,-0.2596679343135584,-0.1353715607188557,-0.7075693749692569,-0.0183437191387995,4.169288373438475,-0.8118003323954183,0,2024-09-14 19:41:47.360899072,1726342907.360899,2024-09-14 19:41:47.360897949,6,"[-0.01231742  0.10104334 -0.04516871 -0.83822614 -0.02588449 -0.02460073
  0.          0.          0.4        -0.41231743 -4.692849  ]",0.0,-2.7026362531213692,[0.50219476 0.06602255 0.24273808 0.18904461],[0.50219476 0.06602255 0.24273808 0.18904461],30,328,471,0.2525336765281013,0,0
211,248,2024-09-14 19:41:47.135402752,TASK_BEGIN,3,-0.5151342078284582,0.1278682913391248,-0.3763063717732921,-0.1264329407514487,-0.6626406665743805,-0.0251276610738554,4.048405812225677,-0.8247954563197868,0,2024-09-14 19:41:47.360899072,1726342907.360899,2024-09-14 19:41:47.360897949,6,"[-0.01231742  0.10104334 -0.04516871 -0.83822614 -0.02588449 -0.02460073
  0.          0.          0.4        -0.41231743 -4.692849  ]",0.0,-2.7026362531213692,[0.50219476 0.06602255 0.24273808 0.18904461],[0.50219476 0.06602255 0.24273808 0.18904461],30,328,471,0.2525336765281013,0,0
212,249,2024-09-14 19:41:47.197443072,TASK_BEGIN,3,-0.4885506977797313,0.1188187602435279,-0.5088202868841661,-0.1144219822927992,-0.6195030026184919,-0.0299702705109006,3.967200914049082,-0.8409287087521478,0,2024-09-14 19:41:47.360899072,1726342907.360899,2024-09-14 19:41:47.360897949,6,"[-0.01231742  0.10104334 -0.04516871 -0.83822614 -0.02588449 -0.02460073
  0.          0.          0.4        -0.41231743 -4.692849  ]",0.0,-2.7026362531213692,[0.50219476 0.06602255 0.24273808 0.18904461],[0.50219476 0.06602255 0.24273808 0.18904461],30,328,471,0.2525336765281013,0,0
213,250,2024-09-14 19:41:47.271001856,TASK_BEGIN,3,-0.4596342119081858,0.1103313488572293,-0.6560904647293466,-0.0984455917071801,-0.579488763164364,-0.0329201223192476,3.930074832546652,-0.8596171128157288,0,2024-09-14 19:41:47.655053312,1726342907.6550534,2024-09-14 19:41:47.655053223,6,"[-0.01371614 -0.06670189  0.03501787 -0.66670465 -0.03790787 -0.00434167
  0.          0.          0.4        -0.41371614 -3.350887  ]",0.0,-2.560717350195162,[0.43199696 0.05200886 0.16441852 0.35157565],[0.43199696 0.05200886 0.16441852 0.35157565],30,328,471,0.27002444868415404,0,0
214,251,2024-09-14 19:41:47.336721920,TASK_BEGIN,3,-0.4296346408234394,0.1025074975833382,-0.8146990495496087,-0.0781841993119208,-0.5436863941853117,-0.0340997000882481,3.939572090730321,-0.8803383938753102,0,2024-09-14 19:41:47.655053312,1726342907.6550534,2024-09-14 19:41:47.655053223,6,"[-0.01371614 -0.06670189  0.03501787 -0.66670465 -0.03790787 -0.00434167
  0.          0.          0.4        -0.41371614 -3.350887  ]",0.0,-2.560717350195162,[0.43199696 0.05200886 0.16441852 0.35157565],[0.43199696 0.05200886 0.16441852 0.35157565],30,328,471,0.27002444868415404,0,0
215,252,2024-09-14 19:41:48.281997056,TASK_BEGIN,3,-0.3998124216523659,0.0954042778754051,-0.9790790665161304,-0.0539223394382046,-0.5129614017822793,-0.0336822746470343,3.996167904311565,-0.9026646427231224,0,2024-09-14 19:41:48.443715328,1726342908.4437153,2024-09-14 19:41:48.443715088,6,"[ 0.03102787 -0.36710447  0.39591938 -0.2089067  -0.18967971 -0.5060314
  0.          1.          0.4        -0.36897212 -0.9476665 ]",2.0,-3.1822085878154125,[1.53784693e-02 3.76740737e-02 9.46689517e-01 2.57939813e-04],[1.53784693e-02 3.76740737e-02 9.46689517e-01 2.57939813e-04],30,328,471,1.0761655292115349,0,0
216,253,2024-09-14 19:41:48.346612992,TASK_BEGIN,3,-0.3713215057832907,0.0890350338432426,-1.1420495913156117,-0.0265034304788761,-0.4879508132865772,-0.031871616791097,4.098195477663675,-0.9262335685255108,0,2024-09-14 19:41:48.443715328,1726342908.4437153,2024-09-14 19:41:48.443715088,6,"[ 0.03102787 -0.36710447  0.39591938 -0.2089067  -0.18967971 -0.5060314
  0.          1.          0.4        -0.36897212 -0.9476665 ]",2.0,-3.1822085878154125,[1.53784693e-02 3.76740737e-02 9.46689517e-01 2.57939813e-04],[1.53784693e-02 3.76740737e-02 9.46689517e-01 2.57939813e-04],30,328,471,1.0761655292115349,0,0
217,254,2024-09-14 19:41:48.408642048,TASK_BEGIN,3,-0.3451282320826681,0.0833728243203433,-1.2954423920993197,0.0027571715218143,-0.4690286273098611,-0.0288904776492237,4.241899150732661,-0.9506853852838936,0,2024-09-14 19:41:48.443715328,1726342908.4437153,2024-09-14 19:41:48.443715088,6,"[ 0.03102787 -0.36710447  0.39591938 -0.2089067  -0.18967971 -0.5060314
  0.          1.          0.4        -0.36897212 -0.9476665 ]",2.0,-3.1822085878154125,[1.53784693e-02 3.76740737e-02 9.46689517e-01 2.57939813e-04],[1.53784693e-02 3.76740737e-02 9.46689517e-01 2.57939813e-04],30,328,471,1.0761655292115349,0,0
218,255,2024-09-14 19:41:48.485399040,TASK_BEGIN,3,-0.321977117574269,0.0783604978043556,-1.430619508574869,0.0321794751832483,-0.4562492285343641,-0.0249795022875757,4.421623455999069,-0.9756171052465508,0,2024-09-14 19:41:48.443715328,1726342908.4437153,2024-09-14 19:41:48.443715088,6,"[ 0.03102787 -0.36710447  0.39591938 -0.2089067  -0.18967971 -0.5060314
  0.          1.          0.4        -0.36897212 -0.9476665 ]",2.0,-3.1822085878154125,[1.53784693e-02 3.76740737e-02 9.46689517e-01 2.57939813e-04],[1.53784693e-02 3.76740737e-02 9.46689517e-01 2.57939813e-04],30,328,471,1.0761655292115349,0,0
219,256,2024-09-14 19:41:48.553188096,TASK_BEGIN,3,-0.3024064008172555,0.073927637891761,-1.5388395997177728,0.0598401535975981,-0.4492913542593419,-0.0204014821681592,4.630156445342831,-1.0005701235506244,0,2024-09-14 19:41:48.443715328,1726342908.4437153,2024-09-14 19:41:48.443715088,6,"[ 0.03102787 -0.36710447  0.39591938 -0.2089067  -0.18967971 -0.5060314
  0.          1.          0.4        -0.36897212 -0.9476665 ]",2.0,-3.1822085878154125,[1.53784693e-02 3.76740737e-02 9.46689517e-01 2.57939813e-04],[1.53784693e-02 3.76740737e-02 9.46689517e-01 2.57939813e-04],30,328,471,1.0761655292115349,0,0
220,257,2024-09-14 19:41:48.609304832,TASK_BEGIN,3,-0.2868013863866966,0.0700099473841506,-1.6115683445817366,0.0837067663621322,-0.447444133434676,-0.0154412275866362,4.859216555974327,-1.025031724558417,0,2024-09-14 19:41:48.443715328,1726342908.4437153,2024-09-14 19:41:48.443715088,6,"[ 0.03102787 -0.36710447  0.39591938 -0.2089067  -0.18967971 -0.5060314
  0.          1.          0.4        -0.36897212 -0.9476665 ]",2.0,-3.1822085878154125,[1.53784693e-02 3.76740737e-02 9.46689517e-01 2.57939813e-04],[1.53784693e-02 3.76740737e-02 9.46689517e-01 2.57939813e-04],30,328,471,1.0761655292115349,0,0
221,258,2024-09-14 19:41:48.686992896,TASK_BEGIN,3,-0.2754497839432999,0.0665634675750021,-1.640924542651561,0.1017937023956866,-0.4496611036980888,-0.0103947018335069,5.100046585810201,-1.0484480417610595,0,2024-09-14 19:41:48.443715328,1726342908.4437153,2024-09-14 19:41:48.443715088,6,"[ 0.03102787 -0.36710447  0.39591938 -0.2089067  -0.18967971 -0.5060314
  0.          1.          0.4        -0.36897212 -0.9476665 ]",2.0,-3.1822085878154125,[1.53784693e-02 3.76740737e-02 9.46689517e-01 2.57939813e-04],[1.53784693e-02 3.76740737e-02 9.46689517e-01 2.57939813e-04],30,328,471,1.0761655292115349,0,0
222,259,2024-09-14 19:41:49.606198016,TASK_BEGIN,3,-0.2685615684038426,0.0635681733431946,-1.6204049098042628,0.1123569390492825,-0.4546713069845933,-0.0055488457655284,5.344064404038504,-1.0702675354931084,0,2024-09-14 19:41:49.207391232,1726342909.2073913,2024-09-14 19:41:49.207391113,6,"[ 0.16828544 -0.45469856  0.62083983 -0.05587501 -0.23822504  0.17625639
  0.          0.          0.4        -0.23171455 -0.24691379]",0.0,1.2040299970256285,[0.48073168 0.40395281 0.02224932 0.09306619],[0.48073168 0.40395281 0.02224932 0.09306619],30,328,471,0.2783587508741102,0,0
223,260,2024-09-14 19:41:49.668582144,TASK_BEGIN,3,-0.2662404396579321,0.0610220732365851,-1.545806856481469,0.1141146049587912,-0.4611189009076658,-0.0011581549229504,5.583474639408915,-1.0900112363509074,0,2024-09-14 19:41:49.270463232,1726342909.2704632,2024-09-14 19:41:49.271427979,6,"[ 0.18143749 -0.4574573   0.61797315 -0.05753224 -0.21191417  0.17511155
  0.          0.          0.4        -0.21856251 -0.22484386]",0.0,1.171427811580429,[0.46420142 0.41501682 0.02808711 0.09269466],[0.46420142 0.41501682 0.02808711 0.09269466],30,328,471,0.25501248469849636,0,0
224,261,2024-09-14 19:41:49.730648832,TASK_BEGIN,3,-0.2684186110076904,0.0589299704764857,-1.4160315295561523,0.1064273253088292,-0.4676947971770267,0.0025743475099742,5.811700473369121,-1.1073377185328477,0,2024-09-14 19:41:49.333917952,1726342909.3339179,2024-09-14 19:41:49.333917236,6,"[ 0.1945483  -0.46005774  0.61552864 -0.05918372 -0.18384045  0.17458442
  0.          0.          0.4        -0.20545171 -0.20404041]",0.0,1.1422980113142245,[0.44642116 0.42506903 0.03609839 0.09241142],[0.44642116 0.42506903 0.03609839 0.09241142],30,328,471,0.2297311740277015,0,0
225,262,2024-09-14 19:41:49.810432768,TASK_BEGIN,3,-0.2747851861185489,0.0572893737941216,-1.2333845460853596,0.0893578044213715,-0.4732181226631716,0.0055036802863748,6.023554183563381,-1.1220836989049492,0,2024-09-14 19:41:49.935851264,1726342909.9358513,2024-09-14 19:41:49.935851074,6,"[ 2.8599414e-01 -4.8198247e-01  2.8343880e-01 -3.3508316e-02
 -8.1836166e-05  8.1562527e-02  0.0000000e+00  0.0000000e+00
  4.0000001e-01 -1.1400587e-01 -2.8642528e-02]",1.0,1.367957459403845,[0.3906572  0.46351005 0.06463957 0.08119318],[0.3906572  0.46351005 0.06463957 0.08119318],30,328,471,0.20980533734816068,0,0
226,263,2024-09-14 19:41:49.878221056,TASK_BEGIN,3,-0.2847526048699872,0.0560767841555954,-1.0032095664824123,0.0635791090205876,-0.4766548261341579,0.0075346442513147,6.215196611374108,-1.134288030163737,0,2024-09-14 19:41:49.935851264,1726342909.9358513,2024-09-14 19:41:49.935851074,6,"[ 2.8599414e-01 -4.8198247e-01  2.8343880e-01 -3.3508316e-02
 -8.1836166e-05  8.1562527e-02  0.0000000e+00  0.0000000e+00
  4.0000001e-01 -1.1400587e-01 -2.8642528e-02]",1.0,1.367957459403845,[0.3906572  0.46351005 0.06463957 0.08119318],[0.3906572  0.46351005 0.06463957 0.08119318],30,328,471,0.20980533734816068,0,0
227,264,2024-09-14 19:41:49.931022848,TASK_BEGIN,3,-0.2974896046467718,0.0552399175036875,-0.7330818344667084,0.0301826347748397,-0.4771152160157764,0.0086076482746851,6.383981232024766,-1.1442044156667666,0,2024-09-14 19:41:49.935851264,1726342909.9358513,2024-09-14 19:41:49.935851074,6,"[ 2.8599414e-01 -4.8198247e-01  2.8343880e-01 -3.3508316e-02
 -8.1836166e-05  8.1562527e-02  0.0000000e+00  0.0000000e+00
  4.0000001e-01 -1.1400587e-01 -2.8642528e-02]",1.0,1.367957459403845,[0.3906572  0.46351005 0.06463957 0.08119318],[0.3906572  0.46351005 0.06463957 0.08119318],30,328,471,0.20980533734816068,0,0
228,265,2024-09-14 19:41:50.008243968,TASK_BEGIN,3,-0.3120010676929265,0.0546989696621768,-0.4319826542977075,-0.009521316901155,-0.4738891648547539,0.0086923575885425,6.528223018418585,-1.1522869002551004,0,2024-09-14 19:41:49.935851264,1726342909.9358513,2024-09-14 19:41:49.935851074,6,"[ 2.8599414e-01 -4.8198247e-01  2.8343880e-01 -3.3508316e-02
 -8.1836166e-05  8.1562527e-02  0.0000000e+00  0.0000000e+00
  4.0000001e-01 -1.1400587e-01 -2.8642528e-02]",1.0,1.367957459403845,[0.3906572  0.46351005 0.06463957 0.08119318],[0.3906572  0.46351005 0.06463957 0.08119318],30,328,471,0.20980533734816068,0,0
229,266,2024-09-14 19:41:50.957251072,TASK_BEGIN,3,-0.3272125250900619,0.0543549974824048,-0.1096858042339174,-0.0541546846253341,-0.4665350848619231,0.0077957086412767,6.646916265089073,-1.1591318405861883,0,2024-09-14 19:41:51.168867072,1726342911.168867,2024-09-14 19:41:51.168867188,6,"[ 0.37839493 -0.4788726   0.2621579   0.03531319  0.00680853  0.04353022
  0.          0.          0.4        -0.02160508 -0.05352151]",0.0,0.2543408772034752,[0.48747934 0.42337109 0.03349024 0.05565933],[0.48747934 0.42337109 0.03349024 0.05565933],30,328,471,0.2773056527330212,0,0
230,267,2024-09-14 19:41:51.025101824,TASK_BEGIN,3,-0.3420450278071427,0.0541023656576136,0.2237064954360934,-0.1023797001904785,-0.4549822298340581,0.0059802724373627,6.739494567405792,-1.16539291543786,0,2024-09-14 19:41:51.168867072,1726342911.168867,2024-09-14 19:41:51.168867188,6,"[ 0.37839493 -0.4788726   0.2621579   0.03531319  0.00680853  0.04353022
  0.          0.          0.4        -0.02160508 -0.05352151]",0.0,0.2543408772034752,[0.48747934 0.42337109 0.03349024 0.05565933],[0.48747934 0.42337109 0.03349024 0.05565933],30,328,471,0.2773056527330212,0,0
231,268,2024-09-14 19:41:51.087193856,TASK_BEGIN,3,-0.3554924334392182,0.0538436140982035,0.5582228224544172,-0.1529829611172561,-0.4395900168520629,0.0033830405723543,6.80575204028078,-1.1717100795288675,0,2024-09-14 19:41:51.168867072,1726342911.168867,2024-09-14 19:41:51.168867188,6,"[ 0.37839493 -0.4788726   0.2621579   0.03531319  0.00680853  0.04353022
  0.          0.          0.4        -0.02160508 -0.05352151]",0.0,0.2543408772034752,[0.48747934 0.42337109 0.03349024 0.05565933],[0.48747934 0.42337109 0.03349024 0.05565933],30,328,471,0.2773056527330212,0,0
232,269,2024-09-14 19:41:51.149214208,TASK_BEGIN,3,-0.3667081850846532,0.0535056140866032,0.884524866313748,-0.204940333967443,-0.4211327305869202,0.0002232749243936,6.845936979118305,-1.178669209737366,0,2024-09-14 19:41:51.168867072,1726342911.168867,2024-09-14 19:41:51.168867188,6,"[ 0.37839493 -0.4788726   0.2621579   0.03531319  0.00680853  0.04353022
  0.          0.          0.4        -0.02160508 -0.05352151]",0.0,0.2543408772034752,[0.48747934 0.42337109 0.03349024 0.05565933],[0.48747934 0.42337109 0.03349024 0.05565933],30,328,471,0.2773056527330212,0,0
233,270,2024-09-14 19:41:51.228418304,TASK_BEGIN,3,-0.3750996132220879,0.0530575688051956,1.194400318904982,-0.2574650995327951,-0.4007057823574697,-0.0032093234984011,6.860883173829865,-1.1867673962977627,0,2024-09-14 19:41:51.168867072,1726342911.168867,2024-09-14 19:41:51.168867188,6,"[ 0.37839493 -0.4788726   0.2621579   0.03531319  0.00680853  0.04353022
  0.          0.          0.4        -0.02160508 -0.05352151]",0.0,0.2543408772034752,[0.48747934 0.42337109 0.03349024 0.05565933],[0.48747934 0.42337109 0.03349024 0.05565933],30,328,471,0.2773056527330212,0,0
234,271,2024-09-14 19:41:51.287422208,TASK_BEGIN,3,-0.3804143723904041,0.0525302713562908,1.4811612602866944,-0.3100364844484136,-0.3795730312485389,-0.0065865689742595,6.852015349886805,-1.1963502297329354,0,2024-09-14 19:41:51.168867072,1726342911.168867,2024-09-14 19:41:51.168867188,6,"[ 0.37839493 -0.4788726   0.2621579   0.03531319  0.00680853  0.04353022
  0.          0.          0.4        -0.02160508 -0.05352151]",0.0,0.2543408772034752,[0.48747934 0.42337109 0.03349024 0.05565933],[0.48747934 0.42337109 0.03349024 0.05565933],30,328,471,0.2773056527330212,0,0
235,272,2024-09-14 19:41:51.348998144,TASK_BEGIN,3,-0.3827773685928778,0.0520277285761947,1.7398731760572683,-0.3623868838501357,-0.3590003571916165,-0.0095844094305816,6.821194526861086,-1.2075179696839993,0,2024-09-14 19:41:51.168867072,1726342911.168867,2024-09-14 19:41:51.168867188,6,"[ 0.37839493 -0.4788726   0.2621579   0.03531319  0.00680853  0.04353022
  0.          0.          0.4        -0.02160508 -0.05352151]",0.0,0.2543408772034752,[0.48747934 0.42337109 0.03349024 0.05565933],[0.48747934 0.42337109 0.03349024 0.05565933],30,328,471,0.2773056527330212,0,0
236,273,2024-09-14 19:41:52.294908928,TASK_BEGIN,3,-0.3826479302428266,0.0517209467248814,1.9673611888864824,-0.4144203172427314,-0.340124367129637,-0.0119237109909883,6.7705267615646765,-1.2200415944743248,0,2024-09-14 19:41:51.945945088,1726342911.945945,2024-09-14 19:41:51.945945068,6,"[ 3.9859661e-01 -4.8218989e-01 -4.7797384e-09 -3.2682888e-09
 -1.8200732e-03  1.1968984e-08  1.0000000e+00  1.0000000e+00
  4.0000001e-01 -1.4033953e-03 -2.6983134e-02]",0.0,-3.7456927657331107e-06,[0.41912566 0.26912442 0.03855836 0.27319155],[0.41912566 0.26912442 0.03855836 0.27319155],30,328,471,0.10621524581822354,0,0
237,274,2024-09-14 19:41:52.374989056,TASK_BEGIN,3,-0.3807274999883145,0.0518276904246758,2.1619959352331586,-0.4660652062337301,-0.3238726198634613,-0.0134014533017341,6.702279596051568,-1.2333449310713778,0,2024-09-14 19:41:52.029914112,1726342912.0299141,2024-09-14 19:41:52.029914062,6,"[ 3.9859661e-01 -4.8218989e-01 -2.0095815e-08 -8.5394442e-10
 -1.8201472e-03  3.6340243e-08  1.0000000e+00  1.0000000e+00
  4.0000001e-01 -1.4033953e-03 -2.6983134e-02]",0.0,-2.0308554837811243e-08,[0.41912566 0.26912442 0.03855836 0.27319155],[0.41912566 0.26912442 0.03855836 0.27319155],30,328,471,0.10621521997647551,0,0
238,275,2024-09-14 19:41:52.434437120,TASK_BEGIN,3,-0.3778758499096482,0.0525917143495194,2.323339436385801,-0.5171157933240565,-0.3109144873512279,-0.0139105911861597,6.6189396879822535,-1.2465725893584925,0,2024-09-14 19:41:52.050911488,1726342912.0509114,2024-09-14 19:41:52.050910889,6,"[ 3.9859661e-01 -4.8218989e-01 -2.0157641e-08  3.0615893e-10
 -1.8201395e-03  3.6345732e-08  1.0000000e+00  1.0000000e+00
  4.0000001e-01 -1.4033953e-03 -2.6983134e-02]",0.0,7.637394290327393e-07,[0.41912566 0.26912442 0.03855836 0.27319155],[0.41912566 0.26912442 0.03855836 0.27319155],30,328,471,0.10621521162500405,0,0
239,276,2024-09-14 19:41:52.511120128,TASK_BEGIN,3,-0.3750535380916563,0.0542670195830843,2.451753771811046,-0.567132543731496,-0.3016121131399996,-0.0134508626746666,6.523359568439697,-1.2587206712727868,0,2024-09-14 19:41:52.239961600,1726342912.2399616,2024-09-14 19:41:52.239960938,6,"[ 3.9859661e-01 -4.8218989e-01 -2.2597246e-09  1.9398387e-09
 -1.8201590e-03  1.7595507e-09  1.0000000e+00  1.0000000e+00
  4.0000001e-01 -1.4033953e-03 -2.6983134e-02]",0.0,4.210288850003963e-06,[0.41912566 0.26912442 0.03855836 0.27319155],[0.41912566 0.26912442 0.03855836 0.27319155],30,328,471,0.10621520718378177,0,0
240,277,2024-09-14 19:41:52.572753920,TASK_BEGIN,3,-0.3732594097343374,0.0571010640419365,2.548064901704899,-0.6154313132497022,-0.2959609659192813,-0.0121335019688523,6.418946141154008,-1.2688042179056336,0,2024-09-14 19:41:52.239961600,1726342912.2399616,2024-09-14 19:41:52.239960938,6,"[ 3.9859661e-01 -4.8218989e-01 -2.2597246e-09  1.9398387e-09
 -1.8201590e-03  1.7595507e-09  1.0000000e+00  1.0000000e+00
  4.0000001e-01 -1.4033953e-03 -2.6983134e-02]",0.0,4.210288850003963e-06,[0.41912566 0.26912442 0.03855836 0.27319155],[0.41912566 0.26912442 0.03855836 0.27319155],30,328,471,0.10621520718378177,0,0
241,278,2024-09-14 19:41:52.634832896,TASK_BEGIN,3,-0.3734263674600666,0.0613092833131677,2.613382510305076,-0.661144265206917,-0.2935450753627092,-0.0101782627969739,6.309814493997146,-1.2760361400310996,0,2024-09-14 19:41:52.239961600,1726342912.2399616,2024-09-14 19:41:52.239960938,6,"[ 3.9859661e-01 -4.8218989e-01 -2.2597246e-09  1.9398387e-09
 -1.8201590e-03  1.7595507e-09  1.0000000e+00  1.0000000e+00
  4.0000001e-01 -1.4033953e-03 -2.6983134e-02]",0.0,4.210288850003963e-06,[0.41912566 0.26912442 0.03855836 0.27319155],[0.41912566 0.26912442 0.03855836 0.27319155],30,328,471,0.10621520718378177,0,0
242,280,2024-09-14 19:41:53.632291072,TASK_BEGIN,3,-0.3821634208885608,0.0743343390494654,2.65702445433907,-0.7409796805989313,-0.2949013555509041,-0.0056618668369646,6.09689080902149,-1.2805534193849286,0,2024-09-14 19:41:53.984163584,1726342913.9841635,2024-09-14 19:41:53.984163086,7,"[ -0.01353335   0.9720957   -0.18822215  -0.3120783    0.03698785
   0.04504313   0.           0.          -0.4          0.38646665
 -11.1374    ]",3.0,-1.506743155505115,[0.38592825 0.10538865 0.08767609 0.421007  ],[0.38592825 0.10538865 0.08767609 0.421007  ],30,328,472,0.22118014112676515,0,0
243,281,2024-09-14 19:41:53.693485056,TASK_BEGIN,3,-0.3909870890509716,0.0830986784626508,2.6391815329553343,-0.7732098573089881,-0.2963827600792023,-0.003859833046873,6.00308367965343,-1.2780854279927525,0,2024-09-14 19:41:53.984163584,1726342913.9841635,2024-09-14 19:41:53.984163086,7,"[ -0.01353335   0.9720957   -0.18822215  -0.3120783    0.03698785
   0.04504313   0.           0.          -0.4          0.38646665
 -11.1374    ]",3.0,-1.506743155505115,[0.38592825 0.10538865 0.08767609 0.421007  ],[0.38592825 0.10538865 0.08767609 0.421007  ],30,328,472,0.22118014112676515,0,0
244,282,2024-09-14 19:41:53.754586880,TASK_BEGIN,3,-0.4021648536733411,0.0930908692974111,2.597668175287444,-0.7991033299441908,-0.2968692931026983,-0.0028432751846492,5.923132149073241,-1.2730740511100764,0,2024-09-14 19:41:53.984163584,1726342913.9841635,2024-09-14 19:41:53.984163086,7,"[ -0.01353335   0.9720957   -0.18822215  -0.3120783    0.03698785
   0.04504313   0.           0.          -0.4          0.38646665
 -11.1374    ]",3.0,-1.506743155505115,[0.38592825 0.10538865 0.08767609 0.421007  ],[0.38592825 0.10538865 0.08767609 0.421007  ],30,328,472,0.22118014112676515,0,0
245,283,2024-09-14 19:41:53.835810816,TASK_BEGIN,3,-0.4147376641968437,0.1039360188711366,2.5343267396957594,-0.8177710450003327,-0.2954391448855664,-0.0028826846625097,5.859005921147857,-1.266059549008774,0,2024-09-14 19:41:53.984163584,1726342913.9841635,2024-09-14 19:41:53.984163086,7,"[ -0.01353335   0.9720957   -0.18822215  -0.3120783    0.03698785
   0.04504313   0.           0.          -0.4          0.38646665
 -11.1374    ]",3.0,-1.506743155505115,[0.38592825 0.10538865 0.08767609 0.421007  ],[0.38592825 0.10538865 0.08767609 0.421007  ],30,328,472,0.22118014112676515,0,0
246,284,2024-09-14 19:41:53.903645952,TASK_BEGIN,3,-0.4275513573677241,0.1151624388521552,2.450692200439601,-0.8283465688273355,-0.291473657894567,-0.0041322474581853,5.8103408283822855,-1.2574598405792852,0,2024-09-14 19:41:53.984163584,1726342913.9841635,2024-09-14 19:41:53.984163086,7,"[ -0.01353335   0.9720957   -0.18822215  -0.3120783    0.03698785
   0.04504313   0.           0.          -0.4          0.38646665
 -11.1374    ]",3.0,-1.506743155505115,[0.38592825 0.10538865 0.08767609 0.421007  ],[0.38592825 0.10538865 0.08767609 0.421007  ],30,328,472,0.22118014112676515,0,0
247,285,2024-09-14 19:41:53.971436032,TASK_BEGIN,3,-0.4394449642747795,0.1262470140421609,2.348123410713458,-0.8300363360516637,-0.2846962614769019,-0.0066139421944787,5.7744160602350565,-1.2474937136791668,0,2024-09-14 19:41:53.984163584,1726342913.9841635,2024-09-14 19:41:53.984163086,7,"[ -0.01353335   0.9720957   -0.18822215  -0.3120783    0.03698785
   0.04504313   0.           0.          -0.4          0.38646665
 -11.1374    ]",3.0,-1.506743155505115,[0.38592825 0.10538865 0.08767609 0.421007  ],[0.38592825 0.10538865 0.08767609 0.421007  ],30,328,472,0.22118014112676515,0,0
248,286,2024-09-14 19:41:54.039222016,TASK_BEGIN,3,-0.4493684279893775,0.1366553695322615,2.227948257800421,-0.8222001398190321,-0.2751442790331188,-0.0102230172943135,5.746692369962462,-1.2362022374672146,0,2024-09-14 19:41:53.984163584,1726342913.9841635,2024-09-14 19:41:53.984163086,7,"[ -0.01353335   0.9720957   -0.18822215  -0.3120783    0.03698785
   0.04504313   0.           0.          -0.4          0.38646665
 -11.1374    ]",3.0,-1.506743155505115,[0.38592825 0.10538865 0.08767609 0.421007  ],[0.38592825 0.10538865 0.08767609 0.421007  ],30,328,472,0.22118014112676515,0,0
249,287,2024-09-14 19:41:54.977125120,TASK_BEGIN,3,-0.4564254804155307,0.1458730963905395,2.0914942585628875,-0.8044429397375994,-0.2630941032740342,-0.0147522315815515,5.721844193244192,-1.223559984233246,0,2024-09-14 19:41:55.365743360,1726342915.3657434,2024-09-14 19:41:55.365742920,7,"[-0.12742765  0.39718604 -0.27771384 -0.76468813 -0.08898704 -0.05930764
  0.          0.         -0.4         0.27257234 -6.5381217 ]",0.0,-2.587701582155148,[0.3351499  0.16996237 0.31187016 0.18301757],[0.3351499  0.16996237 0.31187016 0.18301757],30,328,472,0.0796645306417812,0,0
250,288,2024-09-14 19:41:55.039196160,TASK_BEGIN,3,-0.4598947869832228,0.153435797186785,1.9400742494160987,-0.7767106916439732,-0.2489855984718426,-0.0199239145644147,5.695012238955883,-1.209628905313411,0,2024-09-14 19:41:55.385742592,1726342915.3857427,2024-09-14 19:41:55.385741943,7,"[-0.12929368  0.38616705 -0.2644598  -0.7054751  -0.09191329 -0.0585252
  0.          0.         -0.4         0.27070633 -6.44997   ]",2.0,5.52628342806612,[0.30847978 0.15410837 0.36417751 0.17323433],[0.30847978 0.15410837 0.36417751 0.17323433],30,328,472,0.104371826756267,0,0
251,289,2024-09-14 19:41:55.118270976,TASK_BEGIN,3,-0.4592684191733007,0.1589635360152555,1.775082986627153,-0.7393873396294007,-0.2333694244527319,-0.0254166794965566,5.662832942219164,-1.1946757818019218,0,2024-09-14 19:41:55.385742592,1726342915.3857427,2024-09-14 19:41:55.385741943,7,"[-0.12929368  0.38616705 -0.2644598  -0.7054751  -0.09191329 -0.0585252
  0.          0.         -0.4         0.27070633 -6.44997   ]",2.0,5.52628342806612,[0.30847978 0.15410837 0.36417751 0.17323433],[0.30847978 0.15410837 0.36417751 0.17323433],30,328,472,0.104371826756267,0,0
252,290,2024-09-14 19:41:55.185939968,TASK_BEGIN,3,-0.4542998529612042,0.1621941415536457,1.5982265675898215,-0.6933678774380279,-0.2168634795760384,-0.0308838539668476,5.623846831864613,-1.1791814382387251,0,2024-09-14 19:41:55.565742848,1726342915.5657427,2024-09-14 19:41:55.565741943,7,"[-0.14486186  0.2850027  -0.2533224  -0.6563672  -0.11783546 -0.07116903
  0.          0.         -0.4         0.25513813 -5.640655  ]",2.0,8.24259996328534,[0.3194794  0.18692025 0.35484765 0.1387527 ],[0.3194794  0.18692025 0.35484765 0.1387527 ],30,328,472,0.10552211592630198,0,0
253,291,2024-09-14 19:41:55.253873152,TASK_BEGIN,3,-0.4450273341423739,0.1630052928225559,1.4117463399702783,-0.6400680823200033,-0.2001016254336035,-0.0359712857526808,5.578175999651622,-1.1637240090461796,0,2024-09-14 19:41:55.565742848,1726342915.5657427,2024-09-14 19:41:55.565741943,7,"[-0.14486186  0.2850027  -0.2533224  -0.6563672  -0.11783546 -0.07116903
  0.          0.         -0.4         0.25513813 -5.640655  ]",2.0,8.24259996328534,[0.3194794  0.18692025 0.35484765 0.1387527 ],[0.3194794  0.18692025 0.35484765 0.1387527 ],30,328,472,0.10552211592630198,0,0
254,292,2024-09-14 19:41:55.321679104,TASK_BEGIN,3,-0.4317417305994158,0.1614192049927691,1.2185176740167818,-0.5813611012781201,-0.183683263754179,-0.040339818940054,5.526737782471671,-1.1487913863556056,0,2024-09-14 19:41:55.666742528,1726342915.6667426,2024-09-14 19:41:55.666741943,7,"[-0.15355556  0.2293297  -0.21338266 -0.6836897  -0.1352479  -0.06357331
  0.          0.         -0.4         0.24644445 -5.195271  ]",2.0,7.835872754664348,[0.30337676 0.19286154 0.39980481 0.10395689],[0.30337676 0.19286154 0.39980481 0.10395689],30,328,472,0.14126334439435265,0,0
255,293,2024-09-14 19:41:55.389483008,TASK_BEGIN,3,-0.4148963942557536,0.1575877738915783,1.0220223607422343,-0.5194748474143037,-0.1681493310460722,-0.0436885159625582,5.470480397866632,-1.1346146723557573,0,2024-09-14 19:41:55.666742528,1726342915.6667426,2024-09-14 19:41:55.666741943,7,"[-0.15355556  0.2293297  -0.21338266 -0.6836897  -0.1352479  -0.06357331
  0.          0.         -0.4         0.24644445 -5.195271  ]",2.0,7.835872754664348,[0.30337676 0.19286154 0.39980481 0.10395689],[0.30337676 0.19286154 0.39980481 0.10395689],30,328,472,0.14126334439435265,0,0
256,294,2024-09-14 19:41:56.327206912,TASK_BEGIN,3,-0.3949977820551698,0.1517606161677894,0.8262484120827349,-0.4568897248388888,-0.154000750266236,-0.0457712276181511,5.410026187080378,-1.121089200429156,0,2024-09-14 19:41:56.682977536,1726342916.6829774,2024-09-14 19:41:56.682977051,7,"[-0.18309776 -0.2658502   0.29241535 -0.4699345  -0.33156425 -0.03781919
  0.          0.         -0.4         0.21690224 -1.233832  ]",2.0,4.000353773331807,[0.3307804  0.21517723 0.41259357 0.0414488 ],[0.3307804  0.21517723 0.41259357 0.0414488 ],30,328,472,0.253119695835999,0,0
257,295,2024-09-14 19:41:56.394432000,TASK_BEGIN,3,-0.3725304992141003,0.1442456294291562,0.6355524526794661,-0.3962401085421843,-0.1417446093166525,-0.0464026490197744,5.3457801737076345,-1.107799630206446,0,2024-09-14 19:41:56.682977536,1726342916.6829774,2024-09-14 19:41:56.682977051,7,"[-0.18309776 -0.2658502   0.29241535 -0.4699345  -0.33156425 -0.03781919
  0.          0.         -0.4         0.21690224 -1.233832  ]",2.0,4.000353773331807,[0.3307804  0.21517723 0.41259357 0.0414488 ],[0.3307804  0.21517723 0.41259357 0.0414488 ],30,328,472,0.253119695835999,0,0
258,296,2024-09-14 19:41:56.467439872,TASK_BEGIN,3,-0.3479369229668786,0.1353732182201749,0.4544714154440545,-0.3401886414183503,-0.1319319826966874,-0.0454545317764679,5.278267423958494,-1.0941326743642548,0,2024-09-14 19:41:56.682977536,1726342916.6829774,2024-09-14 19:41:56.682977051,7,"[-0.18309776 -0.2658502   0.29241535 -0.4699345  -0.33156425 -0.03781919
  0.          0.         -0.4         0.21690224 -1.233832  ]",2.0,4.000353773331807,[0.3307804  0.21517723 0.41259357 0.0414488 ],[0.3307804  0.21517723 0.41259357 0.0414488 ],30,328,472,0.253119695835999,0,0
259,297,2024-09-14 19:41:56.530050048,TASK_BEGIN,3,-0.3216271539323498,0.1254678611303895,0.2874440870305106,-0.2912465405332549,-0.1251661991031147,-0.0428453975931532,5.208427464691093,-1.0794447364453106,0,2024-09-14 19:41:56.682977536,1726342916.6829774,2024-09-14 19:41:56.682977051,7,"[-0.18309776 -0.2658502   0.29241535 -0.4699345  -0.33156425 -0.03781919
  0.          0.         -0.4         0.21690224 -1.233832  ]",2.0,4.000353773331807,[0.3307804  0.21517723 0.41259357 0.0414488 ],[0.3307804  0.21517723 0.41259357 0.0414488 ],30,328,472,0.253119695835999,0,0
260,298,2024-09-14 19:41:56.592087808,TASK_BEGIN,3,-0.2939894047460575,0.1148264463161744,0.1384575442993999,-0.2515519748239253,-0.1220851862032999,-0.0385287794021508,5.137788708475205,-1.0632347324235931,0,2024-09-14 19:41:56.682977536,1726342916.6829774,2024-09-14 19:41:56.682977051,7,"[-0.18309776 -0.2658502   0.29241535 -0.4699345  -0.33156425 -0.03781919
  0.          0.         -0.4         0.21690224 -1.233832  ]",2.0,4.000353773331807,[0.3307804  0.21517723 0.41259357 0.0414488 ],[0.3307804  0.21517723 0.41259357 0.0414488 ],30,328,472,0.253119695835999,0,0
261,299,2024-09-14 19:41:56.669262080,TASK_BEGIN,3,-0.2653991577495154,0.1037070586502049,0.0107011520816857,-0.2226578000149,-0.1233187175370557,-0.0324858506469499,5.068560413350431,-1.0452562636558609,0,2024-09-14 19:41:57.061979392,1726342917.0619793,2024-09-14 19:41:57.061979004,7,"[-0.13025124 -0.39547187  0.52551407 -0.28831136 -0.29616514  0.645388
  0.          0.         -0.4         0.26974875 -0.19685848]",3.0,-9.879082653789633,[0.01844554 0.00484921 0.29143511 0.68527013],[0.01844554 0.00484921 0.29143511 0.68527013],30,328,472,0.8313026738303616,0,0
262,300,2024-09-14 19:41:56.738890752,TASK_BEGIN,3,-0.2362403334429177,0.0923319353122263,-0.0937160827352412,-0.205383838111774,-0.1294101115033363,-0.0247273059422096,5.003581245041741,-1.0255212250256285,0,2024-09-14 19:41:57.061979392,1726342917.0619793,2024-09-14 19:41:57.061979004,7,"[-0.13025124 -0.39547187  0.52551407 -0.28831136 -0.29616514  0.645388
  0.          0.         -0.4         0.26974875 -0.19685848]",3.0,-9.879082653789633,[0.01844554 0.00484921 0.29143511 0.68527013],[0.01844554 0.00484921 0.29143511 0.68527013],30,328,472,0.8313026738303616,0,0
263,301,2024-09-14 19:41:57.677921024,TASK_BEGIN,3,-0.2069343967177117,0.0808997084941951,-0.173996459344738,-0.1997555702499933,-0.1407066266727901,-0.0153049025105698,4.946018306282037,-1.0042128722478558,0,2024-09-14 19:41:57.438975744,1726342917.4389758,2024-09-14 19:41:57.438975098,7,"[-0.06584962 -0.4195252   0.33582744  0.03781408  0.03161413  0.01897703
  0.          1.         -0.4         0.33415037 -0.00443179]",1.0,1.3165806414731571,[0.42595217 0.45638069 0.02070396 0.09696318],[0.42595217 0.45638069 0.02070396 0.09696318],30,328,472,0.33428267771762715,1,1
264,302,2024-09-14 19:41:57.749836032,TASK_BEGIN,3,-0.1779527209006549,0.0695974120830514,-0.2308344041993773,-0.2050176064811368,-0.1572520404301444,-0.0043257168968055,4.898876146214187,-0.9815812280799944,0,2024-09-14 19:41:57.438975744,1726342917.4389758,2024-09-14 19:41:57.438975098,7,"[-0.06584962 -0.4195252   0.33582744  0.03781408  0.03161413  0.01897703
  0.          1.         -0.4         0.33415037 -0.00443179]",1.0,1.3165806414731571,[0.42595217 0.45638069 0.02070396 0.09696318],[0.42595217 0.45638069 0.02070396 0.09696318],30,328,472,0.33428267771762715,1,1
265,303,2024-09-14 19:41:57.802885120,TASK_BEGIN,3,-0.149795485012962,0.0586079523570969,-0.266444859242833,-0.2197089782102491,-0.178729915658785,0.0080411112391883,4.864562616955073,-0.9578859218399268,0,2024-09-14 19:41:57.438975744,1726342917.4389758,2024-09-14 19:41:57.438975098,7,"[-0.06584962 -0.4195252   0.33582744  0.03781408  0.03161413  0.01897703
  0.          1.         -0.4         0.33415037 -0.00443179]",1.0,1.3165806414731571,[0.42595217 0.45638069 0.02070396 0.09696318],[0.42595217 0.45638069 0.02070396 0.09696318],30,328,472,0.33428267771762715,1,1
266,304,2024-09-14 19:41:57.880204800,TASK_BEGIN,3,-0.1229540160740114,0.0481158482153766,-0.2842681923898784,-0.2418055374781113,-0.2044921833746155,0.0215693645332563,4.844745374555134,-0.9334125134165772,0,2024-09-14 19:41:57.480976640,1726342917.4809766,2024-09-14 19:41:57.480976074,7,"[-0.06195338 -0.41761523  0.26247734  0.06296819  0.03942545  0.0610769
  1.          1.         -0.4         0.3380466  -0.01971156]",1.0,1.894728749649479,[0.2283168  0.62811768 0.00998146 0.13358407],[0.2283168  0.62811768 0.00998146 0.13358407],30,328,472,0.3290396387226119,1,1
267,305,2024-09-14 19:41:57.942691072,TASK_BEGIN,3,-0.0978905424547805,0.0383140619730178,-0.2883171201877243,-0.2689313100714987,-0.2336641584682796,0.0359884225608205,4.840501351510227,-0.9085530082397026,0,2024-09-14 19:41:57.544003840,1726342917.5440037,2024-09-14 19:41:57.544002930,7,"[-0.05742423 -0.4150238   0.1914655   0.05057064  0.04521672  0.03032258
  1.          1.         -0.4         0.34257576 -0.04044301]",1.0,2.023328796212999,[0.30257274 0.52025628 0.01111528 0.1660557 ],[0.30257274 0.52025628 0.01111528 0.1660557 ],30,328,472,0.2762661545958546,1,1
268,306,2024-09-14 19:41:58.020503808,TASK_BEGIN,3,-0.0750449210661942,0.0294084044392955,-0.2823920419552985,-0.2986075002058717,-0.2652721776408703,0.05099739240726,4.852552872353754,-0.8839078550018784,0,2024-09-14 19:41:58.401455616,1726342918.4014556,2024-09-14 19:41:58.401454834,7,"[-0.05401874 -0.41392207 -0.02898607 -0.00421929  0.05695384 -0.01434703
  1.          1.         -0.4         0.34598127 -0.04925687]",0.0,-0.022705446043538302,[0.48348238 0.20438691 0.02180231 0.29032841],[0.48348238 0.20438691 0.02180231 0.29032841],30,328,472,0.2605325042825064,1,1
269,307,2024-09-14 19:41:58.082542080,TASK_BEGIN,3,-0.0548524149719647,0.0216135251817718,-0.2695036115439707,-0.328479364452319,-0.2983332681815278,0.0662758028475262,4.881409599544217,-0.8603511403015336,0,2024-09-14 19:41:58.464492288,1726342918.4644923,2024-09-14 19:41:58.464491943,7,"[-0.05469108 -0.41413707 -0.03224139 -0.00470954  0.05464039 -0.01596526
  1.          1.         -0.4         0.34530893 -0.04753692]",0.0,-0.015600255372532956,[0.48634599 0.20112308 0.02164817 0.29088277],[0.48634599 0.20112308 0.02164817 0.29088277],30,328,472,0.2631254807497668,1,1
270,308,2024-09-14 19:41:59.024323072,TASK_BEGIN,3,-0.0377616522752923,0.0151402677451595,-0.251735630577363,-0.3564629770022136,-0.3318822546756633,0.0814886358553971,4.927370452057161,-0.839017615975918,0,2024-09-14 19:41:59.410056960,1726342919.410057,2024-09-14 19:41:59.410057129,7,"[-0.07471792 -0.42085516 -0.09556785 -0.01545963 -0.01478246 -0.04807398
  1.          1.         -0.4         0.32528207  0.00620787]",0.0,-0.38327597333352514,[0.55181692 0.14148819 0.01659694 0.29009794],[0.55181692 0.14148819 0.01659694 0.29009794],30,328,472,0.36591473200542024,1,1
271,309,2024-09-14 19:41:59.086704128,TASK_BEGIN,3,-0.0242456029083757,0.0101794931457287,-0.2305412087051478,-0.3807928352166795,-0.3649569285491107,0.0962887780057318,4.990409451891893,-0.8212007309740011,0,2024-09-14 19:41:59.471615744,1726342919.4716158,2024-09-14 19:41:59.471614990,7,"[-0.07686313 -0.42161155 -0.10121939 -0.0165494  -0.02228643 -0.05101892
  1.          1.         -0.4         0.32313687  0.01225894]",0.0,-0.40380697707689706,[0.55836003 0.13714032 0.01619987 0.28829978],[0.55836003 0.13714032 0.01619987 0.28829978],30,328,472,0.37663157790207497,1,1
272,310,2024-09-14 19:41:59.168423936,TASK_BEGIN,3,-0.0147861008397786,0.0068860951071375,-0.2071743007273474,-0.4000125876458851,-0.3965817119342312,0.1103227439002235,5.069978361027788,-0.8081778157304123,0,2024-09-14 19:41:59.555646464,1726342919.5556464,2024-09-14 19:41:59.555645996,7,"[-0.0799199  -0.4227019  -0.10914187 -0.01811652 -0.03300554 -0.05517532
  1.          1.         -0.4         0.3200801   0.02098172]",0.0,-0.43300218508957755,[0.56697855 0.1312789  0.01564772 0.28609484],[0.56697855 0.1312789  0.01564772 0.28609484],30,328,472,0.39136174131631674,1,1
273,311,2024-09-14 19:41:59.236232960,TASK_BEGIN,3,-0.0098193001374618,0.0053641112323291,-0.1828901063476655,-0.4129786779795806,-0.4257771831164056,0.1232420593757351,5.16474441370629,-0.8009985494073742,0,2024-09-14 19:41:59.618616576,1726342919.6186166,2024-09-14 19:41:59.618615967,7,"[-0.0823671  -0.42358565 -0.11539291 -0.01938614 -0.04161041 -0.05847936
  1.          1.         -0.4         0.31763288  0.02805179]",0.0,-0.45634922790274857,[0.57402489 0.12655433 0.01522099 0.28419978],[0.57402489 0.12655433 0.01522099 0.28419978],30,328,472,0.4039380421557808,1,1
274,312,2024-09-14 19:41:59.302921216,TASK_BEGIN,3,-0.0096624393249472,0.0056555824641898,-0.1588782946187228,-0.4189012971830448,-0.4515942076062221,0.1347184334264886,5.272317943299668,-0.800287332941308,0,2024-09-14 19:41:59.702615040,1726342919.702615,2024-09-14 19:41:59.702614014,7,"[-0.08584794 -0.42485917 -0.1241691  -0.02121893 -0.05388597 -0.06315716
  1.          1.         -0.4         0.31415206  0.03823989]",0.0,-0.4895997113250843,[0.58381333 0.12001157 0.014829   0.28134609],[0.58381333 0.12001157 0.014829   0.28134609],30,328,472,0.421703314143525,1,1
275,313,2024-09-14 19:41:59.365408000,TASK_BEGIN,3,-0.0144604389579336,0.0077385187910769,-0.1361944295598642,-0.4173831039284589,-0.4731564442377013,0.1444606590649712,5.389114214036458,-0.8061194726303527,0,2024-09-14 19:41:59.723614976,1726342919.723615,2024-09-14 19:41:59.723614990,7,"[-0.08675853 -0.42519557 -0.126446   -0.02170417 -0.05710489 -0.06437854
  1.          1.         -0.4         0.31324145  0.04093116]",0.0,-0.4983122207524815,[0.58591688 0.11817659 0.01467542 0.28123111],[0.58591688 0.11817659 0.01467542 0.28123111],30,328,472,0.42652282421256105,1,1
276,314,2024-09-14 19:41:59.427488000,TASK_BEGIN,3,-0.0241715153311372,0.0115358702481145,-0.1158134046002937,-0.4084127283337845,-0.4897062309923676,0.1522334115156294,5.510474744659772,-0.8180157589598155,0,2024-09-14 19:41:59.765615104,1726342919.765615,2024-09-14 19:41:59.765614990,7,"[-8.8273443e-02 -4.2506701e-01 -1.0528079e-01  3.9718584e-03
 -5.7104897e-02 -1.0471533e-08  0.0000000e+00  1.0000000e+00
 -4.0000001e-01  3.1172654e-01  3.9902620e-02]",0.0,-9.196544243770106,[0.55059157 0.15385327 0.00955438 0.28600077],[0.55059157 0.15385327 0.00955438 0.28600077],30,328,472,0.43126265060956487,1,1
277,315,2024-09-14 19:42:00.356827904,TASK_BEGIN,3,-0.0385830300926333,0.0169312525049206,-0.0986952226401615,-0.392313253938835,-0.5006632701529494,0.157879339941774,5.631040605878189,-0.8350480647360444,0,2024-09-14 19:42:00.101644800,1726342920.1016448,2024-09-14 19:42:00.101644043,7,"[-9.2986740e-02 -4.2466694e-01  1.0522228e-05 -3.7410757e-07
 -5.7107281e-02 -2.1292292e-06  0.0000000e+00  1.0000000e+00
 -4.0000001e-01  3.0701324e-01  3.6702089e-02]",0.0,0.018631163812415252,[0.41916708 0.39832453 0.0226525  0.15985589],[0.41916708 0.39832453 0.0226525  0.15985589],30,328,472,0.3156465781098508,1,1
278,316,2024-09-14 19:42:00.424667904,TASK_BEGIN,3,-0.0573442413451509,0.0237867792559427,-0.0858127614587944,-0.3696741570297666,-0.5057023560518646,0.1613451707602177,5.745295705318465,-0.855997773010673,0,2024-09-14 19:42:00.101644800,1726342920.1016448,2024-09-14 19:42:00.101644043,7,"[-9.2986740e-02 -4.2466694e-01  1.0522228e-05 -3.7410757e-07
 -5.7107281e-02 -2.1292292e-06  0.0000000e+00  1.0000000e+00
 -4.0000001e-01  3.0701324e-01  3.6702089e-02]",0.0,0.018631163812415252,[0.41916708 0.39832453 0.0226525  0.15985589],[0.41916708 0.39832453 0.0226525  0.15985589],30,328,472,0.3156465781098508,1,1
279,317,2024-09-14 19:42:00.492449024,TASK_BEGIN,3,-0.0800102082299197,0.0319606730950613,-0.0781918553010564,-0.3412924710503912,-0.5048428653786392,0.1627093003813427,5.848210923836527,-0.8795098123115866,0,2024-09-14 19:42:00.101644800,1726342920.1016448,2024-09-14 19:42:00.101644043,7,"[-9.2986740e-02 -4.2466694e-01  1.0522228e-05 -3.7410757e-07
 -5.7107281e-02 -2.1292292e-06  0.0000000e+00  1.0000000e+00
 -4.0000001e-01  3.0701324e-01  3.6702089e-02]",0.0,0.018631163812415252,[0.41916708 0.39832453 0.0226525  0.15985589],[0.41916708 0.39832453 0.0226525  0.15985589],30,328,472,0.3156465781098508,1,1
280,318,2024-09-14 19:42:00.560211968,TASK_BEGIN,3,-0.1060896882350044,0.0413208016760065,-0.0769379481209284,-0.3081275507237646,-0.4985289680630642,0.1622026279657917,5.935884146539534,-0.9042230550346678,0,2024-09-14 19:42:00.499614464,1726342920.4996145,2024-09-14 19:42:00.499614014,7,"[-9.2986740e-02 -4.2466694e-01  3.8477261e-09 -9.3752017e-10
 -5.7107400e-02 -2.0238733e-09  0.0000000e+00  1.0000000e+00
 -4.0000001e-01  3.0701324e-01  3.6702089e-02]",0.0,-3.619525514864108e-07,[0.41909059 0.39825185 0.02267102 0.15998654],[0.41909059 0.39825185 0.02267102 0.15998654],30,328,472,0.3154776170657896,1,1
281,319,2024-09-14 19:42:00.627963136,TASK_BEGIN,3,-0.1350851530659428,0.0517494278730112,-0.0831862387903534,-0.2712520499296513,-0.4876732476479345,0.1602118662365977,6.005947316986625,-0.9288692887087756,0,2024-09-14 19:42:00.499614464,1726342920.4996145,2024-09-14 19:42:00.499614014,7,"[-9.2986740e-02 -4.2466694e-01  3.8477261e-09 -9.3752017e-10
 -5.7107400e-02 -2.0238733e-09  0.0000000e+00  1.0000000e+00
 -4.0000001e-01  3.0701324e-01  3.6702089e-02]",0.0,-3.619525514864108e-07,[0.41909059 0.39825185 0.02267102 0.15998654],[0.41909059 0.39825185 0.02267102 0.15998654],30,328,472,0.3154776170657896,1,1
282,320,2024-09-14 19:42:00.682860032,TASK_BEGIN,3,-0.166516170606143,0.0631398217585211,-0.0980286326340921,-0.2317821707803019,-0.4736461990646532,0.1572602406139398,6.057536078436046,-0.9523185935663432,0,2024-09-14 19:42:00.499614464,1726342920.4996145,2024-09-14 19:42:00.499614014,7,"[-9.2986740e-02 -4.2466694e-01  3.8477261e-09 -9.3752017e-10
 -5.7107400e-02 -2.0238733e-09  0.0000000e+00  1.0000000e+00
 -4.0000001e-01  3.0701324e-01  3.6702089e-02]",0.0,-3.619525514864108e-07,[0.41909059 0.39825185 0.02267102 0.15998654],[0.41909059 0.39825185 0.02267102 0.15998654],30,328,472,0.3154776170657896,1,1
283,321,2024-09-14 19:42:00.763577856,TASK_BEGIN,3,-0.1999270103236998,0.0753904910130856,-0.1225202542174234,-0.1907944244890532,-0.4582040506429403,0.1539678633598435,6.09088516044643,-0.9735643112567266,0,2024-09-14 19:42:00.499614464,1726342920.4996145,2024-09-14 19:42:00.499614014,7,"[-9.2986740e-02 -4.2466694e-01  3.8477261e-09 -9.3752017e-10
 -5.7107400e-02 -2.0238733e-09  0.0000000e+00  1.0000000e+00
 -4.0000001e-01  3.0701324e-01  3.6702089e-02]",0.0,-3.619525514864108e-07,[0.41909059 0.39825185 0.02267102 0.15998654],[0.41909059 0.39825185 0.02267102 0.15998654],30,328,472,0.3154776170657896,1,1
284,323,2024-09-14 19:42:01.763098880,TASK_BEGIN,3,-0.2709898519796889,0.1020642124902203,-0.2046599194350487,-0.1080121225517789,-0.431104615935776,0.1489774237342448,6.105992938202233,-1.0057845633889615,0,2024-09-14 19:42:02.125081856,1726342922.1250818,2024-09-14 19:42:02.125081055,8,"[ 1.9647281e-03  9.9771023e-01  1.4537445e-01 -1.7939588e-01
 -5.6387531e-03 -5.5267833e-02  0.0000000e+00  0.0000000e+00
 -2.0000000e-01  2.0196472e-01 -1.1635479e+01]",0.0,-1.840820294276675,[0.36288111 0.30249727 0.1527914  0.18183022],[0.36288111 0.30249727 0.1527914  0.18183022],30,400,473,0.06386819924875245,0,0
285,324,2024-09-14 19:42:01.827922176,TASK_BEGIN,3,-0.3078488254020581,0.1162659722425891,-0.2640228952984865,-0.0677786411907452,-0.4233243795834148,0.1484538083770921,6.0889479032073535,-1.015073858862346,0,2024-09-14 19:42:02.125081856,1726342922.1250818,2024-09-14 19:42:02.125081055,8,"[ 1.9647281e-03  9.9771023e-01  1.4537445e-01 -1.7939588e-01
 -5.6387531e-03 -5.5267833e-02  0.0000000e+00  0.0000000e+00
 -2.0000000e-01  2.0196472e-01 -1.1635479e+01]",0.0,-1.840820294276675,[0.36288111 0.30249727 0.1527914  0.18183022],[0.36288111 0.30249727 0.1527914  0.18183022],30,400,473,0.06386819924875245,0,0
286,325,2024-09-14 19:42:01.890880000,TASK_BEGIN,3,-0.3450767533267421,0.1308698415321858,-0.3358932785582302,-0.0292198756415333,-0.4214605096480719,0.1498179177835397,6.055619164105155,-1.01886804955109,0,2024-09-14 19:42:02.125081856,1726342922.1250818,2024-09-14 19:42:02.125081055,8,"[ 1.9647281e-03  9.9771023e-01  1.4537445e-01 -1.7939588e-01
 -5.6387531e-03 -5.5267833e-02  0.0000000e+00  0.0000000e+00
 -2.0000000e-01  2.0196472e-01 -1.1635479e+01]",0.0,-1.840820294276675,[0.36288111 0.30249727 0.1527914  0.18183022],[0.36288111 0.30249727 0.1527914  0.18183022],30,400,473,0.06386819924875245,0,0
287,326,2024-09-14 19:42:01.953221120,TASK_BEGIN,3,-0.3822515933642271,0.1457071569388849,-0.4194250297577543,0.0069943763105979,-0.426444579673959,0.1532831119185126,6.005829041710076,-1.0166903439674158,0,2024-09-14 19:42:02.333104640,1726342922.3331046,2024-09-14 19:42:02.333104004,8,"[  0.01179632   0.9476756    0.1457366   -0.43551758  -0.0332168
  -0.0550981    0.           0.          -0.2          0.21179631
 -11.235202  ]",0.0,-2.769276714241272,[0.32921357 0.29140237 0.28506279 0.09432127],[0.32921357 0.29140237 0.28506279 0.09432127],30,400,473,0.06461754615209617,0,0
288,327,2024-09-14 19:42:02.030867200,TASK_BEGIN,3,-0.4188845173260676,0.160565116333993,-0.5125954198636874,0.0401224365765054,-0.438612607878663,0.1588721867254127,5.939669395778735,-1.0083163522166931,0,2024-09-14 19:42:02.375071488,1726342922.3750715,2024-09-14 19:42:02.375071045,8,"[  0.01388264   0.93392336   0.1622443   -0.41918084  -0.03845851
  -0.04978028   0.           0.          -0.2          0.21388264
 -11.125184  ]",2.0,2.784549553219674,[0.31220507 0.27912529 0.33051745 0.07815219],[0.31220507 0.27912529 0.33051745 0.07815219],30,400,473,0.08219040649151191,0,0
289,328,2024-09-14 19:42:02.093351936,TASK_BEGIN,3,-0.4544047512638926,0.1751849552366206,-0.6120365531459279,0.0693242763180937,-0.4576906112817365,0.1664276177340244,5.857852127083659,-0.993785788398202,0,2024-09-14 19:42:02.438138368,1726342922.4381382,2024-09-14 19:42:02.438137939,8,"[  0.01720516   0.9139781    0.16483532  -0.36154157  -0.04604353
  -0.05222465   0.           0.          -0.2          0.21720515
 -10.965622  ]",2.0,9.38559721746871,[0.30738524 0.29949822 0.32411657 0.06899998],[0.30738524 0.29949822 0.32411657 0.06899998],30,400,473,0.08783288992745866,0,0
290,329,2024-09-14 19:42:03.054178048,TASK_BEGIN,3,-0.488153035906859,0.1892710079127271,-0.7130926046761602,0.0936932921765913,-0.4828191252344262,0.1756375937925713,5.761790702972245,-0.9733705634503892,0,2024-09-14 19:42:03.109818624,1726342923.1098187,2024-09-14 19:42:03.109817871,8,"[ 0.05345909  0.6577952   0.12234718 -0.513814   -0.03510709  0.03068534
  0.          0.         -0.2         0.2534591  -8.916159  ]",1.0,-2.002150887530485,[0.35867478 0.37895459 0.17990225 0.08246837],[0.35867478 0.37895459 0.17990225 0.08246837],30,400,473,0.09381304610821457,0,0
291,330,2024-09-14 19:42:03.124886016,TASK_BEGIN,3,-0.5193765950011302,0.2025068472648997,-0.8101871110788177,0.1123406035411239,-0.5126078970375094,0.1860704961312867,5.653365596091218,-0.9475143829461762,0,2024-09-14 19:42:03.109818624,1726342923.1098187,2024-09-14 19:42:03.109817871,8,"[ 0.05345909  0.6577952   0.12234718 -0.513814   -0.03510709  0.03068534
  0.          0.         -0.2         0.2534591  -8.916159  ]",1.0,-2.002150887530485,[0.35867478 0.37895459 0.17990225 0.08246837],[0.35867478 0.37895459 0.17990225 0.08246837],30,400,473,0.09381304610821457,0,0
292,331,2024-09-14 19:42:03.192665088,TASK_BEGIN,3,-0.5472465201023977,0.2145779306477099,-0.897441426711038,0.1245063862195664,-0.5452276457531904,0.197214035233228,5.5345597937907485,-0.916777263552329,0,2024-09-14 19:42:03.109818624,1726342923.1098187,2024-09-14 19:42:03.109817871,8,"[ 0.05345909  0.6577952   0.12234718 -0.513814   -0.03510709  0.03068534
  0.          0.         -0.2         0.2534591  -8.916159  ]",1.0,-2.002150887530485,[0.35867478 0.37895459 0.17990225 0.08246837],[0.35867478 0.37895459 0.17990225 0.08246837],30,400,473,0.09381304610821457,0,0
293,332,2024-09-14 19:42:03.255187968,TASK_BEGIN,3,-0.570925123823199,0.2252014253444871,-0.9694056750269976,0.1296738306417476,-0.5785454862453288,0.2085173134142451,5.407236667892919,-0.8818133144666304,0,2024-09-14 19:42:03.109818624,1726342923.1098187,2024-09-14 19:42:03.109817871,8,"[ 0.05345909  0.6577952   0.12234718 -0.513814   -0.03510709  0.03068534
  0.          0.         -0.2         0.2534591  -8.916159  ]",1.0,-2.002150887530485,[0.35867478 0.37895459 0.17990225 0.08246837],[0.35867478 0.37895459 0.17990225 0.08246837],30,400,473,0.09381304610821457,0,0
294,333,2024-09-14 19:42:03.328207104,TASK_BEGIN,3,-0.5896781393778734,0.2341575774728719,-1.0217081410761095,0.1276653353664746,-0.6103045385229114,0.219432730353048,5.273234409568386,-0.8433922695370999,0,2024-09-14 19:42:03.109818624,1726342923.1098187,2024-09-14 19:42:03.109817871,8,"[ 0.05345909  0.6577952   0.12234718 -0.513814   -0.03510709  0.03068534
  0.          0.         -0.2         0.2534591  -8.916159  ]",1.0,-2.002150887530485,[0.35867478 0.37895459 0.17990225 0.08246837],[0.35867478 0.37895459 0.17990225 0.08246837],30,400,473,0.09381304610821457,0,0
295,334,2024-09-14 19:42:03.396007936,TASK_BEGIN,3,-0.6029940653591485,0.2413141033748019,-1.0514213727213857,0.1186951868866139,-0.6383439660261644,0.2294554973410565,5.13481102388995,-0.8024597592019456,0,2024-09-14 19:42:03.109818624,1726342923.1098187,2024-09-14 19:42:03.109817871,8,"[ 0.05345909  0.6577952   0.12234718 -0.513814   -0.03510709  0.03068534
  0.          0.         -0.2         0.2534591  -8.916159  ]",1.0,-2.002150887530485,[0.35867478 0.37895459 0.17990225 0.08246837],[0.35867478 0.37895459 0.17990225 0.08246837],30,400,473,0.09381304610821457,0,0
296,335,2024-09-14 19:42:03.463758080,TASK_BEGIN,3,-0.6106665354381575,0.2466387942393463,-1.0570824209243896,0.1033535058901832,-0.6608232909196643,0.2381572713106559,4.995264451481011,-0.7602057986956106,0,2024-09-14 19:42:03.109818624,1726342923.1098187,2024-09-14 19:42:03.109817871,8,"[ 0.05345909  0.6577952   0.12234718 -0.513814   -0.03510709  0.03068534
  0.          0.         -0.2         0.2534591  -8.916159  ]",1.0,-2.002150887530485,[0.35867478 0.37895459 0.17990225 0.08246837],[0.35867478 0.37895459 0.17990225 0.08246837],30,400,473,0.09381304610821457,0,0
297,336,2024-09-14 19:42:04.406825984,TASK_BEGIN,3,-0.612806890180792,0.2501959759436373,-1.0384867183342736,0.0825208237006724,-0.676377446324081,0.2452059585521225,4.859346317964994,-0.7180879283061651,0,2024-09-14 19:42:04.689643264,1726342924.6896434,2024-09-14 19:42:04.689642822,8,"[ 0.08273721  0.03003752 -0.04843545 -0.62618643  0.14757134  0.0152997
  0.          0.         -0.2         0.2827372  -3.8940973 ]",3.0,-2.2614352501047765,[0.37978957 0.05392647 0.17375038 0.39253358],[0.37978957 0.05392647 0.17375038 0.39253358],30,400,473,0.25564904046236625,0,0
298,337,2024-09-14 19:42:04.474663936,TASK_BEGIN,3,-0.6097820242775849,0.2521218517147446,-0.996429661247102,0.0572515759265149,-0.6841624744040531,0.2503678159861586,4.7331818976499465,-0.6777730739249083,0,2024-09-14 19:42:04.689643264,1726342924.6896434,2024-09-14 19:42:04.689642822,8,"[ 0.08273721  0.03003752 -0.04843545 -0.62618643  0.14757134  0.0152997
  0.          0.         -0.2         0.2827372  -3.8940973 ]",3.0,-2.2614352501047765,[0.37978957 0.05392647 0.17375038 0.39253358],[0.37978957 0.05392647 0.17375038 0.39253358],30,400,473,0.25564904046236625,0,0
299,338,2024-09-14 19:42:04.527204096,TASK_BEGIN,3,-0.6021061274067342,0.2525816310559574,-0.9324870233427608,0.0286761290456058,-0.6838256664209308,0.2534982466526805,4.623789884743735,-0.6410129542963207,0,2024-09-14 19:42:04.689643264,1726342924.6896434,2024-09-14 19:42:04.689642822,8,"[ 0.08273721  0.03003752 -0.04843545 -0.62618643  0.14757134  0.0152997
  0.          0.         -0.2         0.2827372  -3.8940973 ]",3.0,-2.2614352501047765,[0.37978957 0.05392647 0.17375038 0.39253358],[0.37978957 0.05392647 0.17375038 0.39253358],30,400,473,0.25564904046236625,0,0
300,339,2024-09-14 19:42:04.605342976,TASK_BEGIN,3,-0.5903255126057135,0.2517221534054282,-0.8488491771156678,-0.0020557074005259,-0.6754472147251942,0.2545286454629739,4.538523193354942,-0.6095001085197633,0,2024-09-14 19:42:05.003673088,1726342925.003673,2024-09-14 19:42:05.003673096,8,"[ 0.07288543 -0.11121416 -0.14169376 -0.50036925  0.15856989 -0.01395076
  0.          0.         -0.2         0.27288544 -2.7640839 ]",3.0,-1.7432948024419324,[0.27873093 0.02836769 0.25576227 0.43713911],[0.27873093 0.02836769 0.25576227 0.43713911],30,400,473,0.26726129898769574,0,0
301,340,2024-09-14 19:42:04.677952000,TASK_BEGIN,3,-0.5749269916533226,0.2496360618075233,-0.748253521426281,-0.0337937690222618,-0.6594666939068916,0.253451212891347,4.484565170021672,-0.5847389391648999,0,2024-09-14 19:42:05.003673088,1726342925.003673,2024-09-14 19:42:05.003673096,8,"[ 0.07288543 -0.11121416 -0.14169376 -0.50036925  0.15856989 -0.01395076
  0.          0.         -0.2         0.27288544 -2.7640839 ]",3.0,-1.7432948024419324,[0.27873093 0.02836769 0.25576227 0.43713911],[0.27873093 0.02836769 0.25576227 0.43713911],30,400,473,0.26726129898769574,0,0
302,341,2024-09-14 19:42:04.745737984,TASK_BEGIN,3,-0.5562889471699868,0.2463464548293036,-0.6340320389927344,-0.0653948307167646,-0.6366033393148428,0.2503048421663294,4.468340663802243,-0.5679454158260101,0,2024-09-14 19:42:05.003673088,1726342925.003673,2024-09-14 19:42:05.003673096,8,"[ 0.07288543 -0.11121416 -0.14169376 -0.50036925  0.15856989 -0.01395076
  0.          0.         -0.2         0.27288544 -2.7640839 ]",3.0,-1.7432948024419324,[0.27873093 0.02836769 0.25576227 0.43713911],[0.27873093 0.02836769 0.25576227 0.43713911],30,400,473,0.26726129898769574,0,0
303,342,2024-09-14 19:42:04.807089152,TASK_BEGIN,3,-0.5346736621703349,0.2418103012135138,-0.5101226935744968,-0.0957636430452002,-0.6077913047651583,0.2451680301310871,4.494751089016507,-0.5599900253887073,0,2024-09-14 19:42:05.003673088,1726342925.003673,2024-09-14 19:42:05.003673096,8,"[ 0.07288543 -0.11121416 -0.14169376 -0.50036925  0.15856989 -0.01395076
  0.          0.         -0.2         0.27288544 -2.7640839 ]",3.0,-1.7432948024419324,[0.27873093 0.02836769 0.25576227 0.43713911],[0.27873093 0.02836769 0.25576227 0.43713911],30,400,473,0.26726129898769574,0,0
304,343,2024-09-14 19:42:05.731976192,TASK_BEGIN,3,-0.5102414587335432,0.2359323271524202,-0.3808600040638571,-0.1239498163839368,-0.5741348715638417,0.2381589459898818,4.566391483114304,-0.5613859777239116,0,2024-09-14 19:42:05.715641344,1726342925.7156413,2024-09-14 19:42:05.715641113,8,"[ 0.02657366 -0.28927237 -0.14245878 -0.1007405  -0.01637316 -0.29282433
  0.          0.         -0.2         0.22657366 -1.3396182 ]",2.0,-0.11129179163379915,[0.21862118 0.0756671  0.4108979  0.29481382],[0.21862118 0.0756671  0.4108979  0.29481382],30,400,473,0.2657823450139234,0,0
305,344,2024-09-14 19:42:05.795591936,TASK_BEGIN,3,-0.4830737045341798,0.2285829972180366,-0.2505605467858116,-0.1492603266147534,-0.5368652529516023,0.2294357591549997,4.682995391559247,-0.5722933628857106,0,2024-09-14 19:42:05.715641344,1726342925.7156413,2024-09-14 19:42:05.715641113,8,"[ 0.02657366 -0.28927237 -0.14245878 -0.1007405  -0.01637316 -0.29282433
  0.          0.         -0.2         0.22657366 -1.3396182 ]",2.0,-0.11129179163379915,[0.21862118 0.0756671  0.4108979  0.29481382],[0.21862118 0.0756671  0.4108979  0.29481382],30,400,473,0.2657823450139234,0,0
306,345,2024-09-14 19:42:05.867770880,TASK_BEGIN,3,-0.4532008235040858,0.2196194032418421,-0.1230651519826748,-0.1713283408204396,-0.4972832951624187,0.2191915718235951,4.841204355186717,-0.592506067869935,0,2024-09-14 19:42:05.715641344,1726342925.7156413,2024-09-14 19:42:05.715641113,8,"[ 0.02657366 -0.28927237 -0.14245878 -0.1007405  -0.01637316 -0.29282433
  0.          0.         -0.2         0.22657366 -1.3396182 ]",2.0,-0.11129179163379915,[0.21862118 0.0756671  0.4108979  0.29481382],[0.21862118 0.0756671  0.4108979  0.29481382],30,400,473,0.2657823450139234,0,0
307,346,2024-09-14 19:42:05.928456960,TASK_BEGIN,3,-0.4206279821687185,0.2089090274423139,-0.0013782024543066,-0.1901228704969586,-0.456691055646141,0.2076428359775344,5.034561833331024,-0.6214070261063277,0,2024-09-14 19:42:05.715641344,1726342925.7156413,2024-09-14 19:42:05.715641113,8,"[ 0.02657366 -0.28927237 -0.14245878 -0.1007405  -0.01637316 -0.29282433
  0.          0.         -0.2         0.22657366 -1.3396182 ]",2.0,-0.11129179163379915,[0.21862118 0.0756671  0.4108979  0.29481382],[0.21862118 0.0756671  0.4108979  0.29481382],30,400,473,0.2657823450139234,0,0
308,347,2024-09-14 19:42:05.990063872,TASK_BEGIN,3,-0.3853615033600671,0.1963547759719387,0.1124863138980893,-0.2059164539173503,-0.4163271573918409,0.1950141163749819,5.253607095178767,-0.6578960865585043,0,2024-09-14 19:42:05.715641344,1726342925.7156413,2024-09-14 19:42:05.715641113,8,"[ 0.02657366 -0.28927237 -0.14245878 -0.1007405  -0.01637316 -0.29282433
  0.          0.         -0.2         0.22657366 -1.3396182 ]",2.0,-0.11129179163379915,[0.21862118 0.0756671  0.4108979  0.29481382],[0.21862118 0.0756671  0.4108979  0.29481382],30,400,473,0.2657823450139234,0,0
309,348,2024-09-14 19:42:06.067322112,TASK_BEGIN,3,-0.347452816997623,0.1819186032181752,0.2173719759245748,-0.2192200327967534,-0.3773116061594194,0.1815260828290347,5.486124255600951,-0.700329241189709,0,2024-09-14 19:42:05.715641344,1726342925.7156413,2024-09-14 19:42:05.715641113,8,"[ 0.02657366 -0.28927237 -0.14245878 -0.1007405  -0.01637316 -0.29282433
  0.          0.         -0.2         0.22657366 -1.3396182 ]",2.0,-0.11129179163379915,[0.21862118 0.0756671  0.4108979  0.29481382],[0.21862118 0.0756671  0.4108979  0.29481382],30,400,473,0.2657823450139234,0,0
310,349,2024-09-14 19:42:06.138951168,TASK_BEGIN,3,-0.3070587063385411,0.1656400517282725,0.3126040767746285,-0.2306876123609162,-0.3405904329857452,0.1673919390702748,5.717758814476284,-0.7465381824167038,0,2024-09-14 19:42:05.757642496,1726342925.7576425,2024-09-14 19:42:05.757642090,8,"[ 0.02439102 -0.29219317 -0.13759467 -0.06108771 -0.04895826 -0.3283186
  0.          0.         -0.2         0.22439101 -1.3162518 ]",2.0,1.1903437321705084,[0.24917319 0.07913419 0.37098099 0.30071162],[0.24917319 0.07913419 0.37098099 0.30071162],30,400,473,0.2441656963470394,0,0
311,350,2024-09-14 19:42:07.067570176,TASK_BEGIN,3,-0.2644965823221564,0.1476472010451615,0.397562199464561,-0.2410055095306189,-0.3068828731560434,0.1528194566784788,5.933121563933577,-0.793973219218258,0,2024-09-14 19:42:07.164159232,1726342927.1641593,2024-09-14 19:42:07.164158936,8,"[ 0.07572588 -0.5246469   0.52814674 -0.20054543 -0.4686027  -0.4330186
  1.          1.         -0.2         0.27572587  0.5433782 ]",0.0,-0.8607822724494554,[0.85653292 0.13467902 0.00785297 0.0009351 ],[0.85653292 0.13467902 0.00785297 0.0009351 ],30,400,473,1.0925095474783157,1,1
312,351,2024-09-14 19:42:07.150000896,TASK_BEGIN,3,-0.2202876661659723,0.1281618921758599,0.4714302798211535,-0.2507935433999935,-0.2766529581206139,0.1380108588803576,6.117207524145767,-0.8399429129041011,0,2024-09-14 19:42:07.164159232,1726342927.1641593,2024-09-14 19:42:07.164158936,8,"[ 0.07572588 -0.5246469   0.52814674 -0.20054543 -0.4686027  -0.4330186
  1.          1.         -0.2         0.27572587  0.5433782 ]",0.0,-0.8607822724494554,[0.85653292 0.13467902 0.00785297 0.0009351 ],[0.85653292 0.13467902 0.00785297 0.0009351 ],30,400,473,1.0925095474783157,1,1
313,352,2024-09-14 19:42:07.217818112,TASK_BEGIN,3,-0.1751899545580232,0.1075021205545417,0.5332479848348968,-0.2605438285401633,-0.250110313096735,0.123155002706466,6.256735876282123,-0.8818761274190906,0,2024-09-14 19:42:07.164159232,1726342927.1641593,2024-09-14 19:42:07.164158936,8,"[ 0.07572588 -0.5246469   0.52814674 -0.20054543 -0.4686027  -0.4330186
  1.          1.         -0.2         0.27572587  0.5433782 ]",0.0,-0.8607822724494554,[0.85653292 0.13467902 0.00785297 0.0009351 ],[0.85653292 0.13467902 0.00785297 0.0009351 ],30,400,473,1.0925095474783157,1,1
314,353,2024-09-14 19:42:07.285629184,TASK_BEGIN,3,-0.1302033872321317,0.0860793428048813,0.5821995581781862,-0.2706006035013513,-0.22722015760069,0.1084119951398268,6.341110421023451,-0.9175455396550952,0,2024-09-14 19:42:07.164159232,1726342927.1641593,2024-09-14 19:42:07.164158936,8,"[ 0.07572588 -0.5246469   0.52814674 -0.20054543 -0.4686027  -0.4330186
  1.          1.         -0.2         0.27572587  0.5433782 ]",0.0,-0.8607822724494554,[0.85653292 0.13467902 0.00785297 0.0009351 ],[0.85653292 0.13467902 0.00785297 0.0009351 ],30,400,473,1.0925095474783157,1,1
315,354,2024-09-14 19:42:07.349502208,TASK_BEGIN,3,-0.0865315861263793,0.0643861496089461,0.6179577993807651,-0.2811618791290595,-0.2077146746879679,0.0938970832770546,6.363024819149741,-0.9452363668333974,0,2024-09-14 19:42:07.164159232,1726342927.1641593,2024-09-14 19:42:07.164158936,8,"[ 0.07572588 -0.5246469   0.52814674 -0.20054543 -0.4686027  -0.4330186
  1.          1.         -0.2         0.27572587  0.5433782 ]",0.0,-0.8607822724494554,[0.85653292 0.13467902 0.00785297 0.0009351 ],[0.85653292 0.13467902 0.00785297 0.0009351 ],30,400,473,1.0925095474783157,1,1
316,355,2024-09-14 19:42:07.420698880,TASK_BEGIN,3,-0.0455155488178367,0.0429746490844032,0.640964810816052,-0.2922895758730366,-0.1911224026513411,0.0796743874184551,6.318882440293964,-0.9638559724082948,0,2024-09-14 19:42:07.164159232,1726342927.1641593,2024-09-14 19:42:07.164158936,8,"[ 0.07572588 -0.5246469   0.52814674 -0.20054543 -0.4686027  -0.4330186
  1.          1.         -0.2         0.27572587  0.5433782 ]",0.0,-0.8607822724494554,[0.85653292 0.13467902 0.00785297 0.0009351 ],[0.85653292 0.13467902 0.00785297 0.0009351 ],30,400,473,1.0925095474783157,1,1
317,356,2024-09-14 19:42:07.483436032,TASK_BEGIN,3,-0.0085578797765597,0.0224290130726741,0.6526349710196536,-0.3039281023661301,-0.1768293074455151,0.0657654579464801,6.209056099646696,-0.97296868663479,0,2024-09-14 19:42:07.164159232,1726342927.1641593,2024-09-14 19:42:07.164158936,8,"[ 0.07572588 -0.5246469   0.52814674 -0.20054543 -0.4686027  -0.4330186
  1.          1.         -0.2         0.27572587  0.5433782 ]",0.0,-0.8607822724494554,[0.85653292 0.13467902 0.00785297 0.0009351 ],[0.85653292 0.13467902 0.00785297 0.0009351 ],30,400,473,1.0925095474783157,1,1
318,357,2024-09-14 19:42:08.424902144,TASK_BEGIN,3,0.0229623300580791,0.0033344919898358,0.6554322216904998,-0.3159230190425768,-0.164166726798782,0.0521669089702425,6.037924079850106,-0.9727668911247792,0,2024-09-14 19:42:08.462279424,1726342928.4622793,2024-09-14 19:42:08.462279053,8,"[ 3.0769587e-01 -6.6806412e-01  4.6146578e-01 -7.0788190e-02
 -2.2983901e-01  1.2340817e-08  0.0000000e+00  0.0000000e+00
 -2.0000000e-01  5.0769585e-01  1.6907158e+00]",1.0,0.5993961216027992,[0.18085743 0.78816635 0.00799418 0.02298204],[0.18085743 0.78816635 0.00799418 0.02298204],30,400,473,0.5788166245469367,1,1
319,358,2024-09-14 19:42:08.486951936,TASK_BEGIN,3,0.04777438144957,-0.0137529032996326,0.6527378820319314,-0.3280297869687709,-0.1525123847084108,0.0388684266239745,5.813661410458273,-0.9640164358073514,0,2024-09-14 19:42:08.462279424,1726342928.4622793,2024-09-14 19:42:08.462279053,8,"[ 3.0769587e-01 -6.6806412e-01  4.6146578e-01 -7.0788190e-02
 -2.2983901e-01  1.2340817e-08  0.0000000e+00  0.0000000e+00
 -2.0000000e-01  5.0769585e-01  1.6907158e+00]",1.0,0.5993961216027992,[0.18085743 0.78816635 0.00799418 0.02298204],[0.18085743 0.78816635 0.00799418 0.02298204],30,400,473,0.5788166245469367,1,1
320,359,2024-09-14 19:42:08.564766208,TASK_BEGIN,3,0.0647792865961268,-0.0283307677971889,0.6485312408528969,-0.3399232246404464,-0.1413919102983946,0.0258682929155601,5.547732052208291,-0.9479800687590892,0,2024-09-14 19:42:08.462279424,1726342928.4622793,2024-09-14 19:42:08.462279053,8,"[ 3.0769587e-01 -6.6806412e-01  4.6146578e-01 -7.0788190e-02
 -2.2983901e-01  1.2340817e-08  0.0000000e+00  0.0000000e+00
 -2.0000000e-01  5.0769585e-01  1.6907158e+00]",1.0,0.5993961216027992,[0.18085743 0.78816635 0.00799418 0.02298204],[0.18085743 0.78816635 0.00799418 0.02298204],30,400,473,0.5788166245469367,1,1
321,360,2024-09-14 19:42:08.637166080,TASK_BEGIN,3,0.0730940674747223,-0.0399697317121359,0.6469972254917676,-0.3512233139420699,-0.1305749750822966,0.0131874747132394,5.254036278010151,-0.9262946585230968,0,2024-09-14 19:42:08.462279424,1726342928.4622793,2024-09-14 19:42:08.462279053,8,"[ 3.0769587e-01 -6.6806412e-01  4.6146578e-01 -7.0788190e-02
 -2.2983901e-01  1.2340817e-08  0.0000000e+00  0.0000000e+00
 -2.0000000e-01  5.0769585e-01  1.6907158e+00]",1.0,0.5993961216027992,[0.18085743 0.78816635 0.00799418 0.02298204],[0.18085743 0.78816635 0.00799418 0.02298204],30,400,473,0.5788166245469367,1,1
322,361,2024-09-14 19:42:08.703947008,TASK_BEGIN,3,0.0720982134854249,-0.0483327349455456,0.6521397249742188,-0.3615368742355921,-0.1201602678143978,0.0008818926674494,4.947845979067456,-0.9008123270508204,0,2024-09-14 19:42:08.462279424,1726342928.4622793,2024-09-14 19:42:08.462279053,8,"[ 3.0769587e-01 -6.6806412e-01  4.6146578e-01 -7.0788190e-02
 -2.2983901e-01  1.2340817e-08  0.0000000e+00  0.0000000e+00
 -2.0000000e-01  5.0769585e-01  1.6907158e+00]",1.0,0.5993961216027992,[0.18085743 0.78816635 0.00799418 0.02298204],[0.18085743 0.78816635 0.00799418 0.02298204],30,400,473,0.5788166245469367,1,1
323,362,2024-09-14 19:42:08.765158912,TASK_BEGIN,3,0.0614882904928019,-0.0531927777341177,0.6674191121182386,-0.37050600614534,-0.1106238018175668,-0.0109495588076197,4.644745376519012,-0.8734408884882717,0,2024-09-14 19:42:08.462279424,1726342928.4622793,2024-09-14 19:42:08.462279053,8,"[ 3.0769587e-01 -6.6806412e-01  4.6146578e-01 -7.0788190e-02
 -2.2983901e-01  1.2340817e-08  0.0000000e+00  0.0000000e+00
 -2.0000000e-01  5.0769585e-01  1.6907158e+00]",1.0,0.5993961216027992,[0.18085743 0.78816635 0.00799418 0.02298204],[0.18085743 0.78816635 0.00799418 0.02298204],30,400,473,0.5788166245469367,1,1
324,363,2024-09-14 19:42:08.827219968,TASK_BEGIN,3,0.0413307068296067,-0.0544426389114158,0.695410344646002,-0.3778505845236097,-0.1027903564921061,-0.0221640631345885,4.359669602993968,-0.8459966711504602,0,2024-09-14 19:42:08.462279424,1726342928.4622793,2024-09-14 19:42:08.462279053,8,"[ 3.0769587e-01 -6.6806412e-01  4.6146578e-01 -7.0788190e-02
 -2.2983901e-01  1.2340817e-08  0.0000000e+00  0.0000000e+00
 -2.0000000e-01  5.0769585e-01  1.6907158e+00]",1.0,0.5993961216027992,[0.18085743 0.78816635 0.00799418 0.02298204],[0.18085743 0.78816635 0.00799418 0.02298204],30,400,473,0.5788166245469367,1,1
325,364,2024-09-14 19:42:09.781400832,TASK_BEGIN,3,0.0120977005295093,-0.0520936748095781,0.7374902128104789,-0.3833925685933049,-0.0977129124542466,-0.0325830234068197,4.106047671991836,-0.8200661140031464,0,2024-09-14 19:42:10.121318144,1726342930.121318,2024-09-14 19:42:10.121318115,8,"[ 3.7564135e-01 -6.8262154e-01  2.0928013e-09 -1.0873131e-09
 -1.6083629e-01  6.0506027e-09  0.0000000e+00  0.0000000e+00
 -2.0000000e-01  5.7564133e-01  1.8071752e+00]",0.0,-7.299806057403657e-06,[0.42418389 0.24571429 0.01805043 0.31205138],[0.42418389 0.24571429 0.01805043 0.31205138],30,400,473,0.30774719806493483,1,1
326,365,2024-09-14 19:42:09.843943168,TASK_BEGIN,3,-0.0253345211326501,-0.0462655196503282,0.7936136824568873,-0.387063757075312,-0.0964870309408325,-0.0420095407640695,3.8950914294189807,-0.7968842331960427,0,2024-09-14 19:42:10.205319424,1726342930.2053194,2024-09-14 19:42:10.205318848,8,"[ 3.7564135e-01 -6.8262154e-01 -4.1538395e-09  2.0719322e-09
 -1.6083626e-01  1.9033552e-08  0.0000000e+00  0.0000000e+00
 -2.0000000e-01  5.7564133e-01  1.8071752e+00]",0.0,-7.632626406461895e-06,[0.42418389 0.24571429 0.01805043 0.31205138],[0.42418389 0.24571429 0.01805043 0.31205138],30,400,473,0.3077472120911306,1,1
327,366,2024-09-14 19:42:09.906428928,TASK_BEGIN,3,-0.0697407125987726,-0.0371687478359838,0.8622554364670374,-0.3889043180730099,-0.1000482142612013,-0.0502513028509592,3.735274716366452,-0.7772515042862992,0,2024-09-14 19:42:10.247318272,1726342930.2473183,2024-09-14 19:42:10.247318115,8,"[ 3.7564135e-01 -6.8262154e-01 -8.2337097e-09  1.8288852e-09
 -1.6083625e-01  1.8697346e-08  0.0000000e+00  0.0000000e+00
 -2.0000000e-01  5.7564133e-01  1.8071752e+00]",0.0,-7.725959065396637e-06,[0.42418389 0.24571429 0.01805043 0.31205138],[0.42418389 0.24571429 0.01805043 0.31205138],30,400,473,0.3077472774905708,1,1
328,367,2024-09-14 19:42:09.983091968,TASK_BEGIN,3,-0.1196451691949913,-0.0250830917069764,0.9405154189498744,-0.3890456958041912,-0.1090076750062048,-0.0571389843700819,3.6320081776944497,-0.7615076914405511,0,2024-09-14 19:42:10.247318272,1726342930.2473183,2024-09-14 19:42:10.247318115,8,"[ 3.7564135e-01 -6.8262154e-01 -8.2337097e-09  1.8288852e-09
 -1.6083625e-01  1.8697346e-08  0.0000000e+00  0.0000000e+00
 -2.0000000e-01  5.7564133e-01  1.8071752e+00]",0.0,-7.725959065396637e-06,[0.42418389 0.24571429 0.01805043 0.31205138],[0.42418389 0.24571429 0.01805043 0.31205138],30,400,473,0.3077472774905708,1,1
329,368,2024-09-14 19:42:10.052632064,TASK_BEGIN,3,-0.1734351418912498,-0.0103362854751004,1.0243010252007636,-0.3876638320124584,-0.1235782001324568,-0.0625299456170583,3.587488521424274,-0.7495559037252278,0,2024-09-14 19:42:10.247318272,1726342930.2473183,2024-09-14 19:42:10.247318115,8,"[ 3.7564135e-01 -6.8262154e-01 -8.2337097e-09  1.8288852e-09
 -1.6083625e-01  1.8697346e-08  0.0000000e+00  0.0000000e+00
 -2.0000000e-01  5.7564133e-01  1.8071752e+00]",0.0,-7.725959065396637e-06,[0.42418389 0.24571429 0.01805043 0.31205138],[0.42418389 0.24571429 0.01805043 0.31205138],30,400,473,0.3077472774905708,1,1
330,369,2024-09-14 19:42:10.106700032,TASK_BEGIN,3,-0.2294609253065121,0.0067115261004253,1.1085010108096,-0.3849028693554516,-0.1436055812213275,-0.0662962066509047,3.6006402818082965,-0.7409031275483773,0,2024-09-14 19:42:10.247318272,1726342930.2473183,2024-09-14 19:42:10.247318115,8,"[ 3.7564135e-01 -6.8262154e-01 -8.2337097e-09  1.8288852e-09
 -1.6083625e-01  1.8697346e-08  0.0000000e+00  0.0000000e+00
 -2.0000000e-01  5.7564133e-01  1.8071752e+00]",0.0,-7.725959065396637e-06,[0.42418389 0.24571429 0.01805043 0.31205138],[0.42418389 0.24571429 0.01805043 0.31205138],30,400,473,0.3077472774905708,1,1
331,370,2024-09-14 19:42:10.188227072,TASK_BEGIN,3,-0.2861075238849058,0.0256762785339371,1.187184290654,-0.3808000484107468,-0.1686664781649992,-0.0683068005074635,3.667087850331999,-0.7347042495007163,0,2024-09-14 19:42:10.247318272,1726342930.2473183,2024-09-14 19:42:10.247318115,8,"[ 3.7564135e-01 -6.8262154e-01 -8.2337097e-09  1.8288852e-09
 -1.6083625e-01  1.8697346e-08  0.0000000e+00  0.0000000e+00
 -2.0000000e-01  5.7564133e-01  1.8071752e+00]",0.0,-7.725959065396637e-06,[0.42418389 0.24571429 0.01805043 0.31205138],[0.42418389 0.24571429 0.01805043 0.31205138],30,400,473,0.3077472774905708,1,1
332,378,2024-09-14 19:42:12.482409984,TASK_BEGIN,3,-0.617982912273606,0.1982479684416963,1.115711355991102,-0.3119294855119714,-0.4616235326511342,-0.0101726806965829,4.937845099788008,-0.6651654467571751,0,2024-09-14 19:42:12.102235904,1726342932.1022358,2024-09-14 19:42:12.102235107,9,"[ 3.8258235e-03  9.8556721e-01  6.3627794e-02 -2.3574671e-01
  8.7594492e-03  5.5417109e-02  0.0000000e+00  0.0000000e+00
 -6.0000002e-01  6.0382581e-01 -1.0417759e+01]",0.0,-2.771643262387812,[0.41630479 0.35298189 0.06711537 0.16359795],[0.41630479 0.35298189 0.06711537 0.16359795],30,160,474,0.17975425547814333,0,0
333,379,2024-09-14 19:42:12.536561920,TASK_BEGIN,3,-0.6359152780408408,0.217281868080035,1.0286871472584846,-0.3060536135350362,-0.4958364991717228,0.0051168884616158,5.048545902535212,-0.6508757085323914,0,2024-09-14 19:42:12.144235264,1726342932.1442354,2024-09-14 19:42:12.144235107,9,"[ 4.76455688e-03  9.77000356e-01  6.35548979e-02 -2.86967188e-01
  1.42970625e-02  5.53839915e-02  0.00000000e+00  0.00000000e+00
 -6.00000024e-01  6.04764581e-01 -1.03492241e+01]",0.0,-2.804029056384593,[0.42144022 0.3388926  0.08306948 0.1565977 ],[0.42144022 0.3388926  0.08306948 0.1565977 ],30,160,474,0.16678522456888195,0,0
334,380,2024-09-14 19:42:12.618094080,TASK_BEGIN,3,-0.6486578526862911,0.2349420700098722,0.937442628436118,-0.3019904894613901,-0.5259784024460975,0.0211513585558866,5.134151348193511,-0.6370108101847385,0,2024-09-14 19:42:12.753202688,1726342932.7532027,2024-09-14 19:42:12.753201904,9,"[ 0.01792471  0.79361    -0.01568386 -0.35492554  0.10483064  0.05221248
  0.          0.         -0.6         0.6179247  -8.882101  ]",0.0,-2.812704311776315,[0.36891108 0.24409406 0.14338824 0.24360662],[0.36891108 0.24409406 0.14338824 0.24360662],30,160,474,0.07713144484790714,0,0
335,381,2024-09-14 19:42:12.685854976,TASK_BEGIN,3,-0.6564293548946134,0.2510481126087901,0.8451250148577627,-0.2993626115126511,-0.5509698093748198,0.0374635226104819,5.196235706646596,-0.6242475400943476,0,2024-09-14 19:42:12.753202688,1726342932.7532027,2024-09-14 19:42:12.753201904,9,"[ 0.01792471  0.79361    -0.01568386 -0.35492554  0.10483064  0.05221248
  0.          0.         -0.6         0.6179247  -8.882101  ]",0.0,-2.812704311776315,[0.36891108 0.24409406 0.14338824 0.24360662],[0.36891108 0.24409406 0.14338824 0.24360662],30,160,474,0.07713144484790714,0,0
336,382,2024-09-14 19:42:12.753672192,TASK_BEGIN,3,-0.6594344871688967,0.2654299552077137,0.7538486365589087,-0.2975351369510787,-0.5697914803994839,0.0535706836769547,5.2372129362465385,-0.6130626049652969,0,2024-09-14 19:42:12.753202688,1726342932.7532027,2024-09-14 19:42:12.753201904,9,"[ 0.01792471  0.79361    -0.01568386 -0.35492554  0.10483064  0.05221248
  0.          0.         -0.6         0.6179247  -8.882101  ]",0.0,-2.812704311776315,[0.36891108 0.24409406 0.14338824 0.24360662],[0.36891108 0.24409406 0.14338824 0.24360662],30,160,474,0.07713144484790714,0,0
337,383,2024-09-14 19:42:12.821553920,TASK_BEGIN,3,-0.6579055221523695,0.2779369410360965,0.6648490792228875,-0.2956821852668881,-0.5815351879640561,0.0689915081413706,5.259605372811144,-0.6036765078509807,0,2024-09-14 19:42:12.753202688,1726342932.7532027,2024-09-14 19:42:12.753201904,9,"[ 0.01792471  0.79361    -0.01568386 -0.35492554  0.10483064  0.05221248
  0.          0.         -0.6         0.6179247  -8.882101  ]",0.0,-2.812704311776315,[0.36891108 0.24409406 0.14338824 0.24360662],[0.36891108 0.24409406 0.14338824 0.24360662],30,160,474,0.07713144484790714,0,0
338,384,2024-09-14 19:42:12.874748928,TASK_BEGIN,3,-0.6521408839153054,0.2884445172142522,0.5787103173398523,-0.2928709121055629,-0.5854728056707997,0.0832660782959968,5.265620827080827,-0.5960544033848181,0,2024-09-14 19:42:12.753202688,1726342932.7532027,2024-09-14 19:42:12.753201904,9,"[ 0.01792471  0.79361    -0.01568386 -0.35492554  0.10483064  0.05221248
  0.          0.         -0.6         0.6179247  -8.882101  ]",0.0,-2.812704311776315,[0.36891108 0.24409406 0.14338824 0.24360662],[0.36891108 0.24409406 0.14338824 0.24360662],30,160,474,0.07713144484790714,0,0
339,385,2024-09-14 19:42:13.828731904,TASK_BEGIN,3,-0.6425172712882067,0.2968546906055099,0.4955295371973678,-0.2881414647404297,-0.5811238911324669,0.0959758106014623,5.256991983727113,-0.5899435072271028,0,2024-09-14 19:42:13.862671360,1726342933.8626714,2024-09-14 19:42:13.862671143,9,"[-1.9771259e-03  4.8840082e-01 -3.4498131e-01 -3.5452202e-01
  3.6379823e-01  3.1298172e-01  0.0000000e+00  0.0000000e+00
 -6.0000002e-01  5.9802288e-01 -6.4404278e+00]",1.0,-4.550481952945811,[0.12789413 0.45755432 0.27032384 0.14422771],[0.04013305 0.01099238 0.78855091 0.16032366],30,160,474,0.2285328645836519,0,0
340,386,2024-09-14 19:42:13.901155072,TASK_BEGIN,3,-0.6294859286280379,0.3030940833078211,0.4149985145858334,-0.2805753213760794,-0.5682982723538892,0.1067580007566831,5.234956274093921,-0.5849230006196076,0,2024-09-14 19:42:13.862671360,1726342933.8626714,2024-09-14 19:42:13.862671143,9,"[-1.9771259e-03  4.8840082e-01 -3.4498131e-01 -3.5452202e-01
  3.6379823e-01  3.1298172e-01  0.0000000e+00  0.0000000e+00
 -6.0000002e-01  5.9802288e-01 -6.4404278e+00]",1.0,-4.550481952945811,[0.12789413 0.45755432 0.27032384 0.14422771],[0.04013305 0.01099238 0.78855091 0.16032366],30,160,474,0.2285328645836519,0,0
341,387,2024-09-14 19:42:13.968033024,TASK_BEGIN,3,-0.6135793127787982,0.3071165715041495,0.3365039781092236,-0.2693801555650547,-0.5471219028905311,0.1153177564520968,5.200305691425705,-0.5804445815261564,0,2024-09-14 19:42:13.862671360,1726342933.8626714,2024-09-14 19:42:13.862671143,9,"[-1.9771259e-03  4.8840082e-01 -3.4498131e-01 -3.5452202e-01
  3.6379823e-01  3.1298172e-01  0.0000000e+00  0.0000000e+00
 -6.0000002e-01  5.9802288e-01 -6.4404278e+00]",1.0,-4.550481952945811,[0.12789413 0.45755432 0.27032384 0.14422771],[0.04013305 0.01099238 0.78855091 0.16032366],30,160,474,0.2285328645836519,0,0
342,388,2024-09-14 19:42:14.036700928,TASK_BEGIN,3,-0.5954316062229458,0.3089119650977424,0.2593118565605504,-0.2539960252030178,-0.5180716669296472,0.1214443391409388,5.153450173426789,-0.5758511821094994,0,2024-09-14 19:42:13.862671360,1726342933.8626714,2024-09-14 19:42:13.862671143,9,"[-1.9771259e-03  4.8840082e-01 -3.4498131e-01 -3.5452202e-01
  3.6379823e-01  3.1298172e-01  0.0000000e+00  0.0000000e+00
 -6.0000002e-01  5.9802288e-01 -6.4404278e+00]",1.0,-4.550481952945811,[0.12789413 0.45755432 0.27032384 0.14422771],[0.04013305 0.01099238 0.78855091 0.16032366],30,160,474,0.2285328645836519,0,0
343,389,2024-09-14 19:42:14.091095040,TASK_BEGIN,3,-0.5757913313409516,0.3085149642121623,0.1827990837005225,-0.2341738433457618,-0.4820209672062673,0.125031225863426,5.094474226819874,-0.5703907045152612,0,2024-09-14 19:42:13.862671360,1726342933.8626714,2024-09-14 19:42:13.862671143,9,"[-1.9771259e-03  4.8840082e-01 -3.4498131e-01 -3.5452202e-01
  3.6379823e-01  3.1298172e-01  0.0000000e+00  0.0000000e+00
 -6.0000002e-01  5.9802288e-01 -6.4404278e+00]",1.0,-4.550481952945811,[0.12789413 0.45755432 0.27032384 0.14422771],[0.04013305 0.01099238 0.78855091 0.16032366],30,160,474,0.2285328645836519,0,0
344,390,2024-09-14 19:42:14.168256000,TASK_BEGIN,3,-0.5555073192634506,0.306007966097585,0.1066628257206946,-0.2099806121616073,-0.4402658938321967,0.1260911463798982,5.023285931334304,-0.5632698556469756,0,2024-09-14 19:42:13.862671360,1726342933.8626714,2024-09-14 19:42:13.862671143,9,"[-1.9771259e-03  4.8840082e-01 -3.4498131e-01 -3.5452202e-01
  3.6379823e-01  3.1298172e-01  0.0000000e+00  0.0000000e+00
 -6.0000002e-01  5.9802288e-01 -6.4404278e+00]",1.0,-4.550481952945811,[0.12789413 0.45755432 0.27032384 0.14422771],[0.04013305 0.01099238 0.78855091 0.16032366],30,160,474,0.2285328645836519,0,0
345,391,2024-09-14 19:42:14.239960832,TASK_BEGIN,3,-0.535478923306272,0.3015150548376092,0.0310393793961669,-0.1817394015512786,-0.3944926541097217,0.1247589748977409,4.939953442617771,-0.5537783218741941,0,2024-09-14 19:42:13.862671360,1726342933.8626714,2024-09-14 19:42:13.862671143,9,"[-1.9771259e-03  4.8840082e-01 -3.4498131e-01 -3.5452202e-01
  3.6379823e-01  3.1298172e-01  0.0000000e+00  0.0000000e+00
 -6.0000002e-01  5.9802288e-01 -6.4404278e+00]",1.0,-4.550481952945811,[0.12789413 0.45755432 0.27032384 0.14422771],[0.04013305 0.01099238 0.78855091 0.16032366],30,160,474,0.2285328645836519,0,0
346,392,2024-09-14 19:42:15.157625856,TASK_BEGIN,3,-0.5165619638282833,0.2951872116627358,-0.04353946915427,-0.1499395555739495,-0.3466715134348609,0.1212822101093873,4.845112577609008,-0.5414555469039025,0,2024-09-14 19:42:15.201486080,1726342935.201486,2024-09-14 19:42:15.201486084,9,"[-0.4654524  -0.25853592 -2.086935   -0.82678604  1.4510477   2.7753758
  0.          1.         -0.6         0.1345476  -0.46493402]",3.0,4.861115891450927,[0.14703823 0.16228222 0.45987842 0.23080114],[1.50146442e-01 2.48790745e-01 5.24765677e-05 6.01010336e-01],30,160,474,0.2474982577449114,1,2
347,393,2024-09-14 19:42:15.225550080,TASK_BEGIN,3,-0.4994362516800499,0.2871826972277982,-0.1163685837459033,-0.1151435415716109,-0.2989056451141454,0.1160033474752089,4.740199560934895,-0.5262281300697585,0,2024-09-14 19:42:15.201486080,1726342935.201486,2024-09-14 19:42:15.201486084,9,"[-0.4654524  -0.25853592 -2.086935   -0.82678604  1.4510477   2.7753758
  0.          1.         -0.6         0.1345476  -0.46493402]",3.0,4.861115891450927,[0.14703823 0.16228222 0.45987842 0.23080114],[1.50146442e-01 2.48790745e-01 5.24765677e-05 6.01010336e-01],30,160,474,0.2474982577449114,1,2
348,394,2024-09-14 19:42:15.293330688,TASK_BEGIN,3,-0.4844757897019286,0.2776522270487503,-0.1868749631253852,-0.0779148151783386,-0.2532803998655836,0.1093386146325277,4.627417010145351,-0.5084706122168777,0,2024-09-14 19:42:15.201486080,1726342935.201486,2024-09-14 19:42:15.201486084,9,"[-0.4654524  -0.25853592 -2.086935   -0.82678604  1.4510477   2.7753758
  0.          1.         -0.6         0.1345476  -0.46493402]",3.0,4.861115891450927,[0.14703823 0.16228222 0.45987842 0.23080114],[1.50146442e-01 2.48790745e-01 5.24765677e-05 6.01010336e-01],30,160,474,0.2474982577449114,1,2
349,395,2024-09-14 19:42:15.346684928,TASK_BEGIN,3,-0.4716787612954577,0.2667369536971613,-0.2548509939613124,-0.038794150864271,-0.211736695427472,0.1017545525588883,4.509581813922199,-0.4890088339878585,0,2024-09-14 19:42:15.201486080,1726342935.201486,2024-09-14 19:42:15.201486084,9,"[-0.4654524  -0.25853592 -2.086935   -0.82678604  1.4510477   2.7753758
  0.          1.         -0.6         0.1345476  -0.46493402]",3.0,4.861115891450927,[0.14703823 0.16228222 0.45987842 0.23080114],[1.50146442e-01 2.48790745e-01 5.24765677e-05 6.01010336e-01],30,160,474,0.2474982577449114,1,2
350,396,2024-09-14 19:42:15.424314880,TASK_BEGIN,3,-0.4606807025067674,0.2545766009869051,-0.3204560859656059,0.0016644752390899,-0.1759682533419567,0.0937413694794782,4.390055902980413,-0.4691047186549713,0,2024-09-14 19:42:15.201486080,1726342935.201486,2024-09-14 19:42:15.201486084,9,"[-0.4654524  -0.25853592 -2.086935   -0.82678604  1.4510477   2.7753758
  0.          1.         -0.6         0.1345476  -0.46493402]",3.0,4.861115891450927,[0.14703823 0.16228222 0.45987842 0.23080114],[1.50146442e-01 2.48790745e-01 5.24765677e-05 6.01010336e-01],30,160,474,0.2474982577449114,1,2
351,397,2024-09-14 19:42:15.496685056,TASK_BEGIN,3,-0.4508320691806876,0.2413196376867255,-0.3838946196418478,0.0428105294059562,-0.1473386566700879,0.085784214628193,4.272801113447829,-0.4504200157377978,0,2024-09-14 19:42:15.201486080,1726342935.201486,2024-09-14 19:42:15.201486084,9,"[-0.4654524  -0.25853592 -2.086935   -0.82678604  1.4510477   2.7753758
  0.          1.         -0.6         0.1345476  -0.46493402]",3.0,4.861115891450927,[0.14703823 0.16228222 0.45987842 0.23080114],[1.50146442e-01 2.48790745e-01 5.24765677e-05 6.01010336e-01],30,160,474,0.2474982577449114,1,2
352,398,2024-09-14 19:42:15.563599104,TASK_BEGIN,3,-0.4413197920721244,0.2271334287274781,-0.4448901935741454,0.0837968775713868,-0.1268240480461253,0.0783384369419851,4.16238762616827,-0.4349180494444186,0,2024-09-14 19:42:15.201486080,1726342935.201486,2024-09-14 19:42:15.201486084,9,"[-0.4654524  -0.25853592 -2.086935   -0.82678604  1.4510477   2.7753758
  0.          1.         -0.6         0.1345476  -0.46493402]",3.0,4.861115891450927,[0.14703823 0.16228222 0.45987842 0.23080114],[1.50146442e-01 2.48790745e-01 5.24765677e-05 6.01010336e-01],30,160,474,0.2474982577449114,1,2
353,399,2024-09-14 19:42:16.482691072,TASK_BEGIN,3,-0.4313202120842901,0.2122153218763631,-0.5022728041498519,0.1235111876470014,-0.1149930996727464,0.071813429748451,4.06374634036366,-0.424670495694133,0,2024-09-14 19:42:16.866652928,1726342936.866653,2024-09-14 19:42:16.866652100,10,"[-5.5360794e-04  1.0022476e+00 -4.1122869e-02 -3.4210458e-02
  1.6840395e-03  1.5638333e-02  0.0000000e+00  0.0000000e+00
 -6.0000002e-01  5.9944642e-01 -1.2503538e+01]",0.0,-1.05100654353717,[0.40639234 0.26409775 0.06908376 0.26042616],[0.40639234 0.26409775 0.06908376 0.26042616],30,190,475,0.12160417437311935,0,0
354,400,2024-09-14 19:42:16.539802112,TASK_BEGIN,3,-0.4201504619664311,0.1967989441502384,-0.5539146305761986,0.1605777682967913,-0.1120177774759535,0.0665613245776411,3.9817066483812,-0.4215999079075106,0,2024-09-14 19:42:16.924678656,1726342936.9246786,2024-09-14 19:42:16.924677979,10,"[-1.3870398e-03  9.9824393e-01 -4.1154031e-02 -1.1101923e-01
  4.0272865e-03  1.5622370e-02  0.0000000e+00  0.0000000e+00
 -6.0000002e-01  5.9861296e-01 -1.2471509e+01]",0.0,-2.418143580784985,[0.40592388 0.24942601 0.07363827 0.27101184],[0.40592388 0.24942601 0.07363827 0.27101184],30,190,475,0.1302635020416855,0,0
355,401,2024-09-14 19:42:16.617436160,TASK_BEGIN,3,-0.4073714745863236,0.1811476897192807,-0.5969850193670617,0.1934215742804953,-0.1176857577007068,0.0628639061330491,3.920613557288269,-0.4272509235945049,0,2024-09-14 19:42:16.965680384,1726342936.9656804,2024-09-14 19:42:16.965680176,10,"[-1.9430319e-03  9.9357438e-01 -4.1174635e-02 -1.6223444e-01
  5.5883597e-03  1.5613141e-02  0.0000000e+00  0.0000000e+00
 -6.0000002e-01  5.9805697e-01 -1.2434153e+01]",0.0,-2.526864945970857,[0.41149635 0.23317736 0.0742023  0.28112399],[0.41149635 0.23317736 0.0742023  0.28112399],30,190,475,0.14324362515045314,0,0
356,402,2024-09-14 19:42:16.678937088,TASK_BEGIN,3,-0.3928202792430201,0.1655350971328233,-0.6283536192540099,0.2203535586557202,-0.1314029292511488,0.0609178016485271,3.884185150396608,-0.4426549392113093,0,2024-09-14 19:42:16.965680384,1726342936.9656804,2024-09-14 19:42:16.965680176,10,"[-1.9430319e-03  9.9357438e-01 -4.1174635e-02 -1.6223444e-01
  5.5883597e-03  1.5613141e-02  0.0000000e+00  0.0000000e+00
 -6.0000002e-01  5.9805697e-01 -1.2434153e+01]",0.0,-2.526864945970857,[0.41149635 0.23317736 0.0742023  0.28112399],[0.41149635 0.23317736 0.0742023  0.28112399],30,190,475,0.14324362515045314,0,0
357,403,2024-09-14 19:42:16.753923840,TASK_BEGIN,3,-0.3765826462453893,0.1502182830979836,-0.6450262530854876,0.239661508486174,-0.152214807185624,0.0608243557140294,3.8754371598042474,-0.4682703340746748,0,2024-09-14 19:42:16.965680384,1726342936.9656804,2024-09-14 19:42:16.965680176,10,"[-1.9430319e-03  9.9357438e-01 -4.1174635e-02 -1.6223444e-01
  5.5883597e-03  1.5613141e-02  0.0000000e+00  0.0000000e+00
 -6.0000002e-01  5.9805697e-01 -1.2434153e+01]",0.0,-2.526864945970857,[0.41149635 0.23317736 0.0742023  0.28112399],[0.41149635 0.23317736 0.0742023  0.28112399],30,190,475,0.14324362515045314,0,0
358,404,2024-09-14 19:42:16.818205184,TASK_BEGIN,3,-0.3589259559313644,0.135410506624935,-0.6445885193743452,0.2497328695324109,-0.1788745989999639,0.0625899179043896,3.8964603437975054,-0.503954643720423,0,2024-09-14 19:42:16.965680384,1726342936.9656804,2024-09-14 19:42:16.965680176,10,"[-1.9430319e-03  9.9357438e-01 -4.1174635e-02 -1.6223444e-01
  5.5883597e-03  1.5613141e-02  0.0000000e+00  0.0000000e+00
 -6.0000002e-01  5.9805697e-01 -1.2434153e+01]",0.0,-2.526864945970857,[0.41149635 0.23317736 0.0742023  0.28112399],[0.41149635 0.23317736 0.0742023  0.28112399],30,190,475,0.14324362515045314,0,0
359,405,2024-09-14 19:42:16.889555968,TASK_BEGIN,3,-0.3402124066677272,0.1212575240326965,-0.6256334798595921,0.2492307839887468,-0.2099444622405559,0.0661359510859257,3.9481109555217047,-0.5489610853280493,0,2024-09-14 19:42:16.965680384,1726342936.9656804,2024-09-14 19:42:16.965680176,10,"[-1.9430319e-03  9.9357438e-01 -4.1174635e-02 -1.6223444e-01
  5.5883597e-03  1.5613141e-02  0.0000000e+00  0.0000000e+00
 -6.0000002e-01  5.9805697e-01 -1.2434153e+01]",0.0,-2.526864945970857,[0.41149635 0.23317736 0.0742023  0.28112399],[0.41149635 0.23317736 0.0742023  0.28112399],30,190,475,0.14324362515045314,0,0
360,406,2024-09-14 19:42:17.833209856,TASK_BEGIN,3,-0.3208251365355746,0.1078228941723698,-0.5881084048922396,0.2372961510545524,-0.2438977221450526,0.0713115917349307,4.029837900399901,-0.6019748997471459,0,2024-09-14 19:42:18.181478144,1726342938.1814783,2024-09-14 19:42:18.181478027,10,"[-0.03729256  0.547938   -0.13114767 -0.60565794  0.01033812 -0.07886265
  0.          0.         -0.6         0.5627074  -8.869061  ]",3.0,-1.7518596041740102,[0.16888175 0.16642785 0.17566639 0.48902401],[0.26414412 0.24950726 0.30353204 0.18281658],30,190,475,0.21169868273943931,0,0
361,407,2024-09-14 19:42:17.901037824,TASK_BEGIN,3,-0.3011368545044376,0.0950869530709894,-0.533524200092061,0.2137188361199797,-0.2792056020068021,0.0779010849725125,4.139724118297312,-0.6611902967434959,0,2024-09-14 19:42:18.181478144,1726342938.1814783,2024-09-14 19:42:18.181478027,10,"[-0.03729256  0.547938   -0.13114767 -0.60565794  0.01033812 -0.07886265
  0.          0.         -0.6         0.5627074  -8.869061  ]",3.0,-1.7518596041740102,[0.16888175 0.16642785 0.17566639 0.48902401],[0.26414412 0.24950726 0.30353204 0.18281658],30,190,475,0.21169868273943931,0,0
362,408,2024-09-14 19:42:17.964645120,TASK_BEGIN,3,-0.2815109650526831,0.0829591461664312,-0.4650028697480402,0.1790341403996312,-0.3144034552929957,0.0856255765101624,4.274625259287355,-0.7244129903738351,0,2024-09-14 19:42:18.181478144,1726342938.1814783,2024-09-14 19:42:18.181478027,10,"[-0.03729256  0.547938   -0.13114767 -0.60565794  0.01033812 -0.07886265
  0.          0.         -0.6         0.5627074  -8.869061  ]",3.0,-1.7518596041740102,[0.16888175 0.16642785 0.17566639 0.48902401],[0.26414412 0.24950726 0.30353204 0.18281658],30,190,475,0.21169868273943931,0,0
363,409,2024-09-14 19:42:18.027534848,TASK_BEGIN,3,-0.2622946247886499,0.0712971980890227,-0.3871235790155956,0.1345253153878703,-0.3481346701056814,0.0941445955126277,4.430268619487125,-0.7891761810589509,0,2024-09-14 19:42:18.181478144,1726342938.1814783,2024-09-14 19:42:18.181478027,10,"[-0.03729256  0.547938   -0.13114767 -0.60565794  0.01033812 -0.07886265
  0.          0.         -0.6         0.5627074  -8.869061  ]",3.0,-1.7518596041740102,[0.16888175 0.16642785 0.17566639 0.48902401],[0.26414412 0.24950726 0.30353204 0.18281658],30,190,475,0.21169868273943931,0,0
364,410,2024-09-14 19:42:18.104443136,TASK_BEGIN,3,-0.2437893472851622,0.0599276785431164,-0.3055535083093197,0.0821375762066753,-0.379181771625045,0.1030615951478991,4.601249177454256,-0.8528586679338495,0,2024-09-14 19:42:18.181478144,1726342938.1814783,2024-09-14 19:42:18.181478027,10,"[-0.03729256  0.547938   -0.13114767 -0.60565794  0.01033812 -0.07886265
  0.          0.         -0.6         0.5627074  -8.869061  ]",3.0,-1.7518596041740102,[0.16888175 0.16642785 0.17566639 0.48902401],[0.26414412 0.24950726 0.30353204 0.18281658],30,190,475,0.21169868273943931,0,0
365,411,2024-09-14 19:42:18.172236800,TASK_BEGIN,3,-0.2262308315285792,0.0486689162282241,-0.226609967151343,0.0243422081038286,-0.4064999286370931,0.111934798806771,4.7809577269428,-0.912790326225136,0,2024-09-14 19:42:18.181478144,1726342938.1814783,2024-09-14 19:42:18.181478027,10,"[-0.03729256  0.547938   -0.13114767 -0.60565794  0.01033812 -0.07886265
  0.          0.         -0.6         0.5627074  -8.869061  ]",3.0,-1.7518596041740102,[0.16888175 0.16642785 0.17566639 0.48902401],[0.26414412 0.24950726 0.30353204 0.18281658],30,190,475,0.21169868273943931,0,0
366,412,2024-09-14 19:42:18.227958016,TASK_BEGIN,3,-0.2098092889557536,0.0373580264944424,-0.156968458169443,-0.0360031836323899,-0.4292606465177359,0.1202956590985979,4.9615929322064725,-0.9663385253164036,0,2024-09-14 19:42:18.619267072,1726342938.619267,2024-09-14 19:42:18.619266846,10,"[-0.06917318  0.29615486 -0.29818013 -0.9021643   0.12623358  0.24061637
  0.          0.         -0.6         0.5308268  -6.8547964 ]",1.0,-4.176238494024554,[0.13415654 0.45682021 0.13901611 0.27000714],[0.08696223 0.00408974 0.12254474 0.78640328],30,190,475,0.21853038642407077,0,0
367,413,2024-09-14 19:42:19.168441856,TASK_BEGIN,3,-0.194723417718431,0.0258797510977854,-0.1034872709858478,-0.0957973792664614,-0.4469067279182585,0.1276795173720457,5.134426076855656,-1.010985485681983,0,2024-09-14 19:42:19.541979136,1726342939.541979,2024-09-14 19:42:19.541979004,10,"[-0.20574363 -0.4433993  -0.6766771  -1.3945699   0.7782225   0.48598742
  0.          0.         -0.6         0.39425638 -0.93836325]",3.0,-3.6171100599006056,[0.11679915 0.44996827 0.11663585 0.31659674],[1.40823394e-03 1.34728575e-06 9.11654379e-06 9.98581302e-01],30,190,475,0.28962173190425733,0,0
368,414,2024-09-14 19:42:19.250727168,TASK_BEGIN,3,-0.1812378398500975,0.0141940011697381,-0.0728351738918361,-0.1518826102800141,-0.4592059631562064,0.1336676524203121,5.290359149200641,-1.0444244735211532,0,2024-09-14 19:42:19.583979776,1726342939.5839798,2024-09-14 19:42:19.583979004,10,"[-0.21497051 -0.48794955 -0.69584006 -1.4606129   0.8328187   0.56156516
  0.          1.         -0.6         0.3850295  -0.58196133]",1.0,4.229840718238554,[0.11692178 0.44999663 0.11666403 0.31641756],[2.21561316e-03 2.46522225e-06 8.73452236e-06 9.97773187e-01],30,190,475,0.29823496784521264,1,2
369,415,2024-09-14 19:42:19.318553856,TASK_BEGIN,3,-0.1697181613858735,0.0023591021629687,-0.0706923944962515,-0.2012993259964523,-0.4662724355649282,0.1379289277030648,5.420697080839535,-1.0647051149928937,0,2024-09-14 19:42:19.583979776,1726342939.5839798,2024-09-14 19:42:19.583979004,10,"[-0.21497051 -0.48794955 -0.69584006 -1.4606129   0.8328187   0.56156516
  0.          1.         -0.6         0.3850295  -0.58196133]",1.0,4.229840718238554,[0.11692178 0.44999663 0.11666403 0.31641756],[2.21561316e-03 2.46522225e-06 8.73452236e-06 9.97773187e-01],30,190,475,0.29823496784521264,1,2
370,416,2024-09-14 19:42:19.386360832,TASK_BEGIN,3,-0.1606311821796582,-0.009455149448197,-0.1007272960859406,-0.2415751610435131,-0.4685389350614934,0.1402477436914679,5.518030535402935,-1.0704234975240183,0,2024-09-14 19:42:19.583979776,1726342939.5839798,2024-09-14 19:42:19.583979004,10,"[-0.21497051 -0.48794955 -0.69584006 -1.4606129   0.8328187   0.56156516
  0.          1.         -0.6         0.3850295  -0.58196133]",1.0,4.229840718238554,[0.11692178 0.44999663 0.11666403 0.31641756],[2.21561316e-03 2.46522225e-06 8.73452236e-06 9.97773187e-01],30,190,475,0.29823496784521264,1,2
371,417,2024-09-14 19:42:19.454170880,TASK_BEGIN,3,-0.1545111223265499,-0.020970444102783,-0.1638770889760796,-0.270970492392613,-0.4667012427716857,0.140535608201039,5.577096294579155,-1.0609092171227033,0,2024-09-14 19:42:19.583979776,1726342939.5839798,2024-09-14 19:42:19.583979004,10,"[-0.21497051 -0.48794955 -0.69584006 -1.4606129   0.8328187   0.56156516
  0.          1.         -0.6         0.3850295  -0.58196133]",1.0,4.229840718238554,[0.11692178 0.44999663 0.11666403 0.31641756],[2.21561316e-03 2.46522225e-06 8.73452236e-06 9.97773187e-01],30,190,475,0.29823496784521264,1,2
372,418,2024-09-14 19:42:19.521999872,TASK_BEGIN,3,-0.1519046933507788,-0.0318191023522362,-0.2583073813928078,-0.2885992491075624,-0.4616546554682329,0.1388306949801587,5.5954107511726905,-1.0363488099016902,0,2024-09-14 19:42:19.583979776,1726342939.5839798,2024-09-14 19:42:19.583979004,10,"[-0.21497051 -0.48794955 -0.69584006 -1.4606129   0.8328187   0.56156516
  0.          1.         -0.6         0.3850295  -0.58196133]",1.0,4.229840718238554,[0.11692178 0.44999663 0.11666403 0.31641756],[2.21561316e-03 2.46522225e-06 8.73452236e-06 9.97773187e-01],30,190,475,0.29823496784521264,1,2
373,419,2024-09-14 19:42:19.589852160,TASK_BEGIN,3,-0.1533119590966307,-0.0415747389422678,-0.3799828627663537,-0.2943870535029621,-0.4544142948756637,0.1352879004379398,5.5734998224571,-0.9978031969699476,0,2024-09-14 19:42:19.583979776,1726342939.5839798,2024-09-14 19:42:19.583979004,10,"[-0.21497051 -0.48794955 -0.69584006 -1.4606129   0.8328187   0.56156516
  0.          1.         -0.6         0.3850295  -0.58196133]",1.0,4.229840718238554,[0.11692178 0.44999663 0.11666403 0.31641756],[2.21561316e-03 2.46522225e-06 8.73452236e-06 9.97773187e-01],30,190,475,0.29823496784521264,1,2
374,420,2024-09-14 19:42:20.533552128,TASK_BEGIN,3,-0.1591369669861491,-0.049787634676023,-0.5234856913094161,-0.288905835792787,-0.4460168676819336,0.1301619801740097,5.514716604017069,-0.9471201797360714,0,2024-09-14 19:42:20.571498240,1726342940.5714982,2024-09-14 19:42:20.571497803,10,"[-0.75914764 -0.41975766 -3.1717386  -0.01753221  1.0895137  -0.08658613
  0.          0.         -0.6        -0.15914766 -1.1274965 ]",2.0,-16.735519268276892,[0.11658519 0.11658515 0.44991848 0.31691118],[3.61140053e-07 1.45914384e-10 1.09291703e-10 9.99999639e-01],30,190,475,0.23884210279300033,1,2
375,421,2024-09-14 19:42:20.595915008,TASK_BEGIN,3,-0.1696601038748142,-0.056016415833216,-0.6827056337594779,-0.2731834701092469,-0.437433561483901,0.1237901059590401,5.424781739333937,-0.88678766250354,0,2024-09-14 19:42:20.571498240,1726342940.5714982,2024-09-14 19:42:20.571497803,10,"[-0.75914764 -0.41975766 -3.1717386  -0.01753221  1.0895137  -0.08658613
  0.          0.         -0.6        -0.15914766 -1.1274965 ]",2.0,-16.735519268276892,[0.11658519 0.11658515 0.44991848 0.31691118],[3.61140053e-07 1.45914384e-10 1.09291703e-10 9.99999639e-01],30,190,475,0.23884210279300033,1,2
376,422,2024-09-14 19:42:20.658402816,TASK_BEGIN,3,-0.1850363846957456,-0.0598506859419295,-0.8511908359795687,-0.2485742913990841,-0.4295178927795271,0.1165764694564357,5.311208577845657,-0.8197743204679917,0,2024-09-14 19:42:20.571498240,1726342940.5714982,2024-09-14 19:42:20.571497803,10,"[-0.75914764 -0.41975766 -3.1717386  -0.01753221  1.0895137  -0.08658613
  0.          0.         -0.6        -0.15914766 -1.1274965 ]",2.0,-16.735519268276892,[0.11658519 0.11658515 0.44991848 0.31691118],[3.61140053e-07 1.45914384e-10 1.09291703e-10 9.99999639e-01],30,190,475,0.23884210279300033,1,2
377,423,2024-09-14 19:42:20.736999936,TASK_BEGIN,3,-0.2053054737146611,-0.0609276050585991,-1.022174492054463,-0.2167055920199609,-0.4229736206390987,0.1089714119015273,5.182702845171139,-0.7493677297624907,0,2024-09-14 19:42:20.571498240,1726342940.5714982,2024-09-14 19:42:20.571497803,10,"[-0.75914764 -0.41975766 -3.1717386  -0.01753221  1.0895137  -0.08658613
  0.          0.         -0.6        -0.15914766 -1.1274965 ]",2.0,-16.735519268276892,[0.11658519 0.11658515 0.44991848 0.31691118],[3.61140053e-07 1.45914384e-10 1.09291703e-10 9.99999639e-01],30,190,475,0.23884210279300033,1,2
378,424,2024-09-14 19:42:20.804837888,TASK_BEGIN,3,-0.2303919144649346,-0.0589488061350706,-1.1884751819213195,-0.1794545810414354,-0.4183180316225616,0.1014376667431781,5.04848483169451,-0.6789931474340475,0,2024-09-14 19:42:20.571498240,1726342940.5714982,2024-09-14 19:42:20.571497803,10,"[-0.75914764 -0.41975766 -3.1717386  -0.01753221  1.0895137  -0.08658613
  0.          0.         -0.6        -0.15914766 -1.1274965 ]",2.0,-16.735519268276892,[0.11658519 0.11658515 0.44991848 0.31691118],[3.61140053e-07 1.45914384e-10 1.09291703e-10 9.99999639e-01],30,190,475,0.23884210279300033,1,2
379,425,2024-09-14 19:42:20.872649984,TASK_BEGIN,3,-0.2600875054634952,-0.0536990424979006,-1.342515522952745,-0.1389007526162841,-0.4158441033631444,0.094408606069454,4.917458155172395,-0.6120070282132273,0,2024-09-14 19:42:20.571498240,1726342940.5714982,2024-09-14 19:42:20.571497803,10,"[-0.75914764 -0.41975766 -3.1717386  -0.01753221  1.0895137  -0.08658613
  0.          0.         -0.6        -0.15914766 -1.1274965 ]",2.0,-16.735519268276892,[0.11658519 0.11658515 0.44991848 0.31691118],[3.61140053e-07 1.45914384e-10 1.09291703e-10 9.99999639e-01],30,190,475,0.23884210279300033,1,2
380,426,2024-09-14 19:42:20.935704832,TASK_BEGIN,3,-0.2940207985281116,-0.0450640006335293,-1.4766107689703651,-0.0972264839978091,-0.4156039419887336,0.0882498334244032,4.797359650218225,-0.5514926972879508,0,2024-09-14 19:42:20.571498240,1726342940.5714982,2024-09-14 19:42:20.571497803,10,"[-0.75914764 -0.41975766 -3.1717386  -0.01753221  1.0895137  -0.08658613
  0.          0.         -0.6        -0.15914766 -1.1274965 ]",2.0,-16.735519268276892,[0.11658519 0.11658515 0.44991848 0.31691118],[3.61140053e-07 1.45914384e-10 1.09291703e-10 9.99999639e-01],30,190,475,0.23884210279300033,1,2
381,429,2024-09-14 19:42:22.014612736,TASK_BEGIN,3,-0.4146825475052738,0.0005244028579582,-1.693313165102459,0.0142866448692591,-0.4254584057086208,0.0770803366348875,4.552330266695121,-0.4322069296814033,0,2024-09-14 19:42:22.401730048,1726342942.40173,2024-09-14 19:42:22.401729980,11,"[ 2.84926104e-03  9.93987322e-01  1.05459295e-01 -1.81293756e-01
 -8.07340629e-03 -4.00445126e-02  0.00000000e+00  0.00000000e+00
  0.00000000e+00  2.84926104e-03 -1.21447210e+01]",0.0,-2.443156093406653,[0.407748   0.20431262 0.12820771 0.25973168],[0.407748   0.20431262 0.12820771 0.25973168],30,140,476,0.09665539490015346,0,0
382,430,2024-09-14 19:42:22.076158976,TASK_BEGIN,3,-0.4582875754295674,0.0214787242212592,-1.6901264838945829,0.0417753597722031,-0.4304010213559542,0.075885670367834,4.515697015802529,-0.4177845287155078,0,2024-09-14 19:42:22.401730048,1726342942.40173,2024-09-14 19:42:22.401729980,11,"[ 2.84926104e-03  9.93987322e-01  1.05459295e-01 -1.81293756e-01
 -8.07340629e-03 -4.00445126e-02  0.00000000e+00  0.00000000e+00
  0.00000000e+00  2.84926104e-03 -1.21447210e+01]",0.0,-2.443156093406653,[0.407748   0.20431262 0.12820771 0.25973168],[0.407748   0.20431262 0.12820771 0.25973168],30,140,476,0.09665539490015346,0,0
383,431,2024-09-14 19:42:22.153745920,TASK_BEGIN,3,-0.5020921384702706,0.0446693072137742,-1.6485334095931878,0.0629429345620149,-0.43499953545739,0.0757391947433367,4.500193182724922,-0.416537109030026,0,2024-09-14 19:42:22.401730048,1726342942.40173,2024-09-14 19:42:22.401729980,11,"[ 2.84926104e-03  9.93987322e-01  1.05459295e-01 -1.81293756e-01
 -8.07340629e-03 -4.00445126e-02  0.00000000e+00  0.00000000e+00
  0.00000000e+00  2.84926104e-03 -1.21447210e+01]",0.0,-2.443156093406653,[0.407748   0.20431262 0.12820771 0.25973168],[0.407748   0.20431262 0.12820771 0.25973168],30,140,476,0.09665539490015346,0,0
384,432,2024-09-14 19:42:22.218297088,TASK_BEGIN,3,-0.5453530477534821,0.0696200418218005,-1.5721304924530126,0.077603001879321,-0.4386481585937456,0.076421045191616,4.5023905429707565,-0.4276911264478751,0,2024-09-14 19:42:22.401730048,1726342942.40173,2024-09-14 19:42:22.401729980,11,"[ 2.84926104e-03  9.93987322e-01  1.05459295e-01 -1.81293756e-01
 -8.07340629e-03 -4.00445126e-02  0.00000000e+00  0.00000000e+00
  0.00000000e+00  2.84926104e-03 -1.21447210e+01]",0.0,-2.443156093406653,[0.407748   0.20431262 0.12820771 0.25973168],[0.407748   0.20431262 0.12820771 0.25973168],30,140,476,0.09665539490015346,0,0
385,433,2024-09-14 19:42:22.289318144,TASK_BEGIN,3,-0.5874460538373459,0.0958251224627571,-1.466629161756208,0.0859638972584235,-0.4409863368821204,0.0777046929922283,4.517338496286692,-0.4497913668401719,0,2024-09-14 19:42:22.401730048,1726342942.40173,2024-09-14 19:42:22.401729980,11,"[ 2.84926104e-03  9.93987322e-01  1.05459295e-01 -1.81293756e-01
 -8.07340629e-03 -4.00445126e-02  0.00000000e+00  0.00000000e+00
  0.00000000e+00  2.84926104e-03 -1.21447210e+01]",0.0,-2.443156093406653,[0.407748   0.20431262 0.12820771 0.25973168],[0.407748   0.20431262 0.12820771 0.25973168],30,140,476,0.09665539490015346,0,0
386,434,2024-09-14 19:42:23.227462912,TASK_BEGIN,3,-0.6278211088327416,0.1227592068453269,-1.3388806135886675,0.0885114740694426,-0.4419796636081537,0.0793870019601933,4.538956321210721,-0.4807709595086158,0,2024-09-14 19:42:23.295589632,1726342943.2955897,2024-09-14 19:42:23.295588867,11,"[ 0.03405452  0.61870885  0.12701948 -0.5181082  -0.09554721 -0.02350884
  0.          0.          0.          0.03405452 -9.142493  ]",2.0,10.254539111212718,[0.17845896 0.17423899 0.17356746 0.47373459],[0.32289434 0.29896355 0.29510203 0.08304008],30,140,476,0.18245347170440823,0,0
387,435,2024-09-14 19:42:23.299877888,TASK_BEGIN,3,-0.6659618037640593,0.149883019929852,-1.1957863595595766,0.0858743090862987,-0.4419399206759751,0.0813096288330582,4.560712666924262,-0.5180811730291948,0,2024-09-14 19:42:23.295589632,1726342943.2955897,2024-09-14 19:42:23.295588867,11,"[ 0.03405452  0.61870885  0.12701948 -0.5181082  -0.09554721 -0.02350884
  0.          0.          0.          0.03405452 -9.142493  ]",2.0,10.254539111212718,[0.17845896 0.17423899 0.17356746 0.47373459],[0.32289434 0.29896355 0.29510203 0.08304008],30,140,476,0.18245347170440823,0,0
388,436,2024-09-14 19:42:23.367675136,TASK_BEGIN,3,-0.7013701548531784,0.176652068338201,-1.0434110474688536,0.0787149649433039,-0.4414918025960562,0.0833716717511136,4.576442243443515,-0.5588816781327302,0,2024-09-14 19:42:23.295589632,1726342943.2955897,2024-09-14 19:42:23.295588867,11,"[ 0.03405452  0.61870885  0.12701948 -0.5181082  -0.09554721 -0.02350884
  0.          0.          0.          0.03405452 -9.142493  ]",2.0,10.254539111212718,[0.17845896 0.17423899 0.17356746 0.47373459],[0.32289434 0.29896355 0.29510203 0.08304008],30,140,476,0.18245347170440823,0,0
389,437,2024-09-14 19:42:23.427858176,TASK_BEGIN,3,-0.7335838650555178,0.2025342788424745,-0.8864418282883084,0.0676593260699737,-0.4414990233464547,0.0855310419799364,4.581068546733742,-0.6002651370019733,0,2024-09-14 19:42:23.778589952,1726342943.77859,2024-09-14 19:42:23.778588867,11,"[ 0.04245536  0.3525679  -0.03484148 -1.0061045   0.11369728  0.3535859
  0.          0.          0.          0.04245536 -7.0133657 ]",1.0,-4.417492846273101,[0.13274696 0.45706069 0.14511535 0.265077  ],[0.07242614 0.00206179 0.16151034 0.76400172],30,140,476,0.1881071301178538,0,0
390,438,2024-09-14 19:42:23.503277056,TASK_BEGIN,3,-0.7622175856372276,0.2270357535618955,-0.7280344644831017,0.0532644118909492,-0.4429484365330838,0.0877929400587055,4.571106258940259,-0.6394778066945336,0,2024-09-14 19:42:23.778589952,1726342943.77859,2024-09-14 19:42:23.778588867,11,"[ 0.04245536  0.3525679  -0.03484148 -1.0061045   0.11369728  0.3535859
  0.          0.          0.          0.04245536 -7.0133657 ]",1.0,-4.417492846273101,[0.13274696 0.45706069 0.14511535 0.265077  ],[0.07242614 0.00206179 0.16151034 0.76400172],30,140,476,0.1881071301178538,0,0
391,439,2024-09-14 19:42:23.566361856,TASK_BEGIN,3,-0.7870080717850071,0.2497277976538631,-0.5700513668861048,0.0360306841482007,-0.446788977551596,0.0901880148826441,4.5449002373747,-0.6741075062726818,0,2024-09-14 19:42:23.946635008,1726342943.946635,2024-09-14 19:42:23.946634033,11,"[ 0.03904669  0.23541367 -0.15105437 -0.919308    0.23155677  0.34998626
  0.          0.          0.          0.03904669 -6.076132  ]",1.0,-4.528995893728416,[0.1251707  0.45395782 0.13137493 0.28949655],[3.75385563e-02 5.42465419e-04 8.59154672e-02 8.76003511e-01],30,140,476,0.19681297284878638,0,0
392,440,2024-09-14 19:42:23.628354048,TASK_BEGIN,3,-0.807847999264412,0.2702678431571576,-0.4135620348243025,0.0164391616810393,-0.4537435546516721,0.0927438592123457,4.502543017228341,-0.7022193008816455,0,2024-09-14 19:42:24.009592832,1726342944.0095928,2024-09-14 19:42:24.009592041,11,"[ 0.03667045  0.19021785 -0.14090078 -0.9945131   0.27869937  0.32559904
  0.          0.          0.          0.03667045 -5.7145653 ]",1.0,-4.4905647700078735,[0.12753835 0.45567575 0.1416148  0.2751711 ],[4.19809695e-02 3.87600096e-04 1.46674502e-01 8.10956928e-01],30,140,476,0.2025508873475848,0,0
393,441,2024-09-14 19:42:24.575359232,TASK_BEGIN,3,-0.8248049785625688,0.2884117544745062,-0.2593484915389219,-0.0050251744793842,-0.4641314706723172,0.0954530783614906,4.445455904533797,-0.722419478262897,0,2024-09-14 19:42:24.722064128,1726342944.722064,2024-09-14 19:42:24.722063964,11,"[-0.01783395 -0.45099783 -0.44364658 -1.5013846   0.93847793  0.5339049
  0.          1.          0.         -0.01783395 -0.58484   ]",1.0,3.433049392989451,[0.11668524 0.44994167 0.11660837 0.31676472],[6.59743605e-04 5.04015245e-07 7.62502718e-07 9.99338990e-01],30,140,476,0.2933811400962175,1,2
394,442,2024-09-14 19:42:24.650012928,TASK_BEGIN,3,-0.8381240782658768,0.3040195818926325,-0.1082568636063376,-0.0278765767466162,-0.4777473402849738,0.0982460275966521,4.375733558822202,-0.7338429253388141,0,2024-09-14 19:42:24.722064128,1726342944.722064,2024-09-14 19:42:24.722063964,11,"[-0.01783395 -0.45099783 -0.44364658 -1.5013846   0.93847793  0.5339049
  0.          1.          0.         -0.01783395 -0.58484   ]",1.0,3.433049392989451,[0.11668524 0.44994167 0.11660837 0.31676472],[6.59743605e-04 5.04015245e-07 7.62502718e-07 9.99338990e-01],30,140,476,0.2933811400962175,1,2
395,443,2024-09-14 19:42:24.717841920,TASK_BEGIN,3,-0.8482066919192132,0.3170563238788405,0.0385696126551127,-0.0516446698077923,-0.4938422680935411,0.1009798554759861,4.295459366426263,-0.7361007182208166,0,2024-09-14 19:42:24.722064128,1726342944.722064,2024-09-14 19:42:24.722063964,11,"[-0.01783395 -0.45099783 -0.44364658 -1.5013846   0.93847793  0.5339049
  0.          1.          0.         -0.01783395 -0.58484   ]",1.0,3.433049392989451,[0.11668524 0.44994167 0.11660837 0.31676472],[6.59743605e-04 5.04015245e-07 7.62502718e-07 9.99338990e-01],30,140,476,0.2933811400962175,1,2
396,444,2024-09-14 19:42:24.785619200,TASK_BEGIN,3,-0.855565522158971,0.3275877406689985,0.1795280152268625,-0.0758879247268611,-0.5112278854934662,0.1034480695387982,4.206268846139333,-0.7292480043139786,0,2024-09-14 19:42:24.722064128,1726342944.722064,2024-09-14 19:42:24.722063964,11,"[-0.01783395 -0.45099783 -0.44364658 -1.5013846   0.93847793  0.5339049
  0.          1.          0.         -0.01783395 -0.58484   ]",1.0,3.433049392989451,[0.11668524 0.44994167 0.11660837 0.31676472],[6.59743605e-04 5.04015245e-07 7.62502718e-07 9.99338990e-01],30,140,476,0.2933811400962175,1,2
397,445,2024-09-14 19:42:24.853414912,TASK_BEGIN,3,-0.8607713436119935,0.3357717440019158,0.3125100318294835,-0.1001878369908974,-0.5284702351291275,0.1054036747310869,4.109353820964398,-0.7137900546400303,0,2024-09-14 19:42:24.722064128,1726342944.722064,2024-09-14 19:42:24.722063964,11,"[-0.01783395 -0.45099783 -0.44364658 -1.5013846   0.93847793  0.5339049
  0.          1.          0.         -0.01783395 -0.58484   ]",1.0,3.433049392989451,[0.11668524 0.44994167 0.11660837 0.31676472],[6.59743605e-04 5.04015245e-07 7.62502718e-07 9.99338990e-01],30,140,476,0.2933811400962175,1,2
398,446,2024-09-14 19:42:24.916096000,TASK_BEGIN,3,-0.8644063964525438,0.3418452301022449,0.4350206299497428,-0.1241116024088188,-0.5441044002964962,0.1065870710124415,4.005835591084065,-0.6906818535485358,0,2024-09-14 19:42:24.722064128,1726342944.722064,2024-09-14 19:42:24.722063964,11,"[-0.01783395 -0.45099783 -0.44364658 -1.5013846   0.93847793  0.5339049
  0.          1.          0.         -0.01783395 -0.58484   ]",1.0,3.433049392989451,[0.11668524 0.44994167 0.11660837 0.31676472],[6.59743605e-04 5.04015245e-07 7.62502718e-07 9.99338990e-01],30,140,476,0.2933811400962175,1,2
399,447,2024-09-14 19:42:24.978581760,TASK_BEGIN,3,-0.867025847576734,0.3461060424947227,0.544430369197015,-0.1471563529512767,-0.5568204417444182,0.1067565781874871,3.897211594859154,-0.6612645819887021,0,2024-09-14 19:42:24.722064128,1726342944.722064,2024-09-14 19:42:24.722063964,11,"[-0.01783395 -0.45099783 -0.44364658 -1.5013846   0.93847793  0.5339049
  0.          1.          0.         -0.01783395 -0.58484   ]",1.0,3.433049392989451,[0.11668524 0.44994167 0.11660837 0.31676472],[6.59743605e-04 5.04015245e-07 7.62502718e-07 9.99338990e-01],30,140,476,0.2933811400962175,1,2
400,455,2024-09-14 19:42:27.232274176,TASK_BEGIN,3,-0.8883473539740149,0.3512194335197183,0.7263639001232357,-0.213876417251371,-0.5148013085454857,0.0694220961122935,3.149515176042401,-0.3845313708107077,0,2024-09-14 19:42:26.988711936,1726342946.9887118,2024-09-14 19:42:26.988711182,12,"[ 2.8444927e-03  9.8276103e-01  3.5132755e-02 -2.4834168e-01
 -7.9534445e-03 -1.3280092e-02  0.0000000e+00  0.0000000e+00
  2.0000000e-01 -1.9715551e-01 -9.9757748e+00]",0.0,-2.5826073774835407,[0.46188347 0.20670895 0.10545786 0.22594972],[0.46188347 0.20670895 0.10545786 0.22594972],30,162,477,0.12800914364260005,0,0
401,456,2024-09-14 19:42:27.294353920,TASK_BEGIN,3,-0.8908686167139643,0.3505064383748472,0.6495533318742024,-0.198017412697435,-0.4988507177552408,0.0629775300933043,3.109883994939683,-0.3655877115790543,0,2024-09-14 19:42:26.988711936,1726342946.9887118,2024-09-14 19:42:26.988711182,12,"[ 2.8444927e-03  9.8276103e-01  3.5132755e-02 -2.4834168e-01
 -7.9534445e-03 -1.3280092e-02  0.0000000e+00  0.0000000e+00
  2.0000000e-01 -1.9715551e-01 -9.9757748e+00]",0.0,-2.5826073774835407,[0.46188347 0.20670895 0.10545786 0.22594972],[0.46188347 0.20670895 0.10545786 0.22594972],30,162,477,0.12800914364260005,0,0
402,457,2024-09-14 19:42:27.356360960,TASK_BEGIN,3,-0.892445936131887,0.3492870026803677,0.552138141336825,-0.1761338359617037,-0.4826184868404961,0.0570258488823994,3.08784816850055,-0.3540024555450359,0,2024-09-14 19:42:26.988711936,1726342946.9887118,2024-09-14 19:42:26.988711182,12,"[ 2.8444927e-03  9.8276103e-01  3.5132755e-02 -2.4834168e-01
 -7.9534445e-03 -1.3280092e-02  0.0000000e+00  0.0000000e+00
  2.0000000e-01 -1.9715551e-01 -9.9757748e+00]",0.0,-2.5826073774835407,[0.46188347 0.20670895 0.10545786 0.22594972],[0.46188347 0.20670895 0.10545786 0.22594972],30,162,477,0.12800914364260005,0,0
403,458,2024-09-14 19:42:27.433542912,TASK_BEGIN,3,-0.8926508312010597,0.3473470291937232,0.4367940455857248,-0.14867764094874,-0.4662545685261731,0.0517332546815772,3.08324183594006,-0.3504106016681398,0,2024-09-14 19:42:27.047708928,1726342947.047709,2024-09-14 19:42:27.047708008,12,"[ 3.5565693e-03  9.6871948e-01  3.5158414e-02 -3.2516834e-01
 -9.9437879e-03 -1.3269747e-02  0.0000000e+00  0.0000000e+00
  2.0000000e-01 -1.9644342e-01 -9.8634424e+00]",0.0,-2.594603930101705,[0.45737664 0.21713178 0.11645482 0.20903675],[0.45737664 0.21713178 0.11645482 0.20903675],30,162,477,0.11818124076166443,0,0
404,459,2024-09-14 19:42:27.503543040,TASK_BEGIN,3,-0.8910970588140055,0.3444876062382694,0.3071754200548934,-0.1163200331807672,-0.4496993483160286,0.0472079465560353,3.095242906609055,-0.3550731398808716,0,2024-09-14 19:42:27.895712256,1726342947.8957121,2024-09-14 19:42:27.895712158,12,"[ 0.01752114  0.62085295  0.11880028 -0.5945635  -0.05767969 -0.15172508
  0.          0.          0.2        -0.18247886 -7.0805106 ]",3.0,-3.566035812098173,[0.17104796 0.19749609 0.16126201 0.47019394],[0.28452992 0.42830476 0.22561639 0.06154894],30,162,477,0.13589051442854289,0,0
405,460,2024-09-14 19:42:27.571375872,TASK_BEGIN,3,-0.8875034386068503,0.3405598334082117,0.167703321991553,-0.0799385533647112,-0.4327692459474045,0.043503220367847,3.122559418648843,-0.3678365787037346,0,2024-09-14 19:42:27.956781824,1726342947.9567819,2024-09-14 19:42:27.956781006,12,"[ 0.02006801  0.5905584   0.13622181 -0.6725793  -0.08649395 -0.19209251
  0.          0.          0.2        -0.17993198 -6.8381543 ]",0.0,-3.4140140568641613,[0.15906384 0.20762924 0.16946092 0.463846  ],[0.21701758 0.48346594 0.28033427 0.01918221],30,162,477,0.1477556200102465,0,0
406,461,2024-09-14 19:42:27.639195136,TASK_BEGIN,3,-0.8817162965883866,0.3354836753824136,0.0231297055635242,-0.0405844621254187,-0.4152446761652262,0.0406181680162689,3.1636852916127944,-0.3881494858509504,0,2024-09-14 19:42:27.996783616,1726342947.9967837,2024-09-14 19:42:27.996782959,12,"[ 0.02198807  0.57256055  0.1610553  -0.59032893 -0.10771616 -0.22942849
  0.          0.          0.2        -0.17801192 -6.6941714 ]",3.0,-4.063990099225331,[0.1573321  0.22567868 0.15437506 0.46261416],[0.21364807 0.57440144 0.19467428 0.01727622],30,162,477,0.15589121364501374,0,0
407,462,2024-09-14 19:42:28.577744896,TASK_BEGIN,3,-0.8736898195952578,0.3292501662439579,-0.1220915349949715,0.0005967054860142,-0.3969406069836573,0.0384970599983755,3.217196395813067,-0.4151260096413361,0,2024-09-14 19:42:28.505830144,1726342948.50583,2024-09-14 19:42:28.505830078,12,"[ 0.08284632  0.4150163   0.56190175 -0.37413275 -0.3654052  -0.30232495
  0.          0.          0.2        -0.11715367 -5.4338174 ]",3.0,-3.7697992824132545,[0.12889372 0.29178037 0.1255507  0.45377521],[0.06927158 0.88628474 0.042993   0.00145069],30,162,477,0.2024753428356262,0,0
408,463,2024-09-14 19:42:28.650226944,TASK_BEGIN,3,-0.8634466753057745,0.3219138784212198,-0.2643706643751145,0.0424692129175578,-0.3777554553186473,0.0370327467805555,3.2819668187722115,-0.447631739641097,0,2024-09-14 19:42:28.505830144,1726342948.50583,2024-09-14 19:42:28.505830078,12,"[ 0.08284632  0.4150163   0.56190175 -0.37413275 -0.3654052  -0.30232495
  0.          0.          0.2        -0.11715367 -5.4338174 ]",3.0,-3.7697992824132545,[0.12889372 0.29178037 0.1255507  0.45377521],[0.06927158 0.88628474 0.042993   0.00145069],30,162,477,0.2024753428356262,0,0
409,464,2024-09-14 19:42:28.717997056,TASK_BEGIN,3,-0.851046002176835,0.3135831418134667,-0.4011726163733624,0.0839773432574468,-0.3577001757601998,0.0360778850972901,3.357238071815656,-0.4843769046089137,0,2024-09-14 19:42:28.505830144,1726342948.50583,2024-09-14 19:42:28.505830078,12,"[ 0.08284632  0.4150163   0.56190175 -0.37413275 -0.3654052  -0.30232495
  0.          0.          0.2        -0.11715367 -5.4338174 ]",3.0,-3.7697992824132545,[0.12889372 0.29178037 0.1255507  0.45377521],[0.06927158 0.88628474 0.042993   0.00145069],30,162,477,0.2024753428356262,0,0
410,465,2024-09-14 19:42:28.778743040,TASK_BEGIN,3,-0.8365771742192224,0.3044111474646393,-0.5307730811457595,0.1241510061027085,-0.3369129272017269,0.0354628485210989,3.44258998533754,-0.5240079968098288,0,2024-09-14 19:42:28.505830144,1726342948.50583,2024-09-14 19:42:28.505830078,12,"[ 0.08284632  0.4150163   0.56190175 -0.37413275 -0.3654052  -0.30232495
  0.          0.          0.2        -0.11715367 -5.4338174 ]",3.0,-3.7697992824132545,[0.12889372 0.29178037 0.1255507  0.45377521],[0.06927158 0.88628474 0.042993   0.00145069],30,162,477,0.2024753428356262,0,0
411,466,2024-09-14 19:42:28.843265024,TASK_BEGIN,3,-0.8201817920584036,0.2945873243369842,-0.6517882190659743,0.1620669238172616,-0.3156629476044569,0.0350162493297528,3.5378264435818885,-0.5651811448687769,0,2024-09-14 19:42:28.505830144,1726342948.50583,2024-09-14 19:42:28.505830078,12,"[ 0.08284632  0.4150163   0.56190175 -0.37413275 -0.3654052  -0.30232495
  0.          0.          0.2        -0.11715367 -5.4338174 ]",3.0,-3.7697992824132545,[0.12889372 0.29178037 0.1255507  0.45377521],[0.06927158 0.88628474 0.042993   0.00145069],30,162,477,0.2024753428356262,0,0
412,467,2024-09-14 19:42:28.918889216,TASK_BEGIN,3,-0.8020871618582842,0.2843278672228588,-0.7627270396750299,0.1968017546362946,-0.2943431283928274,0.0345844512689767,3.64269649441649,-0.6066020862083067,0,2024-09-14 19:42:28.525826816,1726342948.525827,2024-09-14 19:42:28.525826904,12,"[ 0.08666746  0.408805    0.5727519  -0.40336877 -0.3819641  -0.3311788
  0.          0.          0.2        -0.11333254 -5.384127  ]",3.0,-4.022532294712912,[0.12554131 0.29790285 0.1237207  0.45283514],[4.99447542e-02 9.14077317e-01 3.53365136e-02 6.41415229e-04],30,162,477,0.20247315851676634,0,0
413,468,2024-09-14 19:42:28.981374976,TASK_BEGIN,3,-0.7826217541581273,0.2738646045765279,-0.861712231333789,0.2274058445460719,-0.2734520800771784,0.0340476969518388,3.7564372131529904,-0.6470382783278075,0,2024-09-14 19:42:29.067408384,1726342949.0674083,2024-09-14 19:42:29.067407959,12,"[ 0.22226207  0.17032969  0.9221564  -0.8180923  -0.95455563 -0.47282624
  0.          0.          0.2         0.02226206 -3.4763246 ]",3.0,-5.031933472678626,[0.11659271 0.31690018 0.11658689 0.44992022],[4.99719203e-05 9.99950025e-01 2.23047894e-09 1.03688035e-09],30,162,477,0.2019113813356647,0,0
414,469,2024-09-14 19:42:29.917385984,TASK_BEGIN,3,-0.7621950440720067,0.2634321816873595,-0.946370716193262,0.2529137216397045,-0.2535708446848368,0.0333319729141784,3.8772668585134777,-0.685316359795548,0,2024-09-14 19:42:30.035881728,1726342950.0358818,2024-09-14 19:42:30.035881104,12,"[ 0.91192263 -0.6998726   3.5097656  -1.0958102  -2.0758092  -4.412398
  0.          0.          0.2         0.7119226   3.485294  ]",2.0,-9.159927580642307,[0.11950911 0.11757868 0.45067855 0.31223366],[1.85494967e-02 2.26469072e-03 2.77049324e-04 9.78908763e-01],30,162,477,0.3465001526026068,1,2
415,470,2024-09-14 19:42:30.000337920,TASK_BEGIN,3,-0.7412512485513304,0.2532551564977459,-1.0138205677818413,0.2723890214134239,-0.2353334782011167,0.0324160667016885,4.002001496825884,-0.7203038741740045,0,2024-09-14 19:42:30.035881728,1726342950.0358818,2024-09-14 19:42:30.035881104,12,"[ 0.91192263 -0.6998726   3.5097656  -1.0958102  -2.0758092  -4.412398
  0.          0.          0.2         0.7119226   3.485294  ]",2.0,-9.159927580642307,[0.11950911 0.11757868 0.45067855 0.31223366],[1.85494967e-02 2.26469072e-03 2.77049324e-04 9.78908763e-01],30,162,477,0.3465001526026068,1,2
416,471,2024-09-14 19:42:30.068142848,TASK_BEGIN,3,-0.7202189172104511,0.2435370160711181,-1.0607838505040104,0.2849937580114752,-0.2193796740461233,0.0313309431235616,4.125918233908076,-0.7508754063973672,0,2024-09-14 19:42:30.035881728,1726342950.0358818,2024-09-14 19:42:30.035881104,12,"[ 0.91192263 -0.6998726   3.5097656  -1.0958102  -2.0758092  -4.412398
  0.          0.          0.2         0.7119226   3.485294  ]",2.0,-9.159927580642307,[0.11950911 0.11757868 0.45067855 0.31223366],[1.85494967e-02 2.26469072e-03 2.77049324e-04 9.78908763e-01],30,162,477,0.3465001526026068,1,2
417,472,2024-09-14 19:42:30.135922944,TASK_BEGIN,3,-0.6994765373008077,0.2344530769724566,-1.0839455587620006,0.2900763029443666,-0.2062877226484055,0.0301490559930442,4.242941116204302,-0.7758896459734356,0,2024-09-14 19:42:30.035881728,1726342950.0358818,2024-09-14 19:42:30.035881104,12,"[ 0.91192263 -0.6998726   3.5097656  -1.0958102  -2.0758092  -4.412398
  0.          0.          0.2         0.7119226   3.485294  ]",2.0,-9.159927580642307,[0.11950911 0.11757868 0.45067855 0.31223366],[1.85494967e-02 2.26469072e-03 2.77049324e-04 9.78908763e-01],30,162,477,0.3465001526026068,1,2
418,473,2024-09-14 19:42:30.199331072,TASK_BEGIN,3,-0.6793509127535367,0.2261499755632504,-1.0805154164935271,0.2872657334522523,-0.1965082807849653,0.0289672191661749,4.346208392684599,-0.794217094046996,0,2024-09-14 19:42:30.035881728,1726342950.0358818,2024-09-14 19:42:30.035881104,12,"[ 0.91192263 -0.6998726   3.5097656  -1.0958102  -2.0758092  -4.412398
  0.          0.          0.2         0.7119226   3.485294  ]",2.0,-9.159927580642307,[0.11950911 0.11757868 0.45067855 0.31223366],[1.85494967e-02 2.26469072e-03 2.77049324e-04 9.78908763e-01],30,162,477,0.3465001526026068,1,2
419,474,2024-09-14 19:42:30.271375104,TASK_BEGIN,3,-0.6601514561583225,0.2187529353421002,-1.0487465744716769,0.2765473890211078,-0.190316662090252,0.0278894833484935,4.428971220383234,-0.8048330211322844,0,2024-09-14 19:42:30.035881728,1726342950.0358818,2024-09-14 19:42:30.035881104,12,"[ 0.91192263 -0.6998726   3.5097656  -1.0958102  -2.0758092  -4.412398
  0.          0.          0.2         0.7119226   3.485294  ]",2.0,-9.159927580642307,[0.11950911 0.11757868 0.45067855 0.31223366],[1.85494967e-02 2.26469072e-03 2.77049324e-04 9.78908763e-01],30,162,477,0.3465001526026068,1,2
420,475,2024-09-14 19:42:30.332904960,TASK_BEGIN,3,-0.6422169138281316,0.2123766695218215,-0.9882482046069776,0.2583017214315063,-0.1877820800612959,0.0270122246471819,4.485557666076254,-0.8069498261059885,0,2024-09-14 19:42:30.035881728,1726342950.0358818,2024-09-14 19:42:30.035881104,12,"[ 0.91192263 -0.6998726   3.5097656  -1.0958102  -2.0758092  -4.412398
  0.          0.          0.2         0.7119226   3.485294  ]",2.0,-9.159927580642307,[0.11950911 0.11757868 0.45067855 0.31223366],[1.85494967e-02 2.26469072e-03 2.77049324e-04 9.78908763e-01],30,162,477,0.3465001526026068,1,2
421,476,2024-09-14 19:42:31.282537728,TASK_BEGIN,3,-0.6259420125933864,0.2071331858686318,-0.9001245289086094,0.2333088826479953,-0.1887515187292319,0.0264117799113905,4.512057465969477,-0.8001458510689774,0,2024-09-14 19:42:31.617174272,1726342951.6171741,2024-09-14 19:42:31.617173828,13,"[-1.96965528e-03  1.00011683e+00 -1.45959124e-01 -1.02398895e-01
  5.80043672e-03  5.54938838e-02  0.00000000e+00  0.00000000e+00
 -2.00000003e-01  1.98030338e-01 -1.19626255e+01]",0.0,-1.196748727145689,[0.44924026 0.16231782 0.09708204 0.29135988],[0.44924026 0.16231782 0.09708204 0.29135988],30,128,478,0.14409179513271408,0,0
422,477,2024-09-14 19:42:31.340527104,TASK_BEGIN,3,-0.611777415361008,0.2031345679062856,-0.7869754654634213,0.2027240415825125,-0.192857931575725,0.0261386942651539,4.506574858828151,-0.7844625613635867,0,2024-09-14 19:42:31.721163264,1726342951.7211633,2024-09-14 19:42:31.721163086,13,"[-6.9018998e-03  9.8611724e-01 -1.4614257e-01 -2.3044918e-01
  1.9656716e-02  5.5407025e-02  0.0000000e+00  0.0000000e+00
 -2.0000000e-01  1.9309810e-01 -1.1850629e+01]",0.0,-2.335800818467902,[0.39978369 0.1073318  0.12198808 0.37089643],[0.39978369 0.1073318  0.12198808 0.37089643],30,128,478,0.15544221919740875,0,0
423,478,2024-09-14 19:42:31.418168832,TASK_BEGIN,3,-0.6002153441328871,0.2004923877442743,-0.6527275146234163,0.1680163508231209,-0.1995592978250376,0.0262219465105655,4.4691481922529785,-0.760460885002311,0,2024-09-14 19:42:31.742161152,1726342951.742161,2024-09-14 19:42:31.742161133,13,"[-7.79374456e-03  9.82124448e-01 -1.29683152e-01 -2.55556136e-01
  2.05255486e-02  1.73812080e-02  0.00000000e+00  0.00000000e+00
 -2.00000003e-01  1.92206249e-01 -1.18186865e+01]",3.0,-1.4045812877834172,[0.38835736 0.09789777 0.12383182 0.38991304],[0.38835736 0.09789777 0.12383182 0.38991304],30,128,478,0.17297630440113126,0,0
424,479,2024-09-14 19:42:31.485933056,TASK_BEGIN,3,-0.5917587567719274,0.1993125180394373,-0.5023318566279596,0.1308694760450598,-0.2082001917400065,0.0266794201095404,4.401483775566672,-0.7292187515432261,0,2024-09-14 19:42:31.742161152,1726342951.742161,2024-09-14 19:42:31.742161133,13,"[-7.79374456e-03  9.82124448e-01 -1.29683152e-01 -2.55556136e-01
  2.05255486e-02  1.73812080e-02  0.00000000e+00  0.00000000e+00
 -2.00000003e-01  1.92206249e-01 -1.18186865e+01]",3.0,-1.4045812877834172,[0.38835736 0.09789777 0.12383182 0.38991304],[0.38835736 0.09789777 0.12383182 0.38991304],30,128,478,0.17297630440113126,0,0
425,480,2024-09-14 19:42:31.540476928,TASK_BEGIN,3,-0.5868652470036858,0.1996838741580859,-0.34146111956578,0.09306345941822,-0.2180838146742889,0.027527817700665,4.306545203834742,-0.6922407678965579,0,2024-09-14 19:42:31.742161152,1726342951.742161,2024-09-14 19:42:31.742161133,13,"[-7.79374456e-03  9.82124448e-01 -1.29683152e-01 -2.55556136e-01
  2.05255486e-02  1.73812080e-02  0.00000000e+00  0.00000000e+00
 -2.00000003e-01  1.92206249e-01 -1.18186865e+01]",3.0,-1.4045812877834172,[0.38835736 0.09789777 0.12383182 0.38991304],[0.38835736 0.09789777 0.12383182 0.38991304],30,128,478,0.17297630440113126,0,0
426,481,2024-09-14 19:42:31.617149184,TASK_BEGIN,3,-0.585876409739229,0.2016639251133605,-0.1763020283481632,0.0563663013086314,-0.2285459055628218,0.0287882604423945,4.188060838365642,-0.65129525118576,0,2024-09-14 19:42:31.742161152,1726342951.742161,2024-09-14 19:42:31.742161133,13,"[-7.79374456e-03  9.82124448e-01 -1.29683152e-01 -2.55556136e-01
  2.05255486e-02  1.73812080e-02  0.00000000e+00  0.00000000e+00
 -2.00000003e-01  1.92206249e-01 -1.18186865e+01]",3.0,-1.4045812877834172,[0.38835736 0.09789777 0.12383182 0.38991304],[0.38835736 0.09789777 0.12383182 0.38991304],30,128,478,0.17297630440113126,0,0
427,482,2024-09-14 19:42:31.678716160,TASK_BEGIN,3,-0.5889542134214591,0.2052641111199433,-0.0133964053925018,0.0224460093355005,-0.2390179027856478,0.0304858801782792,4.050154056425366,-0.6082525841048594,0,2024-09-14 19:42:31.742161152,1726342951.742161,2024-09-14 19:42:31.742161133,13,"[-7.79374456e-03  9.82124448e-01 -1.29683152e-01 -2.55556136e-01
  2.05255486e-02  1.73812080e-02  0.00000000e+00  0.00000000e+00
 -2.00000003e-01  1.92206249e-01 -1.18186865e+01]",3.0,-1.4045812877834172,[0.38835736 0.09789777 0.12383182 0.38991304],[0.38835736 0.09789777 0.12383182 0.38991304],30,128,478,0.17297630440113126,0,0
428,483,2024-09-14 19:42:32.620014848,TASK_BEGIN,3,-0.5960414480169643,0.2104368244310489,0.1406278188221167,-0.007210715530651,-0.2490668488447939,0.0326426133364305,3.897241495358608,-0.5649791104658819,0,2024-09-14 19:42:33.001059584,1726342953.0010595,2024-09-14 19:42:33.001059082,13,"[-0.06255206  0.45625675 -0.08893289 -0.72108704 -0.11141437 -0.18050775
  0.          0.         -0.2         0.13744794 -7.6117444 ]",2.0,5.412369262567279,[0.15323798 0.1564481  0.22408073 0.46623319],[0.18541246 0.20614463 0.56542672 0.04301619],30,128,478,0.23080254931079777,0,0
429,484,2024-09-14 19:42:32.697239040,TASK_BEGIN,3,-0.6068622551338023,0.2170685117208987,0.2795116069626134,-0.0313868679125743,-0.2584106610259462,0.035265824299434,3.7341074269425474,-0.5232779136173533,0,2024-09-14 19:42:33.001059584,1726342953.0010595,2024-09-14 19:42:33.001059082,13,"[-0.06255206  0.45625675 -0.08893289 -0.72108704 -0.11141437 -0.18050775
  0.          0.         -0.2         0.13744794 -7.6117444 ]",2.0,5.412369262567279,[0.15323798 0.1564481  0.22408073 0.46623319],[0.18541246 0.20614463 0.56542672 0.04301619],30,128,478,0.23080254931079777,0,0
430,485,2024-09-14 19:42:32.768299008,TASK_BEGIN,3,-0.6209677444450693,0.224983527059063,0.3978814037088846,-0.0492215079329324,-0.2669129389102662,0.0383383462692546,3.5659734885774177,-0.4848507193222854,0,2024-09-14 19:42:33.001059584,1726342953.0010595,2024-09-14 19:42:33.001059082,13,"[-0.06255206  0.45625675 -0.08893289 -0.72108704 -0.11141437 -0.18050775
  0.          0.         -0.2         0.13744794 -7.6117444 ]",2.0,5.412369262567279,[0.15323798 0.1564481  0.22408073 0.46623319],[0.18541246 0.20614463 0.56542672 0.04301619],30,128,478,0.23080254931079777,0,0
431,486,2024-09-14 19:42:32.835663104,TASK_BEGIN,3,-0.6378039942897894,0.2339559355622864,0.4916214104452093,-0.0602719745137888,-0.2745616227857028,0.041814031078763,3.398438943490043,-0.4512636680996463,0,2024-09-14 19:42:33.186326016,1726342953.186326,2024-09-14 19:42:33.186324951,13,"[-0.06830335  0.36876297 -0.02886854 -0.6334675  -0.21106651 -0.25880367
  0.          0.         -0.2         0.13169666 -6.911794  ]",2.0,5.737156954945516,[0.14973161 0.19221162 0.19518518 0.46287158],[0.15750284 0.40725538 0.42260715 0.01263462],30,128,478,0.23685980225632167,1,1
432,487,2024-09-14 19:42:32.903875072,TASK_BEGIN,3,-0.6567696408932904,0.2437222959132229,0.5579655291566179,-0.0645313918169391,-0.2814417095843327,0.0456191217085903,3.2372155393023645,-0.4238923869756383,0,2024-09-14 19:42:33.186326016,1726342953.186326,2024-09-14 19:42:33.186324951,13,"[-0.06830335  0.36876297 -0.02886854 -0.6334675  -0.21106651 -0.25880367
  0.          0.         -0.2         0.13169666 -6.911794  ]",2.0,5.737156954945516,[0.14973161 0.19221162 0.19518518 0.46287158],[0.15750284 0.40725538 0.42260715 0.01263462],30,128,478,0.23685980225632167,1,1
433,488,2024-09-14 19:42:32.971664128,TASK_BEGIN,3,-0.6772490591623844,0.2539923939221407,0.5953159001383247,-0.0623893204008112,-0.2877112334411533,0.0496571106477602,3.0876871199039653,-0.4038286569556695,0,2024-09-14 19:42:33.186326016,1726342953.186326,2024-09-14 19:42:33.186324951,13,"[-0.06830335  0.36876297 -0.02886854 -0.6334675  -0.21106651 -0.25880367
  0.          0.         -0.2         0.13169666 -6.911794  ]",2.0,5.737156954945516,[0.14973161 0.19221162 0.19518518 0.46287158],[0.15750284 0.40725538 0.42260715 0.01263462],30,128,478,0.23685980225632167,1,1
434,489,2024-09-14 19:42:33.039535104,TASK_BEGIN,3,-0.6986220818685571,0.2644578775823782,0.6029972122797406,-0.0545523348119822,-0.2935808941829287,0.0538145236289916,2.9544572878206217,-0.3917668139233992,0,2024-09-14 19:42:33.186326016,1726342953.186326,2024-09-14 19:42:33.186324951,13,"[-0.06830335  0.36876297 -0.02886854 -0.6334675  -0.21106651 -0.25880367
  0.          0.         -0.2         0.13169666 -6.911794  ]",2.0,5.737156954945516,[0.14973161 0.19221162 0.19518518 0.46287158],[0.15750284 0.40725538 0.42260715 0.01263462],30,128,478,0.23685980225632167,1,1
435,490,2024-09-14 19:42:33.978627072,TASK_BEGIN,3,-0.7202542930789033,0.274798794443566,0.581236857475372,-0.0419698612686049,-0.2993036133790171,0.0579677654602605,2.8410479592247277,-0.3879152411140837,0,2024-09-14 19:42:33.857443840,1726342953.8574438,2024-09-14 19:42:33.857443115,13,"[-0.03484098 -0.03926224  0.39214948 -1.0481973  -0.83329755 -0.4682382
  0.          0.         -0.2         0.16515902 -3.6475925 ]",3.0,-5.808810818944048,[0.11661144 0.31685936 0.11660253 0.44992667],[1.55286552e-04 9.99765876e-01 7.88281944e-05 9.56420724e-09],30,128,478,0.23497748597323356,1,1
436,491,2024-09-14 19:42:34.040698112,TASK_BEGIN,3,-0.7414817482193138,0.2846916408859007,0.5314046695656428,-0.0257843471780272,-0.3051820764459735,0.0619932403971002,2.7497967838123305,-0.3919649339702753,0,2024-09-14 19:42:33.857443840,1726342953.8574438,2024-09-14 19:42:33.857443115,13,"[-0.03484098 -0.03926224  0.39214948 -1.0481973  -0.83329755 -0.4682382
  0.          0.         -0.2         0.16515902 -3.6475925 ]",3.0,-5.808810818944048,[0.11661144 0.31685936 0.11660253 0.44992667],[1.55286552e-04 9.99765876e-01 7.88281944e-05 9.56420724e-09],30,128,478,0.23497748597323356,1,1
437,492,2024-09-14 19:42:34.104886016,TASK_BEGIN,3,-0.7616078218161175,0.2938253545112236,0.4562239602798254,-0.0072733998716827,-0.3115721002763303,0.0657797946737088,2.681875855507168,-0.4031068275570911,0,2024-09-14 19:42:33.857443840,1726342953.8574438,2024-09-14 19:42:33.857443115,13,"[-0.03484098 -0.03926224  0.39214948 -1.0481973  -0.83329755 -0.4682382
  0.          0.         -0.2         0.16515902 -3.6475925 ]",3.0,-5.808810818944048,[0.11661144 0.31685936 0.11660253 0.44992667],[1.55286552e-04 9.99765876e-01 7.88281944e-05 9.56420724e-09],30,128,478,0.23497748597323356,1,1
438,493,2024-09-14 19:42:34.186210048,TASK_BEGIN,3,-0.7799113711904918,0.3019246713020875,0.3597121914108754,0.0122407039362358,-0.3188420184070755,0.0692379735016952,2.6372957832971284,-0.4200744982460187,0,2024-09-14 19:42:33.857443840,1726342953.8574438,2024-09-14 19:42:33.857443115,13,"[-0.03484098 -0.03926224  0.39214948 -1.0481973  -0.83329755 -0.4682382
  0.          0.         -0.2         0.16515902 -3.6475925 ]",3.0,-5.808810818944048,[0.11661144 0.31685936 0.11660253 0.44992667],[1.55286552e-04 9.99765876e-01 7.88281944e-05 9.56420724e-09],30,128,478,0.23497748597323356,1,1
439,494,2024-09-14 19:42:34.242533888,TASK_BEGIN,3,-0.7956540310666057,0.3087707930720718,0.2468644751455787,0.0314940310066113,-0.3272845118121141,0.0723018214487481,2.614838823240437,-0.4412134918466419,0,2024-09-14 19:42:33.857443840,1726342953.8574438,2024-09-14 19:42:33.857443115,13,"[-0.03484098 -0.03926224  0.39214948 -1.0481973  -0.83329755 -0.4682382
  0.          0.         -0.2         0.16515902 -3.6475925 ]",3.0,-5.808810818944048,[0.11661144 0.31685936 0.11660253 0.44992667],[1.55286552e-04 9.99765876e-01 7.88281944e-05 9.56420724e-09],30,128,478,0.23497748597323356,1,1
440,495,2024-09-14 19:42:34.321874944,TASK_BEGIN,3,-0.8080957483594925,0.314210666933009,0.1231837668549084,0.0493708898618719,-0.3370220766223799,0.0749244351772892,2.612008383531298,-0.4645949709734566,0,2024-09-14 19:42:33.962457344,1726342953.9624574,2024-09-14 19:42:33.962457031,13,"[-0.0211695  -0.12716395  0.42926824 -1.207247   -0.9786843  -0.6234401
  0.          0.         -0.2         0.17883049 -2.9443789 ]",0.0,-5.7174852278846515,[0.11662071 0.31685861 0.11659389 0.44992679],[2.33754811e-04 9.99762520e-01 3.69607999e-06 2.94009892e-08],30,128,478,0.22428788466781763,1,1
441,496,2024-09-14 19:42:34.389694208,TASK_BEGIN,3,-0.8165445381913539,0.3181540235514309,-0.0058383563398923,0.0649757381780697,-0.3479489217455834,0.0770712699286773,2.625118331611441,-0.4881721834012626,0,2024-09-14 19:42:34.214506752,1726342954.2145069,2024-09-14 19:42:34.214505858,13,"[ 0.02786112 -0.36948228  0.7546988  -1.4327713  -1.4288974  -0.7599928
  0.          0.         -0.2         0.22786112 -1.0058323 ]",1.0,-5.656963499867695,[0.12304252 0.30744684 0.45139011 0.11812054],[4.16041025e-02 9.57376328e-01 2.39835198e-04 7.79734025e-04],30,128,478,0.20185906645092172,1,1
442,499,2024-09-14 19:42:35.468403968,TASK_BEGIN,3,-0.8133164102100977,0.3207503670807876,-0.3778789014023732,0.0935866635397654,-0.3835678767557085,0.0803635307953017,2.712086177684211,-0.5413499959962176,0,2024-09-14 19:42:35.816987136,1726342955.816987,2024-09-14 19:42:35.816987061,14,"[-1.1722246e-03  1.0040169e+00 -8.6919285e-02  2.2395009e-02
  3.4823595e-03  3.3050571e-02  0.0000000e+00  0.0000000e+00
  6.0000002e-01 -6.0117221e-01 -1.2306609e+01]",0.0,0.6207126264266947,[0.44749029 0.24706634 0.06639739 0.23904598],[0.44749029 0.24706634 0.06639739 0.23904598],30,778,479,0.15832096430784665,0,0
443,500,2024-09-14 19:42:35.536189952,TASK_BEGIN,3,-0.8021979747199696,0.3185534600870132,-0.4850681997884395,0.0972373246566315,-0.3942722980828855,0.0803013094872527,2.7407872898874293,-0.5486850319358185,0,2024-09-14 19:42:35.920005888,1726342955.9200058,2024-09-14 19:42:35.920005127,14,"[-4.10922384e-03  9.99767900e-01 -8.70286673e-02 -1.05619945e-01
  1.17341196e-02  3.29967476e-02  0.00000000e+00  0.00000000e+00
  6.00000024e-01 -6.04109228e-01 -1.22726173e+01]",0.0,-2.0718753674462675,[0.45715638 0.20727059 0.06648818 0.26908485],[0.45715638 0.20727059 0.06648818 0.26908485],30,778,479,0.20042423136615056,0,0
444,501,2024-09-14 19:42:35.590903040,TASK_BEGIN,3,-0.7862280974648801,0.3148441226394627,-0.580436725233783,0.0989554813019153,-0.4032623384551467,0.0796026938223402,2.763243619486967,-0.5499514135761905,0,2024-09-14 19:42:35.982978816,1726342955.9829788,2024-09-14 19:42:35.982978027,14,"[-5.8733621e-03  9.9241710e-01 -8.7093465e-02 -1.8244648e-01
  1.6679138e-02  3.2966994e-02  0.0000000e+00  0.0000000e+00
  6.0000002e-01 -6.0587335e-01 -1.2213811e+01]",0.0,-2.484737897768369,[0.47266588 0.15483927 0.0600627  0.31243214],[0.47266588 0.15483927 0.0600627  0.31243214],30,778,479,0.2601893589250771,0,0
445,502,2024-09-14 19:42:35.668155136,TASK_BEGIN,3,-0.7656470862891848,0.309630553077743,-0.6637512040041349,0.0998519138141857,-0.409964974474875,0.0782484692783782,2.77795461100993,-0.5456564950672858,0,2024-09-14 19:42:36.067026176,1726342956.0670261,2024-09-14 19:42:36.067026123,14,"[-8.2276659e-03  9.7701466e-01 -8.7178849e-02 -2.8488460e-01
  2.3265854e-02  3.2929480e-02  0.0000000e+00  0.0000000e+00
  6.0000002e-01 -6.0822767e-01 -1.2090591e+01]",0.0,-2.645807298762989,[0.48402959 0.10639373 0.04847962 0.36109706],[0.48402959 0.10639373 0.04847962 0.36109706],30,778,479,0.345375498494619,0,0
446,503,2024-09-14 19:42:35.730210048,TASK_BEGIN,3,-0.740718490832278,0.3029212125348531,-0.735790982651771,0.1011886564296989,-0.4139333291901115,0.0762387526471091,2.785098918996324,-0.5369244776031908,0,2024-09-14 19:42:36.129976064,1726342956.129976,2024-09-14 19:42:36.129975098,14,"[-9.9949045e-03  9.6126127e-01 -8.7242000e-02 -3.6171529e-01
  2.8201113e-02  3.2902144e-02  0.0000000e+00  0.0000000e+00
  6.0000002e-01 -6.0999489e-01 -1.1964564e+01]",0.0,-2.6914440861929023,[0.49178245 0.09625874 0.04138994 0.37056887],[0.49178245 0.09625874 0.04138994 0.37056887],30,778,479,0.3863158545709179,0,0
447,504,2024-09-14 19:42:36.651490048,TASK_BEGIN,3,-0.7117245134972441,0.2947343489375209,-0.7977871158086806,0.1041180694368647,-0.4148650996348996,0.073594397070156,2.7864694370516974,-0.5253249050374257,0,2024-09-14 19:42:36.255977216,1726342956.2559772,2024-09-14 19:42:36.255976807,14,"[ -0.01353351   0.91895115  -0.08736604  -0.5153819    0.03805974
   0.03285      0.           0.           0.6         -0.6135335
 -11.626083  ]",0.0,-2.7300288639491725,[0.44217225 0.08061591 0.068628   0.40858384],[0.44217225 0.08061591 0.068628   0.40858384],30,778,479,0.3477700905728393,0,0
448,505,2024-09-14 19:42:36.713954816,TASK_BEGIN,3,-0.6789959048690447,0.285113466071909,-0.8508070665981176,0.1094168669610938,-0.4126369661218405,0.0703598337165606,2.78534557166456,-0.5126957091567699,0,2024-09-14 19:42:36.318978560,1726342956.3189785,2024-09-14 19:42:36.318978027,14,"[-1.5157302e-02  8.9225006e-01 -7.4726552e-02 -5.9677577e-01
  4.0128715e-02  4.2732083e-03  0.0000000e+00  0.0000000e+00
  6.0000002e-01 -6.1515731e-01 -1.1412475e+01]",0.0,-2.5976479977612144,[0.42882484 0.08210908 0.10375681 0.38530926],[0.42882484 0.08210908 0.10375681 0.38530926],30,778,479,0.28899418384531556,0,0
449,506,2024-09-14 19:42:36.792620800,TASK_BEGIN,3,-0.6429585574879065,0.2741464769164462,-0.8953023649928865,0.1172974276319441,-0.4073454287602971,0.0666096808186795,2.7862234566392146,-0.5009849638782115,0,2024-09-14 19:42:36.403977984,1726342956.4039779,2024-09-14 19:42:36.403978027,14,"[ -0.01705933   0.8509556   -0.06043644  -0.69900346   0.03769017
  -0.02865904   0.           0.           0.6         -0.61705935
 -11.082119  ]",0.0,-2.4380246962167007,[0.39988127 0.08122098 0.17125747 0.34764029],[0.39988127 0.08122098 0.17125747 0.34764029],30,778,479,0.20008805113696493,0,0
450,507,2024-09-14 19:42:36.854463232,TASK_BEGIN,3,-0.6041768187082955,0.2619814153148201,-0.93082935319416,0.1273199446278994,-0.3993174872911046,0.062452077076109,2.794233728033425,-0.4920748783752575,0,2024-09-14 19:42:37.235806976,1726342957.235807,2024-09-14 19:42:37.235806885,14,"[-2.2602638e-02  3.9133716e-01  6.7165098e-03 -8.8841659e-01
 -5.2987404e-02 -4.1444235e-02  0.0000000e+00  0.0000000e+00
  6.0000002e-01 -6.2260264e-01 -7.4051719e+00]",0.0,-2.765456636063533,[0.47411468 0.08156944 0.23403147 0.21028441],[0.47411468 0.08156944 0.23403147 0.21028441],30,778,479,0.21597429137525773,0,0
451,508,2024-09-14 19:42:36.928301056,TASK_BEGIN,3,-0.5633685739198745,0.2488284324954481,-0.9559094389162348,0.1384091935339479,-0.3890848414315231,0.0580227564806494,2.814281095509874,-0.4875671958918877,0,2024-09-14 19:42:37.235806976,1726342957.235807,2024-09-14 19:42:37.235806885,14,"[-2.2602638e-02  3.9133716e-01  6.7165098e-03 -8.8841659e-01
 -5.2987404e-02 -4.1444235e-02  0.0000000e+00  0.0000000e+00
  6.0000002e-01 -6.2260264e-01 -7.4051719e+00]",0.0,-2.765456636063533,[0.47411468 0.08156944 0.23403147 0.21028441],[0.47411468 0.08156944 0.23403147 0.21028441],30,778,479,0.21597429137525773,0,0
452,509,2024-09-14 19:42:36.996104960,TASK_BEGIN,3,-0.5213781893404721,0.2349450742512571,-0.968106380327054,0.1489910198807929,-0.3773564243360843,0.0534747754298981,2.8501725667309,-0.4885708902574982,0,2024-09-14 19:42:37.235806976,1726342957.235807,2024-09-14 19:42:37.235806885,14,"[-2.2602638e-02  3.9133716e-01  6.7165098e-03 -8.8841659e-01
 -5.2987404e-02 -4.1444235e-02  0.0000000e+00  0.0000000e+00
  6.0000002e-01 -6.2260264e-01 -7.4051719e+00]",0.0,-2.765456636063533,[0.47411468 0.08156944 0.23403147 0.21028441],[0.47411468 0.08156944 0.23403147 0.21028441],30,778,479,0.21597429137525773,0,0
453,510,2024-09-14 19:42:37.063959040,TASK_BEGIN,3,-0.4791234670680068,0.2206130950557024,-0.9644061657785707,0.1572404401044474,-0.3650085351151946,0.0489707318754582,2.9039600608375697,-0.4955559396676769,0,2024-09-14 19:42:37.235806976,1726342957.235807,2024-09-14 19:42:37.235806885,14,"[-2.2602638e-02  3.9133716e-01  6.7165098e-03 -8.8841659e-01
 -5.2987404e-02 -4.1444235e-02  0.0000000e+00  0.0000000e+00
  6.0000002e-01 -6.2260264e-01 -7.4051719e+00]",0.0,-2.765456636063533,[0.47411468 0.08156944 0.23403147 0.21028441],[0.47411468 0.08156944 0.23403147 0.21028441],30,778,479,0.21597429137525773,0,0
454,511,2024-09-14 19:42:37.970298112,TASK_BEGIN,3,-0.4375483904651243,0.2061179217357061,-0.9418557321084776,0.1613860205096757,-0.3530614716207,0.0446747883041542,2.975547293848952,-0.5083102795568948,0,2024-09-14 19:42:37.748951296,1726342957.7489512,2024-09-14 19:42:37.748950928,14,"[-0.01732787  0.01934218  0.13977346 -0.8210634  -0.10744946 -0.02633145
  0.          0.          0.6        -0.61732787 -4.429212  ]",0.0,-2.5855851950353212,[0.53646873 0.04751343 0.15462769 0.26139015],[0.53646873 0.04751343 0.15462769 0.26139015],30,778,479,0.3982681846994679,0,0
455,512,2024-09-14 19:42:38.047529984,TASK_BEGIN,3,-0.3975912015492362,0.1917355377000545,-0.8983064017656812,0.1599989189599417,-0.3425992148648928,0.0407375352118935,3.06254817824141,-0.5260016357262063,0,2024-09-14 19:42:37.748951296,1726342957.7489512,2024-09-14 19:42:37.748950928,14,"[-0.01732787  0.01934218  0.13977346 -0.8210634  -0.10744946 -0.02633145
  0.          0.          0.6        -0.61732787 -4.429212  ]",0.0,-2.5855851950353212,[0.53646873 0.04751343 0.15462769 0.26139015],[0.53646873 0.04751343 0.15462769 0.26139015],30,778,479,0.3982681846994679,0,0
456,513,2024-09-14 19:42:38.109590016,TASK_BEGIN,3,-0.3601433012286684,0.1777226987799129,-0.8330533506852383,0.1522089951707639,-0.3346269250119658,0.0372732273993576,3.1604598020212165,-0.5473270419426184,0,2024-09-14 19:42:37.748951296,1726342957.7489512,2024-09-14 19:42:37.748950928,14,"[-0.01732787  0.01934218  0.13977346 -0.8210634  -0.10744946 -0.02633145
  0.          0.          0.6        -0.61732787 -4.429212  ]",0.0,-2.5855851950353212,[0.53646873 0.04751343 0.15462769 0.26139015],[0.53646873 0.04751343 0.15462769 0.26139015],30,778,479,0.3982681846994679,0,0
457,514,2024-09-14 19:42:38.186733824,TASK_BEGIN,3,-0.3259800233246017,0.1643035974811434,-0.7471907693382741,0.137808134579457,-0.3299079881853095,0.0343362270665536,3.2632592100126008,-0.5707255700262229,0,2024-09-14 19:42:37.916965120,1726342957.9169652,2024-09-14 19:42:37.916965088,14,"[-0.01005737 -0.08144301  0.14533266 -0.7481878  -0.12226303 -0.0423419
  0.          0.          0.6        -0.61005735 -3.6229303 ]",0.0,-2.6528142106676,[0.4941009  0.05686825 0.17238506 0.27664578],[0.4941009  0.05686825 0.17238506 0.27664578],30,778,479,0.3355485480359728,0,0
458,515,2024-09-14 19:42:38.249219072,TASK_BEGIN,3,-0.2956874589272072,0.1516540216135593,-0.6436379514309998,0.1172293244410457,-0.3288426905326681,0.0319053631069585,3.364378738391837,-0.5946138352154701,0,2024-09-14 19:42:37.916965120,1726342957.9169652,2024-09-14 19:42:37.916965088,14,"[-0.01005737 -0.08144301  0.14533266 -0.7481878  -0.12226303 -0.0423419
  0.          0.          0.6        -0.61005735 -3.6229303 ]",0.0,-2.6528142106676,[0.4941009  0.05686825 0.17238506 0.27664578],[0.4941009  0.05686825 0.17238506 0.27664578],30,778,479,0.3355485480359728,0,0
459,516,2024-09-14 19:42:38.322527744,TASK_BEGIN,3,-0.2696281624230606,0.1398931102605002,-0.5269052733454578,0.0914312584526904,-0.3314299801977499,0.0298835619195243,3.457775567689291,-0.6175890570051044,0,2024-09-14 19:42:37.980578048,1726342957.980578,2024-09-14 19:42:37.980576904,14,"[-0.00725063 -0.11609167  0.13476357 -0.73511606 -0.12964946 -0.05269356
  0.          0.          0.6        -0.60725063 -3.345741  ]",0.0,-2.71556492672579,[0.46556095 0.06169772 0.2250344  0.24770693],[0.46556095 0.06169772 0.2250344  0.24770693],30,778,479,0.2620310336717112,0,0
460,517,2024-09-14 19:42:38.390319104,TASK_BEGIN,3,-0.2479564658715953,0.1290892067421973,-0.4027028686483789,0.0617403005729569,-0.337311046356075,0.0281156127326813,3.5387761622852008,-0.6385636027813094,0,2024-09-14 19:42:38.085091584,1726342958.0850916,2024-09-14 19:42:38.085091064,14,"[-6.6693622e-04 -1.7088115e-01  2.2767995e-01 -6.7511576e-01
 -1.3948323e-01 -3.2033391e-02  0.0000000e+00  0.0000000e+00
  6.0000002e-01 -6.0066694e-01 -2.9074252e+00]",0.0,-2.4703492325808725,[0.39520257 0.06289087 0.19488268 0.34702388],[0.39520257 0.06289087 0.19488268 0.34702388],30,778,479,0.2557032002167256,0,0
461,518,2024-09-14 19:42:39.324444160,TASK_BEGIN,3,-0.230656735294966,0.1192742818540704,-0.27751137362836,0.0296922260497344,-0.3458650684968984,0.0264184901678569,3.604571732086486,-0.6568373045423779,0,2024-09-14 19:42:39.428253184,1726342959.4282532,2024-09-14 19:42:39.428252930,14,"[ 0.27375022 -0.51959217  0.7329143  -0.07289594  0.15872934 -0.01866117
  0.          1.          0.6        -0.32624978 -0.11773709]",0.0,2.4443108242717813,[0.73358306 0.19714618 0.02065482 0.04861595],[0.73358306 0.19714618 0.02065482 0.04861595],30,778,479,0.7361332443769626,0,0
462,519,2024-09-14 19:42:39.385992960,TASK_BEGIN,3,-0.2175770769780626,0.1104573426971031,-0.1581872289555535,-0.0031011167050261,-0.3563232052702558,0.0246135770236379,3.6544278119129614,-0.6721327885306014,0,2024-09-14 19:42:39.428253184,1726342959.4282532,2024-09-14 19:42:39.428252930,14,"[ 0.27375022 -0.51959217  0.7329143  -0.07289594  0.15872934 -0.01866117
  0.          1.          0.6        -0.32624978 -0.11773709]",0.0,2.4443108242717813,[0.73358306 0.19714618 0.02065482 0.04861595],[0.73358306 0.19714618 0.02065482 0.04861595],30,778,479,0.7361332443769626,0,0
463,520,2024-09-14 19:42:39.462689024,TASK_BEGIN,3,-0.2084534874527136,0.102634059277738,-0.0515441464964806,-0.0350509241368531,-0.3678762168816509,0.0225540604409586,3.689667562604184,-0.6845983659111812,0,2024-09-14 19:42:39.428253184,1726342959.4282532,2024-09-14 19:42:39.428252930,14,"[ 0.27375022 -0.51959217  0.7329143  -0.07289594  0.15872934 -0.01866117
  0.          1.          0.6        -0.32624978 -0.11773709]",0.0,2.4443108242717813,[0.73358306 0.19714618 0.02065482 0.04861595],[0.73358306 0.19714618 0.02065482 0.04861595],30,778,479,0.7361332443769626,0,0
464,521,2024-09-14 19:42:39.535334912,TASK_BEGIN,3,-0.2029320940334593,0.0957950944990181,0.0361898082425538,-0.0646682207010062,-0.3797663220940038,0.0201467779562695,3.713343094087671,-0.6947518899298729,0,2024-09-14 19:42:39.428253184,1726342959.4282532,2024-09-14 19:42:39.428252930,14,"[ 0.27375022 -0.51959217  0.7329143  -0.07289594  0.15872934 -0.01866117
  0.          1.          0.6        -0.32624978 -0.11773709]",0.0,2.4443108242717813,[0.73358306 0.19714618 0.02065482 0.04861595],[0.73358306 0.19714618 0.02065482 0.04861595],30,778,479,0.7361332443769626,0,0
465,522,2024-09-14 19:42:39.600527104,TASK_BEGIN,3,-0.2005966067563785,0.0899341151164647,0.1000131511896342,-0.0906462569805749,-0.3913656144549343,0.017369121425364,3.729481724010909,-0.7033381795018503,0,2024-09-14 19:42:39.428253184,1726342959.4282532,2024-09-14 19:42:39.428252930,14,"[ 0.27375022 -0.51959217  0.7329143  -0.07289594  0.15872934 -0.01866117
  0.          1.          0.6        -0.32624978 -0.11773709]",0.0,2.4443108242717813,[0.73358306 0.19714618 0.02065482 0.04861595],[0.73358306 0.19714618 0.02065482 0.04861595],30,778,479,0.7361332443769626,0,0
466,523,2024-09-14 19:42:39.662561024,TASK_BEGIN,3,-0.201005118058296,0.0850548342227267,0.1367633399182885,-0.1119694081581621,-0.4022418062245604,0.0142800091492046,3.7420420701993,-0.7111171878815379,0,2024-09-14 19:42:39.428253184,1726342959.4282532,2024-09-14 19:42:39.428252930,14,"[ 0.27375022 -0.51959217  0.7329143  -0.07289594  0.15872934 -0.01866117
  0.          1.          0.6        -0.32624978 -0.11773709]",0.0,2.4443108242717813,[0.73358306 0.19714618 0.02065482 0.04861595],[0.73358306 0.19714618 0.02065482 0.04861595],30,778,479,0.7361332443769626,0,0
467,524,2024-09-14 19:42:39.725046016,TASK_BEGIN,3,-0.2037285700309389,0.0811765041878258,0.1456267322153768,-0.1280419995023029,-0.4121987369405716,0.0110204046460083,3.7539769570295154,-0.718655651496201,0,2024-09-14 19:42:39.428253184,1726342959.4282532,2024-09-14 19:42:39.428252930,14,"[ 0.27375022 -0.51959217  0.7329143  -0.07289594  0.15872934 -0.01866117
  0.          1.          0.6        -0.32624978 -0.11773709]",0.0,2.4443108242717813,[0.73358306 0.19714618 0.02065482 0.04861595],[0.73358306 0.19714618 0.02065482 0.04861595],30,778,479,0.7361332443769626,0,0
468,525,2024-09-14 19:42:40.676907008,TASK_BEGIN,3,-0.2083750888823825,0.0783367612237275,0.1285053837572723,-0.138799141340205,-0.4212735535429026,0.0077968757359204,3.7667360584551295,-0.726205684317551,0,2024-09-14 19:42:40.708413952,1726342960.7084138,2024-09-14 19:42:40.708413086,14,"[ 3.8866648e-01 -5.3126615e-01  2.0686151e-02  4.1008432e-05
  5.2278358e-03 -9.8996425e-05  1.0000000e+00  1.0000000e+00
  6.0000002e-01 -2.1133353e-01 -2.4345195e-02]",3.0,-1.0125021779456296,[0.35844781 0.23907667 0.03568691 0.36678861],[0.35844781 0.23907667 0.03568691 0.36678861],30,778,479,0.16723494050474308,0,0
469,526,2024-09-14 19:42:40.738658048,TASK_BEGIN,3,-0.214600911634063,0.0765911834988383,0.0901078289348834,-0.144743386112568,-0.4296923725813381,0.0048503777073675,3.7802511098291327,-0.7337066249395342,0,2024-09-14 19:42:40.708413952,1726342960.7084138,2024-09-14 19:42:40.708413086,14,"[ 3.8866648e-01 -5.3126615e-01  2.0686151e-02  4.1008432e-05
  5.2278358e-03 -9.8996425e-05  1.0000000e+00  1.0000000e+00
  6.0000002e-01 -2.1133353e-01 -2.4345195e-02]",3.0,-1.0125021779456296,[0.35844781 0.23907667 0.03568691 0.36678861],[0.35844781 0.23907667 0.03568691 0.36678861],30,778,479,0.16723494050474308,0,0
470,527,2024-09-14 19:42:40.815876864,TASK_BEGIN,3,-0.222119659968808,0.0760094776461204,0.0375995270307426,-0.1468667053955075,-0.4378104401303008,0.0024253252997704,3.7932547037304274,-0.7408807990894747,0,2024-09-14 19:42:40.708413952,1726342960.7084138,2024-09-14 19:42:40.708413086,14,"[ 3.8866648e-01 -5.3126615e-01  2.0686151e-02  4.1008432e-05
  5.2278358e-03 -9.8996425e-05  1.0000000e+00  1.0000000e+00
  6.0000002e-01 -2.1133353e-01 -2.4345195e-02]",3.0,-1.0125021779456296,[0.35844781 0.23907667 0.03568691 0.36678861],[0.35844781 0.23907667 0.03568691 0.36678861],30,778,479,0.16723494050474308,0,0
471,528,2024-09-14 19:42:40.885592064,TASK_BEGIN,3,-0.2307058814779084,0.0766667833570676,-0.0202207457903827,-0.1464628378728161,-0.4460567655314313,0.0007513142041204,3.80375629598875,-0.7473550654312158,0,2024-09-14 19:42:40.708413952,1726342960.7084138,2024-09-14 19:42:40.708413086,14,"[ 3.8866648e-01 -5.3126615e-01  2.0686151e-02  4.1008432e-05
  5.2278358e-03 -9.8996425e-05  1.0000000e+00  1.0000000e+00
  6.0000002e-01 -2.1133353e-01 -2.4345195e-02]",3.0,-1.0125021779456296,[0.35844781 0.23907667 0.03568691 0.36678861],[0.35844781 0.23907667 0.03568691 0.36678861],30,778,479,0.16723494050474308,0,0
472,529,2024-09-14 19:42:40.953342976,TASK_BEGIN,3,-0.2401858769530214,0.0786287184221767,-0.0740872216621236,-0.1448757453336632,-0.4548812276476903,3.429612072458785e-05,3.809523950312705,-0.7527468884385256,0,2024-09-14 19:42:40.708413952,1726342960.7084138,2024-09-14 19:42:40.708413086,14,"[ 3.8866648e-01 -5.3126615e-01  2.0686151e-02  4.1008432e-05
  5.2278358e-03 -9.8996425e-05  1.0000000e+00  1.0000000e+00
  6.0000002e-01 -2.1133353e-01 -2.4345195e-02]",3.0,-1.0125021779456296,[0.35844781 0.23907667 0.03568691 0.36678861],[0.35844781 0.23907667 0.03568691 0.36678861],30,778,479,0.16723494050474308,0,0
473,530,2024-09-14 19:42:41.016304896,TASK_BEGIN,3,-0.2504340900666149,0.0819336281109718,-0.1155302332126759,-0.1432501366219959,-0.4647012438158725,0.0004468663189777,3.8084690494351903,-0.7566912739846241,0,2024-09-14 19:42:40.708413952,1726342960.7084138,2024-09-14 19:42:40.708413086,14,"[ 3.8866648e-01 -5.3126615e-01  2.0686151e-02  4.1008432e-05
  5.2278358e-03 -9.8996425e-05  1.0000000e+00  1.0000000e+00
  6.0000002e-01 -2.1133353e-01 -2.4345195e-02]",3.0,-1.0125021779456296,[0.35844781 0.23907667 0.03568691 0.36678861],[0.35844781 0.23907667 0.03568691 0.36678861],30,778,479,0.16723494050474308,0,0
474,531,2024-09-14 19:42:41.088943872,TASK_BEGIN,3,-0.261399256133683,0.0865796386806503,-0.1379596054154837,-0.1423454776048403,-0.4758575907714261,0.0021136185008473,3.798885478972581,-0.7588186240908473,0,2024-09-14 19:42:40.708413952,1726342960.7084138,2024-09-14 19:42:40.708413086,14,"[ 3.8866648e-01 -5.3126615e-01  2.0686151e-02  4.1008432e-05
  5.2278358e-03 -9.8996425e-05  1.0000000e+00  1.0000000e+00
  6.0000002e-01 -2.1133353e-01 -2.4345195e-02]",3.0,-1.0125021779456296,[0.35844781 0.23907667 0.03568691 0.36678861],[0.35844781 0.23907667 0.03568691 0.36678861],30,778,479,0.16723494050474308,0,0
475,532,2024-09-14 19:42:42.032176128,TASK_BEGIN,3,-0.2731483949094896,0.0925200506092576,-0.1373964964328924,-0.1424372211068827,-0.4885809608947833,0.0050955188645392,3.779540552702109,-0.7587110015832808,0,2024-09-14 19:42:42.242524160,1726342962.2425241,2024-09-14 19:42:42.242523926,14,"[ 3.9636579e-01 -5.3123188e-01  1.6648147e-02  3.3013213e-05
  4.9625994e-03 -7.9651698e-05  1.0000000e+00  1.0000000e+00
  6.0000002e-01 -2.0363420e-01 -2.4619376e-02]",3.0,-0.9480340303526538,[0.36027435 0.2348306  0.03586876 0.36902629],[0.36027435 0.2348306  0.03586876 0.36902629],30,778,479,0.16521822337852632,0,0
476,533,2024-09-14 19:42:42.085437952,TASK_BEGIN,3,-0.2858877804127551,0.0996631609976933,-0.1128556290743405,-0.1432891507147286,-0.5029534078437601,0.0093791325479859,3.749708941863324,-0.7558802699059761,0,2024-09-14 19:42:42.242524160,1726342962.2425241,2024-09-14 19:42:42.242523926,14,"[ 3.9636579e-01 -5.3123188e-01  1.6648147e-02  3.3013213e-05
  4.9625994e-03 -7.9651698e-05  1.0000000e+00  1.0000000e+00
  6.0000002e-01 -2.0363420e-01 -2.4619376e-02]",3.0,-0.9480340303526538,[0.36027435 0.2348306  0.03586876 0.36902629],[0.36027435 0.2348306  0.03586876 0.36902629],30,778,479,0.16521822337852632,0,0
477,534,2024-09-14 19:42:42.162642944,TASK_BEGIN,3,-0.2999371904972625,0.1078727315671477,-0.0664695113863148,-0.1441782437655553,-0.5188654256806716,0.0148751970298149,3.709301391887304,-0.7498150760852414,0,2024-09-14 19:42:42.242524160,1726342962.2425241,2024-09-14 19:42:42.242523926,14,"[ 3.9636579e-01 -5.3123188e-01  1.6648147e-02  3.3013213e-05
  4.9625994e-03 -7.9651698e-05  1.0000000e+00  1.0000000e+00
  6.0000002e-01 -2.0363420e-01 -2.4619376e-02]",3.0,-0.9480340303526538,[0.36027435 0.2348306  0.03586876 0.36902629],[0.36027435 0.2348306  0.03586876 0.36902629],30,778,479,0.16521822337852632,0,0
478,535,2024-09-14 19:42:42.223812864,TASK_BEGIN,3,-0.3156636634595933,0.1169707389225665,-0.0034034027882949,-0.1439715878780645,-0.5360042553784402,0.0214302187802459,3.6591309500875258,-0.7401068191556944,0,2024-09-14 19:42:42.242524160,1726342962.2425241,2024-09-14 19:42:42.242523926,14,"[ 3.9636579e-01 -5.3123188e-01  1.6648147e-02  3.3013213e-05
  4.9625994e-03 -7.9651698e-05  1.0000000e+00  1.0000000e+00
  6.0000002e-01 -2.0363420e-01 -2.4619376e-02]",3.0,-0.9480340303526538,[0.36027435 0.2348306  0.03586876 0.36902629],[0.36027435 0.2348306  0.03586876 0.36902629],30,778,479,0.16521822337852632,0,0
479,536,2024-09-14 19:42:42.301426944,TASK_BEGIN,3,-0.3333912380691941,0.1267453527597788,0.068469576290082,-0.1412588644398125,-0.5539087556348691,0.0288519252709394,3.601206072359565,-0.726608249990591,0,2024-09-14 19:42:42.242524160,1726342962.2425241,2024-09-14 19:42:42.242523926,14,"[ 3.9636579e-01 -5.3123188e-01  1.6648147e-02  3.3013213e-05
  4.9625994e-03 -7.9651698e-05  1.0000000e+00  1.0000000e+00
  6.0000002e-01 -2.0363420e-01 -2.4619376e-02]",3.0,-0.9480340303526538,[0.36027435 0.2348306  0.03586876 0.36902629],[0.36027435 0.2348306  0.03586876 0.36902629],30,778,479,0.16521822337852632,0,0
480,537,2024-09-14 19:42:42.371271936,TASK_BEGIN,3,-0.353309204814918,0.1369641299608927,0.1391826942626445,-0.1345298988201521,-0.5720927776225514,0.036944011733182,3.5389090293379994,-0.7095528202395012,0,2024-09-14 19:42:42.242524160,1726342962.2425241,2024-09-14 19:42:42.242523926,14,"[ 3.9636579e-01 -5.3123188e-01  1.6648147e-02  3.3013213e-05
  4.9625994e-03 -7.9651698e-05  1.0000000e+00  1.0000000e+00
  6.0000002e-01 -2.0363420e-01 -2.4619376e-02]",3.0,-0.9480340303526538,[0.36027435 0.2348306  0.03586876 0.36902629],[0.36027435 0.2348306  0.03586876 0.36902629],30,778,479,0.16521822337852632,0,0
481,538,2024-09-14 19:42:42.424523264,TASK_BEGIN,3,-0.3754015636227068,0.147388714722227,0.1975956751404289,-0.1223695502103833,-0.5902013358507823,0.0455413625188847,3.4769564004803657,-0.689582646082123,0,2024-09-14 19:42:42.242524160,1726342962.2425241,2024-09-14 19:42:42.242523926,14,"[ 3.9636579e-01 -5.3123188e-01  1.6648147e-02  3.3013213e-05
  4.9625994e-03 -7.9651698e-05  1.0000000e+00  1.0000000e+00
  6.0000002e-01 -2.0363420e-01 -2.4619376e-02]",3.0,-0.9480340303526538,[0.36027435 0.2348306  0.03586876 0.36902629],[0.36027435 0.2348306  0.03586876 0.36902629],30,778,479,0.16521822337852632,0,0
482,539,2024-09-14 19:42:43.382236160,TASK_BEGIN,3,-0.399398877428018,0.1577846184283814,0.23257254971705,-0.1036396706131091,-0.6081347620983412,0.0545347146516875,3.4210697987624155,-0.6676746320403215,0,2024-09-14 19:42:43.082338560,1726342963.0823386,2024-09-14 19:42:43.082338135,14,"[ 3.9997020e-01 -5.3121585e-01  1.5828772e-02  3.1385382e-05
  4.8384960e-03 -7.5736010e-05  1.0000000e+00  1.0000000e+00
  6.0000002e-01 -2.0002979e-01 -2.4747645e-02]",3.0,-0.9297969957507155,[0.36126321 0.23406552 0.03611128 0.36855998],[0.36126321 0.23406552 0.03611128 0.36855998],30,778,479,0.16352777643530653,0,0
483,540,2024-09-14 19:42:43.439300096,TASK_BEGIN,3,-0.4247442953064542,0.1679229150780906,0.2342632831230418,-0.0776347942204416,-0.6260787573245179,0.0638751050609288,3.377364944988253,-0.6449988166393491,0,2024-09-14 19:42:43.082338560,1726342963.0823386,2024-09-14 19:42:43.082338135,14,"[ 3.9997020e-01 -5.3121585e-01  1.5828772e-02  3.1385382e-05
  4.8384960e-03 -7.5736010e-05  1.0000000e+00  1.0000000e+00
  6.0000002e-01 -2.0002979e-01 -2.4747645e-02]",3.0,-0.9297969957507155,[0.36126321 0.23406552 0.03611128 0.36855998],[0.36126321 0.23406552 0.03611128 0.36855998],30,778,479,0.16352777643530653,0,0
484,541,2024-09-14 19:42:43.516419840,TASK_BEGIN,3,-0.4505918080252986,0.1775799693913126,0.1952481151280703,-0.0442055209641849,-0.6444288455223964,0.0735572334251099,3.3516086670345238,-0.6227715882432403,0,2024-09-14 19:42:43.184057600,1726342963.1840575,2024-09-14 19:42:43.184056885,14,"[ 4.0041652e-01 -5.3121388e-01  1.6832359e-02  3.3375138e-05
  4.8231934e-03 -8.0533471e-05  1.0000000e+00  1.0000000e+00
  6.0000002e-01 -1.9958347e-01 -2.4763620e-02]",3.0,-1.0030183423818733,[0.36128492 0.23431544 0.03618571 0.36821393],[0.36128492 0.23431544 0.03618571 0.36821393],30,778,479,0.16335007516622346,0,0
485,542,2024-09-14 19:42:43.578708992,TASK_BEGIN,3,-0.4758636534348541,0.1865438611951828,0.1113298414327633,-0.0038230730804275,-0.6636570344597491,0.0835916849760832,3.348530291157492,-0.6021431263422989,0,2024-09-14 19:42:43.184057600,1726342963.1840575,2024-09-14 19:42:43.184056885,14,"[ 4.0041652e-01 -5.3121388e-01  1.6832359e-02  3.3375138e-05
  4.8231934e-03 -8.0533471e-05  1.0000000e+00  1.0000000e+00
  6.0000002e-01 -1.9958347e-01 -2.4763620e-02]",3.0,-1.0030183423818733,[0.36128492 0.23431544 0.03618571 0.36821393],[0.36128492 0.23431544 0.03618571 0.36821393],30,778,479,0.16335007516622346,0,0
486,543,2024-09-14 19:42:43.639853056,TASK_BEGIN,3,-0.499353238087363,0.1946261060894743,-0.0181003835713155,0.0424452860560433,-0.6841797273047762,0.0939768306115672,3.371235005023165,-0.5840991737552822,0,2024-09-14 19:42:43.245770240,1726342963.2457702,2024-09-14 19:42:43.245770020,14,"[ 4.0062585e-01 -5.3121293e-01  1.3071506e-02  2.5920759e-05
  4.8159608e-03 -6.2539919e-05  1.0000000e+00  1.0000000e+00
  6.0000002e-01 -1.9937414e-01 -2.4771249e-02]",3.0,-0.7372429725350378,[0.36122581 0.2331075  0.03603544 0.36963125],[0.36122581 0.2331075  0.03603544 0.36963125],30,778,479,0.1631175054188673,0,0
487,544,2024-09-14 19:42:43.717499136,TASK_BEGIN,3,-0.5198285562565553,0.2016694808309383,-0.1900623407453804,0.0930422975939588,-0.7062569474734955,0.1046743536388385,3.4206742027167847,-0.5693503407332015,0,2024-09-14 19:42:43.585763328,1726342963.5857632,2024-09-14 19:42:43.585762939,14,"[ 4.01970863e-01 -5.31206906e-01  1.37188425e-02  2.72031812e-05
  4.76965308e-03 -6.56394259e-05  1.00000000e+00  1.00000000e+00
  6.00000024e-01 -1.98029131e-01 -2.48191711e-02]",3.0,-0.8163824135708728,[0.3615015  0.23281956 0.0361351  0.36954383],[0.3615015  0.23281956 0.0361351  0.36954383],30,778,479,0.16263647539399323,0,0
488,545,2024-09-14 19:42:43.778580736,TASK_BEGIN,3,-0.5361140835176433,0.2075481334683009,-0.3982607072917428,0.1460714800762861,-0.7299270315317584,0.1155893411166967,3.495246365371949,-0.5582427527114664,0,2024-09-14 19:42:43.585763328,1726342963.5857632,2024-09-14 19:42:43.585762939,14,"[ 4.01970863e-01 -5.31206906e-01  1.37188425e-02  2.72031812e-05
  4.76965308e-03 -6.56394259e-05  1.00000000e+00  1.00000000e+00
  6.00000024e-01 -1.98029131e-01 -2.48191711e-02]",3.0,-0.8163824135708728,[0.3615015  0.23281956 0.0361351  0.36954383],[0.3615015  0.23281956 0.0361351  0.36954383],30,778,479,0.16263647539399323,0,0
489,546,2024-09-14 19:42:44.708213248,TASK_BEGIN,3,-0.547167210240775,0.2121641496102203,-0.6335855383298722,0.1994620086065226,-0.7549668907360587,0.1265563753276482,3.590738262151473,-0.5507449265871028,0,2024-09-14 19:42:44.792752384,1726342964.7927525,2024-09-14 19:42:44.792751953,14,"[ 4.0648302e-01 -5.3118682e-01  1.4650598e-02  2.9045208e-05
  4.6137497e-03 -7.0098424e-05  1.0000000e+00  1.0000000e+00
  6.0000002e-01 -1.9351698e-01 -2.4979627e-02]",3.0,-1.1091480580631432,[0.36244367 0.2304131  0.03626579 0.37087745],[0.36244367 0.2304131  0.03626579 0.37087745],30,778,479,0.16164142640109946,0,0
490,547,2024-09-14 19:42:44.784978944,TASK_BEGIN,3,-0.552165165200316,0.2154445676612313,-0.8848117785952936,0.251126574886271,-0.780865617927654,0.1373316987222821,3.700702926943531,-0.5465003008051682,0,2024-09-14 19:42:44.792752384,1726342964.7927525,2024-09-14 19:42:44.792751953,14,"[ 4.0648302e-01 -5.3118682e-01  1.4650598e-02  2.9045208e-05
  4.6137497e-03 -7.0098424e-05  1.0000000e+00  1.0000000e+00
  6.0000002e-01 -1.9351698e-01 -2.4979627e-02]",3.0,-1.1091480580631432,[0.36244367 0.2304131  0.03626579 0.37087745],[0.36244367 0.2304131  0.03626579 0.37087745],30,778,479,0.16164142640109946,0,0
491,548,2024-09-14 19:42:44.855078912,TASK_BEGIN,3,-0.5505870986205519,0.2173386428407274,-1.1394389822227555,0.2990921522759254,-0.8068133693121785,0.1475914284021492,3.817122154712856,-0.544883043814622,0,2024-09-14 19:42:44.792752384,1726342964.7927525,2024-09-14 19:42:44.792751953,14,"[ 4.0648302e-01 -5.3118682e-01  1.4650598e-02  2.9045208e-05
  4.6137497e-03 -7.0098424e-05  1.0000000e+00  1.0000000e+00
  6.0000002e-01 -1.9351698e-01 -2.4979627e-02]",3.0,-1.1091480580631432,[0.36244367 0.2304131  0.03626579 0.37087745],[0.36244367 0.2304131  0.03626579 0.37087745],30,778,479,0.16164142640109946,0,0
492,549,2024-09-14 19:42:44.922610176,TASK_BEGIN,3,-0.5422624837368498,0.2178140257869064,-1.3845902957027554,0.3415936936493739,-0.8317197625967218,0.156939289963126,3.9311829055300898,-0.5450330353303792,0,2024-09-14 19:42:44.792752384,1726342964.7927525,2024-09-14 19:42:44.792751953,14,"[ 4.0648302e-01 -5.3118682e-01  1.4650598e-02  2.9045208e-05
  4.6137497e-03 -7.0098424e-05  1.0000000e+00  1.0000000e+00
  6.0000002e-01 -1.9351698e-01 -2.4979627e-02]",3.0,-1.1091480580631432,[0.36244367 0.2304131  0.03626579 0.37087745],[0.36244367 0.2304131  0.03626579 0.37087745],30,778,479,0.16164142640109946,0,0
493,550,2024-09-14 19:42:44.990204160,TASK_BEGIN,3,-0.5273800060219164,0.2168530727127807,-1.6079035605211769,0.377136565773165,-0.8542713544791581,0.1649284558007424,4.034176453657626,-0.5459089653826739,0,2024-09-14 19:42:44.792752384,1726342964.7927525,2024-09-14 19:42:44.792751953,14,"[ 4.0648302e-01 -5.3118682e-01  1.4650598e-02  2.9045208e-05
  4.6137497e-03 -7.0098424e-05  1.0000000e+00  1.0000000e+00
  6.0000002e-01 -1.9351698e-01 -2.4979627e-02]",3.0,-1.1091480580631432,[0.36244367 0.2304131  0.03626579 0.37087745],[0.36244367 0.2304131  0.03626579 0.37087745],30,778,479,0.16164142640109946,0,0
494,551,2024-09-14 19:42:45.057957888,TASK_BEGIN,3,-0.5064775142864368,0.2144532673625879,-1.7983142859621395,0.404532404451018,-0.8730261844328245,0.1710971950743665,4.118496913344607,-0.5463992624398412,0,2024-09-14 19:42:44.792752384,1726342964.7927525,2024-09-14 19:42:44.792751953,14,"[ 4.0648302e-01 -5.3118682e-01  1.4650598e-02  2.9045208e-05
  4.6137497e-03 -7.0098424e-05  1.0000000e+00  1.0000000e+00
  6.0000002e-01 -1.9351698e-01 -2.4979627e-02]",3.0,-1.1091480580631432,[0.36244367 0.2304131  0.03626579 0.37087745],[0.36244367 0.2304131  0.03626579 0.37087745],30,778,479,0.16164142640109946,0,0
495,552,2024-09-14 19:42:45.125731840,TASK_BEGIN,3,-0.4804279519144505,0.2106347345966324,-1.946573778470876,0.422902430378326,-0.8865298364797577,0.1750117393634352,4.178495006490734,-0.5454822267219267,0,2024-09-14 19:42:44.792752384,1726342964.7927525,2024-09-14 19:42:44.792751953,14,"[ 4.0648302e-01 -5.3118682e-01  1.4650598e-02  2.9045208e-05
  4.6137497e-03 -7.0098424e-05  1.0000000e+00  1.0000000e+00
  6.0000002e-01 -1.9351698e-01 -2.4979627e-02]",3.0,-1.1091480580631432,[0.36244367 0.2304131  0.03626579 0.37087745],[0.36244367 0.2304131  0.03626579 0.37087745],30,778,479,0.16164142640109946,0,0
496,553,2024-09-14 19:42:46.072346880,TASK_BEGIN,3,-0.4504085467461983,0.2054533332588182,-2.0454202876742054,0.4316512966329008,-0.8934262994800138,0.176307536403363,4.210966426791249,-0.5423901761506723,0,2024-09-14 19:42:45.892788736,1726342965.8927886,2024-09-14 19:42:45.892787842,14,"[ 4.1000780e-01 -5.3117114e-01  1.1407717e-02  2.2595965e-05
  4.4923774e-03 -5.4594839e-05  1.0000000e+00  1.0000000e+00
  6.0000002e-01 -1.8999220e-01 -2.5105273e-02]",3.0,-0.9923530208021936,[0.36369123 0.22776412 0.03639061 0.37215404],[0.36369123 0.22776412 0.03639061 0.37215404],30,778,479,0.16022102745446457,0,0
497,554,2024-09-14 19:42:46.150289152,TASK_BEGIN,3,-0.4178333428858541,0.1990146314275577,-2.089521114558701,0.4304382936874036,-0.8925466428837954,0.1747229710868971,4.215314255819074,-0.5367318359388084,0,2024-09-14 19:42:45.892788736,1726342965.8927886,2024-09-14 19:42:45.892787842,14,"[ 4.1000780e-01 -5.3117114e-01  1.1407717e-02  2.2595965e-05
  4.4923774e-03 -5.4594839e-05  1.0000000e+00  1.0000000e+00
  6.0000002e-01 -1.8999220e-01 -2.5105273e-02]",3.0,-0.9923530208021936,[0.36369123 0.22776412 0.03639061 0.37215404],[0.36369123 0.22776412 0.03639061 0.37215404],30,778,479,0.16022102745446457,0,0
498,555,2024-09-14 19:42:46.205518080,TASK_BEGIN,3,-0.384249496890342,0.1914844659341685,-2.0754482676701875,0.4191846673291223,-0.8829786130886638,0.170123021721207,4.19349243335871,-0.528548714823397,0,2024-09-14 19:42:45.892788736,1726342965.8927886,2024-09-14 19:42:45.892787842,14,"[ 4.1000780e-01 -5.3117114e-01  1.1407717e-02  2.2595965e-05
  4.4923774e-03 -5.4594839e-05  1.0000000e+00  1.0000000e+00
  6.0000002e-01 -1.8999220e-01 -2.5105273e-02]",3.0,-0.9923530208021936,[0.36369123 0.22776412 0.03639061 0.37215404],[0.36369123 0.22776412 0.03639061 0.37215404],30,778,479,0.16022102745446457,0,0
499,556,2024-09-14 19:42:46.282247936,TASK_BEGIN,3,-0.3512090069470653,0.1830922132315953,-2.001895184556242,0.3981400594381841,-0.8641229019528018,0.1625104253285572,4.149648833572463,-0.5182967582344188,0,2024-09-14 19:42:45.892788736,1726342965.8927886,2024-09-14 19:42:45.892787842,14,"[ 4.1000780e-01 -5.3117114e-01  1.1407717e-02  2.2595965e-05
  4.4923774e-03 -5.4594839e-05  1.0000000e+00  1.0000000e+00
  6.0000002e-01 -1.8999220e-01 -2.5105273e-02]",3.0,-0.9923530208021936,[0.36369123 0.22776412 0.03639061 0.37215404],[0.36369123 0.22776412 0.03639061 0.37215404],30,778,479,0.16022102745446457,0,0
500,557,2024-09-14 19:42:46.344288000,TASK_BEGIN,3,-0.3201274897478115,0.1741215253613916,-1.8700964132297644,0.3679827305106061,-0.8357413975238558,0.152023250726477,4.089349782597035,-0.5067498829710068,0,2024-09-14 19:42:46.233753344,1726342966.2337534,2024-09-14 19:42:46.233752930,14,"[ 4.1102806e-01 -5.3116655e-01  1.0355929e-02  2.0531936e-05
  4.4571264e-03 -4.9544033e-05  1.0000000e+00  1.0000000e+00
  6.0000002e-01 -1.8897194e-01 -2.5141751e-02]",3.0,-0.9124711112826012,[0.36406231 0.22731219 0.03646389 0.37216161],[0.36406231 0.22731219 0.03646389 0.37216161],30,778,479,0.15962226191319367,0,0
501,558,2024-09-14 19:42:46.421025024,TASK_BEGIN,3,-0.2921570663891621,0.1648861789987913,-1.6841832839202129,0.3298839882182186,-0.798010925775228,0.1389227368208246,4.018551561490968,-0.494844518693519,0,2024-09-14 19:42:46.233753344,1726342966.2337534,2024-09-14 19:42:46.233752930,14,"[ 4.1102806e-01 -5.3116655e-01  1.0355929e-02  2.0531936e-05
  4.4571264e-03 -4.9544033e-05  1.0000000e+00  1.0000000e+00
  6.0000002e-01 -1.8897194e-01 -2.5141751e-02]",3.0,-0.9124711112826012,[0.36406231 0.22731219 0.03646389 0.37216161],[0.36406231 0.22731219 0.03646389 0.37216161],30,778,479,0.15962226191319367,0,0
502,559,2024-09-14 19:42:46.489372928,TASK_BEGIN,3,-0.268107696914117,0.1556976279749047,-1.4512322793923442,0.2854829141316017,-0.751581255595058,0.1235762568108042,3.9427165818319,-0.4835151876392317,0,2024-09-14 19:42:46.233753344,1726342966.2337534,2024-09-14 19:42:46.233752930,14,"[ 4.1102806e-01 -5.3116655e-01  1.0355929e-02  2.0531936e-05
  4.4571264e-03 -4.9544033e-05  1.0000000e+00  1.0000000e+00
  6.0000002e-01 -1.8897194e-01 -2.5141751e-02]",3.0,-0.9124711112826012,[0.36406231 0.22731219 0.03646389 0.37216161],[0.36406231 0.22731219 0.03646389 0.37216161],30,778,479,0.15962226191319367,0,0
503,560,2024-09-14 19:42:47.398953984,TASK_BEGIN,3,-0.2484218460864672,0.1468357906633902,-1.1809855380765453,0.2367769753834504,-0.697602484077088,0.106434998443719,3.866310791535788,-0.473566653040663,0,2024-09-14 19:42:47.073785344,1726342967.0737853,2024-09-14 19:42:47.073785156,14,"[ 4.1294876e-01 -5.3115809e-01  1.1447828e-02  2.2693972e-05
  4.3912060e-03 -5.4766919e-05  1.0000000e+00  1.0000000e+00
  6.0000002e-01 -1.8705124e-01 -2.5209701e-02]",3.0,-0.9584853995931957,[0.36494345 0.22786236 0.03673554 0.37045864],[0.36494345 0.22786236 0.03673554 0.37045864],30,778,479,0.1585597558366635,0,0
504,561,2024-09-14 19:42:47.475353088,TASK_BEGIN,3,-0.2331826639294084,0.1385304714926963,-0.885351704398714,0.1859689127126726,-0.637687110945366,0.0880047098168178,3.7925797133194847,-0.4655976529212754,0,2024-09-14 19:42:47.573787648,1726342967.5737877,2024-09-14 19:42:47.573786865,14,"[ 4.1410431e-01 -5.3115296e-01  9.6448185e-03  1.9099531e-05
  4.3515572e-03 -4.6162419e-05  1.0000000e+00  1.0000000e+00
  6.0000002e-01 -1.8589570e-01 -2.5250709e-02]",3.0,-0.9413918330634223,[0.36517418 0.22596296 0.03668509 0.37217778],[0.36517418 0.22596296 0.03668509 0.37217778],30,778,479,0.15838954710971595,0,0
505,562,2024-09-14 19:42:47.537803008,TASK_BEGIN,3,-0.2221492238777818,0.1309544761554388,-0.577750646245742,0.1353053953501357,-0.5738065765741884,0.0688137932604167,3.723470881290515,-0.4599843376125257,0,2024-09-14 19:42:47.573787648,1726342967.5737877,2024-09-14 19:42:47.573786865,14,"[ 4.1410431e-01 -5.3115296e-01  9.6448185e-03  1.9099531e-05
  4.3515572e-03 -4.6162419e-05  1.0000000e+00  1.0000000e+00
  6.0000002e-01 -1.8589570e-01 -2.5250709e-02]",3.0,-0.9413918330634223,[0.36517418 0.22596296 0.03668509 0.37217778],[0.36517418 0.22596296 0.03668509 0.37217778],30,778,479,0.15838954710971595,0,0
506,563,2024-09-14 19:42:47.599852032,TASK_BEGIN,3,-0.2148242503407761,0.1242259408242694,-0.2723489889449709,0.0869391967903753,-0.5081454792750261,0.0493857764478197,3.659811297327231,-0.4569369315056158,0,2024-09-14 19:42:47.573787648,1726342967.5737877,2024-09-14 19:42:47.573786865,14,"[ 4.1410431e-01 -5.3115296e-01  9.6448185e-03  1.9099531e-05
  4.3515572e-03 -4.6162419e-05  1.0000000e+00  1.0000000e+00
  6.0000002e-01 -1.8589570e-01 -2.5250709e-02]",3.0,-0.9413918330634223,[0.36517418 0.22596296 0.03668509 0.37217778],[0.36517418 0.22596296 0.03668509 0.37217778],30,778,479,0.15838954710971595,0,0
507,564,2024-09-14 19:42:47.677539072,TASK_BEGIN,3,-0.2105415351777033,0.1184152097333908,0.0167279625666348,0.042844025957367,-0.4429464096680388,0.0302196529157145,3.6018299572400805,-0.4566120842332355,0,2024-09-14 19:42:47.573787648,1726342967.5737877,2024-09-14 19:42:47.573786865,14,"[ 4.1410431e-01 -5.3115296e-01  9.6448185e-03  1.9099531e-05
  4.3515572e-03 -4.6162419e-05  1.0000000e+00  1.0000000e+00
  6.0000002e-01 -1.8589570e-01 -2.5250709e-02]",3.0,-0.9413918330634223,[0.36517418 0.22596296 0.03668509 0.37217778],[0.36517418 0.22596296 0.03668509 0.37217778],30,778,479,0.15838954710971595,0,0
508,565,2024-09-14 19:42:47.739139840,TASK_BEGIN,3,-0.2085490280926613,0.1135512678942937,0.2761537484722766,0.0047743279980753,-0.3803837226008829,0.0117785913666703,3.5498319706103585,-0.4592297864135357,0,2024-09-14 19:42:47.573787648,1726342967.5737877,2024-09-14 19:42:47.573786865,14,"[ 4.1410431e-01 -5.3115296e-01  9.6448185e-03  1.9099531e-05
  4.3515572e-03 -4.6162419e-05  1.0000000e+00  1.0000000e+00
  6.0000002e-01 -1.8589570e-01 -2.5250709e-02]",3.0,-0.9413918330634223,[0.36517418 0.22596296 0.03668509 0.37217778],[0.36517418 0.22596296 0.03668509 0.37217778],30,778,479,0.15838954710971595,0,0
509,566,2024-09-14 19:42:47.814376960,TASK_BEGIN,3,-0.2080857398624319,0.1096270466798425,0.4941168238167721,-0.0257780569731457,-0.3224830787392457,-0.0055143128573647,3.5047604147241715,-0.4651614816039322,0,2024-09-14 19:42:47.573787648,1726342967.5737877,2024-09-14 19:42:47.573786865,14,"[ 4.1410431e-01 -5.3115296e-01  9.6448185e-03  1.9099531e-05
  4.3515572e-03 -4.6162419e-05  1.0000000e+00  1.0000000e+00
  6.0000002e-01 -1.8589570e-01 -2.5250709e-02]",3.0,-0.9413918330634223,[0.36517418 0.22596296 0.03668509 0.37217778],[0.36517418 0.22596296 0.03668509 0.37217778],30,778,479,0.15838954710971595,0,0
510,567,2024-09-14 19:42:48.747908096,TASK_BEGIN,3,-0.2084670991731473,0.1066072137011001,0.6609764788039187,-0.047664839485972,-0.271064323247922,-0.021277928805374,3.4685205115486304,-0.4749742865287699,0,2024-09-14 19:42:48.621210880,1726342968.6212108,2024-09-14 19:42:48.621209961,14,"[ 4.1641808e-01 -5.3114271e-01  1.1971313e-02  2.3729175e-05
  4.2719608e-03 -5.7277291e-05  1.0000000e+00  1.0000000e+00
  6.0000002e-01 -1.8358192e-01 -2.5332725e-02]",3.0,-1.088170507979202,[0.36615075 0.22656897 0.03707904 0.37020123],[0.36615075 0.22656897 0.03707904 0.37020123],30,778,479,0.1572529091344578,0,0
511,568,2024-09-14 19:42:48.810252032,TASK_BEGIN,3,-0.2091740537790036,0.1044396229719712,0.7698298746914247,-0.0601846135372659,-0.2276757873934446,-0.0351781103514151,3.4439980346732484,-0.4893955086753084,0,2024-09-14 19:42:48.621210880,1726342968.6212108,2024-09-14 19:42:48.621209961,14,"[ 4.1641808e-01 -5.3114271e-01  1.1971313e-02  2.3729175e-05
  4.2719608e-03 -5.7277291e-05  1.0000000e+00  1.0000000e+00
  6.0000002e-01 -1.8358192e-01 -2.5332725e-02]",3.0,-1.088170507979202,[0.36615075 0.22656897 0.03707904 0.37020123],[0.36615075 0.22656897 0.03707904 0.37020123],30,778,479,0.1572529091344578,0,0
512,569,2024-09-14 19:42:48.887939840,TASK_BEGIN,3,-0.2099193612615612,0.1030669122002926,0.8169581489165072,-0.0631644102446262,-0.1935141600363111,-0.0469363135102461,3.434727975007025,-0.5091703826665609,0,2024-09-14 19:42:48.621210880,1726342968.6212108,2024-09-14 19:42:48.621209961,14,"[ 4.1641808e-01 -5.3114271e-01  1.1971313e-02  2.3729175e-05
  4.2719608e-03 -5.7277291e-05  1.0000000e+00  1.0000000e+00
  6.0000002e-01 -1.8358192e-01 -2.5332725e-02]",3.0,-1.088170507979202,[0.36615075 0.22656897 0.03707904 0.37020123],[0.36615075 0.22656897 0.03707904 0.37020123],30,778,479,0.1572529091344578,0,0
513,570,2024-09-14 19:42:48.949515264,TASK_BEGIN,3,-0.21066938774232,0.1024341602840005,0.8021094739653435,-0.0569844392143142,-0.1693484960282892,-0.0563378191438047,3.444248875168536,-0.534850642551937,0,2024-09-14 19:42:48.621210880,1726342968.6212108,2024-09-14 19:42:48.621209961,14,"[ 4.1641808e-01 -5.3114271e-01  1.1971313e-02  2.3729175e-05
  4.2719608e-03 -5.7277291e-05  1.0000000e+00  1.0000000e+00
  6.0000002e-01 -1.8358192e-01 -2.5332725e-02]",3.0,-1.088170507979202,[0.36615075 0.22656897 0.03707904 0.37020123],[0.36615075 0.22656897 0.03707904 0.37020123],30,778,479,0.1572529091344578,0,0
514,571,2024-09-14 19:42:49.027622144,TASK_BEGIN,3,-0.2116176458994922,0.1024907574505191,0.7285509904624684,-0.0425349686999209,-0.1554690427176593,-0.0632380595792498,3.4752286419240552,-0.5665895039150395,0,2024-09-14 19:42:48.685212928,1726342968.6852129,2024-09-14 19:42:48.685212158,14,"[ 4.1654778e-01 -5.3114212e-01  1.1332498e-02  2.2463219e-05
  4.2674667e-03 -5.4217300e-05  1.0000000e+00  1.0000000e+00
  6.0000002e-01 -1.8345222e-01 -2.5337493e-02]",3.0,-1.0500440665272015,[0.36611238 0.2263172  0.03703784 0.37053258],[0.36611238 0.2263172  0.03703784 0.37053258],30,778,479,0.15722021773664357,0,0
515,572,2024-09-14 19:42:49.088643072,TASK_BEGIN,3,-0.2131194581478331,0.1031871914613092,0.6028429283285283,-0.0211198792832018,-0.1516703146079602,-0.0675690837766752,3.528524275260552,-0.603997533752729,0,2024-09-14 19:42:48.915213568,1726342968.9152136,2024-09-14 19:42:48.915213135,14,"[ 4.1696945e-01 -5.3114021e-01  9.5711872e-03  1.8972127e-05
  4.2535756e-03 -4.5795496e-05  1.0000000e+00  1.0000000e+00
  6.0000002e-01 -1.8303055e-01 -2.5352513e-02]",3.0,-0.961156035513705,[0.36649961 0.22520204 0.03700297 0.37129539],[0.36649961 0.22520204 0.03700297 0.37129539],30,778,479,0.15702506523251142,0,0
516,573,2024-09-14 19:42:49.164423168,TASK_BEGIN,3,-0.2155984403812409,0.1044681940019539,0.4343950293600197,0.0056548668303045,-0.1572716886247274,-0.0693448876205929,3.602496437063605,-0.6460934400354962,0,2024-09-14 19:42:48.915213568,1726342968.9152136,2024-09-14 19:42:48.915213135,14,"[ 4.1696945e-01 -5.3114021e-01  9.5711872e-03  1.8972127e-05
  4.2535756e-03 -4.5795496e-05  1.0000000e+00  1.0000000e+00
  6.0000002e-01 -1.8303055e-01 -2.5352513e-02]",3.0,-0.961156035513705,[0.36649961 0.22520204 0.03700297 0.37129539],[0.36649961 0.22520204 0.03700297 0.37129539],30,778,479,0.15702506523251142,0,0
517,574,2024-09-14 19:42:50.082639872,TASK_BEGIN,3,-0.2194313516055541,0.106262852965522,0.2348736798247767,0.035980223107319,-0.1711787189787349,-0.0686613567705115,3.6928768176221367,-0.6913696470527039,0,2024-09-14 19:42:50.235546880,1726342970.2355468,2024-09-14 19:42:50.235546143,14,"[ 4.1919026e-01 -5.3113031e-01  1.0851497e-02  2.1507742e-05
  4.1800695e-03 -5.1916817e-05  1.0000000e+00  1.0000000e+00
  6.0000002e-01 -1.8080975e-01 -2.5431668e-02]",3.0,-1.0850889612777002,[0.36722417 0.2249717  0.03726187 0.37054227],[0.36722417 0.2249717  0.03726187 0.37054227],30,778,479,0.1561489985209364,0,0
518,575,2024-09-14 19:42:50.150512896,TASK_BEGIN,3,-0.2248256898262894,0.1084738824911033,0.0173992683284911,0.0679454400309004,-0.1919789214821651,-0.065692645231012,3.7931779297765673,-0.7379516218847372,0,2024-09-14 19:42:50.235546880,1726342970.2355468,2024-09-14 19:42:50.235546143,14,"[ 4.1919026e-01 -5.3113031e-01  1.0851497e-02  2.1507742e-05
  4.1800695e-03 -5.1916817e-05  1.0000000e+00  1.0000000e+00
  6.0000002e-01 -1.8080975e-01 -2.5431668e-02]",3.0,-1.0850889612777002,[0.36722417 0.2249717  0.03726187 0.37054227],[0.36722417 0.2249717  0.03726187 0.37054227],30,778,479,0.1561489985209364,0,0
519,576,2024-09-14 19:42:50.218249984,TASK_BEGIN,3,-0.2317238922848051,0.1109718818993672,-0.2045305968686219,0.0996705652190613,-0.2180544303131107,-0.0606902589740515,3.895437758115252,-0.783802803758192,0,2024-09-14 19:42:50.235546880,1726342970.2355468,2024-09-14 19:42:50.235546143,14,"[ 4.1919026e-01 -5.3113031e-01  1.0851497e-02  2.1507742e-05
  4.1800695e-03 -5.1916817e-05  1.0000000e+00  1.0000000e+00
  6.0000002e-01 -1.8080975e-01 -2.5431668e-02]",3.0,-1.0850889612777002,[0.36722417 0.2249717  0.03726187 0.37054227],[0.36722417 0.2249717  0.03726187 0.37054227],30,778,479,0.1561489985209364,0,0
520,577,2024-09-14 19:42:50.286041088,TASK_BEGIN,3,-0.2397723977114121,0.113600784759167,-0.4182683856533437,0.1294701451526234,-0.2476970331911801,-0.0539832940202178,3.991201021925353,-0.8269482664367359,0,2024-09-14 19:42:50.235546880,1726342970.2355468,2024-09-14 19:42:50.235546143,14,"[ 4.1919026e-01 -5.3113031e-01  1.0851497e-02  2.1507742e-05
  4.1800695e-03 -5.1916817e-05  1.0000000e+00  1.0000000e+00
  6.0000002e-01 -1.8080975e-01 -2.5431668e-02]",3.0,-1.0850889612777002,[0.36722417 0.2249717  0.03726187 0.37054227],[0.36722417 0.2249717  0.03726187 0.37054227],30,778,479,0.1561489985209364,0,0
521,578,2024-09-14 19:42:50.341535232,TASK_BEGIN,3,-0.2483659039670903,0.1161957197645743,-0.6131023048468296,0.1560124323532019,-0.279216904774758,-0.0459702935901846,4.07270027174314,-0.8657071954509707,0,2024-09-14 19:42:50.235546880,1726342970.2355468,2024-09-14 19:42:50.235546143,14,"[ 4.1919026e-01 -5.3113031e-01  1.0851497e-02  2.1507742e-05
  4.1800695e-03 -5.1916817e-05  1.0000000e+00  1.0000000e+00
  6.0000002e-01 -1.8080975e-01 -2.5431668e-02]",3.0,-1.0850889612777002,[0.36722417 0.2249717  0.03726187 0.37054227],[0.36722417 0.2249717  0.03726187 0.37054227],30,778,479,0.1561489985209364,0,0
522,579,2024-09-14 19:42:50.421665024,TASK_BEGIN,3,-0.2567437898019598,0.1186084348175122,-0.7809490869316601,0.1784237512297222,-0.3110348810303277,-0.0370986902936943,4.133990218667761,-0.8988920646963808,0,2024-09-14 19:42:50.235546880,1726342970.2355468,2024-09-14 19:42:50.235546143,14,"[ 4.1919026e-01 -5.3113031e-01  1.0851497e-02  2.1507742e-05
  4.1800695e-03 -5.1916817e-05  1.0000000e+00  1.0000000e+00
  6.0000002e-01 -1.8080975e-01 -2.5431668e-02]",3.0,-1.0850889612777002,[0.36722417 0.2249717  0.03726187 0.37054227],[0.36722417 0.2249717  0.03726187 0.37054227],30,778,479,0.1561489985209364,0,0
523,580,2024-09-14 19:42:50.481086976,TASK_BEGIN,3,-0.2641102838455542,0.120733205478071,-0.916616224328984,0.1963125883801873,-0.3417485521513,-0.0278388567485936,4.171627783352761,-0.9259029984187446,0,2024-09-14 19:42:50.235546880,1726342970.2355468,2024-09-14 19:42:50.235546143,14,"[ 4.1919026e-01 -5.3113031e-01  1.0851497e-02  2.1507742e-05
  4.1800695e-03 -5.1916817e-05  1.0000000e+00  1.0000000e+00
  6.0000002e-01 -1.8080975e-01 -2.5431668e-02]",3.0,-1.0850889612777002,[0.36722417 0.2249717  0.03726187 0.37054227],[0.36722417 0.2249717  0.03726187 0.37054227],30,778,479,0.1561489985209364,0,0
524,581,2024-09-14 19:42:51.419586048,TASK_BEGIN,3,-0.2697584915784041,0.1225264423524783,-1.017736529243404,0.2097274749071594,-0.3701698123256617,-0.0186608763357507,4.184723796366359,-0.946692201347696,0,2024-09-14 19:42:51.032599808,1726342971.0325997,2024-09-14 19:42:51.032598877,14,"[ 4.2024437e-01 -5.3112566e-01  1.0856429e-02  2.1518093e-05
  4.1479231e-03 -5.1937841e-05  1.0000000e+00  1.0000000e+00
  6.0000002e-01 -1.7975563e-01 -2.5469100e-02]",3.0,-1.0885385204788867,[0.36768614 0.2250297  0.03738368 0.36990049],[0.36768614 0.2250297  0.03738368 0.36990049],30,778,479,0.15553612879184625,0,0
525,582,2024-09-14 19:42:51.496777216,TASK_BEGIN,3,-0.273180499206032,0.1240143874079746,-1.0844802691252076,0.2190724040817882,-0.395339437437329,-0.0100142628713901,4.174590896089577,-0.9616503581542049,0,2024-09-14 19:42:51.305628416,1726342971.3056283,2024-09-14 19:42:51.305627930,14,"[ 4.2060837e-01 -5.3112400e-01  9.2515778e-03  1.8337976e-05
  4.1368091e-03 -4.4261149e-05  1.0000000e+00  1.0000000e+00
  6.0000002e-01 -1.7939164e-01 -2.5482213e-02]",3.0,-0.92645647103676,[0.36775506 0.22484704 0.03742807 0.36996983],[0.36775506 0.22484704 0.03742807 0.36996983],30,778,479,0.15499100053336884,0,0
526,583,2024-09-14 19:42:51.568387840,TASK_BEGIN,3,-0.2741523720074784,0.1252882510671143,-1.1191481131839411,0.2249934002246935,-0.4165262627481602,-0.0023067887640545,4.144293859310406,-0.971474140144854,0,2024-09-14 19:42:51.305628416,1726342971.3056283,2024-09-14 19:42:51.305627930,14,"[ 4.2060837e-01 -5.3112400e-01  9.2515778e-03  1.8337976e-05
  4.1368091e-03 -4.4261149e-05  1.0000000e+00  1.0000000e+00
  6.0000002e-01 -1.7939164e-01 -2.5482213e-02]",3.0,-0.92645647103676,[0.36775506 0.22484704 0.03742807 0.36996983],[0.36775506 0.22484704 0.03742807 0.36996983],30,778,479,0.15499100053336884,0,0
527,584,2024-09-14 19:42:51.636178944,TASK_BEGIN,3,-0.2727895603214369,0.1264916344378524,-1.1257056304854829,0.2282477617171101,-0.4332184942832628,0.0041189549977795,4.09820124123846,-0.9770319283954436,0,2024-09-14 19:42:51.305628416,1726342971.3056283,2024-09-14 19:42:51.305627930,14,"[ 4.2060837e-01 -5.3112400e-01  9.2515778e-03  1.8337976e-05
  4.1368091e-03 -4.4261149e-05  1.0000000e+00  1.0000000e+00
  6.0000002e-01 -1.7939164e-01 -2.5482213e-02]",3.0,-0.92645647103676,[0.36775506 0.22484704 0.03742807 0.36996983],[0.36775506 0.22484704 0.03742807 0.36996983],30,778,479,0.15499100053336884,0,0
528,585,2024-09-14 19:42:51.703974912,TASK_BEGIN,3,-0.2695615222206941,0.1278038218794527,-1.109222073535741,0.2295692200973218,-0.4451142790597766,0.0090084173970134,4.041536983245617,-0.9792302242990002,0,2024-09-14 19:42:51.305628416,1726342971.3056283,2024-09-14 19:42:51.305627930,14,"[ 4.2060837e-01 -5.3112400e-01  9.2515778e-03  1.8337976e-05
  4.1368091e-03 -4.4261149e-05  1.0000000e+00  1.0000000e+00
  6.0000002e-01 -1.7939164e-01 -2.5482213e-02]",3.0,-0.92645647103676,[0.36775506 0.22484704 0.03742807 0.36996983],[0.36775506 0.22484704 0.03742807 0.36996983],30,778,479,0.15499100053336884,0,0
529,586,2024-09-14 19:42:51.759282944,TASK_BEGIN,3,-0.2652536345661271,0.1294186831942742,-1.0751959383460228,0.229542777079875,-0.4521142503338469,0.0122103353724425,3.9799665493695895,-0.9788894335554258,0,2024-09-14 19:42:51.389593856,1726342971.3895938,2024-09-14 19:42:51.389593018,14,"[ 4.2063299e-01 -5.3112388e-01 -4.5562533e-06 -2.5112895e-08
  4.1377698e-03  8.9703110e-07  1.0000000e+00  1.0000000e+00
  6.0000002e-01 -1.7936701e-01 -2.5483167e-02]",0.0,0.01031313228106967,[0.36798925 0.22476376 0.03741421 0.36983279],[0.36798925 0.22476376 0.03741421 0.36983279],30,778,479,0.15270174973855194,0,0
530,587,2024-09-14 19:42:51.836105984,TASK_BEGIN,3,-0.2608793085694281,0.1315212210419611,-1.0288832356497266,0.2285080132982618,-0.4543160086700624,0.0136782383886226,3.919195356163645,-0.9766402567589476,0,2024-09-14 19:42:51.781612800,1726342971.7816129,2024-09-14 19:42:51.781611816,14,"[ 4.2063299e-01 -5.3112388e-01 -1.8724339e-08 -1.0799590e-09
  4.1380804e-03  3.4948911e-08  1.0000000e+00  1.0000000e+00
  6.0000002e-01 -1.7936701e-01 -2.5483167e-02]",0.0,-2.6897948544046812e-06,[0.3678928  0.22492954 0.03744181 0.36973585],[0.3678928  0.22492954 0.03744181 0.36973585],30,778,479,0.1526032951496249,0,0
531,592,2024-09-14 19:42:53.049225984,TASK_BEGIN,3,-0.2732677877618901,0.1535258257591227,-0.744684179365766,0.2048951671082527,-0.4077493880062817,-0.0012313811289586,3.7703693244492698,-0.9427191872878616,0,2024-09-14 19:42:53.445229056,1726342973.445229,2024-09-14 19:42:53.445228027,15,"[-1.7375946e-03  1.0011141e+00 -6.4413413e-02 -6.7246109e-02
  5.0432836e-03  2.4463827e-02  0.0000000e+00  0.0000000e+00
  0.0000000e+00 -1.7375946e-03 -1.0071583e+01]",0.0,-1.8096236696457968,[0.4294958  0.2175898  0.07932956 0.27358483],[0.4294958  0.2175898  0.07932956 0.27358483],30,208,480,0.1192526905820082,0,0
532,593,2024-09-14 19:42:53.111712000,TASK_BEGIN,3,-0.2866983254012372,0.1605008376946119,-0.6948888875123248,0.1958355075773573,-0.3906955915293295,-0.0073618330488479,3.781379645773007,-0.9311046442936532,0,2024-09-14 19:42:53.445229056,1726342973.445229,2024-09-14 19:42:53.445228027,15,"[-1.7375946e-03  1.0011141e+00 -6.4413413e-02 -6.7246109e-02
  5.0432836e-03  2.4463827e-02  0.0000000e+00  0.0000000e+00
  0.0000000e+00 -1.7375946e-03 -1.0071583e+01]",0.0,-1.8096236696457968,[0.4294958  0.2175898  0.07932956 0.27358483],[0.4294958  0.2175898  0.07932956 0.27358483],30,208,480,0.1192526905820082,0,0
533,594,2024-09-14 19:42:53.189878784,TASK_BEGIN,3,-0.3036644766161598,0.168230613169674,-0.6514277271596036,0.1861252268134983,-0.3723079048206459,-0.0140533908997109,3.803405072843749,-0.918074502113594,0,2024-09-14 19:42:53.445229056,1726342973.445229,2024-09-14 19:42:53.445228027,15,"[-1.7375946e-03  1.0011141e+00 -6.4413413e-02 -6.7246109e-02
  5.0432836e-03  2.4463827e-02  0.0000000e+00  0.0000000e+00
  0.0000000e+00 -1.7375946e-03 -1.0071583e+01]",0.0,-1.8096236696457968,[0.4294958  0.2175898  0.07932956 0.27358483],[0.4294958  0.2175898  0.07932956 0.27358483],30,208,480,0.1192526905820082,0,0
534,595,2024-09-14 19:42:54.121645056,TASK_BEGIN,3,-0.323506570796411,0.1765911066671232,-0.6155278841408885,0.1766143482732203,-0.3531123528933802,-0.0210936873855689,3.833614086781449,-0.9039187899437892,0,2024-09-14 19:42:53.738223872,1726342973.7382238,2024-09-14 19:42:53.738223145,15,"[-7.8386469e-03  9.4439304e-01 -6.4635426e-02 -4.2577052e-01
  2.2124814e-02  2.4365829e-02  0.0000000e+00  0.0000000e+00
  0.0000000e+00 -7.8386469e-03 -9.6178141e+00]",0.0,-2.6958543934471493,[0.39304996 0.14430515 0.14116574 0.32147915],[0.39304996 0.14430515 0.14116574 0.32147915],30,208,480,0.08446025457195597,0,0
535,596,2024-09-14 19:42:54.199314176,TASK_BEGIN,3,-0.3453538580627102,0.1854313115502497,-0.5882599360379618,0.1682253612002145,-0.33363613437346,-0.0282614731725829,3.868439941763555,-0.8888843566015792,0,2024-09-14 19:42:53.947399680,1726342973.9473996,2024-09-14 19:42:53.947399170,15,"[-0.01173735  0.86138225 -0.06929906 -0.52024347  0.02004449 -0.0215594
  0.          0.          0.         -0.01173735 -8.953728  ]",2.0,6.783629807842165,[0.28682241 0.12198127 0.34580234 0.24539398],[0.28682241 0.12198127 0.34580234 0.24539398],30,208,480,0.075085223635221,0,0
536,597,2024-09-14 19:42:54.260845056,TASK_BEGIN,3,-0.368210302699425,0.1945938633930202,-0.5706211648534318,0.161801197106531,-0.3143912520340028,-0.0353145869570341,3.903485008176119,-0.8730661772433067,0,2024-09-14 19:42:53.947399680,1726342973.9473996,2024-09-14 19:42:53.947399170,15,"[-0.01173735  0.86138225 -0.06929906 -0.52024347  0.02004449 -0.0215594
  0.          0.          0.         -0.01173735 -8.953728  ]",2.0,6.783629807842165,[0.28682241 0.12198127 0.34580234 0.24539398],[0.28682241 0.12198127 0.34580234 0.24539398],30,208,480,0.075085223635221,0,0
537,598,2024-09-14 19:42:54.323329792,TASK_BEGIN,3,-0.3910643242947907,0.203939902909125,-0.5637132445151377,0.1579938853752,-0.2958458189513754,-0.0419838603943027,3.93353120781748,-0.8563452369498467,0,2024-09-14 19:42:54.681653504,1726342974.6816535,2024-09-14 19:42:54.681653076,15,"[-0.04218634  0.5745052  -0.14557977 -0.4712655  -0.05241738 -0.05725373
  0.          0.          0.         -0.04218634 -6.6587114 ]",0.0,-2.8304362208787097,[0.36490142 0.34159484 0.13518219 0.15832156],[0.36490142 0.34159484 0.13518219 0.15832156],30,208,480,0.07998288824867225,0,0
538,599,2024-09-14 19:42:54.404140800,TASK_BEGIN,3,-0.4130128058002907,0.2133709771075569,-0.568883959977555,0.1572025839489234,-0.2783835959963956,-0.0479810147516949,3.952816304379197,-0.8383881086747935,0,2024-09-14 19:42:54.681653504,1726342974.6816535,2024-09-14 19:42:54.681653076,15,"[-0.04218634  0.5745052  -0.14557977 -0.4712655  -0.05241738 -0.05725373
  0.          0.          0.         -0.04218634 -6.6587114 ]",0.0,-2.8304362208787097,[0.36490142 0.34159484 0.13518219 0.15832156],[0.36490142 0.34159484 0.13518219 0.15832156],30,208,480,0.07998288824867225,0,0
539,600,2024-09-14 19:42:54.471968000,TASK_BEGIN,3,-0.4333707872115644,0.2228407844230128,-0.5876232344246393,0.159549027240704,-0.2622491181947258,-0.0530232697910745,3.955647379358589,-0.8187177122865376,0,2024-09-14 19:42:54.681653504,1726342974.6816535,2024-09-14 19:42:54.681653076,15,"[-0.04218634  0.5745052  -0.14557977 -0.4712655  -0.05241738 -0.05725373
  0.          0.          0.         -0.04218634 -6.6587114 ]",0.0,-2.8304362208787097,[0.36490142 0.34159484 0.13518219 0.15832156],[0.36490142 0.34159484 0.13518219 0.15832156],30,208,480,0.07998288824867225,0,0
540,601,2024-09-14 19:42:54.539770880,TASK_BEGIN,3,-0.4517277739617593,0.2323499184543837,-0.6211483210163242,0.1648902619921509,-0.2474892899054085,-0.0568692529004994,3.937205086942968,-0.7968380038581621,0,2024-09-14 19:42:54.681653504,1726342974.6816535,2024-09-14 19:42:54.681653076,15,"[-0.04218634  0.5745052  -0.14557977 -0.4712655  -0.05241738 -0.05725373
  0.          0.          0.         -0.04218634 -6.6587114 ]",0.0,-2.8304362208787097,[0.36490142 0.34159484 0.13518219 0.15832156],[0.36490142 0.34159484 0.13518219 0.15832156],30,208,480,0.07998288824867225,0,0
541,602,2024-09-14 19:42:55.482951936,TASK_BEGIN,3,-0.467936071204484,0.2419251797354005,-0.6698524701473625,0.1728805643778723,-0.2339182613831379,-0.059353298903421,3.894205001824373,-0.7723515861438085,0,2024-09-14 19:42:55.479656192,1726342975.4796562,2024-09-14 19:42:55.479656006,15,"[-0.08109411  0.19982779 -0.08589632 -0.62329507 -0.06197258  0.01146134
  0.          0.          0.         -0.08109411 -3.661292  ]",2.0,6.195074917273115,[0.32694581 0.09996268 0.47332845 0.09976306],[0.32694581 0.09996268 0.47332845 0.09976306],30,208,480,0.22726778175829607,0,0
542,603,2024-09-14 19:42:55.540052992,TASK_BEGIN,3,-0.4820542774327597,0.2515950144797376,-0.7328803293057522,0.1830708478563816,-0.2211199652974511,-0.0604063806701863,3.8251751963114846,-0.7450195990124556,0,2024-09-14 19:42:55.479656192,1726342975.4796562,2024-09-14 19:42:55.479656006,15,"[-0.08109411  0.19982779 -0.08589632 -0.62329507 -0.06197258  0.01146134
  0.          0.          0.         -0.08109411 -3.661292  ]",2.0,6.195074917273115,[0.32694581 0.09996268 0.47332845 0.09976306],[0.32694581 0.09996268 0.47332845 0.09976306],30,208,480,0.22726778175829607,0,0
543,604,2024-09-14 19:42:55.618606080,TASK_BEGIN,3,-0.4942710308795756,0.2613687278161203,-0.8079752572420172,0.1949939203717253,-0.208481346139324,-0.0600606985547937,3.73040824200384,-0.7147861484803278,0,2024-09-14 19:42:55.479656192,1726342975.4796562,2024-09-14 19:42:55.479656006,15,"[-0.08109411  0.19982779 -0.08589632 -0.62329507 -0.06197258  0.01146134
  0.          0.          0.         -0.08109411 -3.661292  ]",2.0,6.195074917273115,[0.32694581 0.09996268 0.47332845 0.09976306],[0.32694581 0.09996268 0.47332845 0.09976306],30,208,480,0.22726778175829607,0,0
544,605,2024-09-14 19:42:55.679213056,TASK_BEGIN,3,-0.504811587463725,0.2712158388438895,-0.8915730121384109,0.2081839029060667,-0.1952553087513943,-0.0584409124459441,3.611839971453589,-0.6818311689148882,0,2024-09-14 19:42:55.479656192,1726342975.4796562,2024-09-14 19:42:55.479656006,15,"[-0.08109411  0.19982779 -0.08589632 -0.62329507 -0.06197258  0.01146134
  0.          0.          0.         -0.08109411 -3.661292  ]",2.0,6.195074917273115,[0.32694581 0.09996268 0.47332845 0.09976306],[0.32694581 0.09996268 0.47332845 0.09976306],30,208,480,0.22726778175829607,0,0
545,606,2024-09-14 19:42:55.740312064,TASK_BEGIN,3,-0.513826006596035,0.2810406718708531,-0.9790703113875304,0.222130685573496,-0.1806630827469393,-0.0557452561116654,3.473038866647112,-0.6466677600465826,0,2024-09-14 19:42:56.087686144,1726342976.087686,2024-09-14 19:42:56.087686035,15,"[-0.08389338 -0.04062533  0.00575958 -0.47887257 -0.02746034  0.02236937
  0.          0.          0.         -0.08389338 -1.7376671 ]",2.0,2.964603740468161,[0.26085804 0.06112814 0.51284376 0.16517006],[0.26085804 0.06112814 0.51284376 0.16517006],30,208,480,0.23188258402845605,0,0
546,607,2024-09-14 19:42:55.818478080,TASK_BEGIN,3,-0.5212770189834901,0.2906555550170738,-1.0652417070461089,0.2362133158316968,-0.1640310441619289,-0.0522201849024566,3.3192528255450995,-0.6102219406346722,0,2024-09-14 19:42:56.212656128,1726342976.212656,2024-09-14 19:42:56.212656006,15,"[-0.08332285 -0.08061683  0.01867429 -0.41819984 -0.02893014 -0.00995259
  0.          0.          0.         -0.08332285 -1.4177351 ]",2.0,5.775505104786089,[0.26758582 0.07477222 0.52765422 0.12998775],[0.26758582 0.07477222 0.52765422 0.12998775],30,208,480,0.2480730118547188,0,0
547,608,2024-09-14 19:42:55.880965120,TASK_BEGIN,3,-0.5268674378905096,0.2997630989500018,-1.1447397416123828,0.2496479218714443,-0.1449402697881789,-0.0481334162157519,3.1572855208675787,-0.5738140373769254,0,2024-09-14 19:42:56.212656128,1726342976.212656,2024-09-14 19:42:56.212656006,15,"[-0.08332285 -0.08061683  0.01867429 -0.41819984 -0.02893014 -0.00995259
  0.          0.          0.         -0.08332285 -1.4177351 ]",2.0,5.775505104786089,[0.26758582 0.07477222 0.52765422 0.12998775],[0.26758582 0.07477222 0.52765422 0.12998775],30,208,480,0.2480730118547188,0,0
548,609,2024-09-14 19:42:56.832066048,TASK_BEGIN,3,-0.5300485744135177,0.3079578199446737,-1.2125254692216652,0.261470859436017,-0.1233566560442437,-0.043749360773168,2.995016973028742,-0.5390147568479854,0,2024-09-14 19:42:56.916811776,1726342976.9168117,2024-09-14 19:42:56.916811035,15,"[-0.06580377 -0.2529226   0.10465379 -0.05368917  0.01811184  0.34832212
  0.          0.          0.         -0.06580377 -0.03928901]",1.0,-11.098689981161153,[0.18359211 0.64983366 0.0861175  0.08045673],[0.18359211 0.64983366 0.0861175  0.08045673],30,208,480,0.4070673129123186,0,0
549,610,2024-09-14 19:42:56.888408832,TASK_BEGIN,3,-0.5301175461594088,0.3147497607421789,-1.2641326104251065,0.2705829422305072,-0.0996954558624406,-0.0393097588302031,2.8405303581812715,-0.5074116217979434,0,2024-09-14 19:42:56.916811776,1726342976.9168117,2024-09-14 19:42:56.916811035,15,"[-0.06580377 -0.2529226   0.10465379 -0.05368917  0.01811184  0.34832212
  0.          0.          0.         -0.06580377 -0.03928901]",1.0,-11.098689981161153,[0.18359211 0.64983366 0.0861175  0.08045673],[0.18359211 0.64983366 0.0861175  0.08045673],30,208,480,0.4070673129123186,0,0
550,611,2024-09-14 19:42:56.967760128,TASK_BEGIN,3,-0.5263640551204524,0.3196047374439776,-1.295851370509195,0.2758644974357032,-0.0747928557936828,-0.0350206627398821,2.7009505343661475,-0.4803450624170788,0,2024-09-14 19:42:56.916811776,1726342976.9168117,2024-09-14 19:42:56.916811035,15,"[-0.06580377 -0.2529226   0.10465379 -0.05368917  0.01811184  0.34832212
  0.          0.          0.         -0.06580377 -0.03928901]",1.0,-11.098689981161153,[0.18359211 0.64983366 0.0861175  0.08045673],[0.18359211 0.64983366 0.0861175  0.08045673],30,208,480,0.4070673129123186,0,0
551,612,2024-09-14 19:42:57.035577088,TASK_BEGIN,3,-0.5182108167877932,0.3219939038921043,-1.3049952039039832,0.2763296710234214,-0.0498128312610734,-0.0310425193063368,2.5813075157314875,-0.45868066600762,0,2024-09-14 19:42:56.916811776,1726342976.9168117,2024-09-14 19:42:56.916811035,15,"[-0.06580377 -0.2529226   0.10465379 -0.05368917  0.01811184  0.34832212
  0.          0.          0.         -0.06580377 -0.03928901]",1.0,-11.098689981161153,[0.18359211 0.64983366 0.0861175  0.08045673],[0.18359211 0.64983366 0.0861175  0.08045673],30,208,480,0.4070673129123186,0,0
552,613,2024-09-14 19:42:57.103358976,TASK_BEGIN,3,-0.50531379719764,0.3214465479083445,-1.2902695101781387,0.2712686503232197,-0.026140915920674,-0.0274787805572007,2.4838801688435983,-0.4426929840276077,0,2024-09-14 19:42:56.916811776,1726342976.9168117,2024-09-14 19:42:56.916811035,15,"[-0.06580377 -0.2529226   0.10465379 -0.05368917  0.01811184  0.34832212
  0.          0.          0.         -0.06580377 -0.03928901]",1.0,-11.098689981161153,[0.18359211 0.64983366 0.0861175  0.08045673],[0.18359211 0.64983366 0.0861175  0.08045673],30,208,480,0.4070673129123186,0,0
553,614,2024-09-14 19:42:57.167395072,TASK_BEGIN,3,-0.4876125090945354,0.3175994424976988,-1.2520445636245725,0.2603398186391228,-0.0052886196542464,-0.0243648992876849,2.4082896985344147,-0.432110478410538,0,2024-09-14 19:42:56.916811776,1726342976.9168117,2024-09-14 19:42:56.916811035,15,"[-0.06580377 -0.2529226   0.10465379 -0.05368917  0.01811184  0.34832212
  0.          0.          0.         -0.06580377 -0.03928901]",1.0,-11.098689981161153,[0.18359211 0.64983366 0.0861175  0.08045673],[0.18359211 0.64983366 0.0861175  0.08045673],30,208,480,0.4070673129123186,0,0
554,615,2024-09-14 19:42:57.239006976,TASK_BEGIN,3,-0.4653310205474391,0.3102353382090355,-1.192278900061785,0.2435954817319496,0.0111981451991257,-0.0216651252387724,2.352214270562949,-0.4262988715785306,0,2024-09-14 19:42:56.916811776,1726342976.9168117,2024-09-14 19:42:56.916811035,15,"[-0.06580377 -0.2529226   0.10465379 -0.05368917  0.01811184  0.34832212
  0.          0.          0.         -0.06580377 -0.03928901]",1.0,-11.098689981161153,[0.18359211 0.64983366 0.0861175  0.08045673],[0.18359211 0.64983366 0.0861175  0.08045673],30,208,480,0.4070673129123186,0,0
555,623,2024-09-14 19:42:59.507133952,TASK_BEGIN,3,-0.2044398804937458,0.1504102971507085,-0.2498836473168281,-0.0168541823962843,-0.1130443818321583,-0.0012187185563525,2.284259224475268,-0.4867202548491913,0,2024-09-14 19:42:59.528395520,1726342979.5283954,2024-09-14 19:42:59.528395020,16,"[-8.2461042e-03  9.4837081e-01 -7.1986459e-02 -4.1023427e-01
  2.3282027e-02  2.7150050e-02  0.0000000e+00  0.0000000e+00
  4.0000001e-01 -4.0824610e-01 -1.2095221e+01]",0.0,-2.6907086340259525,[0.47639021 0.0979284  0.05056406 0.37511734],[0.47639021 0.0979284  0.05056406 0.37511734],30,240,481,0.3404402940076387,0,0
556,624,2024-09-14 19:42:59.574978048,TASK_BEGIN,3,-0.173397465137136,0.1257312410448611,-0.0880276426019514,-0.052844332943153,-0.1530078880179521,0.0024507411952827,2.299902481731891,-0.5049562281962724,0,2024-09-14 19:42:59.528395520,1726342979.5283954,2024-09-14 19:42:59.528395020,16,"[-8.2461042e-03  9.4837081e-01 -7.1986459e-02 -4.1023427e-01
  2.3282027e-02  2.7150050e-02  0.0000000e+00  0.0000000e+00
  4.0000001e-01 -4.0824610e-01 -1.2095221e+01]",0.0,-2.6907086340259525,[0.47639021 0.0979284  0.05056406 0.37511734],[0.47639021 0.0979284  0.05056406 0.37511734],30,240,481,0.3404402940076387,0,0
557,625,2024-09-14 19:42:59.640936960,TASK_BEGIN,3,-0.1448471180262315,0.1021585501724268,0.0836717769782248,-0.0873922886110299,-0.1928435378538099,0.0065014430213343,2.3181039329698705,-0.5258557671109395,0,2024-09-14 19:42:59.528395520,1726342979.5283954,2024-09-14 19:42:59.528395020,16,"[-8.2461042e-03  9.4837081e-01 -7.1986459e-02 -4.1023427e-01
  2.3282027e-02  2.7150050e-02  0.0000000e+00  0.0000000e+00
  4.0000001e-01 -4.0824610e-01 -1.2095221e+01]",0.0,-2.6907086340259525,[0.47639021 0.0979284  0.05056406 0.37511734],[0.47639021 0.0979284  0.05056406 0.37511734],30,240,481,0.3404402940076387,0,0
558,626,2024-09-14 19:42:59.707277056,TASK_BEGIN,3,-0.1191542108536589,0.0802060747144032,0.2639463065269173,-0.1200776623758752,-0.2306925880088735,0.0109590722114306,2.339437637650168,-0.5496972326186964,0,2024-09-14 19:42:59.528395520,1726342979.5283954,2024-09-14 19:42:59.528395020,16,"[-8.2461042e-03  9.4837081e-01 -7.1986459e-02 -4.1023427e-01
  2.3282027e-02  2.7150050e-02  0.0000000e+00  0.0000000e+00
  4.0000001e-01 -4.0824610e-01 -1.2095221e+01]",0.0,-2.6907086340259525,[0.47639021 0.0979284  0.05056406 0.37511734],[0.47639021 0.0979284  0.05056406 0.37511734],30,240,481,0.3404402940076387,0,0
559,627,2024-09-14 19:42:59.765744896,TASK_BEGIN,3,-0.0965511206009493,0.0602530407844257,0.4504489424680065,-0.1505374730882242,-0.2650557694474235,0.0158459865070013,2.365215045281661,-0.5766944818150991,0,2024-09-14 19:42:59.528395520,1726342979.5283954,2024-09-14 19:42:59.528395020,16,"[-8.2461042e-03  9.4837081e-01 -7.1986459e-02 -4.1023427e-01
  2.3282027e-02  2.7150050e-02  0.0000000e+00  0.0000000e+00
  4.0000001e-01 -4.0824610e-01 -1.2095221e+01]",0.0,-2.6907086340259525,[0.47639021 0.0979284  0.05056406 0.37511734],[0.47639021 0.0979284  0.05056406 0.37511734],30,240,481,0.3404402940076387,0,0
560,628,2024-09-14 19:42:59.843852032,TASK_BEGIN,3,-0.0771284626748771,0.0425325350983268,0.6398215572009769,-0.1784869713569854,-0.2948841768554276,0.021178741797505,2.397161723775176,-0.6068789947568545,0,2024-09-14 19:42:59.528395520,1726342979.5283954,2024-09-14 19:42:59.528395020,16,"[-8.2461042e-03  9.4837081e-01 -7.1986459e-02 -4.1023427e-01
  2.3282027e-02  2.7150050e-02  0.0000000e+00  0.0000000e+00
  4.0000001e-01 -4.0824610e-01 -1.2095221e+01]",0.0,-2.6907086340259525,[0.47639021 0.0979284  0.05056406 0.37511734],[0.47639021 0.0979284  0.05056406 0.37511734],30,240,481,0.3404402940076387,0,0
561,629,2024-09-14 19:42:59.905056000,TASK_BEGIN,3,-0.0608472589210224,0.0271410209829344,0.8278673760593342,-0.2037405851733033,-0.319614828528812,0.0269684461056533,2.437039461354473,-0.6399997825616562,0,2024-09-14 19:42:59.528395520,1726342979.5283954,2024-09-14 19:42:59.528395020,16,"[-8.2461042e-03  9.4837081e-01 -7.1986459e-02 -4.1023427e-01
  2.3282027e-02  2.7150050e-02  0.0000000e+00  0.0000000e+00
  4.0000001e-01 -4.0824610e-01 -1.2095221e+01]",0.0,-2.6907086340259525,[0.47639021 0.0979284  0.05056406 0.37511734],[0.47639021 0.0979284  0.05056406 0.37511734],30,240,481,0.3404402940076387,0,0
562,630,2024-09-14 19:43:00.820944128,TASK_BEGIN,3,-0.0475642324369641,0.0140621894979508,1.0096902539474302,-0.2262027564071888,-0.339173732057925,0.0332265966407991,2.486350716481709,-0.6754701533958527,0,2024-09-14 19:43:01.165390592,1726342981.1653905,2024-09-14 19:43:01.165389893,16,"[-0.03668427  0.01042414 -0.12946413 -0.8455923  -0.04049184 -0.0583561
  0.          0.          0.4        -0.43668428 -4.591647  ]",0.0,-2.8901581102853697,[0.51282784 0.06438903 0.24079441 0.18198872],[0.51282784 0.06438903 0.24079441 0.18198872],30,240,481,0.27309689549066285,0,0
563,631,2024-09-14 19:43:00.900559872,TASK_BEGIN,3,-0.0370552959416023,0.0031957724916525,1.1798479501632737,-0.245847780715847,-0.3539515808663225,0.039972020162775,2.546153735496036,-0.7123664558117053,0,2024-09-14 19:43:01.165390592,1726342981.1653905,2024-09-14 19:43:01.165389893,16,"[-0.03668427  0.01042414 -0.12946413 -0.8455923  -0.04049184 -0.0583561
  0.          0.          0.4        -0.43668428 -4.591647  ]",0.0,-2.8901581102853697,[0.51282784 0.06438903 0.24079441 0.18198872],[0.51282784 0.06438903 0.24079441 0.18198872],30,240,481,0.27309689549066285,0,0
564,632,2024-09-14 19:43:00.968357120,TASK_BEGIN,3,-0.0290301396408281,-0.0056156841976161,1.3326136203566503,-0.262715876083919,-0.3647402169354227,0.0472294013747187,2.616902978835224,-0.7494502195987891,0,2024-09-14 19:43:01.165390592,1726342981.1653905,2024-09-14 19:43:01.165389893,16,"[-0.03668427  0.01042414 -0.12946413 -0.8455923  -0.04049184 -0.0583561
  0.          0.          0.4        -0.43668428 -4.591647  ]",0.0,-2.8901581102853697,[0.51282784 0.06438903 0.24079441 0.18198872],[0.51282784 0.06438903 0.24079441 0.18198872],30,240,481,0.27309689549066285,0,0
565,633,2024-09-14 19:43:01.022959104,TASK_BEGIN,3,-0.0231490606455194,-0.0125632881574546,1.462313447486279,-0.2769202235173508,-0.3726248146590109,0.055014122189654,2.698206772611928,-0.7851936305475791,0,2024-09-14 19:43:01.165390592,1726342981.1653905,2024-09-14 19:43:01.165389893,16,"[-0.03668427  0.01042414 -0.12946413 -0.8455923  -0.04049184 -0.0583561
  0.          0.          0.4        -0.43668428 -4.591647  ]",0.0,-2.8901581102853697,[0.51282784 0.06438903 0.24079441 0.18198872],[0.51282784 0.06438903 0.24079441 0.18198872],30,240,481,0.27309689549066285,0,0
566,634,2024-09-14 19:43:01.099949056,TASK_BEGIN,3,-0.0190624050481127,-0.0178481886098668,1.563671346032698,-0.2886447911318353,-0.3788420067630083,0.0633073951260033,2.788522627960936,-0.8178289954810467,0,2024-09-14 19:43:01.165390592,1726342981.1653905,2024-09-14 19:43:01.165389893,16,"[-0.03668427  0.01042414 -0.12946413 -0.8455923  -0.04049184 -0.0583561
  0.          0.          0.4        -0.43668428 -4.591647  ]",0.0,-2.8901581102853697,[0.51282784 0.06438903 0.24079441 0.18198872],[0.51282784 0.06438903 0.24079441 0.18198872],30,240,481,0.27309689549066285,0,0
567,635,2024-09-14 19:43:01.171792896,TASK_BEGIN,3,-0.0164771742404431,-0.0216570624846822,1.632148996653872,-0.2981234025576776,-0.3846267893360329,0.0720319664185213,2.8849620631275026,-0.8454524214182,0,2024-09-14 19:43:01.165390592,1726342981.1653905,2024-09-14 19:43:01.165389893,16,"[-0.03668427  0.01042414 -0.12946413 -0.8455923  -0.04049184 -0.0583561
  0.          0.          0.4        -0.43668428 -4.591647  ]",0.0,-2.8901581102853697,[0.51282784 0.06438903 0.24079441 0.18198872],[0.51282784 0.06438903 0.24079441 0.18198872],30,240,481,0.27309689549066285,0,0
568,636,2024-09-14 19:43:01.239598848,TASK_BEGIN,3,-0.0152313185932745,-0.0241406795220711,1.6642883469856018,-0.3056047820623493,-0.3910800303042335,0.0810396981311703,2.983361460045967,-0.8661757775931843,0,2024-09-14 19:43:01.165390592,1726342981.1653905,2024-09-14 19:43:01.165389893,16,"[-0.03668427  0.01042414 -0.12946413 -0.8455923  -0.04049184 -0.0583561
  0.          0.          0.4        -0.43668428 -4.591647  ]",0.0,-2.8901581102853697,[0.51282784 0.06438903 0.24079441 0.18198872],[0.51282784 0.06438903 0.24079441 0.18198872],30,240,481,0.27309689549066285,0,0
569,637,2024-09-14 19:43:02.182326272,TASK_BEGIN,3,-0.0153431666199254,-0.0253999873225766,1.6580518228907115,-0.3113223350310636,-0.3990789237898738,0.0901169621091075,3.078640026931289,-0.8782905031308429,0,2024-09-14 19:43:01.963393536,1726342981.9633934,2024-09-14 19:43:01.963393066,16,"[-0.05285032 -0.3742286   0.16822657 -0.38821802 -0.17355652 -0.10448897
  0.          0.          0.4        -0.4528503  -1.5144253 ]",3.0,-3.4442627356210753,[0.32369571 0.04092754 0.08981987 0.54555688],[0.32369571 0.04092754 0.08981987 0.54555688],30,240,481,0.45461107120913535,0,0
570,638,2024-09-14 19:43:02.250188288,TASK_BEGIN,3,-0.0170062997329293,-0.0254832889911273,1.613147046103548,-0.3154892404792211,-0.4092256921607458,0.0990035826057682,3.1653409812161186,-0.8804127990967674,0,2024-09-14 19:43:01.963393536,1726342981.9633934,2024-09-14 19:43:01.963393066,16,"[-0.05285032 -0.3742286   0.16822657 -0.38821802 -0.17355652 -0.10448897
  0.          0.          0.4        -0.4528503  -1.5144253 ]",3.0,-3.4442627356210753,[0.32369571 0.04092754 0.08981987 0.54555688],[0.32369571 0.04092754 0.08981987 0.54555688],30,240,481,0.45461107120913535,0,0
571,639,2024-09-14 19:43:02.316144896,TASK_BEGIN,3,-0.020526783828164,-0.0243965462900895,1.531294351647719,-0.3183150790168847,-0.4218200118174914,0.1074159385393752,3.2381724536542795,-0.8716010377029387,0,2024-09-14 19:43:02.677389568,1726342982.6773896,2024-09-14 19:43:02.677388916,16,"[ 0.05083172 -0.5357537   0.6179286  -0.04577112 -0.399495    0.44276524
  1.          0.          0.4        -0.34916827 -0.222224  ]",2.0,12.52790718997191,[0.24110726 0.06244237 0.65408872 0.04236165],[0.24110726 0.06244237 0.65408872 0.04236165],30,240,481,0.5942803183749736,0,0
572,640,2024-09-14 19:43:02.377741312,TASK_BEGIN,3,-0.0262355686879805,-0.0221225549781469,1.416326850113255,-0.3200150316002971,-0.4368602810196867,0.1150705456890276,3.292404426167902,-0.8514480325497192,0,2024-09-14 19:43:02.677389568,1726342982.6773896,2024-09-14 19:43:02.677388916,16,"[ 0.05083172 -0.5357537   0.6179286  -0.04577112 -0.399495    0.44276524
  1.          0.          0.4        -0.34916827 -0.222224  ]",2.0,12.52790718997191,[0.24110726 0.06244237 0.65408872 0.04236165],[0.24110726 0.06244237 0.65408872 0.04236165],30,240,481,0.5942803183749736,0,0
573,641,2024-09-14 19:43:02.439749888,TASK_BEGIN,3,-0.0344168186807565,-0.0186392137574071,1.273973062808487,-0.3207897568845986,-0.4540921757515488,0.1217116697241312,3.324136602678284,-0.8201460771406311,0,2024-09-14 19:43:02.677389568,1726342982.6773896,2024-09-14 19:43:02.677388916,16,"[ 0.05083172 -0.5357537   0.6179286  -0.04577112 -0.399495    0.44276524
  1.          0.          0.4        -0.34916827 -0.222224  ]",2.0,12.52790718997191,[0.24110726 0.06244237 0.65408872 0.04236165],[0.24110726 0.06244237 0.65408872 0.04236165],30,240,481,0.5942803183749736,0,0
574,642,2024-09-14 19:43:02.516899840,TASK_BEGIN,3,-0.0452689812493399,-0.013930528675093,1.1112676720422583,-0.3207793701979256,-0.4731027891785173,0.1271440705706823,3.330533542813534,-0.778508975581016,0,2024-09-14 19:43:02.677389568,1726342982.6773896,2024-09-14 19:43:02.677388916,16,"[ 0.05083172 -0.5357537   0.6179286  -0.04577112 -0.399495    0.44276524
  1.          0.          0.4        -0.34916827 -0.222224  ]",2.0,12.52790718997191,[0.24110726 0.06244237 0.65408872 0.04236165],[0.24110726 0.06244237 0.65408872 0.04236165],30,240,481,0.5942803183749736,0,0
575,643,2024-09-14 19:43:02.578964224,TASK_BEGIN,3,-0.0588911905525391,-0.0079915520725495,0.935694348730005,-0.3200037275391821,-0.4934251318446244,0.1312634021703646,3.3100364687632204,-0.7279261864919224,0,2024-09-14 19:43:02.677389568,1726342982.6773896,2024-09-14 19:43:02.677388916,16,"[ 0.05083172 -0.5357537   0.6179286  -0.04577112 -0.399495    0.44276524
  1.          0.          0.4        -0.34916827 -0.222224  ]",2.0,12.52790718997191,[0.24110726 0.06244237 0.65408872 0.04236165],[0.24110726 0.06244237 0.65408872 0.04236165],30,240,481,0.5942803183749736,0,0
576,644,2024-09-14 19:43:03.522568960,TASK_BEGIN,3,-0.0752767446841229,-0.0008313955805284,0.7542383239992246,-0.3183000884843496,-0.514612983697388,0.1340741744092669,3.262469456952587,-0.6702328723157976,0,2024-09-14 19:43:03.201236480,1726342983.2012365,2024-09-14 19:43:03.201236084,16,"[ 0.1560146  -0.57685614  0.47472316  0.00548593  0.13452259 -0.0167178
  1.          1.          0.4        -0.2439854   0.10659529]",1.0,3.318023189176577,[2.27839122e-02 7.40301464e-01 2.36762635e-01 1.51988950e-04],[2.27839122e-02 7.40301464e-01 2.36762635e-01 1.51988950e-04],30,240,481,0.6327358983377025,1,1
577,645,2024-09-14 19:43:03.600298752,TASK_BEGIN,3,-0.0942933296355297,0.0075226670812979,0.5725338977336133,-0.3152817309717883,-0.5362771131868416,0.1356903890429241,3.1889864632121827,-0.6075150506989064,0,2024-09-14 19:43:03.201236480,1726342983.2012365,2024-09-14 19:43:03.201236084,16,"[ 0.1560146  -0.57685614  0.47472316  0.00548593  0.13452259 -0.0167178
  1.          1.          0.4        -0.2439854   0.10659529]",1.0,3.318023189176577,[2.27839122e-02 7.40301464e-01 2.36762635e-01 1.51988950e-04],[2.27839122e-02 7.40301464e-01 2.36762635e-01 1.51988950e-04],30,240,481,0.6327358983377025,1,1
578,646,2024-09-14 19:43:03.656903936,TASK_BEGIN,3,-0.1156474234968455,0.0170193181850919,0.3942850494808875,-0.3103479892210361,-0.5580953456920533,0.1363188507564512,3.091866434238335,-0.5419018847689457,0,2024-09-14 19:43:03.448703744,1726342983.4487038,2024-09-14 19:43:03.448703125,16,"[ 0.1826915  -0.56955636  0.22343443  0.00986094  0.08164855 -0.02257804
  1.          1.          0.4        -0.2173085   0.04819656]",1.0,2.346179784632204,[0.24459793 0.59801329 0.04879443 0.10859434],[0.24459793 0.59801329 0.04879443 0.10859434],30,240,481,0.31028805668213966,1,1
579,647,2024-09-14 19:43:03.734142208,TASK_BEGIN,3,-0.1388622959363132,0.0275787631898838,0.2210933680442014,-0.3027538415202616,-0.5797980264019097,0.1362286001132374,2.974185780918738,-0.475387082041454,0,2024-09-14 19:43:03.448703744,1726342983.4487038,2024-09-14 19:43:03.448703125,16,"[ 0.1826915  -0.56955636  0.22343443  0.00986094  0.08164855 -0.02257804
  1.          1.          0.4        -0.2173085   0.04819656]",1.0,2.346179784632204,[0.24459793 0.59801329 0.04879443 0.10859434],[0.24459793 0.59801329 0.04879443 0.10859434],30,240,481,0.31028805668213966,1,1
580,648,2024-09-14 19:43:03.803675136,TASK_BEGIN,3,-0.1633033764921699,0.0390958591639361,0.0527147361085097,-0.2917119005960022,-0.6011264269514369,0.1357160709952123,2.839439329023679,-0.4096905832547374,0,2024-09-14 19:43:03.448703744,1726342983.4487038,2024-09-14 19:43:03.448703125,16,"[ 0.1826915  -0.56955636  0.22343443  0.00986094  0.08164855 -0.02257804
  1.          1.          0.4        -0.2173085   0.04819656]",1.0,2.346179784632204,[0.24459793 0.59801329 0.04879443 0.10859434],[0.24459793 0.59801329 0.04879443 0.10859434],30,240,481,0.31028805668213966,1,1
581,649,2024-09-14 19:43:03.858246144,TASK_BEGIN,3,-0.1882529731853675,0.0514540405052314,-0.1123973432773309,-0.2764798232312831,-0.6217849786183369,0.1350771955984084,2.69122654322408,-0.346161512994833,0,2024-09-14 19:43:03.469702144,1726342983.4697022,2024-09-14 19:43:03.469701904,16,"[ 0.18407758 -0.569419    0.20107824  0.00886695  0.08063285 -0.02031849
  1.          1.          0.4        -0.21592242  0.04709793]",1.0,2.3954024536541194,[0.25645923 0.57133298 0.04774956 0.12445823],[0.25645923 0.57133298 0.04774956 0.12445823],30,240,481,0.28900032994428915,1,1
582,650,2024-09-14 19:43:03.934494976,TASK_BEGIN,3,-0.2130078555821269,0.064545340574636,-0.2764687613798156,-0.2564020130518417,-0.6414202381795853,0.1345874626687252,2.533088222099256,-0.2857284333709034,0,2024-09-14 19:43:03.551723264,1726342983.5517232,2024-09-14 19:43:03.551722900,16,"[ 0.1881295  -0.5690181   0.113677    0.00500028  0.0776637  -0.01148611
  1.          1.          0.4        -0.21187049  0.04389096]",1.0,2.5007012477332378,[0.30066957 0.44010291 0.0373754  0.22185212],[0.30066957 0.44010291 0.0373754  0.22185212],30,240,481,0.21752899995248892,1,1
583,658,2024-09-14 19:43:06.232551936,TASK_BEGIN,3,-0.370487396067391,0.1893106213764069,-1.6757352501621092,0.1115578326920142,-0.7201110054183617,0.1512751082450179,1.35011412584709,0.0638717169071976,0,2024-09-14 19:43:06.607872256,1726342986.6078722,2024-09-14 19:43:06.607872070,17,"[  0.03932698   0.7294612    0.1650865   -0.62136775  -0.11055983
  -0.02202896   0.           0.           0.2         -0.160673
 -10.411669  ]",1.0,-2.018119357558371,[0.36138925 0.36247445 0.22272871 0.0534076 ],[0.36138925 0.36247445 0.22272871 0.0534076 ],30,305,482,0.14061060894287453,0,0
584,659,2024-09-14 19:43:06.300364032,TASK_BEGIN,3,-0.3881576505465045,0.2067030153189423,-1.830129512337325,0.1756496340175911,-0.7187974889130319,0.155724347448604,1.2683184347478509,0.0893747028854755,0,2024-09-14 19:43:06.607872256,1726342986.6078722,2024-09-14 19:43:06.607872070,17,"[  0.03932698   0.7294612    0.1650865   -0.62136775  -0.11055983
  -0.02202896   0.           0.           0.2         -0.160673
 -10.411669  ]",1.0,-2.018119357558371,[0.36138925 0.36247445 0.22272871 0.0534076 ],[0.36138925 0.36247445 0.22272871 0.0534076 ],30,305,482,0.14061060894287453,0,0
585,660,2024-09-14 19:43:06.365700864,TASK_BEGIN,3,-0.406907061265192,0.2241465076081762,-1.9604904343300595,0.2383753237702423,-0.7162446596800747,0.1604749882102369,1.2101416274595802,0.1099963023111042,0,2024-09-14 19:43:06.607872256,1726342986.6078722,2024-09-14 19:43:06.607872070,17,"[  0.03932698   0.7294612    0.1650865   -0.62136775  -0.11055983
  -0.02202896   0.           0.           0.2         -0.160673
 -10.411669  ]",1.0,-2.018119357558371,[0.36138925 0.36247445 0.22272871 0.0534076 ],[0.36138925 0.36247445 0.22272871 0.0534076 ],30,305,482,0.14061060894287453,0,0
586,661,2024-09-14 19:43:06.427246080,TASK_BEGIN,3,-0.4270844219547421,0.2414337286378035,-2.0592961899520854,0.2974566522179322,-0.7131002108171816,0.1654785137419262,1.1753215623955084,0.1255262811818686,0,2024-09-14 19:43:06.607872256,1726342986.6078722,2024-09-14 19:43:06.607872070,17,"[  0.03932698   0.7294612    0.1650865   -0.62136775  -0.11055983
  -0.02202896   0.           0.           0.2         -0.160673
 -10.411669  ]",1.0,-2.018119357558371,[0.36138925 0.36247445 0.22272871 0.0534076 ],[0.36138925 0.36247445 0.22272871 0.0534076 ],30,305,482,0.14061060894287453,0,0
587,662,2024-09-14 19:43:06.489731072,TASK_BEGIN,3,-0.4489108409982091,0.2583247760692287,-2.120090414730678,0.350744439788938,-0.7098985031853621,0.1706918489120503,1.1621443247509349,0.1357994567370503,0,2024-09-14 19:43:06.607872256,1726342986.6078722,2024-09-14 19:43:06.607872070,17,"[  0.03932698   0.7294612    0.1650865   -0.62136775  -0.11055983
  -0.02202896   0.           0.           0.2         -0.160673
 -10.411669  ]",1.0,-2.018119357558371,[0.36138925 0.36247445 0.22272871 0.0534076 ],[0.36138925 0.36247445 0.22272871 0.0534076 ],30,305,482,0.14061060894287453,0,0
588,663,2024-09-14 19:43:06.566938112,TASK_BEGIN,3,-0.472438621231065,0.2745528053447182,-2.138148787773245,0.3963580297680582,-0.7070021858303037,0.176074373458839,1.167662274529426,0.1407259414054343,0,2024-09-14 19:43:06.607872256,1726342986.6078722,2024-09-14 19:43:06.607872070,17,"[  0.03932698   0.7294612    0.1650865   -0.62136775  -0.11055983
  -0.02202896   0.           0.           0.2         -0.160673
 -10.411669  ]",1.0,-2.018119357558371,[0.36138925 0.36247445 0.22272871 0.0534076 ],[0.36138925 0.36247445 0.22272871 0.0534076 ],30,305,482,0.14061060894287453,0,0
589,664,2024-09-14 19:43:06.639309824,TASK_BEGIN,3,-0.497519191649055,0.2898283578671313,-2.110928971143479,0.4327944219076888,-0.7045788868369618,0.1815892879746607,1.188011018790187,0.1403627437320601,0,2024-09-14 19:43:06.607872256,1726342986.6078722,2024-09-14 19:43:06.607872070,17,"[  0.03932698   0.7294612    0.1650865   -0.62136775  -0.11055983
  -0.02202896   0.           0.           0.2         -0.160673
 -10.411669  ]",1.0,-2.018119357558371,[0.36138925 0.36247445 0.22272871 0.0534076 ],[0.36138925 0.36247445 0.22272871 0.0534076 ],30,305,482,0.14061060894287453,0,0
590,665,2024-09-14 19:43:07.582647040,TASK_BEGIN,3,-0.5238043676253148,0.303848625215768,-2.0383348127552035,0.4590068756902609,-0.7026085881579132,0.1872043313661642,1.2188140572680983,0.1349746541456646,0,2024-09-14 19:43:07.868103936,1726342987.868104,2024-09-14 19:43:07.868104004,17,"[ 0.1587944   0.03693366  0.3505981  -0.8053963   0.04517189  0.09201245
  0.          0.          0.2        -0.0412056  -4.8714485 ]",2.0,8.337435218757374,[0.28895416 0.05764298 0.39992629 0.25347656],[0.28895416 0.05764298 0.39992629 0.25347656],30,305,482,0.16492921513823675,0,0
591,666,2024-09-14 19:43:07.650490112,TASK_BEGIN,3,-0.5507824910125333,0.316316307117248,-1.9228684937591085,0.4744655007032968,-0.7009224682644707,0.1928881795758082,1.2556228608599695,0.1250499984230048,0,2024-09-14 19:43:08.035013632,1726342988.0350137,2024-09-14 19:43:08.035012939,17,"[ 0.1787498  -0.06258374  0.3783956  -0.7518543   0.08195037  0.07230316
  0.          0.          0.2        -0.0212502  -4.0753093 ]",3.0,-3.209599334836165,[0.38339644 0.05850222 0.16223873 0.39586261],[0.38339644 0.05850222 0.16223873 0.39586261],30,305,482,0.22684722906307594,0,0
592,667,2024-09-14 19:43:07.718223104,TASK_BEGIN,3,-0.5778259946865262,0.326963825162129,-1.7696690709383849,0.4792117958889394,-0.6992616436383553,0.1986052092901508,1.2942331312368986,0.1112810020328775,0,2024-09-14 19:43:08.035013632,1726342988.0350137,2024-09-14 19:43:08.035012939,17,"[ 0.1787498  -0.06258374  0.3783956  -0.7518543   0.08195037  0.07230316
  0.          0.          0.2        -0.0212502  -4.0753093 ]",3.0,-3.209599334836165,[0.38339644 0.05850222 0.16223873 0.39586261],[0.38339644 0.05850222 0.16223873 0.39586261],30,305,482,0.22684722906307594,0,0
593,668,2024-09-14 19:43:07.785973248,TASK_BEGIN,3,-0.6042231803852345,0.3355732086961803,-1.586323311983469,0.4738873305794494,-0.6973295658802867,0.2043127874176773,1.3307386477184944,0.0945416396049095,0,2024-09-14 19:43:08.035013632,1726342988.0350137,2024-09-14 19:43:08.035012939,17,"[ 0.1787498  -0.06258374  0.3783956  -0.7518543   0.08195037  0.07230316
  0.          0.          0.2        -0.0212502  -4.0753093 ]",3.0,-3.209599334836165,[0.38339644 0.05850222 0.16223873 0.39586261],[0.38339644 0.05850222 0.16223873 0.39586261],30,305,482,0.22684722906307594,0,0
594,669,2024-09-14 19:43:07.845489920,TASK_BEGIN,3,-0.6291931347809637,0.3419868990355694,-1.3823680725148395,0.459700654260841,-0.6948265052445508,0.2099615499734262,1.3614224521584053,0.0758768194435377,0,2024-09-14 19:43:08.221282304,1726342988.2212822,2024-09-14 19:43:08.221281982,17,"[ 2.0018800e-01 -1.6424006e-01  3.4530392e-01 -6.7525965e-01
  1.0909655e-01  2.9986182e-02  0.0000000e+00  0.0000000e+00
  2.0000000e-01  1.8800099e-04 -3.2620590e+00]",3.0,-3.0960828534218,[0.36927    0.04145181 0.14938536 0.43989283],[0.36927    0.04145181 0.14938536 0.43989283],30,305,482,0.283240474815524,0,0
595,670,2024-09-14 19:43:07.921550080,TASK_BEGIN,3,-0.6519104338902407,0.3461126035444585,-1.1686223108980869,0.4383361024523632,-0.6914765494979522,0.2154960950990551,1.382809903685516,0.0564762401114438,0,2024-09-14 19:43:08.221282304,1726342988.2212822,2024-09-14 19:43:08.221281982,17,"[ 2.0018800e-01 -1.6424006e-01  3.4530392e-01 -6.7525965e-01
  1.0909655e-01  2.9986182e-02  0.0000000e+00  0.0000000e+00
  2.0000000e-01  1.8800099e-04 -3.2620590e+00]",3.0,-3.0960828534218,[0.36927    0.04145181 0.14938536 0.43989283],[0.36927    0.04145181 0.14938536 0.43989283],30,305,482,0.283240474815524,0,0
596,671,2024-09-14 19:43:07.985663744,TASK_BEGIN,3,-0.6715601866408678,0.3479268429242683,-0.9565662907880846,0.411839655680068,-0.6870465105032817,0.220853048879572,1.3921095290622774,0.0375886250863882,0,2024-09-14 19:43:08.221282304,1726342988.2212822,2024-09-14 19:43:08.221281982,17,"[ 2.0018800e-01 -1.6424006e-01  3.4530392e-01 -6.7525965e-01
  1.0909655e-01  2.9986182e-02  0.0000000e+00  0.0000000e+00
  2.0000000e-01  1.8800099e-04 -3.2620590e+00]",3.0,-3.0960828534218,[0.36927    0.04145181 0.14938536 0.43989283],[0.36927    0.04145181 0.14938536 0.43989283],30,305,482,0.283240474815524,0,0
597,672,2024-09-14 19:43:08.906489088,TASK_BEGIN,3,-0.6874132651712616,0.3474775855747898,-0.7577388003783646,0.3824825849084877,-0.6813390707673486,0.2259560320007402,1.3878861874334172,0.0203652049145497,0,2024-09-14 19:43:08.536204800,1726342988.5362048,2024-09-14 19:43:08.536204102,17,"[ 0.23296253 -0.3135512   0.29423562 -0.50257605  0.09647193 -0.0277984
  0.          0.          0.2         0.03296253 -2.06757   ]",2.0,9.648270734595837,[0.29162171 0.05533773 0.43548416 0.21755641],[0.29162171 0.05533773 0.43548416 0.21755641],30,305,482,0.18091867138703652,0,0
598,673,2024-09-14 19:43:08.968988928,TASK_BEGIN,3,-0.6988915215212068,0.3448827837323482,-0.582949703940896,0.3525740825331554,-0.6741596288179403,0.2307113050385821,1.370566886371759,0.0056800885412555,0,2024-09-14 19:43:08.599174912,1726342988.599175,2024-09-14 19:43:08.599174072,17,"[ 0.23902869 -0.33792794  0.29081997 -0.4777959   0.09250691 -0.02370333
  0.          0.          0.2         0.03902869 -1.8725559 ]",2.0,6.5558521229248585,[0.32356052 0.06765298 0.35015943 0.25862707],[0.32356052 0.06765298 0.35015943 0.25862707],30,305,482,0.14049854063316264,0,0
599,674,2024-09-14 19:43:09.030548992,TASK_BEGIN,3,-0.7055950222458924,0.3403216064312989,-0.441288470057635,0.3242323815049147,-0.6652862745562702,0.235008889249685,1.342522654824178,-0.0059990133410553,0,2024-09-14 19:43:08.767174144,1726342988.7671742,2024-09-14 19:43:08.767174072,17,"[ 0.25395432 -0.39730567  0.27545297 -0.4129049   0.08229443 -0.01634372
  0.          0.          0.2         0.05395433 -1.397534  ]",2.0,5.62419388804224,[0.30594128 0.08279718 0.3948044  0.21645713],[0.30594128 0.08279718 0.3948044  0.21645713],30,305,482,0.1386691804305379,0,0
600,675,2024-09-14 19:43:09.107748096,TASK_BEGIN,3,-0.7072844155719468,0.3340181484391032,-0.3391450143336326,0.2991723376760122,-0.6544784980496254,0.2387310194443415,1.3077421469784882,-0.0146419990463408,0,2024-09-14 19:43:08.767174144,1726342988.7671742,2024-09-14 19:43:08.767174072,17,"[ 0.25395432 -0.39730567  0.27545297 -0.4129049   0.08229443 -0.01634372
  0.          0.          0.2         0.05395433 -1.397534  ]",2.0,5.62419388804224,[0.30594128 0.08279718 0.3948044  0.21645713],[0.30594128 0.08279718 0.3948044  0.21645713],30,305,482,0.1386691804305379,0,0
601,676,2024-09-14 19:43:09.177780992,TASK_BEGIN,3,-0.7038446939323508,0.3262227414067219,-0.2795049362917711,0.2785676434034749,-0.6415329415170539,0.2417663300209258,1.2712184234010708,-0.0205872125351101,0,2024-09-14 19:43:08.872209152,1726342988.872209,2024-09-14 19:43:08.872208984,17,"[ 0.263822   -0.4280389   0.2528847  -0.32328656  0.08020681 -0.01493571
  0.          0.          0.2         0.063822   -1.1516682 ]",2.0,10.800676559614583,[0.30280696 0.09193614 0.35534857 0.24990833],[0.30280696 0.09193614 0.35534857 0.24990833],30,305,482,0.1272657903049117,0,0
602,677,2024-09-14 19:43:09.245590016,TASK_BEGIN,3,-0.695270131542144,0.3171984366820199,-0.2617275411750699,0.2630110002001637,-0.6263541766098747,0.2440252112492541,1.2381667390192053,-0.0244021926840825,0,2024-09-14 19:43:08.872209152,1726342988.872209,2024-09-14 19:43:08.872208984,17,"[ 0.263822   -0.4280389   0.2528847  -0.32328656  0.08020681 -0.01493571
  0.          0.          0.2         0.063822   -1.1516682 ]",2.0,10.800676559614583,[0.30280696 0.09193614 0.35534857 0.24990833],[0.30280696 0.09193614 0.35534857 0.24990833],30,305,482,0.1272657903049117,0,0
603,678,2024-09-14 19:43:09.313390848,TASK_BEGIN,3,-0.6816815391861643,0.3072142773286727,-0.2818505396331541,0.2525532915150384,-0.6089954281102969,0.2454499672450083,1.213206355736021,-0.0267168578766567,0,2024-09-14 19:43:08.956173312,1726342988.9561734,2024-09-14 19:43:08.956172852,17,"[ 0.27067056 -0.4506833   0.2321488  -0.3255355   0.07704595 -0.0184113
  0.          0.          0.2         0.07067057 -0.970513  ]",2.0,7.086696427950199,[0.31120384 0.11065795 0.35440679 0.22373142],[0.31120384 0.11065795 0.35440679 0.22373142],30,305,482,0.11010386869926247,0,0
604,679,2024-09-14 19:43:10.256926976,TASK_BEGIN,3,-0.6633497239747669,0.2965397268918028,-0.333189882586737,0.2467764117934278,-0.5896481083877272,0.2460141531258901,1.1996618169217308,-0.0280773214566155,0,2024-09-14 19:43:10.044227072,1726342990.0442271,2024-09-14 19:43:10.044227051,17,"[ 0.3314894  -0.56061995  0.06656227  0.02213218  0.07005318  0.05704302
  1.          1.          0.2         0.13148941 -0.09101953]",2.0,12.799760598190783,[0.09295751 0.32640507 0.56517916 0.01545826],[0.09295751 0.32640507 0.56517916 0.01545826],30,305,482,0.5030529132548851,0,0
605,680,2024-09-14 19:43:10.324770048,TASK_BEGIN,3,-0.6406916383851704,0.2854355562003283,-0.4069418418739351,0.2448656331648929,-0.5685888250662469,0.245708913508115,1.199160143056588,-0.0288753193984594,0,2024-09-14 19:43:10.044227072,1726342990.0442271,2024-09-14 19:43:10.044227051,17,"[ 0.3314894  -0.56061995  0.06656227  0.02213218  0.07005318  0.05704302
  1.          1.          0.2         0.13148941 -0.09101953]",2.0,12.799760598190783,[0.09295751 0.32640507 0.56517916 0.01545826],[0.09295751 0.32640507 0.56517916 0.01545826],30,305,482,0.5030529132548851,0,0
606,681,2024-09-14 19:43:10.392613120,TASK_BEGIN,3,-0.6142244945667152,0.2741417653605574,-0.4927885965070609,0.245689414826817,-0.5461094172619878,0.2445203926515346,1.211666239595265,-0.029386268939357,0,2024-09-14 19:43:10.044227072,1726342990.0442271,2024-09-14 19:43:10.044227051,17,"[ 0.3314894  -0.56061995  0.06656227  0.02213218  0.07005318  0.05704302
  1.          1.          0.2         0.13148941 -0.09101953]",2.0,12.799760598190783,[0.09295751 0.32640507 0.56517916 0.01545826],[0.09295751 0.32640507 0.56517916 0.01545826],30,305,482,0.5030529132548851,0,0
607,682,2024-09-14 19:43:10.449980928,TASK_BEGIN,3,-0.5844895771373492,0.2628654245524249,-0.5797562802943584,0.2479244099075401,-0.5224627333884088,0.2424087759561981,1.2358922778724597,-0.0298755825365345,0,2024-09-14 19:43:10.065227520,1726342990.0652275,2024-09-14 19:43:10.065227051,17,"[ 0.33187142 -0.5604712   0.05145324  0.00874662  0.07126211  0.02255723
  1.          1.          0.2         0.13187143 -0.09220972]",1.0,1.643496280478059,[0.34144041 0.53068841 0.03416409 0.09370709],[0.34144041 0.53068841 0.03416409 0.09370709],30,305,482,0.2410490291638792,0,0
608,683,2024-09-14 19:43:10.527486976,TASK_BEGIN,3,-0.551974321851294,0.2517706723094093,-0.6574471715637009,0.250241736352191,-0.4978458076704696,0.2392990850723735,1.2697998774358226,-0.0306758461607415,0,2024-09-14 19:43:10.190226176,1726342990.190226,2024-09-14 19:43:10.190226074,17,"[ 0.33186945 -0.5600204  -0.01275678 -0.00217341  0.06725168 -0.00560084
  1.          1.          0.2         0.13186945 -0.09581628]",0.0,0.36366643650145747,[0.46210484 0.29113696 0.02160213 0.22515607],[0.46210484 0.29113696 0.02160213 0.22515607],30,305,482,0.16190120982998332,0,0
609,684,2024-09-14 19:43:10.596076800,TASK_BEGIN,3,-0.5170625882078941,0.2409726784112417,-0.7174184273045967,0.2515145732801521,-0.4724127046087325,0.2350852891031658,1.310985771376732,-0.0321785668973585,0,2024-09-14 19:43:10.988227584,1726342990.9882276,2024-09-14 19:43:10.988227051,17,"[ 0.31413817 -0.56684625 -0.11773212 -0.0213005   0.01262783 -0.05233196
  1.          1.          0.2         0.11413817 -0.0412096 ]",0.0,-0.008220655569829205,[0.51130486 0.18072293 0.04528456 0.26268764],[0.51130486 0.18072293 0.04528456 0.26268764],30,305,482,0.15595528184255097,0,0
610,685,2024-09-14 19:43:10.663863040,TASK_BEGIN,3,-0.4800373616450947,0.2305380131357489,-0.7542320917772977,0.2509743426667015,-0.446294246620939,0.2296430186857967,1.35697683964927,-0.0347717801524143,0,2024-09-14 19:43:11.051228160,1726342991.051228,2024-09-14 19:43:11.051228027,17,"[ 0.3114725  -0.5679047  -0.12704918 -0.02319501  0.00435279 -0.0565981
  1.          1.          0.2         0.11147249 -0.03274193]",0.0,0.00805439865563784,[0.51824941 0.16892493 0.04603745 0.26678822],[0.51824941 0.16892493 0.04603745 0.26678822],30,305,482,0.16019703536816587,0,0
611,686,2024-09-14 19:43:11.579100160,TASK_BEGIN,3,-0.441146758181669,0.2204934842731995,-0.7657847524508709,0.2482630564697776,-0.419615604557772,0.2228486517381388,1.405532975001803,-0.0387844933434658,0,2024-09-14 19:43:11.198261760,1726342991.1982617,2024-09-14 19:43:11.198260986,17,"[ 3.05637926e-01 -5.68659782e-01 -1.02715187e-01 -3.74240638e-09
 -1.53104099e-03  1.24599420e-09  0.00000000e+00  1.00000000e+00
  2.00000003e-01  1.05637915e-01 -2.67008767e-02]",0.0,0.5763946913658344,[0.41799299 0.26124625 0.05316821 0.26759256],[0.41799299 0.26124625 0.05316821 0.26759256],30,305,482,0.1161551416439337,0,0
612,687,2024-09-14 19:43:11.641108992,TASK_BEGIN,3,-0.4007191540375729,0.2108422618406643,-0.7529098881956742,0.2433862113841402,-0.3925177806300667,0.2146053879278363,1.4549564493527378,-0.0444655402234946,0,2024-09-14 19:43:11.261264384,1726342991.2612643,2024-09-14 19:43:11.261264160,17,"[ 3.0372405e-01 -5.6865966e-01 -8.6423442e-02 -3.6580972e-09
 -1.5325008e-03  1.3780161e-09  0.0000000e+00  1.0000000e+00
  2.0000000e-01  1.0372405e-01 -2.6702069e-02]",0.0,0.57071366938818,[0.42057169 0.26128438 0.0529109  0.26523303],[0.42057169 0.26128438 0.0529109  0.26523303],30,305,482,0.11419765953916564,0,0
613,688,2024-09-14 19:43:11.718243840,TASK_BEGIN,3,-0.3592826986237966,0.20158069349821,-0.7185598572673899,0.2366155288117774,-0.3651827053871845,0.204871069766526,1.504300150840292,-0.0519803107406448,0,2024-09-14 19:43:11.324256256,1726342991.3242562,2024-09-14 19:43:11.324255859,17,"[ 3.02149683e-01 -5.68659544e-01 -7.01317042e-02 -3.89647176e-10
 -1.53329480e-03  1.19474364e-09  0.00000000e+00  1.00000000e+00
  2.00000003e-01  1.02149695e-01 -2.67027840e-02]",0.0,0.5652295050528409,[0.42312525 0.26129917 0.05270277 0.26287281],[0.42312525 0.26129917 0.05270277 0.26287281],30,305,482,0.11242215190372684,0,0
614,689,2024-09-14 19:43:11.784509952,TASK_BEGIN,3,-0.3176267886582247,0.1927062537677867,-0.6668627219523883,0.2283862981670858,-0.3378444721026027,0.1936755111497954,1.5533603685816395,-0.0613887546716549,0,2024-09-14 19:43:11.387228672,1726342991.3872287,2024-09-14 19:43:11.387228027,17,"[ 3.0091476e-01 -5.6865954e-01 -5.3839974e-02 -1.8520372e-09
 -1.5337851e-03  1.6824153e-09  0.0000000e+00  1.0000000e+00
  2.0000000e-01  1.0091476e-01 -2.6703261e-02]",0.0,0.5599158072975392,[0.42496929 0.26191388 0.05251052 0.26060631],[0.42496929 0.26191388 0.05251052 0.26060631],30,305,482,0.11083620699419676,0,0
615,690,2024-09-14 19:43:11.854744832,TASK_BEGIN,3,-0.2767679343524403,0.1842123715583283,-0.6022302527313832,0.2192052995713557,-0.3107711316297093,0.1811202620049448,1.6024426802519474,-0.0725866181878021,0,2024-09-14 19:43:11.471227904,1726342991.471228,2024-09-14 19:43:11.471226807,17,"[ 2.9979634e-01 -5.6865954e-01 -3.2117646e-02 -1.1693150e-09
 -1.5341442e-03  1.4377907e-09  0.0000000e+00  1.0000000e+00
  2.0000000e-01  9.9796340e-02 -2.6703261e-02]",0.0,0.5530172124005617,[0.42682614 0.2654372  0.0532169  0.25451976],[0.42682614 0.2654372  0.0532169  0.25451976],30,305,482,0.10849877057467112,0,0
616,691,2024-09-14 19:43:11.922548992,TASK_BEGIN,3,-0.2378448788263329,0.1760766507620828,-0.5286800697925448,0.2095711919507271,-0.2842304411055719,0.1673662766860733,1.6519785503260378,-0.0852267776395954,0,2024-09-14 19:43:11.534260992,1726342991.534261,2024-09-14 19:43:11.534260986,17,"[ 2.9935351e-01 -5.6865954e-01 -1.5825907e-02 -2.5609066e-09
 -1.5342612e-03  2.0604428e-08  0.0000000e+00  1.0000000e+00
  2.0000000e-01  9.9353522e-02 -2.6703261e-02]",0.0,0.5479479313532138,[0.42792446 0.2682586  0.05394406 0.24987288],[0.42792446 0.2682586  0.05394406 0.24987288],30,305,482,0.10701535257320469,0,0
617,692,2024-09-14 19:43:11.980954112,TASK_BEGIN,3,-0.2020057313521863,0.1682539583343994,-0.4494954487523979,0.1999058507999176,-0.258473523418696,0.1526194064016658,1.7020866158315429,-0.098655735683994,0,2024-09-14 19:43:11.597257728,1726342991.5972576,2024-09-14 19:43:11.597257079,17,"[ 2.9924694e-01 -5.6865954e-01  1.2947844e-05  3.7420595e-08
 -1.5344942e-03 -2.5480338e-06  0.0000000e+00  1.0000000e+00
  2.0000000e-01  9.9246949e-02 -2.6703261e-02]",0.0,0.4951583700159681,[0.42613009 0.27334765 0.05491292 0.24560933],[0.42613009 0.27334765 0.05491292 0.24560933],30,305,482,0.10461207384945514,0,0
618,698,2024-09-14 19:43:13.268800000,TASK_BEGIN,3,-0.1002401416483423,0.123712846198702,0.0357466176824345,0.1454097163427393,-0.1389555894443181,0.0576413600174873,1.953878403553229,-0.1362736915383754,0,2024-09-14 19:43:13.663408640,1726342993.6634085,2024-09-14 19:43:13.663407959,18,"[-1.67806947e-03  9.98844385e-01 -1.24357335e-01 -1.43119216e-01
  4.95228264e-03  4.72804308e-02  0.00000000e+00  0.00000000e+00
  2.00000003e-01 -2.01678067e-01 -1.04381866e+01]",0.0,-1.7404179527739743,[0.47815805 0.18126138 0.07525951 0.26532106],[0.47815805 0.18126138 0.07525951 0.26532106],30,140,483,0.175594310146111,0,0
619,699,2024-09-14 19:43:13.339849984,TASK_BEGIN,3,-0.1051539651794811,0.11577551059183,0.1062350541435162,0.1346794767196267,-0.1291815363556285,0.0431810958638519,1.977786384546868,-0.1281899438660526,0,2024-09-14 19:43:13.722428672,1726342993.7224286,2024-09-14 19:43:13.722427979,18,"[-4.1988692e-03  9.8973525e-01 -1.2445134e-01 -2.1995647e-01
  1.2037870e-02  4.7236282e-02  0.0000000e+00  0.0000000e+00
  2.0000000e-01 -2.0419887e-01 -1.0365314e+01]",0.0,-2.4922115127189812,[0.45699433 0.14718224 0.07698949 0.31883393],[0.45699433 0.14718224 0.07698949 0.31883393],30,140,483,0.17837496711061068,0,0
620,700,2024-09-14 19:43:14.281991936,TASK_BEGIN,3,-0.1151173564301522,0.1073716956392265,0.1712885311728184,0.1224291054281075,-0.1234601646762273,0.0297155593080224,1.9963161082198044,-0.1162132476504009,0,2024-09-14 19:43:13.890436864,1726342993.890437,2024-09-14 19:43:13.890435791,18,"[ -0.0109307    0.9478408   -0.1246979   -0.42483646   0.03090202
   0.04712594   0.           0.           0.2         -0.21093069
 -10.030158  ]",0.0,-2.7487175588332917,[0.39858682 0.10605101 0.10583924 0.38952293],[0.39858682 0.10605101 0.10583924 0.38952293],30,140,483,0.15137351576217267,0,0
621,701,2024-09-14 19:43:14.337160192,TASK_BEGIN,3,-0.1289969354653984,0.0984225600883625,0.2305575033504262,0.1083112010974672,-0.1219126441309988,0.0174011483380674,2.0100324617979326,-0.1013872271754182,0,2024-09-14 19:43:13.953393408,1726342993.9533935,2024-09-14 19:43:13.953393066,18,"[-0.0132312   0.92552674 -0.11166671 -0.5016678   0.03345083  0.01699208
  0.          0.          0.2        -0.21323119 -9.851645  ]",0.0,-2.637648966729614,[0.38215919 0.11181361 0.14214374 0.36388346],[0.38215919 0.11181361 0.14214374 0.36388346],30,140,483,0.11134883801866706,0,0
622,702,2024-09-14 19:43:14.414789888,TASK_BEGIN,3,-0.1455833957133282,0.0889228252099421,0.2840101818167854,0.0921222304775517,-0.1244089022971273,0.0063591198718074,2.019610351114764,-0.0850919600862673,0,2024-09-14 19:43:14.792040704,1726342994.7920408,2024-09-14 19:43:14.792041016,18,"[-0.03474379  0.5622853  -0.02284244 -0.60749125 -0.03768418 -0.06109654
  0.          0.          0.2        -0.23474379 -6.9457145 ]",3.0,-2.900412894634167,[0.17316821 0.15869646 0.17922328 0.48891205],[0.2900032  0.20273308 0.32437215 0.18289156],30,140,483,0.1177791398098909,0,0
623,703,2024-09-14 19:43:14.485480960,TASK_BEGIN,3,-0.1637179017340574,0.0789575144222515,0.331898526548005,0.0738656257601151,-0.130567313215499,-0.0033196403463475,2.026007801383847,-0.0689662176423362,0,2024-09-14 19:43:14.792040704,1726342994.7920408,2024-09-14 19:43:14.792041016,18,"[-0.03474379  0.5622853  -0.02284244 -0.60749125 -0.03768418 -0.06109654
  0.          0.          0.2        -0.23474379 -6.9457145 ]",3.0,-2.900412894634167,[0.17316821 0.15869646 0.17922328 0.48891205],[0.2900032  0.20273308 0.32437215 0.18289156],30,140,483,0.1177791398098909,0,0
624,704,2024-09-14 19:43:14.553214208,TASK_BEGIN,3,-0.182374655635155,0.0686993066762281,0.3746630815124588,0.0537852580073764,-0.1397907801659693,-0.0115699746018263,2.030726341522139,-0.0548033019240206,0,2024-09-14 19:43:14.918057472,1726342994.9180574,2024-09-14 19:43:14.918056885,18,"[-0.03633888  0.4970262  -0.03870302 -0.7599739  -0.04683454 -0.02438221
  0.          0.          0.2        -0.23633888 -6.4236417 ]",0.0,-2.6999859746695876,[0.19686112 0.48463653 0.16676139 0.15174096],[0.42236773 0.15915498 0.25643319 0.1620441 ],30,140,483,0.1892698643795844,0,0
625,705,2024-09-14 19:43:14.616239872,TASK_BEGIN,3,-0.2007085509390413,0.0583891360835767,0.4128090025618598,0.0323518521355924,-0.1513008888438004,-0.0183539809678711,2.036004558306847,-0.0444059918985014,0,2024-09-14 19:43:14.918057472,1726342994.9180574,2024-09-14 19:43:14.918056885,18,"[-0.03633888  0.4970262  -0.03870302 -0.7599739  -0.04683454 -0.02438221
  0.          0.          0.2        -0.23633888 -6.4236417 ]",0.0,-2.6999859746695876,[0.19686112 0.48463653 0.16676139 0.15174096],[0.42236773 0.15915498 0.25643319 0.1620441 ],30,140,483,0.1892698643795844,0,0
626,706,2024-09-14 19:43:14.678318080,TASK_BEGIN,3,-0.2180949504946294,0.0483100722322201,0.4467660920681557,0.010212115174327,-0.1641654913496642,-0.0236680022635902,2.044779520659948,-0.039398726797194,0,2024-09-14 19:43:14.918057472,1726342994.9180574,2024-09-14 19:43:14.918056885,18,"[-0.03633888  0.4970262  -0.03870302 -0.7599739  -0.04683454 -0.02438221
  0.          0.          0.2        -0.23633888 -6.4236417 ]",0.0,-2.6999859746695876,[0.19686112 0.48463653 0.16676139 0.15174096],[0.42236773 0.15915498 0.25643319 0.1620441 ],30,140,483,0.1892698643795844,0,0
627,707,2024-09-14 19:43:15.632080128,TASK_BEGIN,3,-0.2341638848567565,0.0387646201650452,0.4766813260010046,-0.0118675360350539,-0.1773624607169442,-0.0275451271409193,2.060396119950116,-0.0410369737479267,0,2024-09-14 19:43:15.611340544,1726342995.6113405,2024-09-14 19:43:15.611340088,18,"[-0.01541177  0.1037271   0.3495324  -0.65805185 -0.39573008 -0.46009278
  0.          0.          0.2        -0.21541177 -3.2772486 ]",2.0,1.9101578533001315,[0.12662018 0.22162766 0.192657   0.45909516],[6.81891866e-03 5.66625773e-01 4.26538440e-01 1.68686570e-05],30,140,483,0.24212772352780382,1,2
628,708,2024-09-14 19:43:15.699917056,TASK_BEGIN,3,-0.2487988131498452,0.0300585736906484,0.5021545572295751,-0.0330464756744326,-0.1899057610076291,-0.0300449360948966,2.0861944194110253,-0.0500809557501634,0,2024-09-14 19:43:15.611340544,1726342995.6113405,2024-09-14 19:43:15.611340088,18,"[-0.01541177  0.1037271   0.3495324  -0.65805185 -0.39573008 -0.46009278
  0.          0.          0.2        -0.21541177 -3.2772486 ]",2.0,1.9101578533001315,[0.12662018 0.22162766 0.192657   0.45909516],[6.81891866e-03 5.66625773e-01 4.26538440e-01 1.68686570e-05],30,140,483,0.24212772352780382,1,2
629,709,2024-09-14 19:43:15.767724032,TASK_BEGIN,3,-0.2620921505835715,0.0224899263571491,0.5220719409199456,-0.0524589241137571,-0.2010073838673655,-0.0312321589368034,2.1250960346559964,-0.0667651979007933,0,2024-09-14 19:43:15.611340544,1726342995.6113405,2024-09-14 19:43:15.611340088,18,"[-0.01541177  0.1037271   0.3495324  -0.65805185 -0.39573008 -0.46009278
  0.          0.          0.2        -0.21541177 -3.2772486 ]",2.0,1.9101578533001315,[0.12662018 0.22162766 0.192657   0.45909516],[6.81891866e-03 5.66625773e-01 4.26538440e-01 1.68686570e-05],30,140,483,0.24212772352780382,1,2
630,710,2024-09-14 19:43:15.835538944,TASK_BEGIN,3,-0.2742924499268475,0.0163425531139349,0.5347135494036533,-0.0692822404430535,-0.210228441477291,-0.0311500658814292,2.179254204499064,-0.0908444057827487,0,2024-09-14 19:43:15.611340544,1726342995.6113405,2024-09-14 19:43:15.611340088,18,"[-0.01541177  0.1037271   0.3495324  -0.65805185 -0.39573008 -0.46009278
  0.          0.          0.2        -0.21541177 -3.2772486 ]",2.0,1.9101578533001315,[0.12662018 0.22162766 0.192657   0.45909516],[6.81891866e-03 5.66625773e-01 4.26538440e-01 1.68686570e-05],30,140,483,0.24212772352780382,1,2
631,711,2024-09-14 19:43:15.902856192,TASK_BEGIN,3,-0.2857681209253176,0.0118837197240545,0.5381333956517205,-0.0828073497859673,-0.2175786190424359,-0.0297945610882938,2.249799575803312,-0.1216792835759985,0,2024-09-14 19:43:15.611340544,1726342995.6113405,2024-09-14 19:43:15.611340088,18,"[-0.01541177  0.1037271   0.3495324  -0.65805185 -0.39573008 -0.46009278
  0.          0.          0.2        -0.21541177 -3.2772486 ]",2.0,1.9101578533001315,[0.12662018 0.22162766 0.192657   0.45909516],[6.81891866e-03 5.66625773e-01 4.26538440e-01 1.68686570e-05],30,140,483,0.24212772352780382,1,2
632,712,2024-09-14 19:43:15.971095040,TASK_BEGIN,3,-0.2969725467075741,0.0093595594098196,0.5305972373841081,-0.0924727594837543,-0.2235324654585297,-0.0271000088304049,2.3366461153655624,-0.1583217415206662,0,2024-09-14 19:43:15.611340544,1726342995.6113405,2024-09-14 19:43:15.611340088,18,"[-0.01541177  0.1037271   0.3495324  -0.65805185 -0.39573008 -0.46009278
  0.          0.          0.2        -0.21541177 -3.2772486 ]",2.0,1.9101578533001315,[0.12662018 0.22162766 0.192657   0.45909516],[6.81891866e-03 5.66625773e-01 4.26538440e-01 1.68686570e-05],30,140,483,0.24212772352780382,1,2
633,713,2024-09-14 19:43:16.027529984,TASK_BEGIN,3,-0.3083912050249618,0.0089828700444934,0.5108297796094133,-0.0978453416212122,-0.2289569872361362,-0.0229487041294871,2.438309538872645,-0.1995609971508442,0,2024-09-14 19:43:15.632347392,1726342995.6323473,2024-09-14 19:43:15.632347168,18,"[-0.01312121  0.09313202  0.36304486 -0.68754613 -0.42048508 -0.4951015
  0.          0.          0.2        -0.2131212  -3.192488  ]",3.0,-5.556933549194534,[0.12390123 0.26707649 0.15272327 0.456299  ],[7.59657882e-03 7.75646939e-01 2.16739444e-01 1.70381474e-05],30,140,483,0.21476399165177443,1,2
634,721,2024-09-14 19:43:18.332281088,TASK_BEGIN,3,-0.4428105121860675,0.0895361815902195,-0.1505823498522054,0.053710091728051,-0.381456978581272,0.0718999379075761,3.253052613839588,-0.4906870199868183,0,2024-09-14 19:43:18.343005952,1726342998.343006,2024-09-14 19:43:18.343004883,19,"[ -0.01250863   0.96630704  -0.12980025  -0.3337156    0.03398732
   0.02244936   0.           0.           0.2         -0.21250863
 -11.10588   ]",3.0,-1.9809818663472447,[0.41578341 0.08676151 0.06643107 0.431024  ],[0.41578341 0.08676151 0.06643107 0.431024  ],30,200,484,0.2550395905744155,0,0
635,722,2024-09-14 19:43:18.395886848,TASK_BEGIN,3,-0.46501208490048,0.1083194838061042,-0.2890194699091352,0.0975312868476773,-0.4217513853603868,0.0902474641017676,3.2851927088472728,-0.4992122641636025,0,2024-09-14 19:43:18.343005952,1726342998.343006,2024-09-14 19:43:18.343004883,19,"[ -0.01250863   0.96630704  -0.12980025  -0.3337156    0.03398732
   0.02244936   0.           0.           0.2         -0.21250863
 -11.10588   ]",3.0,-1.9809818663472447,[0.41578341 0.08676151 0.06643107 0.431024  ],[0.41578341 0.08676151 0.06643107 0.431024  ],30,200,484,0.2550395905744155,0,0
636,723,2024-09-14 19:43:18.467883008,TASK_BEGIN,3,-0.4871004716325709,0.1281438993904221,-0.4306909574373041,0.144090492595366,-0.4652523583321846,0.1091095771785115,3.293052623130354,-0.4993415155353797,0,2024-09-14 19:43:18.343005952,1726342998.343006,2024-09-14 19:43:18.343004883,19,"[ -0.01250863   0.96630704  -0.12980025  -0.3337156    0.03398732
   0.02244936   0.           0.           0.2         -0.21250863
 -11.10588   ]",3.0,-1.9809818663472447,[0.41578341 0.08676151 0.06643107 0.431024  ],[0.41578341 0.08676151 0.06643107 0.431024  ],30,200,484,0.2550395905744155,0,0
637,724,2024-09-14 19:43:18.528996096,TASK_BEGIN,3,-0.5083828338074413,0.1486220671423075,-0.5702214476502618,0.1913805922858713,-0.5104672798712472,0.1280136482258647,3.2770863543168645,-0.491557695986831,0,2024-09-14 19:43:18.343005952,1726342998.343006,2024-09-14 19:43:18.343004883,19,"[ -0.01250863   0.96630704  -0.12980025  -0.3337156    0.03398732
   0.02244936   0.           0.           0.2         -0.21250863
 -11.10588   ]",3.0,-1.9809818663472447,[0.41578341 0.08676151 0.06643107 0.431024  ],[0.41578341 0.08676151 0.06643107 0.431024  ],30,200,484,0.2550395905744155,0,0
638,725,2024-09-14 19:43:18.598668288,TASK_BEGIN,3,-0.5282009491927441,0.1693296230283449,-0.7021849424805175,0.237234663383805,-0.5555811157319143,0.1464282389932799,3.238921406368004,-0.4766447465656113,0,2024-09-14 19:43:18.343005952,1726342998.343006,2024-09-14 19:43:18.343004883,19,"[ -0.01250863   0.96630704  -0.12980025  -0.3337156    0.03398732
   0.02244936   0.           0.           0.2         -0.21250863
 -11.10588   ]",3.0,-1.9809818663472447,[0.41578341 0.08676151 0.06643107 0.431024  ],[0.41578341 0.08676151 0.06643107 0.431024  ],30,200,484,0.2550395905744155,0,0
639,726,2024-09-14 19:43:18.671233792,TASK_BEGIN,3,-0.5459513616340462,0.1897991191968228,-0.8215499948387612,0.2795170244599275,-0.598576636123888,0.1637840718925937,3.181118210937373,-0.4555867268385449,0,2024-09-14 19:43:18.343005952,1726342998.343006,2024-09-14 19:43:18.343004883,19,"[ -0.01250863   0.96630704  -0.12980025  -0.3337156    0.03398732
   0.02244936   0.           0.           0.2         -0.21250863
 -11.10588   ]",3.0,-1.9809818663472447,[0.41578341 0.08676151 0.06643107 0.431024  ],[0.41578341 0.08676151 0.06643107 0.431024  ],30,200,484,0.2550395905744155,0,0
640,727,2024-09-14 19:43:18.732392192,TASK_BEGIN,3,-0.5610823839420577,0.2095207705166802,-0.923764877124843,0.3162401864968338,-0.637415095390285,0.1795094071839744,3.106838877497401,-0.4294717254862787,0,2024-09-14 19:43:18.343005952,1726342998.343006,2024-09-14 19:43:18.343004883,19,"[ -0.01250863   0.96630704  -0.12980025  -0.3337156    0.03398732
   0.02244936   0.           0.           0.2         -0.21250863
 -11.10588   ]",3.0,-1.9809818663472447,[0.41578341 0.08676151 0.06643107 0.431024  ],[0.41578341 0.08676151 0.06643107 0.431024  ],30,200,484,0.2550395905744155,0,0
641,728,2024-09-14 19:43:19.650659072,TASK_BEGIN,3,-0.5730911196904751,0.2279539363739855,-1.0045898852353954,0.3456118802218925,-0.6702350833244144,0.1930704818114307,3.0194413323156803,-0.3994080956709167,0,2024-09-14 19:43:19.622863872,1726342999.6228638,2024-09-14 19:43:19.622863037,19,"[-0.07242767  0.35816765 -0.19005142 -0.7237077  -0.04928459  0.01186193
  0.          0.          0.2        -0.27242768 -6.240764  ]",1.0,-2.923508711696295,[0.20238179 0.48175712 0.15189433 0.16396676],[0.45188688 0.14180251 0.164916   0.24139461],30,200,484,0.22776795814841475,0,0
642,729,2024-09-14 19:43:19.713587200,TASK_BEGIN,3,-0.5815426045922117,0.2445499132652799,-1.059913254208157,0.3660551469643606,-0.6955130472314719,0.2040027419803271,2.9220216615904304,-0.3664617700632798,0,2024-09-14 19:43:19.622863872,1726342999.6228638,2024-09-14 19:43:19.622863037,19,"[-0.07242767  0.35816765 -0.19005142 -0.7237077  -0.04928459  0.01186193
  0.          0.          0.2        -0.27242768 -6.240764  ]",1.0,-2.923508711696295,[0.20238179 0.48175712 0.15189433 0.16396676],[0.45188688 0.14180251 0.164916   0.24139461],30,200,484,0.22776795814841475,0,0
643,730,2024-09-14 19:43:19.791211008,TASK_BEGIN,3,-0.5861133586578041,0.2587830393105214,-1.0857969297225556,0.3762584924492193,-0.7121497195355473,0.2119266775140645,2.816983442599247,-0.331619764487037,0,2024-09-14 19:43:19.622863872,1726342999.6228638,2024-09-14 19:43:19.622863037,19,"[-0.07242767  0.35816765 -0.19005142 -0.7237077  -0.04928459  0.01186193
  0.          0.          0.2        -0.27242768 -6.240764  ]",1.0,-2.923508711696295,[0.20238179 0.48175712 0.15189433 0.16396676],[0.45188688 0.14180251 0.164916   0.24139461],30,200,484,0.22776795814841475,0,0
644,731,2024-09-14 19:43:19.853276928,TASK_BEGIN,3,-0.5866384737579461,0.2701840206482213,-1.0788874118716234,0.3752839025090733,-0.7194955791712325,0.2165562066517694,2.7058170967304824,-0.2957791447752091,0,2024-09-14 19:43:19.622863872,1726342999.6228638,2024-09-14 19:43:19.622863037,19,"[-0.07242767  0.35816765 -0.19005142 -0.7237077  -0.04928459  0.01186193
  0.          0.          0.2        -0.27242768 -6.240764  ]",1.0,-2.923508711696295,[0.20238179 0.48175712 0.15189433 0.16396676],[0.45188688 0.14180251 0.164916   0.24139461],30,200,484,0.22776795814841475,0,0
645,732,2024-09-14 19:43:19.917250048,TASK_BEGIN,3,-0.5831455437817987,0.2783706063115557,-1.0370819839053096,0.362697224176904,-0.7173578320328657,0.2177130176321988,2.5892987457729864,-0.2597643274152593,0,2024-09-14 19:43:20.314862848,1726343000.314863,2024-09-14 19:43:20.314863037,19,"[-0.12850451 -0.10852981 -0.3286822  -0.83002007  0.19213785  0.26147887
  0.          0.          0.2        -0.3285045  -2.5071845 ]",2.0,8.233250901431017,[0.12754811 0.45723611 0.25893536 0.15628042],[2.94383082e-02 4.41887183e-04 7.37523164e-01 2.32596641e-01],30,200,484,0.23329222551402445,0,0
646,733,2024-09-14 19:43:19.993259008,TASK_BEGIN,3,-0.5758714462416408,0.283072893803137,-0.9601547133036256,0.3386506893470536,-0.7060098180370411,0.215351029257981,2.4681171055715607,-0.2243812950437077,0,2024-09-14 19:43:20.335863552,1726343000.3358636,2024-09-14 19:43:20.335863037,19,"[-0.13100338 -0.12001282 -0.3781435  -0.7373387   0.20493193  0.25588188
  0.          0.          0.2        -0.33100337 -2.4153204 ]",2.0,4.61484285659331,[0.13187369 0.45942871 0.2281038  0.1805938 ],[0.04561099 0.00080505 0.59356724 0.36001673],30,200,484,0.23509606521051934,0,0
647,734,2024-09-14 19:43:20.054465024,TASK_BEGIN,3,-0.5652456932328763,0.2841488512267455,-0.8501344730937682,0.303891062187159,-0.6861915028027806,0.2095823677031177,2.343627906107845,-0.1904876647359552,0,2024-09-14 19:43:20.419863040,1726343000.419863,2024-09-14 19:43:20.419863037,19,"[-0.14295371 -0.16422534 -0.46511716 -0.7169727   0.2612686   0.26816177
  0.          0.          0.2        -0.3429537  -2.0616202 ]",3.0,-2.7819022459304197,[0.12677781 0.45368779 0.12790694 0.29162745],[5.25216998e-02 5.26882038e-04 6.13886303e-02 8.85562788e-01],30,200,484,0.24517122039652403,0,0
648,735,2024-09-14 19:43:21.007464192,TASK_BEGIN,3,-0.5518081751118787,0.281583653337257,-0.7114297005322737,0.2597287080657781,-0.6590870240900323,0.200692616038106,2.2183176209678552,-0.159008608903229,0,2024-09-14 19:43:20.798481408,1726343000.7984815,2024-09-14 19:43:20.798480957,19,"[-0.20987265 -0.40498406 -0.68003863 -0.96518445  0.49140555  0.2930087
  0.          0.          0.2        -0.40987265 -0.13555059]",1.0,-4.933048791490259,[0.12297178 0.45136295 0.11810525 0.30756003],[4.11706522e-02 1.51333465e-04 7.91939150e-04 9.57886075e-01],30,200,484,0.27316234761577013,1,2
649,736,2024-09-14 19:43:21.070095872,TASK_BEGIN,3,-0.5360538768341643,0.2754702954443386,-0.5506840670217951,0.2079897321425802,-0.6262728467566547,0.1891375569892255,2.095761594420721,-0.1308487530563186,0,2024-09-14 19:43:20.798481408,1726343000.7984815,2024-09-14 19:43:20.798480957,19,"[-0.20987265 -0.40498406 -0.68003863 -0.96518445  0.49140555  0.2930087
  0.          0.          0.2        -0.40987265 -0.13555059]",1.0,-4.933048791490259,[0.12297178 0.45136295 0.11810525 0.30756003],[4.11706522e-02 1.51333465e-04 7.91939150e-04 9.57886075e-01],30,200,484,0.27316234761577013,1,2
650,737,2024-09-14 19:43:21.132178944,TASK_BEGIN,3,-0.5182548893982529,0.2659781503931011,-0.3762296349313394,0.1509221396308995,-0.5896293164822828,0.1755191530287263,1.9801853550209132,-0.1067405303263274,0,2024-09-14 19:43:20.798481408,1726343000.7984815,2024-09-14 19:43:20.798480957,19,"[-0.20987265 -0.40498406 -0.68003863 -0.96518445  0.49140555  0.2930087
  0.          0.          0.2        -0.40987265 -0.13555059]",1.0,-4.933048791490259,[0.12297178 0.45136295 0.11810525 0.30756003],[4.11706522e-02 1.51333465e-04 7.91939150e-04 9.57886075e-01],30,200,484,0.27316234761577013,1,2
651,738,2024-09-14 19:43:21.210901248,TASK_BEGIN,3,-0.4983433164778909,0.2533229848162018,-0.1971067249049821,0.0910297391214704,-0.5512130626499863,0.1605431730786602,1.8758849408541889,-0.0871181463867721,0,2024-09-14 19:43:20.819585536,1726343000.8195856,2024-09-14 19:43:20.819584961,19,"[-0.21454263 -0.42041397 -0.6935965  -0.99514806  0.5078684   0.32925752
  0.          1.          0.2        -0.41454262 -0.01211127]",1.0,4.691654856729107,[0.12191111 0.45112171 0.11781657 0.30915061],[3.45073442e-02 1.04787070e-04 3.44097741e-04 9.65043771e-01],30,200,484,0.26594884932476137,1,2
652,739,2024-09-14 19:43:21.270524928,TASK_BEGIN,3,-0.4759096313494434,0.2377488863186454,-0.0218778139550927,0.03085643480516,-0.5130992646633115,0.1449651424621751,1.786710728074277,-0.0720725525925232,0,2024-09-14 19:43:21.616574976,1726343001.616575,2024-09-14 19:43:21.616573975,19,"[-0.4671423  -0.22268498 -1.8690768   0.46040013  0.84912616  0.03778296
  0.          0.          0.2        -0.66714233 -1.5939432 ]",3.0,-0.1913035796980671,[0.11658527 0.11658517 0.4499185  0.31691106],[9.01685885e-07 1.10611581e-10 4.25646017e-11 9.99999098e-01],30,200,484,0.245928160804025,1,2
653,740,2024-09-14 19:43:21.331598848,TASK_BEGIN,3,-0.4503069183997037,0.2195229279601964,0.1424179803432955,-0.0272260861996279,-0.4772118269354335,0.1295335105509872,1.7157439682336526,-0.0613942952775192,0,2024-09-14 19:43:21.616574976,1726343001.616575,2024-09-14 19:43:21.616573975,19,"[-0.4671423  -0.22268498 -1.8690768   0.46040013  0.84912616  0.03778296
  0.          0.          0.2        -0.66714233 -1.5939432 ]",3.0,-0.1913035796980671,[0.11658527 0.11658517 0.4499185  0.31691106],[9.01685885e-07 1.10611581e-10 4.25646017e-11 9.99999098e-01],30,200,484,0.245928160804025,1,2
654,741,2024-09-14 19:43:21.414231808,TASK_BEGIN,3,-0.4208095135905818,0.1989371506808988,0.2909278499879509,-0.0811894005949371,-0.4451692332734335,0.1149375478946015,1.6652173721806518,-0.0546879667318544,0,2024-09-14 19:43:21.616574976,1726343001.616575,2024-09-14 19:43:21.616573975,19,"[-0.4671423  -0.22268498 -1.8690768   0.46040013  0.84912616  0.03778296
  0.          0.          0.2        -0.66714233 -1.5939432 ]",3.0,-0.1913035796980671,[0.11658527 0.11658517 0.4499185  0.31691106],[9.01685885e-07 1.10611581e-10 4.25646017e-11 9.99999098e-01],30,200,484,0.245928160804025,1,2
655,742,2024-09-14 19:43:22.357534976,TASK_BEGIN,3,-0.3867782739791194,0.1763121883612415,0.4211935829092282,-0.1294699401779999,-0.4181784572338615,0.101764160080745,1.6365959065987017,-0.0515230868586906,0,2024-09-14 19:43:22.267538688,1726343002.2675388,2024-09-14 19:43:22.267539062,19,"[-1.0102779  -0.02055621 -2.869475    0.21349396  0.96861297  0.07988425
  0.          0.          0.2        -1.2102779  -3.2109733 ]",0.0,-102.16072254781608,[0.1165852  0.44991848 0.11658515 0.31691116],[4.18329316e-07 1.26673201e-11 1.97277496e-11 9.99999582e-01],30,200,484,0.2502122262725558,1,2
656,743,2024-09-14 19:43:22.420728064,TASK_BEGIN,3,-0.3478121154010459,0.1520001963859806,0.5329070865077294,-0.1710335467987131,-0.3969937572080574,0.0904659938072991,1.6306631179672035,-0.0515682340934242,0,2024-09-14 19:43:22.267538688,1726343002.2675388,2024-09-14 19:43:22.267539062,19,"[-1.0102779  -0.02055621 -2.869475    0.21349396  0.96861297  0.07988425
  0.          0.          0.2        -1.2102779  -3.2109733 ]",0.0,-102.16072254781608,[0.1165852  0.44991848 0.11658515 0.31691116],[4.18329316e-07 1.26673201e-11 1.97277496e-11 9.99999582e-01],30,200,484,0.2502122262725558,1,2
657,744,2024-09-14 19:43:22.491480832,TASK_BEGIN,3,-0.3038780292336704,0.1263880731970877,0.6272568205817785,-0.2053643295760732,-0.381928570655891,0.0813425779415136,1.6475499995078022,-0.0546599690855325,0,2024-09-14 19:43:22.267538688,1726343002.2675388,2024-09-14 19:43:22.267539062,19,"[-1.0102779  -0.02055621 -2.869475    0.21349396  0.96861297  0.07988425
  0.          0.          0.2        -1.2102779  -3.2109733 ]",0.0,-102.16072254781608,[0.1165852  0.44991848 0.11658515 0.31691116],[4.18329316e-07 1.26673201e-11 1.97277496e-11 9.99999582e-01],30,200,484,0.2502122262725558,1,2
658,745,2024-09-14 19:43:22.552434688,TASK_BEGIN,3,-0.2553972485103027,0.0999003426661177,0.7060454776822508,-0.2323813537192633,-0.3728952566416024,0.0745341928240428,1.6867433679605357,-0.0607836675249724,0,2024-09-14 19:43:22.267538688,1726343002.2675388,2024-09-14 19:43:22.267539062,19,"[-1.0102779  -0.02055621 -2.869475    0.21349396  0.96861297  0.07988425
  0.          0.          0.2        -1.2102779  -3.2109733 ]",0.0,-102.16072254781608,[0.1165852  0.44991848 0.11658515 0.31691116],[4.18329316e-07 1.26673201e-11 1.97277496e-11 9.99999582e-01],30,200,484,0.2502122262725558,1,2
659,746,2024-09-14 19:43:22.628752896,TASK_BEGIN,3,-0.2032537937736155,0.0729968365141592,0.7708954882954951,-0.2523279851312193,-0.3694621037925155,0.0700269041477338,1.747088099866671,-0.0699758597176965,0,2024-09-14 19:43:22.267538688,1726343002.2675388,2024-09-14 19:43:22.267539062,19,"[-1.0102779  -0.02055621 -2.869475    0.21349396  0.96861297  0.07988425
  0.          0.          0.2        -1.2102779  -3.2109733 ]",0.0,-102.16072254781608,[0.1165852  0.44991848 0.11658515 0.31691116],[4.18329316e-07 1.26673201e-11 1.97277496e-11 9.99999582e-01],30,200,484,0.2502122262725558,1,2
660,749,2024-09-14 19:43:23.681921024,TASK_BEGIN,3,-0.0384024767040272,-0.0054007807546813,0.8883113214175458,-0.2755058409622567,-0.3851579556411894,0.0682711191247627,2.032608317333295,-0.1142545164355785,0,2024-09-14 19:43:23.829900032,1726343003.8299,2024-09-14 19:43:23.829899902,20,"[ 2.2529762e-03  9.9908471e-01  1.5859957e-01 -1.3534498e-01
 -5.0824145e-03 -3.3020362e-02  0.0000000e+00  0.0000000e+00
 -4.0000001e-01  4.0225297e-01 -1.1617481e+01]",1.0,-0.22729688718163232,[0.31097252 0.42568674 0.14674628 0.11659446],[0.31097252 0.42568674 0.14674628 0.11659446],30,302,485,0.10529579219444966,0,0
661,750,2024-09-14 19:43:23.743504128,TASK_BEGIN,3,0.0143800015282008,-0.0292560714521955,0.9011877018857256,-0.2737532579183828,-0.3961625868506018,0.0705204908511027,2.150729346994097,-0.1325771033452376,0,2024-09-14 19:43:23.829900032,1726343003.8299,2024-09-14 19:43:23.829899902,20,"[ 2.2529762e-03  9.9908471e-01  1.5859957e-01 -1.3534498e-01
 -5.0824145e-03 -3.3020362e-02  0.0000000e+00  0.0000000e+00
 -4.0000001e-01  4.0225297e-01 -1.1617481e+01]",1.0,-0.22729688718163232,[0.31097252 0.42568674 0.14674628 0.11659446],[0.31097252 0.42568674 0.14674628 0.11659446],30,302,485,0.10529579219444966,0,0
662,751,2024-09-14 19:43:23.805006080,TASK_BEGIN,3,0.0638365460542996,-0.0513440985700636,0.9004474157539332,-0.2688512255798306,-0.4087083423112883,0.073576869531987,2.27198375514408,-0.1508731545752445,0,2024-09-14 19:43:23.829900032,1726343003.8299,2024-09-14 19:43:23.829899902,20,"[ 2.2529762e-03  9.9908471e-01  1.5859957e-01 -1.3534498e-01
 -5.0824145e-03 -3.3020362e-02  0.0000000e+00  0.0000000e+00
 -4.0000001e-01  4.0225297e-01 -1.1617481e+01]",1.0,-0.22729688718163232,[0.31097252 0.42568674 0.14674628 0.11659446],[0.31097252 0.42568674 0.14674628 0.11659446],30,302,485,0.10529579219444966,0,0
663,752,2024-09-14 19:43:23.885886976,TASK_BEGIN,3,0.1089512393096364,-0.0713920937713403,0.8865215059898981,-0.2616888950406805,-0.4221035531818031,0.0771104023293546,2.3902962804572305,-0.1677737343206455,0,2024-09-14 19:43:23.829900032,1726343003.8299,2024-09-14 19:43:23.829899902,20,"[ 2.2529762e-03  9.9908471e-01  1.5859957e-01 -1.3534498e-01
 -5.0824145e-03 -3.3020362e-02  0.0000000e+00  0.0000000e+00
 -4.0000001e-01  4.0225297e-01 -1.1617481e+01]",1.0,-0.22729688718163232,[0.31097252 0.42568674 0.14674628 0.11659446],[0.31097252 0.42568674 0.14674628 0.11659446],30,302,485,0.10529579219444966,0,0
664,753,2024-09-14 19:43:23.943469056,TASK_BEGIN,3,0.1489837715650105,-0.0892047899501077,0.860635855937155,-0.2529575391209869,-0.4357085259670723,0.0808490329544619,2.499546180350689,-0.1819757509025469,0,2024-09-14 19:43:23.829900032,1726343003.8299,2024-09-14 19:43:23.829899902,20,"[ 2.2529762e-03  9.9908471e-01  1.5859957e-01 -1.3534498e-01
 -5.0824145e-03 -3.3020362e-02  0.0000000e+00  0.0000000e+00
 -4.0000001e-01  4.0225297e-01 -1.1617481e+01]",1.0,-0.22729688718163232,[0.31097252 0.42568674 0.14674628 0.11659446],[0.31097252 0.42568674 0.14674628 0.11659446],30,302,485,0.10529579219444966,0,0
665,754,2024-09-14 19:43:24.021353984,TASK_BEGIN,3,0.1834465740167477,-0.1046597589490726,0.8247710310351966,-0.2430873112168238,-0.4489026173436589,0.084586808015301,2.594089230586232,-0.1923871237697075,0,2024-09-14 19:43:23.829900032,1726343003.8299,2024-09-14 19:43:23.829899902,20,"[ 2.2529762e-03  9.9908471e-01  1.5859957e-01 -1.3534498e-01
 -5.0824145e-03 -3.3020362e-02  0.0000000e+00  0.0000000e+00
 -4.0000001e-01  4.0225297e-01 -1.1617481e+01]",1.0,-0.22729688718163232,[0.31097252 0.42568674 0.14674628 0.11659446],[0.31097252 0.42568674 0.14674628 0.11659446],30,302,485,0.10529579219444966,0,0
666,755,2024-09-14 19:43:24.082653952,TASK_BEGIN,3,0.2120309869610397,-0.1176942121718946,0.7815718979044116,-0.2322668508825235,-0.4610560007545032,0.0881820818411667,2.66907117042278,-0.1981904830572753,0,2024-09-14 19:43:23.829900032,1726343003.8299,2024-09-14 19:43:23.829899902,20,"[ 2.2529762e-03  9.9908471e-01  1.5859957e-01 -1.3534498e-01
 -5.0824145e-03 -3.3020362e-02  0.0000000e+00  0.0000000e+00
 -4.0000001e-01  4.0225297e-01 -1.1617481e+01]",1.0,-0.22729688718163232,[0.31097252 0.42568674 0.14674628 0.11659446],[0.31097252 0.42568674 0.14674628 0.11659446],30,302,485,0.10529579219444966,0,0
667,756,2024-09-14 19:43:25.021467904,TASK_BEGIN,3,0.2345067484255321,-0.1282856530364346,0.7342588969925429,-0.2205320808157987,-0.4715269362897411,0.0915503184625936,2.7205501457597023,-0.1988606458336262,0,2024-09-14 19:43:25.420472832,1726343005.4204729,2024-09-14 19:43:25.420471924,20,"[ 0.05641866  0.36217308  0.19310427 -0.8234848  -0.26114792 -0.31597608
  0.          0.         -0.4         0.45641866 -6.522188  ]",3.0,-4.6479848416195555,[0.13359702 0.26225975 0.14678989 0.45735334],[0.07642584 0.75093331 0.1706001  0.00204075],30,302,485,0.2199038573098397,0,0
668,757,2024-09-14 19:43:25.099392768,TASK_BEGIN,3,0.2506367650944511,-0.1364326323096151,0.6864409133632297,-0.2078660754471089,-0.4797070032779185,0.0946577924211105,2.7455067810372795,-0.1941558629862232,0,2024-09-14 19:43:25.420472832,1726343005.4204729,2024-09-14 19:43:25.420471924,20,"[ 0.05641866  0.36217308  0.19310427 -0.8234848  -0.26114792 -0.31597608
  0.          0.         -0.4         0.45641866 -6.522188  ]",3.0,-4.6479848416195555,[0.13359702 0.26225975 0.14678989 0.45735334],[0.07642584 0.75093331 0.1706001  0.00204075],30,302,485,0.2199038573098397,0,0
669,758,2024-09-14 19:43:25.168268800,TASK_BEGIN,3,0.2601438987684141,-0.1421442943066551,0.6417406883491247,-0.1942642130238073,-0.4850990997910093,0.0975177776957155,2.741809890224153,-0.1840719168472444,0,2024-09-14 19:43:25.547480320,1726343005.5474803,2024-09-14 19:43:25.547479980,20,"[ 0.06269121  0.2773242   0.1720796  -0.97436583 -0.33798987 -0.26635128
  0.          0.         -0.4         0.46269122 -5.843397  ]",3.0,-4.57978795671759,[0.12912471 0.2699822  0.14453834 0.45635475],[0.04951916 0.78709654 0.16228534 0.00109896],30,302,485,0.22432207640030102,0,0
670,759,2024-09-14 19:43:25.236056064,TASK_BEGIN,3,0.2627325876873906,-0.1454439368592743,0.6033271709571433,-0.1797685186286974,-0.4873757635685816,0.1001850249980279,2.708242609835632,-0.168770601742395,0,2024-09-14 19:43:25.547480320,1726343005.5474803,2024-09-14 19:43:25.547479980,20,"[ 0.06269121  0.2773242   0.1720796  -0.97436583 -0.33798987 -0.26635128
  0.          0.         -0.4         0.46269122 -5.843397  ]",3.0,-4.57978795671759,[0.12912471 0.2699822  0.14453834 0.45635475],[0.04951916 0.78709654 0.16228534 0.00109896],30,302,485,0.22432207640030102,0,0
671,760,2024-09-14 19:43:25.303829760,TASK_BEGIN,3,0.2581402266859544,-0.1463838071972561,0.5735856000782288,-0.1644928736539287,-0.4863839200685438,0.1027449754194291,2.6446479772296803,-0.148518148804368,0,2024-09-14 19:43:25.672472832,1726343005.6724727,2024-09-14 19:43:25.672471924,20,"[ 0.06766272  0.17883599  0.11732403 -1.1137893  -0.38602546 -0.12697878
  0.          0.         -0.4         0.46766272 -5.0554914 ]",3.0,-3.675985856444422,[0.13701327 0.21318242 0.18928179 0.46052252],[0.07729316 0.51936362 0.40045224 0.00289098],30,302,485,0.2299989811164384,0,0
672,761,2024-09-14 19:43:25.371652096,TASK_BEGIN,3,0.2462015339279742,-0.145063192183896,0.5540780084257111,-0.1486423571239967,-0.4821140787418476,0.105298887699887,2.5521064467921843,-0.1236531615506937,0,2024-09-14 19:43:25.672472832,1726343005.6724727,2024-09-14 19:43:25.672471924,20,"[ 0.06766272  0.17883599  0.11732403 -1.1137893  -0.38602546 -0.12697878
  0.          0.         -0.4         0.46766272 -5.0554914 ]",3.0,-3.675985856444422,[0.13701327 0.21318242 0.18928179 0.46052252],[0.07729316 0.51936362 0.40045224 0.00289098],30,302,485,0.2299989811164384,0,0
673,762,2024-09-14 19:43:25.439280896,TASK_BEGIN,3,0.2269230269034531,-0.1416418722431953,0.5457264996703434,-0.1325186930226444,-0.4746794656217278,0.1079504783603569,2.4330339172412083,-0.0945858567101124,0,2024-09-14 19:43:25.819511296,1726343005.8195114,2024-09-14 19:43:25.819510986,20,"[ 0.07456795  0.04842031  0.1862974  -1.2425466  -0.43912017 -0.1555972
  0.          0.         -0.4         0.47456795 -4.012166  ]",3.0,-3.958882133990679,[0.12860792 0.24707113 0.16617583 0.45814512],[3.01939192e-02 6.83101766e-01 2.86471929e-01 2.32385833e-04],30,302,485,0.23351402183280806,0,0
674,763,2024-09-14 19:43:26.372121088,TASK_BEGIN,3,0.2005496653487623,-0.1363420922567194,0.5489946056373887,-0.1165024822721685,-0.4643379371886087,0.1108016694021916,2.2911706181847924,-0.0618224634531708,0,2024-09-14 19:43:26.364755968,1726343006.3647559,2024-09-14 19:43:26.364754883,20,"[ 0.13598037 -0.4186688   0.07740308 -0.3388382  -0.27746114  1.7934383
  0.          1.         -0.4         0.53598034 -0.27545315]",1.0,16.667972771430062,[0.11667407 0.44998779 0.11686608 0.31647207],[1.68263575e-04 1.44500323e-07 1.81262355e-03 9.98018968e-01],30,302,485,0.28444145009343064,1,2
675,764,2024-09-14 19:43:26.450532096,TASK_BEGIN,3,0.1675891635104444,-0.1294350644688576,0.5638982285626357,-0.1010052822520775,-0.4515495448982649,0.1139594967568836,2.13136738435555,-0.0259841510339713,0,2024-09-14 19:43:26.364755968,1726343006.3647559,2024-09-14 19:43:26.364754883,20,"[ 0.13598037 -0.4186688   0.07740308 -0.3388382  -0.27746114  1.7934383
  0.          1.         -0.4         0.53598034 -0.27545315]",1.0,16.667972771430062,[0.11667407 0.44998779 0.11686608 0.31647207],[1.68263575e-04 1.44500323e-07 1.81262355e-03 9.98018968e-01],30,302,485,0.28444145009343064,1,2
676,765,2024-09-14 19:43:26.518338816,TASK_BEGIN,3,0.1287780496905905,-0.1212158404371378,0.589865326549786,-0.0863964284447862,-0.4370201219396353,0.117544537452073,1.959015238752007,0.0122181796130919,0,2024-09-14 19:43:26.364755968,1726343006.3647559,2024-09-14 19:43:26.364754883,20,"[ 0.13598037 -0.4186688   0.07740308 -0.3388382  -0.27746114  1.7934383
  0.          1.         -0.4         0.53598034 -0.27545315]",1.0,16.667972771430062,[0.11667407 0.44998779 0.11686608 0.31647207],[1.68263575e-04 1.44500323e-07 1.81262355e-03 9.98018968e-01],30,302,485,0.28444145009343064,1,2
677,766,2024-09-14 19:43:26.586092032,TASK_BEGIN,3,0.0850121262257921,-0.1119768717676822,0.6255924195750446,-0.0729218423298989,-0.4216769943836999,0.1216865574189121,1.7792164000814472,0.0520471948314547,0,2024-09-14 19:43:26.364755968,1726343006.3647559,2024-09-14 19:43:26.364754883,20,"[ 0.13598037 -0.4186688   0.07740308 -0.3388382  -0.27746114  1.7934383
  0.          1.         -0.4         0.53598034 -0.27545315]",1.0,16.667972771430062,[0.11667407 0.44998779 0.11686608 0.31647207],[1.68263575e-04 1.44500323e-07 1.81262355e-03 9.98018968e-01],30,302,485,0.28444145009343064,1,2
678,767,2024-09-14 19:43:26.652617984,TASK_BEGIN,3,0.0372840163592847,-0.1019883353838136,0.6690547177171338,-0.0606383801182991,-0.4065677842218227,0.1265020104179583,1.5960797912648894,0.092795281897136,0,2024-09-14 19:43:26.364755968,1726343006.3647559,2024-09-14 19:43:26.364754883,20,"[ 0.13598037 -0.4186688   0.07740308 -0.3388382  -0.27746114  1.7934383
  0.          1.         -0.4         0.53598034 -0.27545315]",1.0,16.667972771430062,[0.11667407 0.44998779 0.11686608 0.31647207],[1.68263575e-04 1.44500323e-07 1.81262355e-03 9.98018968e-01],30,302,485,0.28444145009343064,1,2
679,768,2024-09-14 19:43:26.714152192,TASK_BEGIN,3,-0.013345571589749,-0.0914867042407869,0.7177062549864637,-0.049384646758944,-0.3927265186531141,0.1320617607650342,1.4124361133210577,0.1337970333899321,0,2024-09-14 19:43:26.364755968,1726343006.3647559,2024-09-14 19:43:26.364754883,20,"[ 0.13598037 -0.4186688   0.07740308 -0.3388382  -0.27746114  1.7934383
  0.          1.         -0.4         0.53598034 -0.27545315]",1.0,16.667972771430062,[0.11667407 0.44998779 0.11686608 0.31647207],[1.68263575e-04 1.44500323e-07 1.81262355e-03 9.98018968e-01],30,302,485,0.28444145009343064,1,2
680,769,2024-09-14 19:43:26.775249920,TASK_BEGIN,3,-0.0657522712093791,-0.0806691681518348,0.7687597967026333,-0.038799980430474,-0.3810683674691971,0.1383646242758836,1.2299973255463512,0.1743823177096527,0,2024-09-14 19:43:26.384758016,1726343006.384758,2024-09-14 19:43:26.384757080,20,"[ 0.137923   -0.42214203  0.18902217 -0.20744574 -0.22266     1.0843674
  0.          1.         -0.4         0.537923   -0.24766736]",2.0,11.716221927964366,[0.11665749 0.44993561 0.11660412 0.31680278],[4.73438643e-04 1.80074089e-08 1.58794478e-05 9.99510664e-01],30,302,485,0.24016328639142373,1,2
681,770,2024-09-14 19:43:27.730464000,TASK_BEGIN,3,-0.1187547420420937,-0.0696913221950039,0.8194527399340655,-0.0283955676612792,-0.3723436342376169,0.1453280953493036,1.04983639854567,0.2137820967801383,0,2024-09-14 19:43:28.029888512,1726343008.0298884,2024-09-14 19:43:28.029887939,20,"[ 0.3246478   0.58374095 -0.01863847  1.3421614   0.3274642   0.24903937
  0.          0.         -0.4         0.7246478  -8.294731  ]",2.0,-9.845220985005586,[0.14943172 0.25822539 0.46117853 0.13116437],[0.18485361 0.73184687 0.02883421 0.05446532],30,302,485,0.2719913271824833,1,2
682,771,2024-09-14 19:43:27.800590080,TASK_BEGIN,3,-0.171134666706023,-0.0586674866386322,0.8672853885183833,-0.0176624548410156,-0.3671337874502803,0.1527964324720927,0.8729842997971133,0.2510402149795495,0,2024-09-14 19:43:28.029888512,1726343008.0298884,2024-09-14 19:43:28.029887939,20,"[ 0.3246478   0.58374095 -0.01863847  1.3421614   0.3274642   0.24903937
  0.          0.         -0.4         0.7246478  -8.294731  ]",2.0,-9.845220985005586,[0.14943172 0.25822539 0.46117853 0.13116437],[0.18485361 0.73184687 0.02883421 0.05446532],30,302,485,0.2719913271824833,1,2
683,772,2024-09-14 19:43:27.868271104,TASK_BEGIN,3,-0.2216685745738622,-0.0476737372846933,0.9101890515254132,-0.0061757380356299,-0.3658554039533221,0.1605589977673827,0.7009022078034769,0.2849904272382781,0,2024-09-14 19:43:28.029888512,1726343008.0298884,2024-09-14 19:43:28.029887939,20,"[ 0.3246478   0.58374095 -0.01863847  1.3421614   0.3274642   0.24903937
  0.          0.         -0.4         0.7246478  -8.294731  ]",2.0,-9.845220985005586,[0.14943172 0.25822539 0.46117853 0.13116437],[0.18485361 0.73184687 0.02883421 0.05446532],30,302,485,0.2719913271824833,1,2
684,773,2024-09-14 19:43:27.936097024,TASK_BEGIN,3,-0.2691787099618384,-0.0367510616365383,0.9465711313636692,0.0063417319224291,-0.3687561811458152,0.1683721720924399,0.535684650459019,0.3143180780626967,0,2024-09-14 19:43:28.029888512,1726343008.0298884,2024-09-14 19:43:28.029887939,20,"[ 0.3246478   0.58374095 -0.01863847  1.3421614   0.3274642   0.24903937
  0.          0.         -0.4         0.7246478  -8.294731  ]",2.0,-9.845220985005586,[0.14943172 0.25822539 0.46117853 0.13116437],[0.18485361 0.73184687 0.02883421 0.05446532],30,302,485,0.2719913271824833,1,2
685,774,2024-09-14 19:43:28.003860736,TASK_BEGIN,3,-0.3126057530647373,-0.0259055113306456,0.975274671442407,0.0200045452224218,-0.3759034319828457,0.1759802908648084,0.3800085179969927,0.3376909078146545,0,2024-09-14 19:43:28.029888512,1726343008.0298884,2024-09-14 19:43:28.029887939,20,"[ 0.3246478   0.58374095 -0.01863847  1.3421614   0.3274642   0.24903937
  0.          0.         -0.4         0.7246478  -8.294731  ]",2.0,-9.845220985005586,[0.14943172 0.25822539 0.46117853 0.13116437],[0.18485361 0.73184687 0.02883421 0.05446532],30,302,485,0.2719913271824833,1,2
686,775,2024-09-14 19:43:28.067774976,TASK_BEGIN,3,-0.3510804498030672,-0.0151083936601936,0.995530092063356,0.0347854567899958,-0.3871643003501258,0.1831318487593717,0.2369234510052111,0.3539273700204439,0,2024-09-14 19:43:28.029888512,1726343008.0298884,2024-09-14 19:43:28.029887939,20,"[ 0.3246478   0.58374095 -0.01863847  1.3421614   0.3274642   0.24903937
  0.          0.         -0.4         0.7246478  -8.294731  ]",2.0,-9.845220985005586,[0.14943172 0.25822539 0.46117853 0.13116437],[0.18485361 0.73184687 0.02883421 0.05446532],30,302,485,0.2719913271824833,1,2
687,776,2024-09-14 19:43:28.139331072,TASK_BEGIN,3,-0.3839650516538345,-0.0043045771145112,1.0069168104190755,0.0505425565247908,-0.4021753607491126,0.1895892430520299,0.1095945651377488,0.3621552023647079,0,2024-09-14 19:43:28.029888512,1726343008.0298884,2024-09-14 19:43:28.029887939,20,"[ 0.3246478   0.58374095 -0.01863847  1.3421614   0.3274642   0.24903937
  0.          0.         -0.4         0.7246478  -8.294731  ]",2.0,-9.845220985005586,[0.14943172 0.25822539 0.46117853 0.13116437],[0.18485361 0.73184687 0.02883421 0.05446532],30,302,485,0.2719913271824833,1,2
688,777,2024-09-14 19:43:29.082870784,TASK_BEGIN,3,-0.4108588031818392,0.0065680751264735,1.0093350995371193,0.067011974227647,-0.4203084159957001,0.1951330431859965,0.001091435228968,0.3619118301604953,0,2024-09-14 19:43:28.949904896,1726343008.949905,2024-09-14 19:43:28.949904053,20,"[  0.11471812   1.6285238   -1.5803453    1.5112562    1.1736121
   0.45009342   0.           0.          -0.4          0.5147181
 -16.652994  ]",3.0,0.25084943446954866,[0.11668371 0.11660793 0.44994124 0.31676712],[6.49928751e-04 2.06978737e-07 3.16464300e-08 9.99349833e-01],30,302,485,0.2165276904388656,1,2
689,778,2024-09-14 19:43:29.150690304,TASK_BEGIN,3,-0.4315835894748907,0.0175551705468954,1.0030385653453942,0.083745811843268,-0.4406515696707997,0.1995630447289908,-0.0857768735184501,0.35317445618716,0,2024-09-14 19:43:28.949904896,1726343008.949905,2024-09-14 19:43:28.949904053,20,"[  0.11471812   1.6285238   -1.5803453    1.5112562    1.1736121
   0.45009342   0.           0.          -0.4          0.5147181
 -16.652994  ]",3.0,0.25084943446954866,[0.11668371 0.11660793 0.44994124 0.31676712],[6.49928751e-04 2.06978737e-07 3.16464300e-08 9.99349833e-01],30,302,485,0.2165276904388656,1,2
690,779,2024-09-14 19:43:29.218189824,TASK_BEGIN,3,-0.4461701351605828,0.0286688883938905,0.9887171914409856,0.1000400685048414,-0.4620279628135483,0.2026997508237266,-0.1486847353502381,0.3363589190264744,0,2024-09-14 19:43:28.949904896,1726343008.949905,2024-09-14 19:43:28.949904053,20,"[  0.11471812   1.6285238   -1.5803453    1.5112562    1.1736121
   0.45009342   0.           0.          -0.4          0.5147181
 -16.652994  ]",3.0,0.25084943446954866,[0.11668371 0.11660793 0.44994124 0.31676712],[6.49928751e-04 2.06978737e-07 3.16464300e-08 9.99349833e-01],30,302,485,0.2165276904388656,1,2
691,780,2024-09-14 19:43:29.286254848,TASK_BEGIN,3,-0.4548564389715643,0.0398834822003175,0.96748226762794,0.1149391394777318,-0.4830606815672512,0.2043905707286296,-0.1861046078844351,0.3123277944200312,0,2024-09-14 19:43:29.685448192,1726343009.6854482,2024-09-14 19:43:29.685447998,20,"[ -0.5138848    2.2871757   -3.642057     0.7563739    1.7861676
   0.11037133   0.           0.          -0.4         -0.11388478
 -21.922209  ]",3.0,-1.2384520234824186,[0.11658533 0.11658518 0.44991851 0.31691097],[1.28083023e-06 1.64189155e-10 3.90311545e-15 9.99998719e-01],30,302,485,0.22074986649754352,1,2
692,781,2024-09-14 19:43:29.341293824,TASK_BEGIN,3,-0.4580958081391562,0.0511411995963288,0.9406618760562055,0.1273498119568608,-0.5022731741461729,0.2045217404723241,-0.1975796785131543,0.2823862070725749,0,2024-09-14 19:43:29.727447040,1726343009.727447,2024-09-14 19:43:29.727446045,20,"[ -0.5681604    2.3083503   -3.9862092    0.6465247    1.7968392
   0.1060518    0.           0.          -0.4         -0.16816041
 -22.091606  ]",2.0,-16.72416742342732,[0.11658535 0.11658519 0.44991852 0.31691095],[1.40005156e-06 1.66504098e-10 1.99127434e-15 9.99998600e-01],30,302,485,0.22320957990485205,1,2
693,782,2024-09-14 19:43:29.418189056,TASK_BEGIN,3,-0.4565567191033681,0.0623615135752043,0.9095220357380932,0.1362053188875978,-0.5182140232821101,0.2030331924508471,-0.1838480683672819,0.2482132140482931,0,2024-09-14 19:43:29.790448640,1726343009.7904487,2024-09-14 19:43:29.790447998,20,"[ -0.6525256    2.3361204   -4.1707935    0.54581815   1.8129086
   0.10928532   0.           0.          -0.4         -0.2525256
 -22.313766  ]",2.0,-19.924616262051632,[0.11658542 0.1165852  0.44991853 0.31691085],[1.85987315e-06 1.17450684e-10 5.56423036e-16 9.99998140e-01],30,302,485,0.22336894919068645,1,2
694,783,2024-09-14 19:43:29.480756992,TASK_BEGIN,3,-0.4510872655565655,0.0734470590507289,0.8750596158394972,0.1406019433983774,-0.5296000653074321,0.1999334996229952,-0.1468593491898259,0.2117256681898934,0,2024-09-14 19:43:29.790448640,1726343009.7904487,2024-09-14 19:43:29.790447998,20,"[ -0.6525256    2.3361204   -4.1707935    0.54581815   1.8129086
   0.10928532   0.           0.          -0.4         -0.2525256
 -22.313766  ]",2.0,-19.924616262051632,[0.11658542 0.1165852  0.44991853 0.31691085],[1.85987315e-06 1.17450684e-10 5.56423036e-16 9.99998140e-01],30,302,485,0.22336894919068645,1,2
695,784,2024-09-14 19:43:30.407376896,TASK_BEGIN,3,-0.4426293903647545,0.0842850197514123,0.8378754694541373,0.1398854916237605,-0.5354563620485541,0.1953117793177586,-0.0896936410305544,0.1749103042975941,0,2024-09-14 19:43:30.042447872,1726343010.0424478,2024-09-14 19:43:30.042447021,20,"[ -1.029449     2.400271    -4.9087515    0.13180588   1.8589239
   0.03477019   0.           0.          -0.4         -0.62944895
 -22.826971  ]",2.0,-120.74196045340322,[0.11658692 0.11658555 0.44991888 0.31690865],[1.17692793e-05 5.60926866e-11 1.31304580e-16 9.99988231e-01],30,302,485,0.21925879021223965,1,2
696,791,2024-09-14 19:43:31.752948992,TASK_BEGIN,3,-0.3574043511266827,0.141832217262027,0.474144969811382,-0.0005895581265551,-0.4267901995183088,0.1405589605165684,0.5734872358105635,0.0150928192252498,0,2024-09-14 19:43:31.603176448,1726343011.6031764,2024-09-14 19:43:31.603176025,21,"[-1.9662380e-03  1.0058942e+00 -1.4570332e-01  8.2453512e-02
  5.7905768e-03  5.5400502e-02  0.0000000e+00  0.0000000e+00
 -4.0000001e-01  3.9803377e-01 -1.0069445e+01]",0.0,1.0546802941239264,[0.40087639 0.22807031 0.03754924 0.33350406],[0.40087639 0.22807031 0.03754924 0.33350406],30,786,486,0.16483656334166816,0,0
697,792,2024-09-14 19:43:31.824803328,TASK_BEGIN,3,-0.3449909443028446,0.1458882528225203,0.4066697239103812,-0.0325884595512176,-0.4007848130021391,0.1327913166817904,0.694157462578725,0.0059107494219341,0,2024-09-14 19:43:31.603176448,1726343011.6031764,2024-09-14 19:43:31.603176025,21,"[-1.9662380e-03  1.0058942e+00 -1.4570332e-01  8.2453512e-02
  5.7905768e-03  5.5400502e-02  0.0000000e+00  0.0000000e+00
 -4.0000001e-01  3.9803377e-01 -1.0069445e+01]",0.0,1.0546802941239264,[0.40087639 0.22807031 0.03754924 0.33350406],[0.40087639 0.22807031 0.03754924 0.33350406],30,786,486,0.16483656334166816,0,0
698,793,2024-09-14 19:43:31.892584960,TASK_BEGIN,3,-0.3328038016339261,0.1485886145324925,0.3403847864135116,-0.0653756780791539,-0.3761308532934934,0.1256666430896465,0.8293784901138259,-0.0036528680858452,0,2024-09-14 19:43:31.603176448,1726343011.6031764,2024-09-14 19:43:31.603176025,21,"[-1.9662380e-03  1.0058942e+00 -1.4570332e-01  8.2453512e-02
  5.7905768e-03  5.5400502e-02  0.0000000e+00  0.0000000e+00
 -4.0000001e-01  3.9803377e-01 -1.0069445e+01]",0.0,1.0546802941239264,[0.40087639 0.22807031 0.03754924 0.33350406],[0.40087639 0.22807031 0.03754924 0.33350406],30,786,486,0.16483656334166816,0,0
699,794,2024-09-14 19:43:31.953352960,TASK_BEGIN,3,-0.3210795732871485,0.1498678374223724,0.2792904249844233,-0.0985155752514173,-0.3540539542956516,0.1192971586065314,0.9822647541703166,-0.0151913507666421,0,2024-09-14 19:43:31.603176448,1726343011.6031764,2024-09-14 19:43:31.603176025,21,"[-1.9662380e-03  1.0058942e+00 -1.4570332e-01  8.2453512e-02
  5.7905768e-03  5.5400502e-02  0.0000000e+00  0.0000000e+00
 -4.0000001e-01  3.9803377e-01 -1.0069445e+01]",0.0,1.0546802941239264,[0.40087639 0.22807031 0.03754924 0.33350406],[0.40087639 0.22807031 0.03754924 0.33350406],30,786,486,0.16483656334166816,0,0
700,795,2024-09-14 19:43:32.016316928,TASK_BEGIN,3,-0.3101292147021993,0.1496813022517988,0.2278404788969528,-0.1317689223926645,-0.3355639746551094,0.1137490037550839,1.1538322027905148,-0.0298983921895995,0,2024-09-14 19:43:31.624186112,1726343011.624186,2024-09-14 19:43:31.624186035,21,"[-2.9504299e-03  1.0067835e+00 -1.4574046e-01  5.6893889e-02
  8.5586272e-03  5.5376835e-02  0.0000000e+00  0.0000000e+00
 -4.0000001e-01  3.9704958e-01 -1.0076559e+01]",0.0,0.8889588642484796,[0.41127332 0.22436159 0.04181515 0.32254994],[0.41127332 0.22436159 0.04181515 0.32254994],30,786,486,0.16309820985401147,0,0
701,796,2024-09-14 19:43:32.095865856,TASK_BEGIN,3,-0.3002709736816197,0.1479999979146787,0.1904689387358401,-0.1650396688342643,-0.321405459071405,0.1090390594184808,1.342463160714365,-0.0484231842325748,0,2024-09-14 19:43:31.874192896,1726343011.874193,2024-09-14 19:43:31.874191895,21,"[-0.01478132  0.9862493  -0.14617325 -0.25044668  0.04171105  0.05518017
  0.          0.         -0.4         0.38521868 -9.912286  ]",0.0,-2.3901444363167457,[0.41537104 0.16520302 0.08138369 0.33804225],[0.41537104 0.16520302 0.08138369 0.33804225],30,786,486,0.16204814153139485,0,0
702,797,2024-09-14 19:43:32.163639808,TASK_BEGIN,3,-0.2917647389384374,0.1448021829897738,0.1712177972564296,-0.1983210957544235,-0.3120017575532174,0.105129945551061,1.544009134060375,-0.0708496041446686,0,2024-09-14 19:43:31.874192896,1726343011.874193,2024-09-14 19:43:31.874191895,21,"[-0.01478132  0.9862493  -0.14617325 -0.25044668  0.04171105  0.05518017
  0.          0.         -0.4         0.38521868 -9.912286  ]",0.0,-2.3901444363167457,[0.41537104 0.16520302 0.08138369 0.33804225],[0.41537104 0.16520302 0.08138369 0.33804225],30,786,486,0.16204814153139485,0,0
703,798,2024-09-14 19:43:33.107099136,TASK_BEGIN,3,-0.284760863510226,0.140068874357562,0.173428927983324,-0.2316616826493527,-0.3073800037531741,0.1019214232840214,1.7523252430668874,-0.0967626384816068,0,2024-09-14 19:43:33.414730240,1726343013.4147303,2024-09-14 19:43:33.414729980,21,"[-0.09756621  0.38614988 -0.14438197 -0.6417111  -0.0398609  -0.02497545
  0.          0.         -0.4         0.3024338  -5.1114902 ]",2.0,6.2888578680933565,[0.30679689 0.17896397 0.37472143 0.13951771],[0.30679689 0.17896397 0.37472143 0.13951771],30,786,486,0.09729926490062325,0,0
704,799,2024-09-14 19:43:33.173794048,TASK_BEGIN,3,-0.2792691425994703,0.1337899249899193,0.199408987015609,-0.2651259249772201,-0.3071038272154833,0.0992428827927391,1.95989066397192,-0.1253305314434622,0,2024-09-14 19:43:33.539319296,1726343013.5393193,2024-09-14 19:43:33.539319092,21,"[-0.10259382  0.32397962 -0.0978267  -0.62495965 -0.04500673 -0.01151519
  0.          0.         -0.4         0.29740617 -4.614128  ]",2.0,6.32096639308237,[0.31486916 0.1925109  0.38728386 0.10533608],[0.31486916 0.1925109  0.38728386 0.10533608],30,786,486,0.1160809316747872,0,0
705,800,2024-09-14 19:43:33.236281088,TASK_BEGIN,3,-0.2751501946933919,0.1259799326893649,0.2500970212608189,-0.2987290234938253,-0.3102725936251318,0.0968565248636989,2.158320592300337,-0.1553629543974675,0,2024-09-14 19:43:33.623553792,1726343013.6235538,2024-09-14 19:43:33.623552979,21,"[-1.0476176e-01  2.8474343e-01 -5.7466604e-02 -6.0501844e-01
 -4.6098791e-02  5.9406622e-04  0.0000000e+00  0.0000000e+00
 -4.0000001e-01  2.9523823e-01 -4.3002386e+00]",0.0,-2.5213697122399594,[0.43392063 0.24935081 0.13835962 0.17836893],[0.43392063 0.24935081 0.13835962 0.17836893],30,786,486,0.13188547287432661,0,0
706,801,2024-09-14 19:43:33.297457152,TASK_BEGIN,3,-0.2721205083639991,0.1166954561678911,0.3248499092413138,-0.3323569316734324,-0.3156224775114113,0.0944774250416553,2.3388206452627407,-0.1853638397258731,0,2024-09-14 19:43:33.686587392,1726343013.6865873,2024-09-14 19:43:33.686587158,21,"[-1.0594519e-01  2.5503671e-01 -5.5515241e-02 -6.1439824e-01
 -4.6061330e-02 -4.4026115e-04  0.0000000e+00  0.0000000e+00
 -4.0000001e-01  2.9405481e-01 -4.0625849e+00]",2.0,3.9035160548560954,[0.34140668 0.1717539  0.38224651 0.10459291],[0.34140668 0.1717539  0.38224651 0.10459291],30,786,486,0.13583264074363371,0,0
707,802,2024-09-14 19:43:33.374637056,TASK_BEGIN,3,-0.2697590424728185,0.1060449082644959,0.4214196003980279,-0.3656953067138871,-0.3217021537063388,0.0918074374644046,2.492759513583373,-0.2136148634596351,0,2024-09-14 19:43:33.770650624,1726343013.7706506,2024-09-14 19:43:33.770649902,21,"[-0.10703572  0.2169683  -0.0277801  -0.5350271  -0.0452987   0.0053481
  0.          0.         -0.4         0.29296428 -3.7580378 ]",2.0,10.618106740807118,[0.32616905 0.14758681 0.42641847 0.09982567],[0.32616905 0.14758681 0.42641847 0.09982567],30,786,486,0.1674018237885661,0,0
708,803,2024-09-14 19:43:33.435801088,TASK_BEGIN,3,-0.2675166668515414,0.0941880431775508,0.53609783017532,-0.3981799019080556,-0.3270543288583109,0.0885719324866403,2.612444881875564,-0.2383038884190603,0,2024-09-14 19:43:33.791650304,1726343013.7916503,2024-09-14 19:43:33.791650146,21,"[-0.10722589  0.2082082  -0.0277801  -0.5606271  -0.04503136  0.00534808
  0.          0.         -0.4         0.2927741  -3.687957  ]",0.0,-2.51874611966673,[0.48053961 0.22294036 0.11215791 0.18436212],[0.48053961 0.22294036 0.11215791 0.18436212],30,786,486,0.19709570827299008,0,0
709,804,2024-09-14 19:43:33.513922816,TASK_BEGIN,3,-0.2647379836004715,0.0813267454529488,0.6639617660836489,-0.4289774217045282,-0.3303446895731312,0.0845482853805117,2.6919264538890117,-0.2576820101157369,0,2024-09-14 19:43:33.791650304,1726343013.7916503,2024-09-14 19:43:33.791650146,21,"[-0.10722589  0.2082082  -0.0277801  -0.5606271  -0.04503136  0.00534808
  0.          0.         -0.4         0.2927741  -3.687957  ]",0.0,-2.51874611966673,[0.48053961 0.22294036 0.11215791 0.18436212],[0.48053961 0.22294036 0.11215791 0.18436212],30,786,486,0.19709570827299008,0,0
710,805,2024-09-14 19:43:34.452500992,TASK_BEGIN,3,-0.2606981162551733,0.067691036349232,0.799209404550078,-0.4570146361898088,-0.3304243497454349,0.0795823373180501,2.727510350140632,-0.2702081197167053,0,2024-09-14 19:43:34.719748608,1726343014.7197487,2024-09-14 19:43:34.719748047,21,"[-0.08178186 -0.12728655  0.10486787 -0.10893191  0.07301568  0.46735716
  1.          0.         -0.4         0.31821814 -1.0039989 ]",2.0,8.469606369448027,[0.01654713 0.00732439 0.94975896 0.02636951],[0.01654713 0.00732439 0.94975896 0.02636951],30,786,486,1.0263841681781574,0,0
711,806,2024-09-14 19:43:34.525041920,TASK_BEGIN,3,-0.2546550391890176,0.0535259183064614,0.9356114921930168,-0.4810647873008629,-0.3263584479800355,0.0735965003538111,2.717860222175069,-0.2746464526055615,0,2024-09-14 19:43:34.719748608,1726343014.7197487,2024-09-14 19:43:34.719748047,21,"[-0.08178186 -0.12728655  0.10486787 -0.10893191  0.07301568  0.46735716
  1.          0.         -0.4         0.31821814 -1.0039989 ]",2.0,8.469606369448027,[0.01654713 0.00732439 0.94975896 0.02636951],[0.01654713 0.00732439 0.94975896 0.02636951],30,786,486,1.0263841681781574,0,0
712,807,2024-09-14 19:43:34.591351040,TASK_BEGIN,3,-0.2459285858309602,0.0390859501992081,1.067040316871499,-0.4998728532645161,-0.3174697347248746,0.0665954310591977,2.663839871912482,-0.2701230076002529,0,2024-09-14 19:43:34.719748608,1726343014.7197487,2024-09-14 19:43:34.719748047,21,"[-0.08178186 -0.12728655  0.10486787 -0.10893191  0.07301568  0.46735716
  1.          0.         -0.4         0.31821814 -1.0039989 ]",2.0,8.469606369448027,[0.01654713 0.00732439 0.94975896 0.02636951],[0.01654713 0.00732439 0.94975896 0.02636951],30,786,486,1.0263841681781574,0,0
713,808,2024-09-14 19:43:34.660610816,TASK_BEGIN,3,-0.2340135930710605,0.0246405067543024,1.1879857304940578,-0.5122906832143271,-0.3034129682455394,0.0586714042760201,2.5682984206225186,-0.2561669835317711,0,2024-09-14 19:43:35.002751232,1726343015.0027514,2024-09-14 19:43:35.002750977,21,"[-0.06575942 -0.16091782  0.12939575 -0.1375047   0.28412503  0.39411512
  1.          0.         -0.4         0.3342406  -0.73494875]",2.0,5.979174286002245,[0.01029419 0.01683695 0.96833497 0.00453389],[0.01029419 0.01683695 0.96833497 0.00453389],30,786,486,1.1013790945628332,0,0
714,809,2024-09-14 19:43:34.728455168,TASK_BEGIN,3,-0.2187039184690773,0.0104832911842354,1.2939895203949423,-0.5173979654983519,-0.2842496510720816,0.0500056589579099,2.4358417542110247,-0.2327335668461526,0,2024-09-14 19:43:35.002751232,1726343015.0027514,2024-09-14 19:43:35.002750977,21,"[-0.06575942 -0.16091782  0.12939575 -0.1375047   0.28412503  0.39411512
  1.          0.         -0.4         0.3342406  -0.73494875]",2.0,5.979174286002245,[0.01029419 0.01683695 0.96833497 0.00453389],[0.01029419 0.01683695 0.96833497 0.00453389],30,786,486,1.1013790945628332,0,0
715,810,2024-09-14 19:43:34.796239104,TASK_BEGIN,3,-0.2001822577276739,-0.0030642811895982,1.3818919190233634,-0.5145822669187528,-0.2604876287199006,0.0408604692934175,2.272519034600053,-0.2001838925530845,0,2024-09-14 19:43:35.002751232,1726343015.0027514,2024-09-14 19:43:35.002750977,21,"[-0.06575942 -0.16091782  0.12939575 -0.1375047   0.28412503  0.39411512
  1.          0.         -0.4         0.3342406  -0.73494875]",2.0,5.979174286002245,[0.01029419 0.01683695 0.96833497 0.00453389],[0.01029419 0.01683695 0.96833497 0.00453389],30,786,486,1.1013790945628332,0,0
716,811,2024-09-14 19:43:34.853357056,TASK_BEGIN,3,-0.1790441058789589,-0.0156598649295898,1.4497459222460156,-0.5035575438072329,-0.2330735178329982,0.0315606941696007,2.0853863098116827,-0.1592271103335723,0,2024-09-14 19:43:35.002751232,1726343015.0027514,2024-09-14 19:43:35.002750977,21,"[-0.06575942 -0.16091782  0.12939575 -0.1375047   0.28412503  0.39411512
  1.          0.         -0.4         0.3342406  -0.73494875]",2.0,5.979174286002245,[0.01029419 0.01683695 0.96833497 0.00453389],[0.01029419 0.01683695 0.96833497 0.00453389],30,786,486,1.1013790945628332,0,0
717,812,2024-09-14 19:43:35.803452928,TASK_BEGIN,3,-0.1562538288283883,-0.0269543809744489,1.4964040708548036,-0.4843306892114311,-0.203331047619861,0.0224677368327116,1.881962548896088,-0.110849653005568,0,2024-09-14 19:43:36.189714176,1726343016.1897142,2024-09-14 19:43:36.189713867,21,"[-0.08841261 -0.17204362 -0.12342957 -0.01501711  0.37204438  0.04578815
  1.          1.         -0.4         0.3115874  -0.64594233]",0.0,-0.39024698274941727,[0.35393918 0.32444859 0.19231304 0.12929918],[0.35393918 0.32444859 0.19231304 0.12929918],30,786,486,0.13477645441078118,0,0
718,813,2024-09-14 19:43:35.875092992,TASK_BEGIN,3,-0.133056745137274,-0.0366097219184582,1.5209817616194277,-0.457147420967133,-0.1728340054936203,0.0139492516980175,1.669626721795175,-0.0562434431591871,0,2024-09-14 19:43:36.270716672,1726343016.2707167,2024-09-14 19:43:36.270715820,21,"[-0.09189907 -0.1729734  -0.13197511 -0.01616791  0.38161102  0.04907204
  1.          1.         -0.4         0.3081009  -0.63850415]",0.0,-0.40810571196337264,[0.35281563 0.32929216 0.19675238 0.12113982],[0.35281563 0.32929216 0.19675238 0.12113982],30,786,486,0.14959803114788262,0,0
719,814,2024-09-14 19:43:35.942861056,TASK_BEGIN,3,-0.1108783457743362,-0.0443174312113948,1.5224050212557785,-0.4224355283934517,-0.1432208596401313,0.0063469232170957,1.455106090429533,0.0032540020602553,0,2024-09-14 19:43:36.330750720,1726343016.3307507,2024-09-14 19:43:36.330750000,21,"[-0.09466759 -0.17371571 -0.13850819 -0.01706152  0.38922396  0.05160003
  1.          1.         -0.4         0.3053324  -0.6325656 ]",0.0,-0.42207644362366636,[0.35144568 0.33330613 0.20034857 0.11489963],[0.35144568 0.33330613 0.20034857 0.11489963],30,786,486,0.16184532147960495,0,0
720,815,2024-09-14 19:43:36.010614016,TASK_BEGIN,3,-0.0912196615311771,-0.0498176418933223,1.499154918342644,-0.3807504799294233,-0.1159843075577659,-5.5464697497738206e-05,1.2442449935425277,0.0661889146745768,0,2024-09-14 19:43:36.391717888,1726343016.391718,2024-09-14 19:43:36.391717041,21,"[-0.0975705  -0.17449754 -0.1451539  -0.01798325  0.39722204  0.05418833
  1.          1.         -0.4         0.3024295  -0.62631094]",0.0,-0.4365552269319579,[0.35023275 0.33717292 0.20389345 0.10870087],[0.35023275 0.33717292 0.20389345 0.10870087],30,786,486,0.17474348844844542,0,0
721,816,2024-09-14 19:43:36.066431232,TASK_BEGIN,3,-0.0755353776422698,-0.0529180623023439,1.449289264189182,-0.3327472583039545,-0.0922751132735326,-0.00506167318004,1.0420914988179837,0.1309917071981937,0,2024-09-14 19:43:36.452717312,1726343016.4527173,2024-09-14 19:43:36.452717041,21,"[-0.1006101  -0.17532033 -0.1519185  -0.01893514  0.40561494  0.05684168
  1.          1.         -0.4         0.2993899  -0.6197287 ]",0.0,-0.45158591375049184,[0.34843792 0.34153693 0.20756711 0.10245805],[0.34843792 0.34153693 0.20756711 0.10245805],30,786,486,0.1885237027263737,0,0
722,817,2024-09-14 19:43:36.144073984,TASK_BEGIN,3,-0.0650916568514516,-0.0535107897367128,1.3707945193445588,-0.2792075516120942,-0.0727584641185401,-0.0085864053543932,0.8531830776332795,0.1959686263026097,0,2024-09-14 19:43:36.513719040,1726343016.513719,2024-09-14 19:43:36.513718018,21,"[-0.10386475 -0.17620605 -0.17002912 -0.02132664  0.4146231   0.06377347
  1.          1.         -0.4         0.29613525 -0.6126429 ]",1.0,-1.6245690646669095,[0.34607309 0.34745939 0.21053425 0.09593327],[0.34607309 0.34745939 0.21053425 0.09593327],30,786,486,0.20887692739725913,0,0
723,818,2024-09-14 19:43:36.206615040,TASK_BEGIN,3,-0.0608244933484109,-0.0515839668346164,1.2622148903321828,-0.2211059178424783,-0.0575670260910157,-0.0106633777345726,0.6818886046113573,0.2593070859828144,0,2024-09-14 19:43:36.596718080,1726343016.596718,2024-09-14 19:43:36.596718018,21,"[-1.0940862e-01 -1.7852432e-01 -2.6444927e-01 -7.4999436e-04
  4.1527119e-01 -8.7950146e-03  1.0000000e+00  1.0000000e+00
 -4.0000001e-01  2.9059139e-01 -5.9409678e-01]",2.0,-7.150036518862723,[0.32152373 0.27343841 0.33264744 0.07239042],[0.32152373 0.27343841 0.33264744 0.07239042],30,786,486,0.2838981672416806,0,0
724,819,2024-09-14 19:43:37.121355008,TASK_BEGIN,3,-0.0632216498804417,-0.0472286128782657,1.1233594080437272,-0.1596570939749619,-0.0463747608178579,-0.0114302946064508,0.5326590219903048,0.3191146640399351,0,2024-09-14 19:43:36.803714048,1726343016.803714,2024-09-14 19:43:36.803714111,21,"[-0.12751937 -0.18916023 -0.29167393 -0.09389972  0.41530123  0.05529044
  0.          0.         -0.4         0.27248064 -0.5090095 ]",3.0,0.31299662953610663,[0.09475264 0.00305038 0.00500419 0.8971928 ],[0.09475264 0.00305038 0.00500419 0.8971928 ],30,786,486,0.6881811796858994,0,0
725,820,2024-09-14 19:43:37.199343872,TASK_BEGIN,3,-0.0722389124874601,-0.0406444164579402,0.9558369426547472,-0.0963057120994928,-0.0385544919885097,-0.011095561548761,0.4100133872414281,0.3735036612080812,0,2024-09-14 19:43:36.803714048,1726343016.803714,2024-09-14 19:43:36.803714111,21,"[-0.12751937 -0.18916023 -0.29167393 -0.09389972  0.41530123  0.05529044
  0.          0.         -0.4         0.27248064 -0.5090095 ]",3.0,0.31299662953610663,[0.09475264 0.00305038 0.00500419 0.8971928 ],[0.09475264 0.00305038 0.00500419 0.8971928 ],30,786,486,0.6881811796858994,0,0
726,821,2024-09-14 19:43:37.267979008,TASK_BEGIN,3,-0.0872621645030286,-0.0321458756545759,0.7632926300877093,-0.0326641438781345,-0.0333420825327214,-0.0099024219540564,0.3181841355309753,0.4207176938404385,0,2024-09-14 19:43:36.945714688,1726343016.9457147,2024-09-14 19:43:36.945713867,21,"[-0.14141393 -0.1989845  -0.29982188 -0.06807508  0.41312575 -0.01745081
  0.          0.         -0.4         0.25858608 -0.4304153 ]",3.0,0.8788350491804431,[0.11872601 0.00631437 0.007285   0.86767462],[0.11872601 0.00631437 0.007285   0.86767462],30,786,486,0.6336409442297106,0,0
727,822,2024-09-14 19:43:37.335757056,TASK_BEGIN,3,-0.107137889965496,-0.0221616694616831,0.5513725427028641,0.0295806370197433,-0.0299514805270414,-0.0081045750764448,0.2605743867744965,0.4592717346876182,0,2024-09-14 19:43:36.945714688,1726343016.9457147,2024-09-14 19:43:36.945713867,21,"[-0.14141393 -0.1989845  -0.29982188 -0.06807508  0.41312575 -0.01745081
  0.          0.         -0.4         0.25858608 -0.4304153 ]",3.0,0.8788350491804431,[0.11872601 0.00631437 0.007285   0.86767462],[0.11872601 0.00631437 0.007285   0.86767462],30,786,486,0.6336409442297106,0,0
728,823,2024-09-14 19:43:37.403545856,TASK_BEGIN,3,-0.1302931578751316,-0.0112149085835901,0.3274838377465685,0.0887699668182941,-0.0276284188603369,-0.0059578721366835,0.2392945805272814,0.4880576901572063,0,2024-09-14 19:43:37.005714944,1726343017.005715,2024-09-14 19:43:37.005713867,21,"[-0.14725375 -0.20426226 -0.26019642 -0.13195616  0.40040365 -0.12312303
  0.          0.         -0.4         0.25274625 -0.38819328]",3.0,1.2504410706077544,[0.23044461 0.02366565 0.03748783 0.70840191],[0.23044461 0.02366565 0.03748783 0.70840191],30,786,486,0.46435929266283293,0,0
729,824,2024-09-14 19:43:37.471322112,TASK_BEGIN,3,-0.1549402884061151,0.000119806129346,0.1004035153893635,0.1433576687966287,-0.0256616845812986,-0.0037217300171478,0.2549311188460832,0.5063871557911792,0,2024-09-14 19:43:37.085714944,1726343017.0857148,2024-09-14 19:43:37.085714111,21,"[-0.15582626 -0.20739001 -0.31652015 -0.03027502  0.38791972 -0.12088472
  1.          1.         -0.4         0.24417375 -0.36317125]",0.0,0.8453743069199362,[0.42921832 0.28656746 0.12709953 0.15711469],[0.42921832 0.28656746 0.12709953 0.15711469],30,786,486,0.20308269155256395,0,0
730,825,2024-09-14 19:43:37.539107072,TASK_BEGIN,3,-0.1793240747731211,0.0112719519646476,-0.12024602450272,0.1919623833063601,-0.0233831475473721,-0.0016572100116566,0.3065573681126947,0.5139846945449796,0,2024-09-14 19:43:37.935717120,1726343017.935717,2024-09-14 19:43:37.935717041,21,"[-0.25267568 -0.23652345 -0.34714308 -0.05546066  0.09929341 -0.14852242
  1.          1.         -0.4         0.14732431 -0.13010372]",0.0,0.6132185728669839,[0.52539456 0.10974454 0.10963491 0.25522599],[0.52539456 0.10974454 0.10963491 0.25522599],30,786,486,0.17062485958982165,0,0
731,826,2024-09-14 19:43:38.483055104,TASK_BEGIN,3,-0.2019524163941203,0.021728724088534,-0.32468334804391,0.2334092855240926,-0.020177489376299,-1.3695063932442995e-05,0.391959907012555,0.5109561893041691,0,2024-09-14 19:43:38.220954880,1726343018.220955,2024-09-14 19:43:38.220953857,21,"[-2.8890076e-01 -2.4890757e-01 -3.7547961e-01 -6.0946587e-02
 -8.1934489e-04 -1.4868081e-01  1.0000000e+00  1.0000000e+00
 -4.0000001e-01  1.1109923e-01 -3.1030793e-02]",0.0,0.4153091446582948,[0.58494895 0.07583237 0.09069717 0.24852151],[0.58494895 0.07583237 0.09069717 0.24852151],30,786,486,0.27306627552427126,0,0
732,827,2024-09-14 19:43:38.547851008,TASK_BEGIN,3,-0.2217625495908966,0.0310782622502766,-0.5037708586436184,0.2667764645929085,-0.0155083319481433,0.0009922289202455,0.5080310550597557,0.4977393467383593,0,2024-09-14 19:43:38.220954880,1726343018.220955,2024-09-14 19:43:38.220953857,21,"[-2.8890076e-01 -2.4890757e-01 -3.7547961e-01 -6.0946587e-02
 -8.1934489e-04 -1.4868081e-01  1.0000000e+00  1.0000000e+00
 -4.0000001e-01  1.1109923e-01 -3.1030793e-02]",0.0,0.4153091446582948,[0.58494895 0.07583237 0.09069717 0.24852151],[0.58494895 0.07583237 0.09069717 0.24852151],30,786,486,0.27306627552427126,0,0
733,828,2024-09-14 19:43:38.609878272,TASK_BEGIN,3,-0.2381944994391822,0.0390384757792102,-0.6497363879747983,0.2914213121232848,-0.0089655214229566,0.0011987463570707,0.6512241949125074,0.475037676341531,0,2024-09-14 19:43:38.220954880,1726343018.220955,2024-09-14 19:43:38.220953857,21,"[-2.8890076e-01 -2.4890757e-01 -3.7547961e-01 -6.0946587e-02
 -8.1934489e-04 -1.4868081e-01  1.0000000e+00  1.0000000e+00
 -4.0000001e-01  1.1109923e-01 -3.1030793e-02]",0.0,0.4153091446582948,[0.58494895 0.07583237 0.09069717 0.24852151],[0.58494895 0.07583237 0.09069717 0.24852151],30,786,486,0.27306627552427126,0,0
734,829,2024-09-14 19:43:38.672257792,TASK_BEGIN,3,-0.2511645606416974,0.0454688099949417,-0.7566546093082899,0.3069633386902597,-0.0003334703304876,0.0005195599072886,0.8179022387337654,0.4437553509738186,0,2024-09-14 19:43:38.598875648,1726343018.5988755,2024-09-14 19:43:38.598875000,21,"[-3.1937942e-01 -2.4926841e-01 -1.5591484e-01 -2.2046672e-08
  1.9988916e-03  1.8294976e-08  0.0000000e+00  1.0000000e+00
 -4.0000001e-01  8.0620594e-02 -2.8144021e-02]",0.0,11.940216831159148,[0.50662269 0.20867239 0.0097062  0.27499873],[0.50662269 0.20867239 0.0097062  0.27499873],30,786,486,0.22619460269733188,0,0
735,830,2024-09-14 19:43:38.750316032,TASK_BEGIN,3,-0.2609547963001232,0.0503631690757894,-0.8207542842116654,0.3132489570458467,0.0103389824295967,-0.0010389146994486,1.0043821621254554,0.404964070286212,0,2024-09-14 19:43:38.598875648,1726343018.5988755,2024-09-14 19:43:38.598875000,21,"[-3.1937942e-01 -2.4926841e-01 -1.5591484e-01 -2.2046672e-08
  1.9988916e-03  1.8294976e-08  0.0000000e+00  1.0000000e+00
 -4.0000001e-01  8.0620594e-02 -2.8144021e-02]",0.0,11.940216831159148,[0.50662269 0.20867239 0.0097062  0.27499873],[0.50662269 0.20867239 0.0097062  0.27499873],30,786,486,0.22619460269733188,0,0
736,831,2024-09-14 19:43:38.822026752,TASK_BEGIN,3,-0.2680532400547451,0.0538239424217674,-0.8406909724820089,0.3103457890614778,0.0227019207922073,-0.0033710200920943,1.2066259579687428,0.3599203176093661,0,2024-09-14 19:43:38.598875648,1726343018.5988755,2024-09-14 19:43:38.598875000,21,"[-3.1937942e-01 -2.4926841e-01 -1.5591484e-01 -2.2046672e-08
  1.9988916e-03  1.8294976e-08  0.0000000e+00  1.0000000e+00
 -4.0000001e-01  8.0620594e-02 -2.8144021e-02]",0.0,11.940216831159148,[0.50662269 0.20867239 0.0097062  0.27499873],[0.50662269 0.20867239 0.0097062  0.27499873],30,786,486,0.22619460269733188,0,0
737,832,2024-09-14 19:43:38.889659904,TASK_BEGIN,3,-0.2729890054006285,0.0560222853538082,-0.8177495521297482,0.2985812888106247,0.0361234257097902,-0.0062814163811532,1.4197965503747174,0.3101192080441189,0,2024-09-14 19:43:38.598875648,1726343018.5988755,2024-09-14 19:43:38.598875000,21,"[-3.1937942e-01 -2.4926841e-01 -1.5591484e-01 -2.2046672e-08
  1.9988916e-03  1.8294976e-08  0.0000000e+00  1.0000000e+00
 -4.0000001e-01  8.0620594e-02 -2.8144021e-02]",0.0,11.940216831159148,[0.50662269 0.20867239 0.0097062  0.27499873],[0.50662269 0.20867239 0.0097062  0.27499873],30,786,486,0.22619460269733188,0,0
738,833,2024-09-14 19:43:39.820344064,TASK_BEGIN,3,-0.2761996297418798,0.0571565597596032,-0.7558453649801378,0.2786067407610985,0.049758665592299,-0.0095088942274153,1.637969618797256,0.2573418199212842,0,2024-09-14 19:43:39.460493568,1726343019.4604936,2024-09-14 19:43:39.460493164,21,"[-3.3974859e-01 -2.4926656e-01 -5.0600979e-02  9.9865636e-09
  2.0177627e-03 -8.3599208e-09  0.0000000e+00  1.0000000e+00
 -4.0000001e-01  6.0251419e-02 -2.8158803e-02]",1.0,-1.0388250208454741,[0.3792864  0.38233118 0.05957798 0.17880444],[0.3792864  0.38233118 0.05957798 0.17880444],30,786,486,0.1288047366634521,0,0
739,834,2024-09-14 19:43:39.897886976,TASK_BEGIN,3,-0.2779498527550056,0.057421479642863,-0.6613154467670037,0.2514580974572174,0.0626479443401455,-0.0127580625435313,1.8541155669606648,0.2036441784236315,0,2024-09-14 19:43:39.523488512,1726343019.5234885,2024-09-14 19:43:39.523488037,21,"[-3.4066221e-01 -2.4926656e-01 -4.6652045e-02  9.7398249e-09
  2.0177565e-03 -9.5600905e-09  0.0000000e+00  1.0000000e+00
 -4.0000001e-01  5.9337799e-02 -2.8158803e-02]",1.0,-0.6964500955331963,[0.37893688 0.38236374 0.05970227 0.17899711],[0.37893688 0.38236374 0.05970227 0.17899711],30,786,486,0.1275554631269296,0,0
740,835,2024-09-14 19:43:39.960449024,TASK_BEGIN,3,-0.2783072901591889,0.0569921531697569,-0.5425394407759023,0.21857771101359,0.0738245633185794,-0.0157322732972111,2.0603362695414007,0.1512628534081398,0,2024-09-14 19:43:39.607486720,1726343019.6074867,2024-09-14 19:43:39.607486084,21,"[-3.4193909e-01 -2.4926656e-01 -5.2669708e-02  8.9992422e-09
  2.0177450e-03 -3.3851517e-09  0.0000000e+00  1.0000000e+00
 -4.0000001e-01  5.8060907e-02 -2.8158803e-02]",1.0,-1.0442480681076012,[0.37842966 0.37994848 0.05998143 0.18164043],[0.37842966 0.37994848 0.05998143 0.18164043],30,786,486,0.126809066656182,0,0
741,836,2024-09-14 19:43:40.036094976,TASK_BEGIN,3,-0.2771682981752972,0.0560181017347604,-0.4093363587375143,0.1817651768346972,0.0824176744919981,-0.0181630654830781,2.248377268564923,0.102451047484916,0,2024-09-14 19:43:39.670486784,1726343019.6704867,2024-09-14 19:43:39.670485840,21,"[-3.4292424e-01 -2.4926656e-01 -5.2811082e-02  9.0065422e-09
  2.0177590e-03 -3.0808227e-09  0.0000000e+00  1.0000000e+00
 -4.0000001e-01  5.7075761e-02 -2.8158803e-02]",1.0,-1.1050504744945917,[0.37808161 0.37997571 0.06010621 0.18183648],[0.37808161 0.37997571 0.06010621 0.18183648],30,786,486,0.12666424918580874,0,0
742,837,2024-09-14 19:43:40.103880960,TASK_BEGIN,3,-0.2743121930811629,0.0546208456488366,-0.2720953835236552,0.1430507745066381,0.0877334527043757,-0.0198338701026896,2.41044000149752,0.0592742325058096,0,2024-09-14 19:43:39.777492224,1726343019.7774923,2024-09-14 19:43:39.777491943,21,"[-3.4451500e-01 -2.4926656e-01 -5.1387813e-02  1.0523336e-08
  2.0177905e-03 -6.2388303e-09  0.0000000e+00  1.0000000e+00
 -4.0000001e-01  5.5484995e-02 -2.8158803e-02]",1.0,-0.9977643106792604,[0.3772442  0.37989561 0.0603338  0.18252639],[0.3772442  0.37989561 0.0603338  0.18252639],30,786,486,0.12574477828509764,0,0
743,838,2024-09-14 19:43:40.171700992,TASK_BEGIN,3,-0.2694590818736298,0.0528920327874624,-0.140709248800821,0.1045058714999485,0.089299432471964,-0.0205959984980682,2.5401539249187746,0.0234076334574884,0,2024-09-14 19:43:39.777492224,1726343019.7774923,2024-09-14 19:43:39.777491943,21,"[-3.4451500e-01 -2.4926656e-01 -5.1387813e-02  1.0523336e-08
  2.0177905e-03 -6.2388303e-09  0.0000000e+00  1.0000000e+00
 -4.0000001e-01  5.5484995e-02 -2.8158803e-02]",1.0,-0.9977643106792604,[0.3772442  0.37989561 0.0603338  0.18252639],[0.3772442  0.37989561 0.0603338  0.18252639],30,786,486,0.12574477828509764,0,0
744,839,2024-09-14 19:43:40.239507200,TASK_BEGIN,3,-0.2623215452518171,0.0508916529677669,-0.0234791958735183,0.068026970295047,0.0868740456687966,-0.0203742984641333,2.6333941272869112,-0.0040012560125035,0,2024-09-14 19:43:39.839525888,1726343019.839526,2024-09-14 19:43:39.839524902,21,"[-3.4545675e-01 -2.4926656e-01 -4.9121957e-02  9.0143253e-09
  2.0177979e-03 -5.4104663e-09  0.0000000e+00  1.0000000e+00
 -4.0000001e-01  5.4543242e-02 -2.8158803e-02]",1.0,-0.8649062381480894,[0.37691219 0.38032073 0.06040132 0.18236576],[0.37691219 0.38032073 0.06040132 0.18236576],30,786,486,0.12533260157543852,0,0
745,840,2024-09-14 19:43:41.157125120,TASK_BEGIN,3,-0.2526504404517846,0.0486472732528489,0.0737273993993926,0.035163635676322,0.0804431351664216,-0.0191633568276235,2.688663550158727,-0.0223615741539251,0,2024-09-14 19:43:40.784515072,1726343020.7845151,2024-09-14 19:43:40.784513916,21,"[-3.6045751e-01 -2.4926656e-01 -5.2951209e-02  9.9925508e-09
  2.0177912e-03 -6.1021113e-09  0.0000000e+00  1.0000000e+00
 -4.0000001e-01  3.9542500e-02 -2.8158803e-02]",1.0,-0.969845912082173,[0.37145066 0.3751846  0.06195546 0.19140929],[0.37145066 0.3751846  0.06195546 0.19140929],30,786,486,0.11940837779298226,0,0
746,841,2024-09-14 19:43:41.222860032,TASK_BEGIN,3,-0.2402661574235533,0.0461554894146997,0.14782226650955,0.0070477386035391,0.070223637259631,-0.0170192218478136,2.7069657335386217,-0.0315690913881287,0,2024-09-14 19:43:40.889522432,1726343020.8895226,2024-09-14 19:43:40.889521973,21,"[-3.6226723e-01 -2.4926656e-01 -5.6918371e-02  9.7856629e-09
  2.0177856e-03 -1.1657559e-08  0.0000000e+00  1.0000000e+00
 -4.0000001e-01  3.7732784e-02 -2.8158803e-02]",1.0,-1.0355648744459336,[0.3706161  0.37210071 0.06225025 0.19503294],[0.3706161  0.37210071 0.06225025 0.19503294],30,786,486,0.11778705322296698,0,0
747,842,2024-09-14 19:43:41.284382208,TASK_BEGIN,3,-0.2250655080635312,0.0433859779364488,0.1983718492155511,-0.0155951564865212,0.0566730096054621,-0.0140490497406899,2.6912821046911057,-0.0318743876645469,0,2024-09-14 19:43:40.889522432,1726343020.8895226,2024-09-14 19:43:40.889521973,21,"[-3.6226723e-01 -2.4926656e-01 -5.6918371e-02  9.7856629e-09
  2.0177856e-03 -1.1657559e-08  0.0000000e+00  1.0000000e+00
 -4.0000001e-01  3.7732784e-02 -2.8158803e-02]",1.0,-1.0355648744459336,[0.3706161  0.37210071 0.06225025 0.19503294],[0.3706161  0.37210071 0.06225025 0.19503294],30,786,486,0.11778705322296698,0,0
748,843,2024-09-14 19:43:41.360579072,TASK_BEGIN,3,-0.2070182489029382,0.0402894339486161,0.2272244754404909,-0.0324183602790579,0.0404879587177724,-0.0103976058970589,2.645859122602165,-0.0237342666065536,0,2024-09-14 19:43:40.994489856,1726343020.99449,2024-09-14 19:43:40.994489014,21,"[-3.6399600e-01 -2.4926656e-01 -5.4898873e-02  9.9264064e-09
  2.0178198e-03 -7.5461175e-09  0.0000000e+00  1.0000000e+00
 -4.0000001e-01  3.6004011e-02 -2.8158803e-02]",1.0,-0.9430352437883889,[0.3699659  0.37256332 0.06239044 0.19508034],[0.3699659  0.37256332 0.06239044 0.19508034],30,786,486,0.11722593991862054,0,0
749,844,2024-09-14 19:43:41.423446016,TASK_BEGIN,3,-0.186173024339462,0.0368107311136653,0.2380621854494431,-0.0434482181285914,0.0225863176369626,-0.0062336580063577,2.575533807114327,-0.0077030138389068,0,2024-09-14 19:43:41.057489664,1726343021.0574896,2024-09-14 19:43:41.057489014,21,"[-3.6500895e-01 -2.4926656e-01 -5.2359913e-02  1.0342111e-08
  2.0178226e-03 -7.7586115e-09  0.0000000e+00  1.0000000e+00
 -4.0000001e-01  3.4991048e-02 -2.8158803e-02]",1.0,-0.839031408045438,[0.36984055 0.37355546 0.0623693  0.19423469],[0.36984055 0.37355546 0.0623693  0.19423469],30,786,486,0.11718033350571158,0,0
750,845,2024-09-14 19:43:41.484980224,TASK_BEGIN,3,-0.162662359097765,0.0329035715633637,0.2359474402199038,-0.0490960081522452,0.0040828634210735,-0.0017443843511565,2.4852377878491545,0.015600665044455,0,2024-09-14 19:43:41.162520576,1726343021.1625206,2024-09-14 19:43:41.162520020,21,"[-3.6678091e-01 -2.4926656e-01 -5.5434842e-02  9.4324726e-09
  2.0178594e-03 -7.5622406e-09  0.0000000e+00  1.0000000e+00
 -4.0000001e-01  3.3219084e-02 -2.8158803e-02]",1.0,-1.0003760803014876,[0.36903784 0.37200318 0.06260825 0.19635073],[0.36903784 0.37200318 0.06260825 0.19635073],30,786,486,0.11651242479939565,0,0
751,846,2024-09-14 19:43:41.562241024,TASK_BEGIN,3,-0.136694271506715,0.0285403721768525,0.2268603944821345,-0.0501633953579131,-0.0137360531600046,0.0028582370623687,2.37963168627427,0.045468428571904,0,2024-09-14 19:43:41.162520576,1726343021.1625206,2024-09-14 19:43:41.162520020,21,"[-3.6678091e-01 -2.4926656e-01 -5.5434842e-02  9.4324726e-09
  2.0178594e-03 -7.5622406e-09  0.0000000e+00  1.0000000e+00
 -4.0000001e-01  3.3219084e-02 -2.8158803e-02]",1.0,-1.0003760803014876,[0.36903784 0.37200318 0.06260825 0.19635073],[0.36903784 0.37200318 0.06260825 0.19635073],30,786,486,0.11651242479939565,0,0
752,847,2024-09-14 19:43:42.506768128,TASK_BEGIN,3,-0.108552009788369,0.0237157805952379,0.2171706868640637,-0.0478075226584355,-0.0294528729376271,0.0073254580520195,2.2627949804995904,0.0810578718710292,0,2024-09-14 19:43:42.107522816,1726343022.1075227,2024-09-14 19:43:42.107521973,21,"[-3.8346043e-01 -2.4926656e-01 -5.8848634e-02  9.8386748e-09
  2.0180077e-03 -5.1245181e-09  0.0000000e+00  1.0000000e+00
 -4.0000001e-01  1.6539557e-02 -2.8158803e-02]",1.0,-0.8236246695842644,[0.36229225 0.36447133 0.06442142 0.208815  ],[0.36229225 0.36447133 0.06442142 0.208815  ],30,786,486,0.1084961284307691,0,0
753,848,2024-09-14 19:43:42.574603008,TASK_BEGIN,3,-0.0786173518090485,0.0184449405110958,0.2130226433753477,-0.0434425130135236,-0.0415880602393166,0.0113660988648101,2.1381070624899703,0.1213436819719555,0,2024-09-14 19:43:42.254157056,1726343022.254157,2024-09-14 19:43:42.254156006,21,"[-3.8605466e-01 -2.4926656e-01 -5.6600790e-02  9.2179189e-09
  2.0179800e-03 -4.7507993e-09  0.0000000e+00  1.0000000e+00
 -4.0000001e-01  1.3945325e-02 -2.8158803e-02]",1.0,-0.8552824503799477,[0.36171146 0.36571283 0.06451178 0.20806394],[0.36171146 0.36571283 0.06451178 0.20806394],30,786,486,0.10842168984221376,0,0
754,849,2024-09-14 19:43:42.642443776,TASK_BEGIN,3,-0.0473940880372546,0.0127569944807392,0.2196997790745991,-0.0385860702949814,-0.0486960092428119,0.0146550023937971,2.0084926544545665,0.1650613561377002,0,2024-09-14 19:43:42.254157056,1726343022.254157,2024-09-14 19:43:42.254156006,21,"[-3.8605466e-01 -2.4926656e-01 -5.6600790e-02  9.2179189e-09
  2.0179800e-03 -4.7507993e-09  0.0000000e+00  1.0000000e+00
 -4.0000001e-01  1.3945325e-02 -2.8158803e-02]",1.0,-0.8552824503799477,[0.36171146 0.36571283 0.06451178 0.20806394],[0.36171146 0.36571283 0.06451178 0.20806394],30,786,486,0.10842168984221376,0,0
755,850,2024-09-14 19:43:42.703470848,TASK_BEGIN,3,-0.0155044833795109,0.0066864027578157,0.2410940126143022,-0.0346959693596413,-0.0494778966500439,0.0168555830613172,1.876912351574123,0.210657607556806,0,2024-09-14 19:43:42.401453312,1726343022.4014533,2024-09-14 19:43:42.401452881,21,"[-3.8863358e-01 -2.4926656e-01 -5.5821866e-02  9.4604360e-09
  2.0180130e-03 -4.2534163e-09  0.0000000e+00  1.0000000e+00
 -4.0000001e-01  1.1366431e-02 -2.8158803e-02]",1.0,-0.7795986514829372,[0.36090157 0.36452947 0.06488405 0.20968491],[0.36090157 0.36452947 0.06488405 0.20968491],30,786,486,0.1068810148026725,0,0
756,851,2024-09-14 19:43:42.778031104,TASK_BEGIN,3,0.0163446471317316,0.0002667152755452,0.2794228960865016,-0.0330574678912682,-0.0428992970347926,0.0176507108554088,1.7467939938690875,0.2562854443982481,0,2024-09-14 19:43:42.401453312,1726343022.4014533,2024-09-14 19:43:42.401452881,21,"[-3.8863358e-01 -2.4926656e-01 -5.5821866e-02  9.4604360e-09
  2.0180130e-03 -4.2534163e-09  0.0000000e+00  1.0000000e+00
 -4.0000001e-01  1.1366431e-02 -2.8158803e-02]",1.0,-0.7795986514829372,[0.36090157 0.36452947 0.06488405 0.20968491],[0.36090157 0.36452947 0.06488405 0.20968491],30,786,486,0.1068810148026725,0,0
757,852,2024-09-14 19:43:42.845820928,TASK_BEGIN,3,0.0474114122229026,-0.0064693817775576,0.3352529992237708,-0.0347415598987695,-0.0282943234352732,0.0167734407887257,1.6222250316455802,0.2998768145482837,0,2024-09-14 19:43:42.624814592,1726343022.6248145,2024-09-14 19:43:42.624813965,21,"[-3.9274466e-01 -2.4926656e-01 -5.8707312e-02 -9.0240118e-09
  2.0180233e-03  8.5750340e-09  0.0000000e+00  1.0000000e+00
 -4.0000001e-01  7.2553395e-03 -2.8158803e-02]",1.0,-0.9183364331412369,[0.35954957 0.36135083 0.06555282 0.21354679],[0.35954957 0.36135083 0.06555282 0.21354679],30,786,486,0.10472633050641209,0,0
758,853,2024-09-14 19:43:42.913660160,TASK_BEGIN,3,0.0769566142083289,-0.0134816381155254,0.4077063724460834,-0.0405792627207792,-0.0054433104273765,0.0140313761075867,1.5078682562251162,0.3392976457340126,0,2024-09-14 19:43:42.624814592,1726343022.6248145,2024-09-14 19:43:42.624813965,21,"[-3.9274466e-01 -2.4926656e-01 -5.8707312e-02 -9.0240118e-09
  2.0180233e-03  8.5750340e-09  0.0000000e+00  1.0000000e+00
 -4.0000001e-01  7.2553395e-03 -2.8158803e-02]",1.0,-0.9183364331412369,[0.35954957 0.36135083 0.06555282 0.21354679],[0.35954957 0.36135083 0.06555282 0.21354679],30,786,486,0.10472633050641209,0,0
759,854,2024-09-14 19:43:43.849195008,TASK_BEGIN,3,0.1042485943990858,-0.0207075199136147,0.4946530144365417,-0.0510853159061581,0.025382593135386,0.0093230286145218,1.4086024145899956,0.3725627910219545,0,2024-09-14 19:43:43.761403392,1726343023.7614033,2024-09-14 19:43:43.761403076,21,"[-4.1223815e-01 -2.4926656e-01 -5.4868974e-02  9.9625002e-09
  2.0181336e-03 -5.1766391e-09  0.0000000e+00  1.0000000e+00
 -4.0000001e-01 -1.2238161e-02 -2.8158803e-02]",1.0,-1.1434473821438778,[0.35464425 0.35749394 0.0679738  0.21988801],[0.35464425 0.35749394 0.0679738  0.21988801],30,786,486,0.09848718462263377,0,0
760,855,2024-09-14 19:43:43.924689920,TASK_BEGIN,3,0.1285493671027955,-0.0280494727408348,0.5928185402955761,-0.066339819626803,0.0634259176463394,0.0026444375843874,1.328971160708336,0.3980606827653384,0,2024-09-14 19:43:43.761403392,1726343023.7614033,2024-09-14 19:43:43.761403076,21,"[-4.1223815e-01 -2.4926656e-01 -5.4868974e-02  9.9625002e-09
  2.0181336e-03 -5.1766391e-09  0.0000000e+00  1.0000000e+00
 -4.0000001e-01 -1.2238161e-02 -2.8158803e-02]",1.0,-1.1434473821438778,[0.35464425 0.35749394 0.0679738  0.21988801],[0.35464425 0.35749394 0.0679738  0.21988801],30,786,486,0.09848718462263377,0,0
761,856,2024-09-14 19:43:43.989109248,TASK_BEGIN,3,0.1491230526699654,-0.0353736118004228,0.6978680844336782,-0.0859024611354376,0.1075059087434204,-0.0059164824900911,1.2726128405463808,0.4147188664820198,0,2024-09-14 19:43:43.761403392,1726343023.7614033,2024-09-14 19:43:43.761403076,21,"[-4.1223815e-01 -2.4926656e-01 -5.4868974e-02  9.9625002e-09
  2.0181336e-03 -5.1766391e-09  0.0000000e+00  1.0000000e+00
 -4.0000001e-01 -1.2238161e-02 -2.8158803e-02]",1.0,-1.1434473821438778,[0.35464425 0.35749394 0.0679738  0.21988801],[0.35464425 0.35749394 0.0679738  0.21988801],30,786,486,0.09848718462263377,0,0
762,857,2024-09-14 19:43:44.060250880,TASK_BEGIN,3,0.1652906707229871,-0.042522614502092,0.8045223049971624,-0.1088151587665748,0.1561164454082924,-0.0161953517399272,1.2418040971009423,0.4220668851360202,0,2024-09-14 19:43:43.761403392,1726343023.7614033,2024-09-14 19:43:43.761403076,21,"[-4.1223815e-01 -2.4926656e-01 -5.4868974e-02  9.9625002e-09
  2.0181336e-03 -5.1766391e-09  0.0000000e+00  1.0000000e+00
 -4.0000001e-01 -1.2238161e-02 -2.8158803e-02]",1.0,-1.1434473821438778,[0.35464425 0.35749394 0.0679738  0.21988801],[0.35464425 0.35749394 0.0679738  0.21988801],30,786,486,0.09848718462263377,0,0
763,858,2024-09-14 19:43:44.112822016,TASK_BEGIN,3,0.1765218084902985,-0.0493379059296739,0.9067258939624412,-0.133687665877941,0.2075209679291991,-0.0279691747056552,1.2371603134948774,0.4202108285245113,0,2024-09-14 19:43:43.761403392,1726343023.7614033,2024-09-14 19:43:43.761403076,21,"[-4.1223815e-01 -2.4926656e-01 -5.4868974e-02  9.9625002e-09
  2.0181336e-03 -5.1766391e-09  0.0000000e+00  1.0000000e+00
 -4.0000001e-01 -1.2238161e-02 -2.8158803e-02]",1.0,-1.1434473821438778,[0.35464425 0.35749394 0.0679738  0.21988801],[0.35464425 0.35749394 0.0679738  0.21988801],30,786,486,0.09848718462263377,0,0
764,859,2024-09-14 19:43:44.190490880,TASK_BEGIN,3,0.1825361330038019,-0.055683726701299,0.9979113481555992,-0.1588333808663383,0.259828652364902,-0.040971198271634,1.2575043387401523,0.4097675686472398,0,2024-09-14 19:43:43.971400960,1726343023.971401,2024-09-14 19:43:43.971400879,21,"[-4.1558492e-01 -2.4926656e-01 -5.2969214e-02  8.6491516e-09
  2.0181397e-03 -4.4495616e-09  0.0000000e+00  1.0000000e+00
 -4.0000001e-01 -1.5584921e-02 -2.8158803e-02]",1.0,-1.136225412221828,[0.35391221 0.35746712 0.06830921 0.22031145],[0.35391221 0.35746712 0.06830921 0.22031145],30,786,486,0.09752764352925024,0,0
765,860,2024-09-14 19:43:44.263598848,TASK_BEGIN,3,0.1833761777689868,-0.0614652664941128,1.071430875594364,-0.1824366528559361,0.3110639351176258,-0.0549022258428172,1.299912764500606,0.3917947477227622,0,2024-09-14 19:43:43.971400960,1726343023.971401,2024-09-14 19:43:43.971400879,21,"[-4.1558492e-01 -2.4926656e-01 -5.2969214e-02  8.6491516e-09
  2.0181397e-03 -4.4495616e-09  0.0000000e+00  1.0000000e+00
 -4.0000001e-01 -1.5584921e-02 -2.8158803e-02]",1.0,-1.136225412221828,[0.35391221 0.35746712 0.06830921 0.22031145],[0.35391221 0.35746712 0.06830921 0.22031145],30,786,486,0.09752764352925024,0,0
766,861,2024-09-14 19:43:45.206875904,TASK_BEGIN,3,0.1794124247864469,-0.0666335672194719,1.1212121951844536,-0.2027490276059378,0.3592517944874017,-0.0694409890832671,1.3599648926193066,0.3677163978072593,0,2024-09-14 19:43:44.977999616,1726343024.9779997,2024-09-14 19:43:44.977999023,21,"[-4.30848002e-01 -2.49266565e-01 -4.90166731e-02  1.02841735e-08
  2.01799488e-03 -9.00234376e-09  0.00000000e+00  1.00000000e+00
 -4.00000006e-01 -3.08480021e-02 -2.81588025e-02]",1.0,-1.105651805553885,[0.34995035 0.35346547 0.07030113 0.22628305],[0.34995035 0.35346547 0.07030113 0.22628305],30,786,486,0.09182284226982862,0,0
767,862,2024-09-14 19:43:45.274749952,TASK_BEGIN,3,0.1712764410095859,-0.0711769299588708,1.1425806722883811,-0.2182988750364425,0.4025294291867132,-0.0842563049203982,1.4322364791959326,0.3392138914805137,0,2024-09-14 19:43:44.977999616,1726343024.9779997,2024-09-14 19:43:44.977999023,21,"[-4.30848002e-01 -2.49266565e-01 -4.90166731e-02  1.02841735e-08
  2.01799488e-03 -9.00234376e-09  0.00000000e+00  1.00000000e+00
 -4.00000006e-01 -3.08480021e-02 -2.81588025e-02]",1.0,-1.105651805553885,[0.34995035 0.35346547 0.07030113 0.22628305],[0.34995035 0.35346547 0.07030113 0.22628305],30,786,486,0.09182284226982862,0,0
768,863,2024-09-14 19:43:45.342542080,TASK_BEGIN,3,0.1597590474287187,-0.0751071144589508,1.1330391932524306,-0.2280734851828433,0.4392652643732257,-0.099019659054685,1.5110255105285828,0.3080548839883176,0,2024-09-14 19:43:44.977999616,1726343024.9779997,2024-09-14 19:43:44.977999023,21,"[-4.30848002e-01 -2.49266565e-01 -4.90166731e-02  1.02841735e-08
  2.01799488e-03 -9.00234376e-09  0.00000000e+00  1.00000000e+00
 -4.00000006e-01 -3.08480021e-02 -2.81588025e-02]",1.0,-1.105651805553885,[0.34995035 0.35346547 0.07030113 0.22628305],[0.34995035 0.35346547 0.07030113 0.22628305],30,786,486,0.09182284226982862,0,0
769,864,2024-09-14 19:43:45.410337792,TASK_BEGIN,3,0.1457123537244883,-0.0784470351697409,1.0928046908014275,-0.2316417722419015,0.4681453070029281,-0.1134125762417557,1.5911895482740044,0.2758690997155262,0,2024-09-14 19:43:45.041187072,1726343025.041187,2024-09-14 19:43:45.041187012,21,"[-4.3173540e-01 -2.4926656e-01 -4.6042919e-02  9.1602947e-09
  2.0179781e-03 -7.8681648e-09  0.0000000e+00  1.0000000e+00
 -4.0000001e-01 -3.1735398e-02 -2.8158803e-02]",1.0,-0.8012521368845233,[0.34976062 0.35292362 0.07047455 0.22684122],[0.34976062 0.35292362 0.07047455 0.22684122],30,786,486,0.09072503344812752,0,0
770,865,2024-09-14 19:43:45.465565952,TASK_BEGIN,3,0.1299736698759484,-0.0812194742868519,1.025035769612914,-0.2292109004407754,0.4882018588749461,-0.1271264445729912,1.6689046823677347,0.2439190431069616,0,2024-09-14 19:43:45.186792192,1726343025.1867921,2024-09-14 19:43:45.186791992,21,"[-4.3378463e-01 -2.4926656e-01 -4.5224268e-02 -9.2043688e-09
  2.0179539e-03  5.5727916e-09  0.0000000e+00  1.0000000e+00
 -4.0000001e-01 -3.3784643e-02 -2.8158803e-02]",1.0,-0.7986615710590803,[0.34931986 0.35247888 0.07073835 0.2274629 ],[0.34931986 0.35247888 0.07073835 0.2274629 ],30,786,486,0.08991832909172623,0,0
771,866,2024-09-14 19:43:45.545963008,TASK_BEGIN,3,0.1133201758590176,-0.0834358037186765,0.935705254584774,-0.2216024321555197,0.4987940288797367,-0.1398599092145105,1.7421532011147416,0.2129306983073922,0,2024-09-14 19:43:45.186792192,1726343025.1867921,2024-09-14 19:43:45.186791992,21,"[-4.3378463e-01 -2.4926656e-01 -4.5224268e-02 -9.2043688e-09
  2.0179539e-03  5.5727916e-09  0.0000000e+00  1.0000000e+00
 -4.0000001e-01 -3.3784643e-02 -2.8158803e-02]",1.0,-0.7986615710590803,[0.34931986 0.35247888 0.07073835 0.2274629 ],[0.34931986 0.35247888 0.07073835 0.2274629 ],30,786,486,0.08991832909172623,0,0
772,867,2024-09-14 19:43:45.604780032,TASK_BEGIN,3,0.0964540164180671,-0.0850871850173934,0.8330074878514884,-0.2101263821947075,0.4995715673399318,-0.1513198687007342,1.8108115432033511,0.1830340195892387,0,2024-09-14 19:43:45.286869760,1726343025.2868698,2024-09-14 19:43:45.286869141,21,"[-4.3525329e-01 -2.4926656e-01 -4.4184517e-02  8.5767304e-09
  2.0179437e-03 -6.9668546e-09  0.0000000e+00  1.0000000e+00
 -4.0000001e-01 -3.5253301e-02 -2.8158803e-02]",1.0,-0.7237084582763222,[0.34870079 0.35220605 0.07089585 0.22819731],[0.34870079 0.35220605 0.07089585 0.22819731],30,786,486,0.08926295311588504,0,0
773,868,2024-09-14 19:43:46.556998144,TASK_BEGIN,3,0.0799979478192587,-0.0861397750225274,0.7262837253983533,-0.1963684958826612,0.490454339869384,-0.1612274457787647,1.8763285980446047,0.1538258691161207,0,2024-09-14 19:43:46.250925312,1726343026.2509253,2024-09-14 19:43:46.250925049,21,"[-4.4883704e-01 -2.4926656e-01 -4.7815260e-02  9.1101251e-09
  2.0178081e-03 -2.8654230e-09  0.0000000e+00  1.0000000e+00
 -4.0000001e-01 -4.8837043e-02 -2.8158803e-02]",1.0,-1.0929997724375673,[0.34475165 0.34682523 0.07266192 0.2357612 ],[0.34475165 0.34682523 0.07266192 0.2357612 ],30,786,486,0.08427382085909588,0,0
774,869,2024-09-14 19:43:46.613336064,TASK_BEGIN,3,0.0644788720377151,-0.0865331747748413,0.62468440047504,-0.1819451673944171,0.4716406119600821,-0.1693283634913098,1.9410753010574344,0.1245420365080264,0,2024-09-14 19:43:46.250925312,1726343026.2509253,2024-09-14 19:43:46.250925049,21,"[-4.4883704e-01 -2.4926656e-01 -4.7815260e-02  9.1101251e-09
  2.0178081e-03 -2.8654230e-09  0.0000000e+00  1.0000000e+00
 -4.0000001e-01 -4.8837043e-02 -2.8158803e-02]",1.0,-1.0929997724375673,[0.34475165 0.34682523 0.07266192 0.2357612 ],[0.34475165 0.34682523 0.07266192 0.2357612 ],30,786,486,0.08427382085909588,0,0
775,870,2024-09-14 19:43:46.692632832,TASK_BEGIN,3,0.0502962144419308,-0.0861822747913595,0.5359247645472647,-0.168280430021866,0.4436321729361444,-0.1754081384310981,2.0074880991303323,0.0943136721056863,0,2024-09-14 19:43:46.312957952,1726343026.312958,2024-09-14 19:43:46.312958008,21,"[-4.4968104e-01 -2.4926656e-01 -4.2202853e-02  1.0437974e-08
  2.0177981e-03 -6.9140627e-09  0.0000000e+00  1.0000000e+00
 -4.0000001e-01 -4.9681045e-02 -2.8158803e-02]",1.0,-0.5384732509372461,[0.34452572 0.34694453 0.07268747 0.23584229],[0.34452572 0.34694453 0.07268747 0.23584229],30,786,486,0.0833548810369998,0,0
776,871,2024-09-14 19:43:46.752211200,TASK_BEGIN,3,0.0376886022959459,-0.0849836336518449,0.4654324672866292,-0.1564464754279162,0.4072585374865154,-0.1793122047011199,2.0771983171742288,0.0624577730731663,0,2024-09-14 19:43:46.585920512,1726343026.5859206,2024-09-14 19:43:46.585920166,21,"[-4.5386174e-01 -2.4926656e-01 -5.1579326e-02  9.6859090e-09
  2.0177774e-03 -9.7850785e-09  0.0000000e+00  1.0000000e+00
 -4.0000001e-01 -5.3861752e-02 -2.8158803e-02]",1.0,-1.0523188281879519,[0.34220943 0.3449592  0.07336317 0.23946821],[0.34220943 0.3449592  0.07336317 0.23946821],30,786,486,0.08288938492531286,0,0
777,872,2024-09-14 19:43:46.828217088,TASK_BEGIN,3,0.0267211043273508,-0.0828271632053913,0.4160450834368722,-0.1471056846456678,0.3636975596978357,-0.1809691837639079,2.150409720910303,0.028719432982573,0,2024-09-14 19:43:46.585920512,1726343026.5859206,2024-09-14 19:43:46.585920166,21,"[-4.5386174e-01 -2.4926656e-01 -5.1579326e-02  9.6859090e-09
  2.0177774e-03 -9.7850785e-09  0.0000000e+00  1.0000000e+00
 -4.0000001e-01 -5.3861752e-02 -2.8158803e-02]",1.0,-1.0523188281879519,[0.34220943 0.3449592  0.07336317 0.23946821],[0.34220943 0.3449592  0.07336317 0.23946821],30,786,486,0.08288938492531286,0,0
778,873,2024-09-14 19:43:46.896039168,TASK_BEGIN,3,0.0173141716748208,-0.0796132300223812,0.3882873386990023,-0.1405743806431732,0.3144959161552005,-0.1804121609390017,2.2257175091021546,-0.0066111423893846,0,2024-09-14 19:43:47.278949632,1726343027.2789497,2024-09-14 19:43:47.278948975,21,"[-4.6518812e-01 -2.4926656e-01 -1.6895689e-02  6.2809069e-09
  2.0177003e-03 -6.4077237e-11  0.0000000e+00  1.0000000e+00
 -4.0000001e-01 -6.5188102e-02 -2.8158803e-02]",0.0,0.5411734261348968,[0.34303171 0.35774581 0.07179591 0.22742657],[0.34303171 0.35774581 0.07179591 0.22742657],30,786,486,0.08609872771472572,0,0
779,874,2024-09-14 19:43:46.951900928,TASK_BEGIN,3,0.0093083886677876,-0.0752723357994474,0.3810914741365263,-0.1369699148530027,0.2615698997832884,-0.1777887517909423,2.300318529289605,-0.0427249498872671,0,2024-09-14 19:43:47.342471424,1726343027.3424714,2024-09-14 19:43:47.342471191,21,"[-4.6531388e-01 -2.4926656e-01 -6.0394936e-04  6.2809358e-09
  2.0177052e-03 -7.6997947e-10  0.0000000e+00  1.0000000e+00
 -4.0000001e-01 -6.5313868e-02 -2.8158803e-02]",0.0,0.542989858683498,[0.34783646 0.36750346 0.06856155 0.21609854],[0.34783646 0.36750346 0.06856155 0.21609854],30,786,486,0.09196931258651464,0,0
780,875,2024-09-14 19:43:47.907438080,TASK_BEGIN,3,0.0025278824969657,-0.0697808666628692,0.3926046716203915,-0.1363357595371655,0.2071426113117285,-0.1733513971233722,2.3703473306600404,-0.0784121477980634,0,2024-09-14 19:43:47.594435072,1726343027.594435,2024-09-14 19:43:47.594435059,21,"[-4.6531275e-01 -2.4926656e-01 -1.6216658e-08  3.2550207e-09
  2.0160123e-03  2.8781438e-08  0.0000000e+00  1.0000000e+00
 -4.0000001e-01 -6.5312758e-02 -2.8158803e-02]",0.0,-7.730918127890618e-10,[0.34948198 0.37109184 0.06745464 0.21197154],[0.34948198 0.37109184 0.06745464 0.21197154],30,786,486,0.09517746901688393,0,0
781,876,2024-09-14 19:43:47.975258112,TASK_BEGIN,3,-0.0031916144963511,-0.0631678257516778,0.4206953422299448,-0.1386555792320323,0.1535880323560336,-0.1674271619875192,2.431131810760343,-0.1122033834734834,0,2024-09-14 19:43:47.594435072,1726343027.594435,2024-09-14 19:43:47.594435059,21,"[-4.6531275e-01 -2.4926656e-01 -1.6216658e-08  3.2550207e-09
  2.0160123e-03  2.8781438e-08  0.0000000e+00  1.0000000e+00
 -4.0000001e-01 -6.5312758e-02 -2.8158803e-02]",0.0,-7.730918127890618e-10,[0.34948198 0.37109184 0.06745464 0.21197154],[0.34948198 0.37109184 0.06745464 0.21197154],30,786,486,0.09517746901688393,0,0
782,877,2024-09-14 19:43:48.038663936,TASK_BEGIN,3,-0.0080159699992546,-0.0555126302994547,0.4630981809906656,-0.143782725841323,0.1031960527314144,-0.160374364954291,2.477413958713532,-0.1425049375438562,0,2024-09-14 19:43:47.847440640,1726343027.8474407,2024-09-14 19:43:47.847439941,21,"[-0.46531275 -0.24926656  0.          0.          0.00201604  0.
  0.          1.         -0.4        -0.06531276 -0.0281588 ]",0.0,120.00000080864748,[0.34948198 0.37109184 0.06745464 0.21197154],[0.34948198 0.37109184 0.06745464 0.21197154],30,786,486,0.09517745940530324,0,0
783,878,2024-09-14 19:43:48.110814208,TASK_BEGIN,3,-0.0121468010467938,-0.0469368757424534,0.5174645544318104,-0.1513932512783675,0.057911350564531,-0.1525363109867308,2.503697779407659,-0.1677329992446237,0,2024-09-14 19:43:47.847440640,1726343027.8474407,2024-09-14 19:43:47.847439941,21,"[-0.46531275 -0.24926656  0.          0.          0.00201604  0.
  0.          1.         -0.4        -0.06531276 -0.0281588 ]",0.0,120.00000080864748,[0.34948198 0.37109184 0.06745464 0.21197154],[0.34948198 0.37109184 0.06745464 0.21197154],30,786,486,0.09517745940530324,0,0
784,879,2024-09-14 19:43:48.178188032,TASK_BEGIN,3,-0.0158435859361533,-0.0375932063118809,0.5815015926453859,-0.1610250818243882,0.0191146026867523,-0.1442030775583871,2.504772171766619,-0.1864524846395366,0,2024-09-14 19:43:47.847440640,1726343027.8474407,2024-09-14 19:43:47.847439941,21,"[-0.46531275 -0.24926656  0.          0.          0.00201604  0.
  0.          1.         -0.4        -0.06531276 -0.0281588 ]",0.0,120.00000080864748,[0.34948198 0.37109184 0.06745464 0.21197154],[0.34948198 0.37109184 0.06745464 0.21197154],30,786,486,0.09517745940530324,0,0
785,880,2024-09-14 19:43:48.246496768,TASK_BEGIN,3,-0.0194134580087599,-0.0276543707489879,0.6531076023718154,-0.1721753304631497,-0.0125031565951278,-0.1355907172855785,2.476328676555254,-0.1975139381435638,0,2024-09-14 19:43:47.847440640,1726343027.8474407,2024-09-14 19:43:47.847439941,21,"[-0.46531275 -0.24926656  0.          0.          0.00201604  0.
  0.          1.         -0.4        -0.06531276 -0.0281588 ]",0.0,120.00000080864748,[0.34948198 0.37109184 0.06745464 0.21197154],[0.34948198 0.37109184 0.06745464 0.21197154],30,786,486,0.09517745940530324,0,0
786,882,2024-09-14 19:43:49.232057088,TASK_BEGIN,3,-0.027367896211353,-0.0067436983549515,0.8112613592255493,-0.197294381877218,-0.0548565432471426,-0.1180329590122255,2.3217778355553733,-0.1941876071520639,0,2024-09-14 19:43:49.624753664,1726343029.6247537,2024-09-14 19:43:49.624752930,22,"[ 5.2197776e-03  9.6254432e-01  5.9532121e-02 -3.5241586e-01
 -1.4647734e-02 -2.2494921e-02  0.0000000e+00  0.0000000e+00
  6.0000002e-01 -5.9478021e-01 -1.0811814e+01]",0.0,-2.6067979820341947,[0.51670164 0.20325614 0.07860773 0.2014345 ],[0.51670164 0.20325614 0.07860773 0.2014345 ],30,263,487,0.25811476030495417,0,0
787,883,2024-09-14 19:43:49.299910144,TASK_BEGIN,3,-0.0321009592817167,0.003816663563009,0.8935910785081397,-0.2105461226044873,-0.0672228058355668,-0.1092131211666568,2.1964481510887315,-0.1798124280644891,0,2024-09-14 19:43:49.624753664,1726343029.6247537,2024-09-14 19:43:49.624752930,22,"[ 5.2197776e-03  9.6254432e-01  5.9532121e-02 -3.5241586e-01
 -1.4647734e-02 -2.2494921e-02  0.0000000e+00  0.0000000e+00
  6.0000002e-01 -5.9478021e-01 -1.0811814e+01]",0.0,-2.6067979820341947,[0.51670164 0.20325614 0.07860773 0.2014345 ],[0.51670164 0.20325614 0.07860773 0.2014345 ],30,263,487,0.25811476030495417,0,0
788,884,2024-09-14 19:43:49.367662080,TASK_BEGIN,3,-0.0372153334449592,0.0141355709595954,0.9745488783836512,-0.2237336429163813,-0.0752088553482371,-0.1004154460903192,2.0433102379912564,-0.1577764350398688,0,2024-09-14 19:43:49.624753664,1726343029.6247537,2024-09-14 19:43:49.624752930,22,"[ 5.2197776e-03  9.6254432e-01  5.9532121e-02 -3.5241586e-01
 -1.4647734e-02 -2.2494921e-02  0.0000000e+00  0.0000000e+00
  6.0000002e-01 -5.9478021e-01 -1.0811814e+01]",0.0,-2.6067979820341947,[0.51670164 0.20325614 0.07860773 0.2014345 ],[0.51670164 0.20325614 0.07860773 0.2014345 ],30,263,487,0.25811476030495417,0,0
789,885,2024-09-14 19:43:49.428994816,TASK_BEGIN,3,-0.0422637950491999,0.0239502324957917,1.050662762078939,-0.2362583002850889,-0.0798902537072994,-0.0916838809551118,1.8679626373483784,-0.1291760619837932,0,2024-09-14 19:43:49.624753664,1726343029.6247537,2024-09-14 19:43:49.624752930,22,"[ 5.2197776e-03  9.6254432e-01  5.9532121e-02 -3.5241586e-01
 -1.4647734e-02 -2.2494921e-02  0.0000000e+00  0.0000000e+00
  6.0000002e-01 -5.9478021e-01 -1.0811814e+01]",0.0,-2.6067979820341947,[0.51670164 0.20325614 0.07860773 0.2014345 ],[0.51670164 0.20325614 0.07860773 0.2014345 ],30,263,487,0.25811476030495417,0,0
790,886,2024-09-14 19:43:49.503215104,TASK_BEGIN,3,-0.0465418511577706,0.0329903803478802,1.1178287924618064,-0.2472636749971315,-0.0821433807507626,-0.0830801699382435,1.677515996151363,-0.0953663702927823,0,2024-09-14 19:43:49.624753664,1726343029.6247537,2024-09-14 19:43:49.624752930,22,"[ 5.2197776e-03  9.6254432e-01  5.9532121e-02 -3.5241586e-01
 -1.4647734e-02 -2.2494921e-02  0.0000000e+00  0.0000000e+00
  6.0000002e-01 -5.9478021e-01 -1.0811814e+01]",0.0,-2.6067979820341947,[0.51670164 0.20325614 0.07860773 0.2014345 ],[0.51670164 0.20325614 0.07860773 0.2014345 ],30,263,487,0.25811476030495417,0,0
791,887,2024-09-14 19:43:49.568142848,TASK_BEGIN,3,-0.0491954155887859,0.0410007739503163,1.171653729925921,-0.2556709161163059,-0.0826270687608256,-0.0746847752766848,1.4802075446219092,-0.0578614585892063,0,2024-09-14 19:43:49.624753664,1726343029.6247537,2024-09-14 19:43:49.624752930,22,"[ 5.2197776e-03  9.6254432e-01  5.9532121e-02 -3.5241586e-01
 -1.4647734e-02 -2.2494921e-02  0.0000000e+00  0.0000000e+00
  6.0000002e-01 -5.9478021e-01 -1.0811814e+01]",0.0,-2.6067979820341947,[0.51670164 0.20325614 0.07860773 0.2014345 ],[0.51670164 0.20325614 0.07860773 0.2014345 ],30,263,487,0.25811476030495417,0,0
792,888,2024-09-14 19:43:49.629832960,TASK_BEGIN,3,-0.0493812065711502,0.0477644992328307,1.207994211302945,-0.2603221900753939,-0.0818218404726402,-0.0665954081883506,1.284993541893005,-0.0182721296381062,0,2024-09-14 19:43:49.624753664,1726343029.6247537,2024-09-14 19:43:49.624752930,22,"[ 5.2197776e-03  9.6254432e-01  5.9532121e-02 -3.5241586e-01
 -1.4647734e-02 -2.2494921e-02  0.0000000e+00  0.0000000e+00
  6.0000002e-01 -5.9478021e-01 -1.0811814e+01]",0.0,-2.6067979820341947,[0.51670164 0.20325614 0.07860773 0.2014345 ],[0.51670164 0.20325614 0.07860773 0.2014345 ],30,263,487,0.25811476030495417,0,0
793,889,2024-09-14 19:43:50.581533952,TASK_BEGIN,3,-0.04644951341203,0.0531248362044041,1.223479817326329,-0.260168899587458,-0.0800742997670531,-0.0589253378943271,1.1011401050321976,0.021718852214154,0,2024-09-14 19:43:50.932726784,1726343030.9327269,2024-09-14 19:43:50.932725830,22,"[ 0.0283165   0.27127576  0.11529497 -0.86936945 -0.15020469 -0.05323375
  0.          0.          0.6        -0.5716835  -5.281666  ]",0.0,-2.7501114319854594,[0.48515012 0.13261647 0.27409074 0.10814266],[0.48515012 0.13261647 0.27409074 0.10814266],30,263,487,0.21022890331984181,0,0
794,890,2024-09-14 19:43:50.637434112,TASK_BEGIN,3,-0.0401024788601083,0.0570020239827942,1.2159025564850408,-0.2544362225657948,-0.0776102534834567,-0.0518030685277366,0.9377977690905958,0.0603732006265485,0,2024-09-14 19:43:50.932726784,1726343030.9327269,2024-09-14 19:43:50.932725830,22,"[ 0.0283165   0.27127576  0.11529497 -0.86936945 -0.15020469 -0.05323375
  0.          0.          0.6        -0.5716835  -5.281666  ]",0.0,-2.7501114319854594,[0.48515012 0.13261647 0.27409074 0.10814266],[0.48515012 0.13261647 0.27409074 0.10814266],30,263,487,0.21022890331984181,0,0
795,891,2024-09-14 19:43:50.717188096,TASK_BEGIN,3,-0.0304847402765291,0.0593994841427217,1.1844678899029766,-0.2427311866174264,-0.0745254408569493,-0.0453723313721927,0.8034772421541385,0.0959435251490271,0,2024-09-14 19:43:51.052755968,1726343031.052756,2024-09-14 19:43:51.052756104,22,"[ 0.03443432  0.18976569  0.17429614 -0.84696615 -0.1646253  -0.04691393
  0.          0.          0.6        -0.5655657  -4.6295853 ]",0.0,-2.6591777042279148,[0.50334682 0.10726197 0.26250719 0.12688402],[0.50334682 0.10726197 0.26250719 0.12688402],30,263,487,0.23373805314740395,0,0
796,892,2024-09-14 19:43:50.785007104,TASK_BEGIN,3,-0.0181939050637356,0.060398670277927,1.1299042579825769,-0.2250848344435597,-0.0708040037272059,-0.0397842833933693,0.7053866913215546,0.1267746162083728,0,2024-09-14 19:43:51.152754432,1726343031.1527545,2024-09-14 19:43:51.152754150,22,"[ 0.04075615  0.12608182  0.21331266 -0.7761599  -0.17789686 -0.05170031
  0.          0.          0.6        -0.55924386 -4.1201143 ]",0.0,-2.6249356883640473,[0.54980534 0.1210936  0.19433257 0.13476849],[0.54980534 0.1210936  0.19433257 0.13476849],30,263,487,0.30038697752605337,0,0
797,893,2024-09-14 19:43:50.849212928,TASK_BEGIN,3,-0.0042205709412395,0.0601456149733222,1.0544109813457847,-0.2019288620594642,-0.0663957764957554,-0.0351745059159055,0.6487658947867525,0.1514493355546844,0,2024-09-14 19:43:51.152754432,1726343031.1527545,2024-09-14 19:43:51.152754150,22,"[ 0.04075615  0.12608182  0.21331266 -0.7761599  -0.17789686 -0.05170031
  0.          0.          0.6        -0.55924386 -4.1201143 ]",0.0,-2.6249356883640473,[0.54980534 0.1210936  0.19433257 0.13476849],[0.54980534 0.1210936  0.19433257 0.13476849],30,263,487,0.30038697752605337,0,0
798,894,2024-09-14 19:43:50.916304128,TASK_BEGIN,3,0.010173657223969,0.058830750191425,0.9614314070685238,-0.1740250398818047,-0.0613241536917635,-0.0316300588337442,0.6364744115675713,0.1689310417958756,0,2024-09-14 19:43:51.152754432,1726343031.1527545,2024-09-14 19:43:51.152754150,22,"[ 0.04075615  0.12608182  0.21331266 -0.7761599  -0.17789686 -0.05170031
  0.          0.          0.6        -0.55924386 -4.1201143 ]",0.0,-2.6249356883640473,[0.54980534 0.1210936  0.19433257 0.13476849],[0.54980534 0.1210936  0.19433257 0.13476849],30,263,487,0.30038697752605337,0,0
799,895,2024-09-14 19:43:50.977836032,TASK_BEGIN,3,0.0236286625703161,0.0566638919219451,0.8552723471809173,-0.1423814795748885,-0.0557694119888958,-0.029161680039129,0.6689503198963554,0.1786614678935717,0,2024-09-14 19:43:51.152754432,1726343031.1527545,2024-09-14 19:43:51.152754150,22,"[ 0.04075615  0.12608182  0.21331266 -0.7761599  -0.17789686 -0.05170031
  0.          0.          0.6        -0.55924386 -4.1201143 ]",0.0,-2.6249356883640473,[0.54980534 0.1210936  0.19433257 0.13476849],[0.54980534 0.1210936  0.19433257 0.13476849],30,263,487,0.30038697752605337,0,0
800,896,2024-09-14 19:43:51.907249920,TASK_BEGIN,3,0.0348736261159559,0.0538515780234037,0.7406396779312816,-0.1081772939213326,-0.0500894451133258,-0.0276942443928212,0.7443600026467116,0.1806180540644099,0,2024-09-14 19:43:52.004724480,1726343032.0047245,2024-09-14 19:43:52.004724121,22,"[ 0.17847331 -0.25693703  0.73844224 -0.29561648 -0.2683801  -0.00841578
  0.          0.          0.6        -0.4215267  -1.0559635 ]",1.0,1.058309665714196,[0.44011798 0.44276516 0.06343694 0.05367992],[0.44011798 0.44276516 0.06343694 0.05367992],30,263,487,0.257661006004202,0,0
801,897,2024-09-14 19:43:51.969467904,TASK_BEGIN,3,0.0428737538713254,0.050586293300793,0.6221493654589634,-0.0726844529256194,-0.0447698946286287,-0.027079987584666,0.8587016382037446,0.1753515187413704,0,2024-09-14 19:43:52.004724480,1726343032.0047245,2024-09-14 19:43:52.004724121,22,"[ 0.17847331 -0.25693703  0.73844224 -0.29561648 -0.2683801  -0.00841578
  0.          0.          0.6        -0.4215267  -1.0559635 ]",1.0,1.058309665714196,[0.44011798 0.44276516 0.06343694 0.05367992],[0.44011798 0.44276516 0.06343694 0.05367992],30,263,487,0.257661006004202,0,0
802,898,2024-09-14 19:43:52.028847872,TASK_BEGIN,3,0.0468926592527316,0.0470514488637039,0.5038611987713528,-0.0371685786790804,-0.0403301047323486,-0.027128149643615,1.0058938489963567,0.1639962752476241,0,2024-09-14 19:43:52.004724480,1726343032.0047245,2024-09-14 19:43:52.004724121,22,"[ 0.17847331 -0.25693703  0.73844224 -0.29561648 -0.2683801  -0.00841578
  0.          0.          0.6        -0.4215267  -1.0559635 ]",1.0,1.058309665714196,[0.44011798 0.44276516 0.06343694 0.05367992],[0.44011798 0.44276516 0.06343694 0.05367992],30,263,487,0.257661006004202,0,0
803,899,2024-09-14 19:43:52.107054848,TASK_BEGIN,3,0.0464742823677667,0.0434373143654836,0.3889484860836153,-0.0027807578544226,-0.0372274732864103,-0.0276378552796129,1.1780726614862669,0.1482148128912785,0,2024-09-14 19:43:52.004724480,1726343032.0047245,2024-09-14 19:43:52.004724121,22,"[ 0.17847331 -0.25693703  0.73844224 -0.29561648 -0.2683801  -0.00841578
  0.          0.          0.6        -0.4215267  -1.0559635 ]",1.0,1.058309665714196,[0.44011798 0.44276516 0.06343694 0.05367992],[0.44011798 0.44276516 0.06343694 0.05367992],30,263,487,0.257661006004202,0,0
804,900,2024-09-14 19:43:52.169049088,TASK_BEGIN,3,0.0413896068666833,0.0399570924053266,0.279614271286054,0.0295319967835869,-0.0357832282286094,-0.0284251925487197,1.3661677825785854,0.1300409038899265,0,2024-09-14 19:43:52.548757504,1726343032.5487576,2024-09-14 19:43:52.548757080,22,"[ 0.3382511  -0.36980456  0.8791419  -0.09654021  0.05175915  0.51866853
  0.          0.          0.6        -0.26174888 -0.15302326]",1.0,-0.9471742027717005,[0.07872266 0.66642832 0.24296804 0.01188099],[0.07872266 0.66642832 0.24296804 0.01188099],30,263,487,0.5700074070074967,0,0
805,901,2024-09-14 19:43:52.231111936,TASK_BEGIN,3,0.0315938283012943,0.0368515554586749,0.1772255027513105,0.059089740357407,-0.0361380161651598,-0.0293427301032118,1.560585810553272,0.1116345885115512,0,2024-09-14 19:43:52.548757504,1726343032.5487576,2024-09-14 19:43:52.548757080,22,"[ 0.3382511  -0.36980456  0.8791419  -0.09654021  0.05175915  0.51866853
  0.          0.          0.6        -0.26174888 -0.15302326]",1.0,-0.9471742027717005,[0.07872266 0.66642832 0.24296804 0.01188099],[0.07872266 0.66642832 0.24296804 0.01188099],30,263,487,0.5700074070074967,0,0
806,902,2024-09-14 19:43:52.314143744,TASK_BEGIN,3,0.0172074519958927,0.0343782055538563,0.0825513116625954,0.0855177143928056,-0.0382456438802102,-0.0302906929444889,1.7518272555233816,0.0950107420153353,0,2024-09-14 19:43:52.548757504,1726343032.5487576,2024-09-14 19:43:52.548757080,22,"[ 0.3382511  -0.36980456  0.8791419  -0.09654021  0.05175915  0.51866853
  0.          0.          0.6        -0.26174888 -0.15302326]",1.0,-0.9471742027717005,[0.07872266 0.66642832 0.24296804 0.01188099],[0.07872266 0.66642832 0.24296804 0.01188099],30,263,487,0.5700074070074967,0,0
807,903,2024-09-14 19:43:53.257307136,TASK_BEGIN,3,-0.0014966256735386,0.0327923450621815,-0.0039524823527904,0.1087470162466182,-0.041885895436055,-0.0312206161889493,1.9310397840672215,0.0818004089334665,0,2024-09-14 19:43:52.857442560,1726343032.8574426,2024-09-14 19:43:52.857442139,22,"[ 0.4194511  -0.3887751   0.69578004 -0.07432593 -0.01734256 -0.19824563
  1.          1.          0.6        -0.18054892 -0.00125886]",0.0,4.973878941542182,[0.79188722 0.13829875 0.01273586 0.05707817],[0.79188722 0.13829875 0.01273586 0.05707817],30,263,487,0.7920847028897179,0,0
808,904,2024-09-14 19:43:53.325176064,TASK_BEGIN,3,-0.024121268427417,0.0323292678365117,-0.0818155310243431,0.128961736248429,-0.0466571717879742,-0.0321375934537393,2.0905631904263853,0.0730715722945135,0,2024-09-14 19:43:52.941635584,1726343032.9416356,2024-09-14 19:43:52.941635010,22,"[ 0.43689647 -0.38563305  0.59676665  0.04013968  0.00223332  0.07694428
  1.          1.          0.6        -0.16310352 -0.02639534]",1.0,1.5071545756982851,[0.08994343 0.82318238 0.08428285 0.00259134],[0.08994343 0.82318238 0.08428285 0.00259134],30,263,487,0.5198288138536395,0,0
809,905,2024-09-14 19:43:53.392993024,TASK_BEGIN,3,-0.0501847619339264,0.0331884580751929,-0.150233988715806,0.1464967637008394,-0.0519531914621053,-0.0331048675783255,2.2244138844364287,0.0692251595060163,0,2024-09-14 19:43:53.005459968,1726343033.00546,2024-09-14 19:43:53.005459961,22,"[ 0.448606   -0.38522434  0.543176    0.00351838  0.00274022 -0.00851142
  1.          1.          0.6        -0.15139398 -0.02966501]",1.0,2.1151797409786095,[0.19156196 0.74412271 0.0542287  0.01008663],[0.19156196 0.74412271 0.0542287  0.01008663],30,263,487,0.4311777771734736,0,0
810,906,2024-09-14 19:43:53.457675008,TASK_BEGIN,3,-0.0791437290283755,0.0355163282300474,-0.2078736628107023,0.1617165424578651,-0.0569692733209404,-0.0342441825496764,2.328610152047198,0.0699871633735838,0,2024-09-14 19:43:53.067521280,1726343033.0675213,2024-09-14 19:43:53.067520996,22,"[ 0.4590424  -0.38507223  0.48004365  0.00310632  0.00156144 -0.00752222
  1.          1.          0.6        -0.14095761 -0.0308819 ]",1.0,2.2562276036307107,[0.20765356 0.72405813 0.0539939  0.01429441],[0.20765356 0.72405813 0.0539939  0.01429441],30,263,487,0.39551781461181335,0,0
811,907,2024-09-14 19:43:53.518747136,TASK_BEGIN,3,-0.1103745295986717,0.0393866137465561,-0.2528382339747032,0.1749126745000227,-0.0607582875106232,-0.0357216378821459,2.4012526221311385,0.0745140861128902,0,2024-09-14 19:43:53.131090688,1726343033.1310906,2024-09-14 19:43:53.131089844,22,"[ 4.6833086e-01 -3.8493693e-01  4.2796177e-01  2.7668211e-03
  5.1229348e-04 -6.7061223e-03  1.0000000e+00  1.0000000e+00
  6.0000002e-01 -1.3166913e-01 -3.1964317e-02]",1.0,2.048606844267246,[0.2235262  0.70312336 0.05386776 0.01948269],[0.2235262  0.70312336 0.05386776 0.01948269],30,263,487,0.3614171574962142,0,0
812,908,2024-09-14 19:43:53.595496704,TASK_BEGIN,3,-0.1431231997678979,0.0447802489632658,-0.2827298179068631,0.1862423610140429,-0.0623244985271659,-0.0377159586448494,2.4422313888893705,0.0816122603158277,0,2024-09-14 19:43:53.215087872,1726343033.215088,2024-09-14 19:43:53.215086914,22,"[ 4.7879934e-01 -3.8478452e-01  3.4652007e-01  2.2380026e-03
 -6.7022449e-04 -5.4300190e-03  1.0000000e+00  1.0000000e+00
  6.0000002e-01 -1.2120066e-01 -3.3183590e-02]",1.0,2.0028525284985985,[0.25528256 0.65548263 0.0572466  0.03198821],[0.25528256 0.65548263 0.0572466  0.03198821],30,263,487,0.3064214503648044,0,0
813,909,2024-09-14 19:43:53.664189184,TASK_BEGIN,3,-0.1764679867810799,0.0515696900958004,-0.294797767244436,0.1957181302418277,-0.0607468234290418,-0.040375259918056,2.4525285469937,0.0900296492922902,0,2024-09-14 19:43:53.319227648,1726343033.3192277,2024-09-14 19:43:53.319227051,22,"[ 4.8870549e-01 -3.8466543e-01  2.4735658e-01 -1.0598268e-08
 -1.5951652e-03  8.2918881e-09  1.0000000e+00  0.0000000e+00
  6.0000002e-01 -1.1129452e-01 -3.4136310e-02]",1.0,-7.948022652364452,[0.3095342  0.55561058 0.0631853  0.07166992],[0.3095342  0.55561058 0.0631853  0.07166992],30,263,487,0.251662539043681,0,0
814,910,2024-09-14 19:43:54.593805824,TASK_BEGIN,3,-0.2093339834440688,0.0595161957072588,-0.2863282645754278,0.20326534054658,-0.0553177936778909,-0.043773719432669,2.433392332904618,0.0987294049166929,0,2024-09-14 19:43:54.201229568,1726343034.2012296,2024-09-14 19:43:54.201229004,22,"[ 5.2519226e-01 -3.8466543e-01  8.2682222e-03  3.4149923e-09
 -1.5962482e-03  2.4558769e-08  0.0000000e+00  0.0000000e+00
  6.0000002e-01 -7.4807741e-02 -3.4136310e-02]",0.0,0.5437660377251206,[0.45078915 0.30308223 0.10108933 0.14503929],[0.45078915 0.30308223 0.10108933 0.14503929],30,263,487,0.12059741299566132,0,0
815,911,2024-09-14 19:43:54.671022080,TASK_BEGIN,3,-0.2405639098004738,0.0682859111974401,-0.2553249681931673,0.2088484876262579,-0.0456624003398311,-0.0478806206755841,2.3858111743223183,0.1070567579107033,0,2024-09-14 19:43:54.389903104,1726343034.389903,2024-09-14 19:43:54.389903076,22,"[ 5.2521086e-01 -3.8466543e-01  6.2997625e-09  1.9271369e-09
 -1.5945336e-03 -9.4388737e-09  0.0000000e+00  0.0000000e+00
  6.0000002e-01 -7.4789144e-02 -3.4136310e-02]",0.0,-1.3163727174969608e-06,[0.45173246 0.28919204 0.10628153 0.15279398],[0.45173246 0.28919204 0.10628153 0.15279398],30,263,487,0.11218086272275507,0,0
816,912,2024-09-14 19:43:54.733051904,TASK_BEGIN,3,-0.2690167038304879,0.0774818696808282,-0.2012393667502707,0.2126160780037855,-0.0318033696806636,-0.0525501919863684,2.310525506896135,0.114771429161534,0,2024-09-14 19:43:54.389903104,1726343034.389903,2024-09-14 19:43:54.389903076,22,"[ 5.2521086e-01 -3.8466543e-01  6.2997625e-09  1.9271369e-09
 -1.5945336e-03 -9.4388737e-09  0.0000000e+00  0.0000000e+00
  6.0000002e-01 -7.4789144e-02 -3.4136310e-02]",0.0,-1.3163727174969608e-06,[0.45173246 0.28919204 0.10628153 0.15279398],[0.45173246 0.28919204 0.10628153 0.15279398],30,263,487,0.11218086272275507,0,0
817,913,2024-09-14 19:43:54.810711040,TASK_BEGIN,3,-0.2936553613929145,0.086682695845635,-0.1254498013341143,0.2149859837122648,-0.0141671250111178,-0.0575328041088563,2.208479576120879,0.121982063323729,0,2024-09-14 19:43:54.495453952,1726343034.4954538,2024-09-14 19:43:54.495453125,22,"[ 5.2521086e-01 -3.8466543e-01  1.0754054e-08 -5.1208451e-09
 -1.5946376e-03 -1.8113985e-08  0.0000000e+00  0.0000000e+00
  6.0000002e-01 -7.4789144e-02 -3.4136310e-02]",0.0,1.1579613925505328e-06,[0.45173246 0.28919204 0.10628153 0.15279398],[0.45173246 0.28919204 0.10628153 0.15279398],30,263,487,0.11218083096505183,0,0
818,914,2024-09-14 19:43:54.879113984,TASK_BEGIN,3,-0.3135991499498956,0.095478386539267,-0.031383066186617,0.2166255258031226,0.0064589182137752,-0.0625028509230598,2.081384307957035,0.1290432607153051,0,2024-09-14 19:43:54.495453952,1726343034.4954538,2024-09-14 19:43:54.495453125,22,"[ 5.2521086e-01 -3.8466543e-01  1.0754054e-08 -5.1208451e-09
 -1.5946376e-03 -1.8113985e-08  0.0000000e+00  0.0000000e+00
  6.0000002e-01 -7.4789144e-02 -3.4136310e-02]",0.0,1.1579613925505328e-06,[0.45173246 0.28919204 0.10628153 0.15279398],[0.45173246 0.28919204 0.10628153 0.15279398],30,263,487,0.11218083096505183,0,0
819,915,2024-09-14 19:43:54.936547072,TASK_BEGIN,3,-0.328141309234537,0.1034973256864421,0.0757071661654987,0.2183368908431272,0.029007761468501,-0.067098508909059,1.932107142031668,0.1364515394027058,0,2024-09-14 19:43:54.537453824,1726343034.537454,2024-09-14 19:43:54.537452881,22,"[ 5.2521086e-01 -3.8466543e-01 -2.4340521e-10  3.0557390e-10
 -1.5946546e-03  3.1534158e-09  0.0000000e+00  0.0000000e+00
  6.0000002e-01 -7.4789144e-02 -3.4136310e-02]",0.0,-1.655694809699071e-06,[0.45173246 0.28919204 0.10628153 0.15279398],[0.45173246 0.28919204 0.10628153 0.15279398],30,263,487,0.1121808184737196,0,0
820,916,2024-09-14 19:43:55.014678016,TASK_BEGIN,3,-0.3367517288753679,0.1104242636686624,0.1893038161935362,0.2208917382680805,0.0522394531740326,-0.0709674662321416,1.764802548336454,0.1447450182605177,0,2024-09-14 19:43:54.621453568,1726343034.6214535,2024-09-14 19:43:54.621453125,22,"[ 5.2521086e-01 -3.8466543e-01  1.8560085e-08 -1.9398723e-09
 -1.5947694e-03 -3.2964394e-08  0.0000000e+00  0.0000000e+00
  6.0000002e-01 -7.4789144e-02 -3.4136310e-02]",0.0,-3.2630743120876105e-06,[0.45173246 0.28919204 0.10628153 0.15279398],[0.45173246 0.28919204 0.10628153 0.15279398],30,263,487,0.1121807800093019,0,0
821,917,2024-09-14 19:43:55.955560960,TASK_BEGIN,3,-0.3390823355353642,0.1160113272928001,0.3024916486846423,0.2248570190809191,0.0748582249427353,-0.0738101509644029,1.584762984979872,0.154419598609223,0,2024-09-14 19:43:56.306714880,1726343036.3067148,2024-09-14 19:43:56.306714111,23,"[ 7.3806447e-04  1.0044839e+00  5.4547451e-02  3.7343085e-02
 -2.0722363e-03 -2.0732528e-02  0.0000000e+00  0.0000000e+00
 -6.0000002e-01  6.0073805e-01 -1.2640851e+01]",0.0,1.2963765673359262,[0.39242379 0.32484462 0.06929308 0.21343852],[0.39242379 0.32484462 0.06929308 0.21343852],30,349,488,0.10433511228237138,0,0
822,918,2024-09-14 19:43:56.025426944,TASK_BEGIN,3,-0.3349847674862483,0.1200830283085096,0.4089687511711407,0.2304411876799471,0.0956385543407757,-0.0754145487414598,1.3980167735729931,0.1658849132228764,0,2024-09-14 19:43:56.410018560,1726343036.4100184,2024-09-14 19:43:56.410017822,23,"[ 2.5810401e-03  1.0014026e+00  5.4615952e-02 -9.0665855e-02
 -7.2493758e-03 -2.0702746e-02  0.0000000e+00  0.0000000e+00
 -6.0000002e-01  6.0258102e-01 -1.2616200e+01]",0.0,-2.2206137157563717,[0.37530735 0.35309893 0.08927705 0.18231668],[0.37530735 0.35309893 0.08927705 0.18231668],30,349,488,0.10849734337224978,0,0
823,919,2024-09-14 19:43:56.093204992,TASK_BEGIN,3,-0.3245482344256772,0.1225376358772058,0.5039855232059666,0.2373878337444234,0.1135561351196016,-0.0756807208118441,1.2108961178262987,0.1794444009407089,0,2024-09-14 19:43:56.473015040,1726343036.473015,2024-09-14 19:43:56.473015137,23,"[ 3.5223167e-03  9.9475038e-01  4.0304907e-02 -1.6753674e-01
 -7.0551247e-03  1.2287021e-02  0.0000000e+00  0.0000000e+00
 -6.0000002e-01  6.0352230e-01 -1.2562983e+01]",0.0,-2.4362641161370817,[0.39552859 0.32774215 0.08763907 0.18909019],[0.39552859 0.32774215 0.08763907 0.18909019],30,349,488,0.12165500537803031,0,0
824,920,2024-09-14 19:43:56.160971008,TASK_BEGIN,3,-0.3081513645572517,0.1233490155495857,0.5849973881494691,0.2449464385004749,0.1278918723209614,-0.0746312770852024,1.029826088039339,0.1952501816118314,0,2024-09-14 19:43:56.473015040,1726343036.473015,2024-09-14 19:43:56.473015137,23,"[ 3.5223167e-03  9.9475038e-01  4.0304907e-02 -1.6753674e-01
 -7.0551247e-03  1.2287021e-02  0.0000000e+00  0.0000000e+00
 -6.0000002e-01  6.0352230e-01 -1.2562983e+01]",0.0,-2.4362641161370817,[0.39552859 0.32774215 0.08763907 0.18909019],[0.39552859 0.32774215 0.08763907 0.18909019],30,349,488,0.12165500537803031,0,0
825,921,2024-09-14 19:43:56.217514240,TASK_BEGIN,3,-0.2864995372766435,0.1225694508067783,0.6518355069751306,0.2519480538601385,0.1382717277054397,-0.0724029179372244,0.861283314402684,0.2132248530680665,0,2024-09-14 19:43:56.473015040,1726343036.473015,2024-09-14 19:43:56.473015137,23,"[ 3.5223167e-03  9.9475038e-01  4.0304907e-02 -1.6753674e-01
 -7.0551247e-03  1.2287021e-02  0.0000000e+00  0.0000000e+00
 -6.0000002e-01  6.0352230e-01 -1.2562983e+01]",0.0,-2.4362641161370817,[0.39552859 0.32774215 0.08763907 0.18909019],[0.39552859 0.32774215 0.08763907 0.18909019],30,349,488,0.12165500537803031,0,0
826,922,2024-09-14 19:43:56.294176000,TASK_BEGIN,3,-0.2606218369894223,0.1203296065745185,0.7063078835660777,0.2569925173441292,0.1446346864617985,-0.0692206401041005,0.7116750524865789,0.233003528544773,0,2024-09-14 19:43:56.473015040,1726343036.473015,2024-09-14 19:43:56.473015137,23,"[ 3.5223167e-03  9.9475038e-01  4.0304907e-02 -1.6753674e-01
 -7.0551247e-03  1.2287021e-02  0.0000000e+00  0.0000000e+00
 -6.0000002e-01  6.0352230e-01 -1.2562983e+01]",0.0,-2.4362641161370817,[0.39552859 0.32774215 0.08763907 0.18909019],[0.39552859 0.32774215 0.08763907 0.18909019],30,349,488,0.12165500537803031,0,0
827,923,2024-09-14 19:43:56.364329216,TASK_BEGIN,3,-0.2318190222613049,0.1168326394305725,0.7513895133918477,0.2586988518729193,0.1471457123307027,-0.0653625721816877,0.5870520316729004,0.2539379484008447,0,2024-09-14 19:43:56.473015040,1726343036.473015,2024-09-14 19:43:56.473015137,23,"[ 3.5223167e-03  9.9475038e-01  4.0304907e-02 -1.6753674e-01
 -7.0551247e-03  1.2287021e-02  0.0000000e+00  0.0000000e+00
 -6.0000002e-01  6.0352230e-01 -1.2562983e+01]",0.0,-2.4362641161370817,[0.39552859 0.32774215 0.08763907 0.18909019],[0.39552859 0.32774215 0.08763907 0.18909019],30,349,488,0.12165500537803031,0,0
828,924,2024-09-14 19:43:57.294357248,TASK_BEGIN,3,-0.2015616996541606,0.1123424684829738,0.7903591619492549,0.2559247123947054,0.1460850405561444,-0.0611228195987609,0.492750270348664,0.2751537892791801,0,2024-09-14 19:43:57.628055552,1726343037.6280556,2024-09-14 19:43:57.628055176,23,"[ 1.7272154e-02  5.8113408e-01 -2.1327881e-03 -4.7895634e-01
  2.8137032e-02  4.5209199e-02  0.0000000e+00  0.0000000e+00
 -6.0000002e-01  6.1727214e-01 -9.2540522e+00]",1.0,-2.8277000135812873,[0.3504055  0.3654359  0.15666202 0.12749657],[0.3504055  0.3654359  0.15666202 0.12749657],30,349,488,0.10156199131445706,0,0
829,925,2024-09-14 19:43:57.371085824,TASK_BEGIN,3,-0.1713509787115501,0.10716674982766,0.8261894558688824,0.2478874946682931,0.1417588732497703,-0.056777439284392,0.4329823134183521,0.2956452382490944,0,2024-09-14 19:43:57.628055552,1726343037.6280556,2024-09-14 19:43:57.628055176,23,"[ 1.7272154e-02  5.8113408e-01 -2.1327881e-03 -4.7895634e-01
  2.8137032e-02  4.5209199e-02  0.0000000e+00  0.0000000e+00
 -6.0000002e-01  6.1727214e-01 -9.2540522e+00]",1.0,-2.8277000135812873,[0.3504055  0.3654359  0.15666202 0.12749657],[0.3504055  0.3654359  0.15666202 0.12749657],30,349,488,0.10156199131445706,0,0
830,926,2024-09-14 19:43:57.433108224,TASK_BEGIN,3,-0.1425756014137363,0.1016349974302805,0.8612630246234967,0.2341898073985635,0.1344610858383215,-0.0525581920607178,0.4103002575807178,0.3144051353355968,0,2024-09-14 19:43:57.628055552,1726343037.6280556,2024-09-14 19:43:57.628055176,23,"[ 1.7272154e-02  5.8113408e-01 -2.1327881e-03 -4.7895634e-01
  2.8137032e-02  4.5209199e-02  0.0000000e+00  0.0000000e+00
 -6.0000002e-01  6.1727214e-01 -9.2540522e+00]",1.0,-2.8277000135812873,[0.3504055  0.3654359  0.15666202 0.12749657],[0.3504055  0.3654359  0.15666202 0.12749657],30,349,488,0.10156199131445706,0,0
831,927,2024-09-14 19:43:57.510938112,TASK_BEGIN,3,-0.1164018371987474,0.0960748706716673,0.897297867891485,0.2147871082758968,0.1244686453944627,-0.0486356419177888,0.4249653483046882,0.3305767042896712,0,2024-09-14 19:43:57.628055552,1726343037.6280556,2024-09-14 19:43:57.628055176,23,"[ 1.7272154e-02  5.8113408e-01 -2.1327881e-03 -4.7895634e-01
  2.8137032e-02  4.5209199e-02  0.0000000e+00  0.0000000e+00
 -6.0000002e-01  6.1727214e-01 -9.2540522e+00]",1.0,-2.8277000135812873,[0.3504055  0.3654359  0.15666202 0.12749657],[0.3504055  0.3654359  0.15666202 0.12749657],30,349,488,0.10156199131445706,0,0
832,928,2024-09-14 19:43:57.572046848,TASK_BEGIN,3,-0.0937143892710592,0.0907927521238979,0.9353243735848366,0.189928783597976,0.1120353579468693,-0.0451094885219183,0.4744321250177908,0.3435991762267333,0,2024-09-14 19:43:57.628055552,1726343037.6280556,2024-09-14 19:43:57.628055176,23,"[ 1.7272154e-02  5.8113408e-01 -2.1327881e-03 -4.7895634e-01
  2.8137032e-02  4.5209199e-02  0.0000000e+00  0.0000000e+00
 -6.0000002e-01  6.1727214e-01 -9.2540522e+00]",1.0,-2.8277000135812873,[0.3504055  0.3654359  0.15666202 0.12749657],[0.3504055  0.3654359  0.15666202 0.12749657],30,349,488,0.10156199131445706,0,0
833,929,2024-09-14 19:43:57.646554880,TASK_BEGIN,3,-0.075111032509444,0.0860635133906641,0.9756368290604144,0.1600943723451411,0.0973791155376713,-0.0420058630871439,0.5532187369940423,0.3533184939902827,0,2024-09-14 19:43:57.628055552,1726343037.6280556,2024-09-14 19:43:57.628055176,23,"[ 1.7272154e-02  5.8113408e-01 -2.1327881e-03 -4.7895634e-01
  2.8137032e-02  4.5209199e-02  0.0000000e+00  0.0000000e+00
 -6.0000002e-01  6.1727214e-01 -9.2540522e+00]",1.0,-2.8277000135812873,[0.3504055  0.3654359  0.15666202 0.12749657],[0.3504055  0.3654359  0.15666202 0.12749657],30,349,488,0.10156199131445706,0,0
834,930,2024-09-14 19:43:57.709831168,TASK_BEGIN,3,-0.0609373638485553,0.0821279918800302,1.0177636034810194,0.1259467480118102,0.0806774654388525,-0.0392835577135041,0.653360941065928,0.360032965822071,0,2024-09-14 19:43:57.628055552,1726343037.6280556,2024-09-14 19:43:57.628055176,23,"[ 1.7272154e-02  5.8113408e-01 -2.1327881e-03 -4.7895634e-01
  2.8137032e-02  4.5209199e-02  0.0000000e+00  0.0000000e+00
 -6.0000002e-01  6.1727214e-01 -9.2540522e+00]",1.0,-2.8277000135812873,[0.3504055  0.3654359  0.15666202 0.12749657],[0.3504055  0.3654359  0.15666202 0.12749657],30,349,488,0.10156199131445706,0,0
835,931,2024-09-14 19:43:58.652577024,TASK_BEGIN,3,-0.0513315393728744,0.0791914074775026,1.0605076700595877,0.0883273804623706,0.0620765519301398,-0.0368494200024348,0.7653948451827431,0.3644617352607409,0,2024-09-14 19:43:58.967162112,1726343038.9671621,2024-09-14 19:43:58.967162109,23,"[-3.7751198e-02  5.0047636e-03 -2.1512389e-01 -6.5205592e-01
  1.0994584e-04 -4.8361648e-02  0.0000000e+00  0.0000000e+00
 -6.0000002e-01  5.6224883e-01 -4.6450176e+00]",0.0,-2.0807557549483704,[0.46045319 0.15342505 0.14477974 0.24134202],[0.46045319 0.15342505 0.14477974 0.24134202],30,349,488,0.23808261428312325,0,0
836,932,2024-09-14 19:43:58.714633984,TASK_BEGIN,3,-0.0462598405573415,0.0774182788372048,1.1019716657473524,0.0483092479527896,0.0417166494366476,-0.0345823671034818,0.8795232131449225,0.3676543468874554,0,2024-09-14 19:43:59.072162560,1726343039.0721626,2024-09-14 19:43:59.072161865,23,"[-0.04555218 -0.04756236 -0.22970931 -0.640098   -0.01260335 -0.05459063
  0.          0.         -0.6         0.5544478  -4.2244806 ]",0.0,-2.5668316802661195,[0.48444219 0.13851785 0.14474742 0.23229253],[0.48444219 0.13851785 0.14474742 0.23229253],30,349,488,0.2642033307454606,0,0
837,933,2024-09-14 19:43:58.792290048,TASK_BEGIN,3,-0.0455537337231482,0.0769258971034964,1.1394574208354582,0.0072857463556491,0.0197747168166462,-0.0323628783421171,0.986572566137396,0.3708653375134229,0,2024-09-14 19:43:59.072162560,1726343039.0721626,2024-09-14 19:43:59.072161865,23,"[-0.04555218 -0.04756236 -0.22970931 -0.640098   -0.01260335 -0.05459063
  0.          0.         -0.6         0.5544478  -4.2244806 ]",0.0,-2.5668316802661195,[0.48444219 0.13851785 0.14474742 0.23229253],[0.48444219 0.13851785 0.14474742 0.23229253],30,349,488,0.2642033307454606,0,0
838,934,2024-09-14 19:43:58.861010944,TASK_BEGIN,3,-0.0489624277419947,0.0777806088953417,1.1693639359744588,-0.0329680432587293,-0.0034938661191157,-0.0300977547627491,1.0785603748674562,0.3754154444884486,0,2024-09-14 19:43:59.072162560,1726343039.0721626,2024-09-14 19:43:59.072161865,23,"[-0.04555218 -0.04756236 -0.22970931 -0.640098   -0.01260335 -0.05459063
  0.          0.         -0.6         0.5544478  -4.2244806 ]",0.0,-2.5668316802661195,[0.48444219 0.13851785 0.14474742 0.23229253],[0.48444219 0.13851785 0.14474742 0.23229253],30,349,488,0.2642033307454606,0,0
839,935,2024-09-14 19:43:58.928826112,TASK_BEGIN,3,-0.0562095336313098,0.0799980498778311,1.1873952547241011,-0.0703320903124645,-0.0277349596816819,-0.027729676540351,1.1489523480234511,0.3825683864210389,0,2024-09-14 19:43:59.072162560,1726343039.0721626,2024-09-14 19:43:59.072161865,23,"[-0.04555218 -0.04756236 -0.22970931 -0.640098   -0.01260335 -0.05459063
  0.          0.         -0.6         0.5544478  -4.2244806 ]",0.0,-2.5668316802661195,[0.48444219 0.13851785 0.14474742 0.23229253],[0.48444219 0.13851785 0.14474742 0.23229253],30,349,488,0.2642033307454606,0,0
840,936,2024-09-14 19:43:58.996613120,TASK_BEGIN,3,-0.0670274971493163,0.0835443867769224,1.1892354308805624,-0.1025154073531649,-0.0525025243617354,-0.0252312008854646,1.19279494567974,0.3934381091933553,0,2024-09-14 19:43:59.072162560,1726343039.0721626,2024-09-14 19:43:59.072161865,23,"[-0.04555218 -0.04756236 -0.22970931 -0.640098   -0.01260335 -0.05459063
  0.          0.         -0.6         0.5544478  -4.2244806 ]",0.0,-2.5668316802661195,[0.48444219 0.13851785 0.14474742 0.23229253],[0.48444219 0.13851785 0.14474742 0.23229253],30,349,488,0.2642033307454606,0,0
841,937,2024-09-14 19:43:59.054739968,TASK_BEGIN,3,-0.0811520020190452,0.088333638560769,1.1715166775888208,-0.1273513553000533,-0.0772893252877149,-0.0225915086588952,1.2068061476715888,0.4089125464234325,0,2024-09-14 19:43:59.072162560,1726343039.0721626,2024-09-14 19:43:59.072161865,23,"[-0.04555218 -0.04756236 -0.22970931 -0.640098   -0.01260335 -0.05459063
  0.          0.         -0.6         0.5544478  -4.2244806 ]",0.0,-2.5668316802661195,[0.48444219 0.13851785 0.14474742 0.23229253],[0.48444219 0.13851785 0.14474742 0.23229253],30,349,488,0.2642033307454606,0,0
842,938,2024-09-14 19:43:59.978727936,TASK_BEGIN,3,-0.0982744761130891,0.0942189781538052,1.1327143255793637,-0.1431322785102347,-0.1015713391224364,-0.0198048603291967,1.1894136329592286,0.4295794788411149,0,2024-09-14 19:44:00.159654656,1726343040.1596546,2024-09-14 19:44:00.159654053,23,"[-0.12026334 -0.48946    -0.17554432 -0.16356772 -0.19322287  0.38682902
  1.          0.         -0.6         0.47973666 -0.68929964]",2.0,20.010922500706638,[0.03696081 0.00287155 0.92876637 0.03140128],[0.03696081 0.00287155 0.92876637 0.03140128],30,349,488,0.8543408858987481,0,0
843,939,2024-09-14 19:44:00.050579200,TASK_BEGIN,3,-0.117969755987908,0.1009828025520868,1.0736369379215902,-0.1488702018219903,-0.124852671689037,-0.0168648487785482,1.1408036160377242,0.4556564191834548,0,2024-09-14 19:44:00.159654656,1726343040.1596546,2024-09-14 19:44:00.159654053,23,"[-0.12026334 -0.48946    -0.17554432 -0.16356772 -0.19322287  0.38682902
  1.          0.         -0.6         0.47973666 -0.68929964]",2.0,20.010922500706638,[0.03696081 0.00287155 0.92876637 0.03140128],[0.03696081 0.00287155 0.92876637 0.03140128],30,349,488,0.8543408858987481,0,0
844,940,2024-09-14 19:44:00.118422016,TASK_BEGIN,3,-0.1396363545207282,0.1083345030736152,0.9973530483683024,-0.1444044306760401,-0.1467038435970283,-0.0137630419607866,1.063075078967552,0.4869260988874774,0,2024-09-14 19:44:00.159654656,1726343040.1596546,2024-09-14 19:44:00.159654053,23,"[-0.12026334 -0.48946    -0.17554432 -0.16356772 -0.19322287  0.38682902
  1.          0.         -0.6         0.47973666 -0.68929964]",2.0,20.010922500706638,[0.03696081 0.00287155 0.92876637 0.03140128],[0.03696081 0.00287155 0.92876637 0.03140128],30,349,488,0.8543408858987481,0,0
845,941,2024-09-14 19:44:00.186162944,TASK_BEGIN,3,-0.1624889606924625,0.1159220730480102,0.908597470495398,-0.1303451142077538,-0.1667869389975019,-0.0104894722862031,0.9604263552695452,0.5226807393919034,0,2024-09-14 19:44:00.159654656,1726343040.1596546,2024-09-14 19:44:00.159654053,23,"[-0.12026334 -0.48946    -0.17554432 -0.16356772 -0.19322287  0.38682902
  1.          0.         -0.6         0.47973666 -0.68929964]",2.0,20.010922500706638,[0.03696081 0.00287155 0.92876637 0.03140128],[0.03696081 0.00287155 0.92876637 0.03140128],30,349,488,0.8543408858987481,0,0
846,942,2024-09-14 19:44:00.240432896,TASK_BEGIN,3,-0.1856156479123093,0.1233567698081706,0.8128801658479314,-0.1079066070182818,-0.1848576255887038,-0.0070341782536408,0.8391523992635507,0.5617057435202297,0,2024-09-14 19:44:00.599160832,1726343040.599161,2024-09-14 19:44:00.599159912,23,"[-0.12546675 -0.53210723 -0.05078536 -0.13650675  0.21081164  0.3561588
  1.          0.         -0.6         0.47453326 -0.3481217 ]",2.0,9.891953089867126,[0.01815832 0.00528635 0.96500025 0.01155508],[0.01815832 0.00528635 0.96500025 0.01155508],30,349,488,1.0140916493262622,0,0
847,943,2024-09-14 19:44:00.321737984,TASK_BEGIN,3,-0.2080740513130396,0.1302435897566222,0.7156358705311117,-0.0787155768156065,-0.2007434232105368,-0.0033891017791823,0.7072728606310563,0.6023546602442716,0,2024-09-14 19:44:00.599160832,1726343040.599161,2024-09-14 19:44:00.599159912,23,"[-0.12546675 -0.53210723 -0.05078536 -0.13650675  0.21081164  0.3561588
  1.          0.         -0.6         0.47453326 -0.3481217 ]",2.0,9.891953089867126,[0.01815832 0.00528635 0.96500025 0.01155508],[0.01815832 0.00528635 0.96500025 0.01155508],30,349,488,1.0140916493262622,0,0
848,944,2024-09-14 19:44:00.379852032,TASK_BEGIN,3,-0.2289832740897513,0.1362092137666667,0.621702082883424,-0.044650699826469,-0.2143098518777538,0.0004503081564475,0.5737701513221013,0.6427333358864639,0,2024-09-14 19:44:00.599160832,1726343040.599161,2024-09-14 19:44:00.599159912,23,"[-0.12546675 -0.53210723 -0.05078536 -0.13650675  0.21081164  0.3561588
  1.          0.         -0.6         0.47453326 -0.3481217 ]",2.0,9.891953089867126,[0.01815832 0.00528635 0.96500025 0.01155508],[0.01815832 0.00528635 0.96500025 0.01155508],30,349,488,1.0140916493262622,0,0
849,945,2024-09-14 19:44:01.326420224,TASK_BEGIN,3,-0.2475873609959148,0.1409251565631247,0.5351735235299798,-0.0077151364387801,-0.2254262985275021,0.004483029350521,0.4476110216393869,0.6809401231723661,0,2024-09-14 19:44:00.998129408,1726343040.9981294,2024-09-14 19:44:00.998129149,23,"[-0.13424595 -0.55945003 -0.11263049 -0.11047506  0.41963848  0.3118681
  0.          0.         -0.6         0.46575406 -0.12937933]",3.0,-2.1461329912249116,[5.04523407e-02 8.57299620e-04 1.00002389e-03 9.47690336e-01],[5.04523407e-02 8.57299620e-04 1.00002389e-03 9.47690336e-01],30,349,488,1.305220189028589,1,1
850,946,2024-09-14 19:44:01.393104128,TASK_BEGIN,3,-0.2632991052124638,0.1441298919916588,0.4594243273916211,0.0300856104658888,-0.2339426390083825,0.008699157684047,0.3368226344255085,0.715281147761832,0,2024-09-14 19:44:00.998129408,1726343040.9981294,2024-09-14 19:44:00.998129149,23,"[-0.13424595 -0.55945003 -0.11263049 -0.11047506  0.41963848  0.3118681
  0.          0.         -0.6         0.46575406 -0.12937933]",3.0,-2.1461329912249116,[5.04523407e-02 8.57299620e-04 1.00002389e-03 9.47690336e-01],[5.04523407e-02 8.57299620e-04 1.00002389e-03 9.47690336e-01],30,349,488,1.305220189028589,1,1
851,947,2024-09-14 19:44:01.467803904,TASK_BEGIN,3,-0.2757408389985337,0.1456519106459284,0.3970515228507829,0.0668782716013343,-0.2396894615916738,0.0130760966030568,0.2477931823270202,0.7444135186928131,0,2024-09-14 19:44:01.082139904,1726343041.08214,2024-09-14 19:44:01.082138916,23,"[-0.13606167 -0.5693557  -0.05951586 -0.19440359  0.46433198  0.16755609
  0.          0.         -0.6         0.46393833 -0.05013376]",3.0,-2.190883203573131,[0.12458025 0.00190972 0.01091298 0.86259705],[0.12458025 0.00190972 0.01091298 0.86259705],30,349,488,1.1596269406894009,1,1
852,948,2024-09-14 19:44:01.526753792,TASK_BEGIN,3,-0.2847759749255835,0.1454290697409017,0.3496885292883858,0.1010562684883091,-0.2425053451578356,0.0175764154469615,0.1848249995514679,0.7674049814384211,0,2024-09-14 19:44:01.187137536,1726343041.1871376,2024-09-14 19:44:01.187137207,23,"[-0.14175923 -0.57385457 -0.21353652 -0.03384584  0.4620404   0.07812934
  1.          1.         -0.6         0.45824078 -0.01414281]",0.0,-1.1612430614884204,[0.44584106 0.42029498 0.04429876 0.0895652 ],[0.44584106 0.42029498 0.04429876 0.0895652 ],30,349,488,0.47592336816858294,1,1
853,949,2024-09-14 19:44:01.588285952,TASK_BEGIN,3,-0.2905047107432015,0.1435166067352777,0.3178210408217855,0.1313821763695619,-0.2422765099194795,0.0221492691511304,0.1499193616869401,0.7837218142356007,0,2024-09-14 19:44:01.209139456,1726343041.2091393,2024-09-14 19:44:01.209139160,23,"[-0.14323084 -0.57475936 -0.21362557 -0.05848773  0.46334416  0.02605038
  1.          1.         -0.6         0.45676917 -0.00690466]",0.0,-0.569674295789838,[0.44777867 0.41459545 0.05450521 0.08312066],[0.44777867 0.41459545 0.05450521 0.08312066],30,349,488,0.468883210016367,1,1
854,950,2024-09-14 19:44:01.671198976,TASK_BEGIN,3,-0.2932083604932211,0.1400794702145356,0.3007485479532707,0.15704059376265,-0.2389681499022328,0.0267341398819497,0.1427485335479198,0.7931861464201087,0,2024-09-14 19:44:01.292137472,1726343041.2921374,2024-09-14 19:44:01.292136963,23,"[-0.14851744 -0.5760837  -0.17222998 -0.00206491  0.44522703 -0.12015144
  1.          0.         -0.6         0.45148256  0.00369019]",1.0,0.44559190147812955,[0.22818794 0.51500685 0.23025152 0.02655369],[0.22818794 0.51500685 0.23025152 0.02655369],30,349,488,0.3265072719633378,1,1
855,951,2024-09-14 19:44:01.738989056,TASK_BEGIN,3,-0.2932596467747573,0.1353703822199296,0.2967227673701282,0.17764921560881,-0.2326416861360231,0.0312636744845055,0.1607570994678997,0.7959477505922566,0,2024-09-14 19:44:01.355198464,1726343041.3551984,2024-09-14 19:44:01.355197998,23,"[-0.15231125 -0.5763303  -0.17572397 -0.00322422  0.42706946 -0.1220317
  1.          0.         -0.6         0.44768876  0.00566286]",1.0,0.4195078477062759,[0.24404909 0.48949968 0.23471763 0.0317336 ],[0.24404909 0.48949968 0.23471763 0.0317336 ],30,349,488,0.2957827579833488,1,1
856,952,2024-09-14 19:44:02.650620160,TASK_BEGIN,3,-0.2910372666000063,0.1296987943300383,0.303196299640565,0.1932370751956196,-0.2234675081341345,0.0356648610830112,0.1993835329111341,0.7924767188313624,0,2024-09-14 19:44:03.034096640,1726343043.0340967,2024-09-14 19:44:03.034095947,23,"[-2.2216670e-01 -5.8719122e-01 -5.4629650e-03 -4.6258085e-04
  9.2350453e-02 -3.6988757e-03  1.0000000e+00  0.0000000e+00
 -6.0000002e-01  3.7783331e-01  9.2549987e-02]",0.0,0.3089035864471015,[0.39921311 0.16021127 0.04454476 0.39603086],[0.39921311 0.16021127 0.04454476 0.39603086],30,349,488,0.32909605250244794,1,1
857,953,2024-09-14 19:44:02.712167936,TASK_BEGIN,3,-0.2868786142461078,0.1233975115855099,0.3171442307671184,0.2041812665456823,-0.2117403393849543,0.0398608480741623,0.252464488672818,0.7835489338277218,0,2024-09-14 19:44:03.075676672,1726343043.0756767,2024-09-14 19:44:03.075676025,23,"[-2.2218569e-01 -5.8719474e-01  1.5234571e-06  3.8385056e-07
  9.2262655e-02 -8.1733312e-08  1.0000000e+00  0.0000000e+00
 -6.0000002e-01  3.7781432e-01  9.2578359e-02]",0.0,0.2601060301934979,[0.39788769 0.16176882 0.04404331 0.39630019],[0.39788769 0.16176882 0.04404331 0.39630019],30,349,488,0.3296597711856307,1,1
858,954,2024-09-14 19:44:02.789314816,TASK_BEGIN,3,-0.2810905454304362,0.1167960184153446,0.3354786028332766,0.2110944687748924,-0.197895467647752,0.0437761081419442,0.3128837795843124,0.7701989766611911,0,2024-09-14 19:44:03.075676672,1726343043.0756767,2024-09-14 19:44:03.075676025,23,"[-2.2218569e-01 -5.8719474e-01  1.5234571e-06  3.8385056e-07
  9.2262655e-02 -8.1733312e-08  1.0000000e+00  0.0000000e+00
 -6.0000002e-01  3.7781432e-01  9.2578359e-02]",0.0,0.2601060301934979,[0.39788769 0.16176882 0.04404331 0.39630019],[0.39788769 0.16176882 0.04404331 0.39630019],30,349,488,0.3296597711856307,1,1
859,955,2024-09-14 19:44:02.861169152,TASK_BEGIN,3,-0.274016388875132,0.1102088176758159,0.3555066967122415,0.2146833157061161,-0.1825190794500957,0.0473456540218549,0.373429364283075,0.7536345133945996,0,2024-09-14 19:44:03.075676672,1726343043.0756767,2024-09-14 19:44:03.075676025,23,"[-2.2218569e-01 -5.8719474e-01  1.5234571e-06  3.8385056e-07
  9.2262655e-02 -8.1733312e-08  1.0000000e+00  0.0000000e+00
 -6.0000002e-01  3.7781432e-01  9.2578359e-02]",0.0,0.2601060301934979,[0.39788769 0.16176882 0.04404331 0.39630019],[0.39788769 0.16176882 0.04404331 0.39630019],30,349,488,0.3296597711856307,1,1
860,956,2024-09-14 19:44:02.928919296,TASK_BEGIN,3,-0.2661209510742336,0.1039376821295609,0.3753123176696356,0.215614395774738,-0.1663433336611106,0.0505257244411751,0.4277082920021153,0.735119791072259,0,2024-09-14 19:44:03.075676672,1726343043.0756767,2024-09-14 19:44:03.075676025,23,"[-2.2218569e-01 -5.8719474e-01  1.5234571e-06  3.8385056e-07
  9.2262655e-02 -8.1733312e-08  1.0000000e+00  0.0000000e+00
 -6.0000002e-01  3.7781432e-01  9.2578359e-02]",0.0,0.2601060301934979,[0.39788769 0.16176882 0.04404331 0.39630019],[0.39788769 0.16176882 0.04404331 0.39630019],30,349,488,0.3296597711856307,1,1
861,957,2024-09-14 19:44:02.996701952,TASK_BEGIN,3,-0.2580378126632823,0.0982774085652516,0.3939882217272581,0.214409473224819,-0.1502179547296323,0.0533019059107357,0.4709317572711797,0.7158492310954344,0,2024-09-14 19:44:03.075676672,1726343043.0756767,2024-09-14 19:44:03.075676025,23,"[-2.2218569e-01 -5.8719474e-01  1.5234571e-06  3.8385056e-07
  9.2262655e-02 -8.1733312e-08  1.0000000e+00  0.0000000e+00
 -6.0000002e-01  3.7781432e-01  9.2578359e-02]",0.0,0.2601060301934979,[0.39788769 0.16176882 0.04404331 0.39630019],[0.39788769 0.16176882 0.04404331 0.39630019],30,349,488,0.3296597711856307,1,1
862,958,2024-09-14 19:44:03.051309056,TASK_BEGIN,3,-0.250556164033145,0.0935177498482509,0.411700500809643,0.211369626908138,-0.1350534910499887,0.0556926082512865,0.5004181267484346,0.6968455534358143,0,2024-09-14 19:44:03.075676672,1726343043.0756767,2024-09-14 19:44:03.075676025,23,"[-2.2218569e-01 -5.8719474e-01  1.5234571e-06  3.8385056e-07
  9.2262655e-02 -8.1733312e-08  1.0000000e+00  0.0000000e+00
 -6.0000002e-01  3.7781432e-01  9.2578359e-02]",0.0,0.2601060301934979,[0.39788769 0.16176882 0.04404331 0.39630019],[0.39788769 0.16176882 0.04404331 0.39630019],30,349,488,0.3296597711856307,1,1
863,966,2024-09-14 19:44:05.351622144,TASK_BEGIN,3,-0.2962574542196842,0.1130957521276113,0.7032975878577363,0.0941251214166344,-0.1269669787762332,0.0719275670758627,0.4751459299143261,0.6071969220677818,0,2024-09-14 19:44:05.137709568,1726343045.1377096,2024-09-14 19:44:05.137709229,24,"[-9.7680092e-04  1.0026639e+00 -7.2446406e-02 -2.0890245e-02
  2.9140341e-03  2.7547261e-02  0.0000000e+00  0.0000000e+00
 -4.0000001e-01  3.9902321e-01 -1.0491517e+01]",0.0,-0.32194006844370904,[0.42001447 0.23329131 0.06232036 0.28437386],[0.42001447 0.23329131 0.06232036 0.28437386],30,395,489,0.14283267978924746,0,0
864,967,2024-09-14 19:44:05.426328832,TASK_BEGIN,3,-0.315202622011925,0.1227403208721842,0.7689041375152931,0.066611668910306,-0.1435407036995155,0.0755697372745826,0.4923107595357459,0.6011235463120589,0,2024-09-14 19:44:05.137709568,1726343045.1377096,2024-09-14 19:44:05.137709229,24,"[-9.7680092e-04  1.0026639e+00 -7.2446406e-02 -2.0890245e-02
  2.9140341e-03  2.7547261e-02  0.0000000e+00  0.0000000e+00
 -4.0000001e-01  3.9902321e-01 -1.0491517e+01]",0.0,-0.32194006844370904,[0.42001447 0.23329131 0.06232036 0.28437386],[0.42001447 0.23329131 0.06232036 0.28437386],30,395,489,0.14283267978924746,0,0
865,968,2024-09-14 19:44:05.490886912,TASK_BEGIN,3,-0.3338516933698877,0.1329899917914136,0.834761811556295,0.038702881967885,-0.1632442247000787,0.0799174175793583,0.5224648949569958,0.5937162393926168,0,2024-09-14 19:44:05.137709568,1726343045.1377096,2024-09-14 19:44:05.137709229,24,"[-9.7680092e-04  1.0026639e+00 -7.2446406e-02 -2.0890245e-02
  2.9140341e-03  2.7547261e-02  0.0000000e+00  0.0000000e+00
 -4.0000001e-01  3.9902321e-01 -1.0491517e+01]",0.0,-0.32194006844370904,[0.42001447 0.23329131 0.06232036 0.28437386],[0.42001447 0.23329131 0.06232036 0.28437386],30,395,489,0.14283267978924746,0,0
866,969,2024-09-14 19:44:05.561861120,TASK_BEGIN,3,-0.3507204101884795,0.1433267217345615,0.8966458257850308,0.0119330785935753,-0.1853318685682426,0.0849375585012125,0.5654788251778613,0.58429615002942,0,2024-09-14 19:44:05.176704768,1726343045.1767046,2024-09-14 19:44:05.176703857,24,"[-1.9555092e-03  1.0008116e+00 -7.2483130e-02 -7.2089136e-02
  5.6663821e-03  2.7528208e-02  0.0000000e+00  0.0000000e+00
 -4.0000001e-01  3.9804450e-01 -1.0476699e+01]",0.0,-1.7173627648475644,[0.40413408 0.24487485 0.06733949 0.28365157],[0.40413408 0.24487485 0.06733949 0.28365157],30,395,489,0.13641428481741671,0,0
867,970,2024-09-14 19:44:05.614104064,TASK_BEGIN,3,-0.3645810044063168,0.1532527701572993,0.9507355209649933,-0.0121995469382929,-0.2088481037081052,0.0905165156441067,0.619968509782249,0.5725717673867319,0,2024-09-14 19:44:05.257725440,1726343045.2577255,2024-09-14 19:44:05.257725098,24,"[-3.9144359e-03  9.9230552e-01 -7.2555669e-02 -1.7452180e-01
  1.1166111e-02  2.7494868e-02  0.0000000e+00  0.0000000e+00
 -4.0000001e-01  3.9608556e-01 -1.0408650e+01]",0.0,-2.4391693592566384,[0.40775205 0.220889   0.08142312 0.28993584],[0.40775205 0.220889   0.08142312 0.28993584],30,395,489,0.13513645586842538,0,0
868,971,2024-09-14 19:44:05.697413888,TASK_BEGIN,3,-0.3746136550396962,0.1623329261211882,0.9942245869609446,-0.0323653624395151,-0.2326873970554349,0.0964703900176926,0.6831633283270696,0.5587132200280456,0,2024-09-14 19:44:05.317728256,1726343045.3177283,2024-09-14 19:44:05.317728027,24,"[-5.3850017e-03  9.8172474e-01 -7.2609521e-02 -2.5134796e-01
  1.5286587e-02  2.7470255e-02  0.0000000e+00  0.0000000e+00
 -4.0000001e-01  3.9461499e-01 -1.0324004e+01]",0.0,-2.5530439003509855,[0.42467892 0.21322126 0.09104305 0.27105677],[0.42467892 0.21322126 0.09104305 0.27105677],30,395,489,0.13455641275522093,0,0
869,972,2024-09-14 19:44:05.752941824,TASK_BEGIN,3,-0.3804634381015002,0.1702214821393646,1.0255459093449149,-0.0474652275772044,-0.2557106444311429,0.1025677157647028,0.7507895813665871,0.5433518809189904,0,2024-09-14 19:44:05.357732096,1726343045.357732,2024-09-14 19:44:05.357731934,24,"[-6.3660941e-03  9.7267032e-01 -7.2645113e-02 -3.0256635e-01
  1.8031599e-02  2.7454922e-02  0.0000000e+00  0.0000000e+00
 -4.0000001e-01  3.9363390e-01 -1.0251569e+01]",0.0,-2.5871756156906542,[0.42684632 0.20508611 0.10525965 0.26280792],[0.42684632 0.20508611 0.10525965 0.26280792],30,395,489,0.12392300138330954,0,0
870,973,2024-09-14 19:44:06.707048192,TASK_BEGIN,3,-0.3822108804882064,0.176675441170411,1.0442385498748494,-0.0566457030899242,-0.276864106417825,0.1085561546120917,0.8171477988853957,0.5275165247191445,0,2024-09-14 19:44:07.088697600,1726343047.0886977,2024-09-14 19:44:07.088697021,24,"[-0.10851868  0.27471745 -0.2587625  -0.62350786 -0.05849247 -0.06321911
  0.          0.         -0.4         0.29148132 -4.667946  ]",2.0,10.351378928077974,[0.31079842 0.15542077 0.44771193 0.08606888],[0.31079842 0.15542077 0.44771193 0.08606888],30,395,489,0.18628638352650428,0,0
871,974,2024-09-14 19:44:06.770405888,TASK_BEGIN,3,-0.3802695664104308,0.1815545862002448,1.05067632188557,-0.0593158381507237,-0.295253948977903,0.1141842242849834,0.875548989674508,0.512514438599741,0,2024-09-14 19:44:07.088697600,1726343047.0886977,2024-09-14 19:44:07.088697021,24,"[-0.10851868  0.27471745 -0.2587625  -0.62350786 -0.05849247 -0.06321911
  0.          0.         -0.4         0.29148132 -4.667946  ]",2.0,10.351378928077974,[0.31079842 0.15542077 0.44771193 0.08606888],[0.31079842 0.15542077 0.44771193 0.08606888],30,395,489,0.18628638352650428,0,0
872,975,2024-09-14 19:44:06.832412928,TASK_BEGIN,3,-0.3752431810789019,0.1848129124601086,1.045833683717602,-0.0551951970135776,-0.3101870505141439,0.1192156806675383,0.9191365888875408,0.4997620589852497,0,2024-09-14 19:44:07.088697600,1726343047.0886977,2024-09-14 19:44:07.088697021,24,"[-0.10851868  0.27471745 -0.2587625  -0.62350786 -0.05849247 -0.06321911
  0.          0.         -0.4         0.29148132 -4.667946  ]",2.0,10.351378928077974,[0.31079842 0.15542077 0.44771193 0.08606888],[0.31079842 0.15542077 0.44771193 0.08606888],30,395,489,0.18628638352650428,0,0
873,976,2024-09-14 19:44:06.909569024,TASK_BEGIN,3,-0.3677924657514536,0.1864894792049724,1.0310970028853848,-0.0443853313496574,-0.3212123592400847,0.1234411220801505,0.9419529544591506,0.4905786432026197,0,2024-09-14 19:44:07.290700800,1726343047.2907007,2024-09-14 19:44:07.290699951,24,"[-0.12809603  0.17399979 -0.2760721  -0.6051667  -0.09599417 -0.08203467
  0.          0.         -0.4         0.27190396 -3.8622046 ]",0.0,-2.6207001271026087,[0.49819665 0.22883358 0.15493344 0.11803633],[0.49819665 0.22883358 0.15493344 0.11803633],30,395,489,0.19792804186269458,0,0
874,977,2024-09-14 19:44:06.971565824,TASK_BEGIN,3,-0.3585411502136071,0.186700484536826,1.0080519101273275,-0.0274253737434963,-0.3281636791243194,0.1266897762441766,0.9400108618488252,0.485972212461887,0,2024-09-14 19:44:07.352698368,1726343047.3526983,2024-09-14 19:44:07.352697998,24,"[-0.13388069  0.14483702 -0.26290116 -0.5804902  -0.10835104 -0.08306949
  0.          0.         -0.4         0.2661193  -3.6289024 ]",2.0,6.870988517204023,[0.33365809 0.1680249  0.43839126 0.05992575],[0.33365809 0.1680249  0.43839126 0.05992575],30,395,489,0.2197864393890178,0,0
875,978,2024-09-14 19:44:07.045974784,TASK_BEGIN,3,-0.3480127598164558,0.1856268274007391,0.9781886311350124,-0.0052756793992489,-0.3311705758311403,0.1288376003228994,0.9120629194203372,0.4864742400779117,0,2024-09-14 19:44:07.352698368,1726343047.3526983,2024-09-14 19:44:07.352697998,24,"[-0.13388069  0.14483702 -0.26290116 -0.5804902  -0.10835104 -0.08306949
  0.          0.         -0.4         0.2661193  -3.6289024 ]",2.0,6.870988517204023,[0.33365809 0.1680249  0.43839126 0.05992575],[0.33365809 0.1680249  0.43839126 0.05992575],30,395,489,0.2197864393890178,0,0
876,979,2024-09-14 19:44:07.113720832,TASK_BEGIN,3,-0.3365820762771858,0.1834927276876959,0.9425591444293756,0.0207939359117804,-0.3306059097839436,0.1298062847953838,0.8597740798134715,0.492084892916574,0,2024-09-14 19:44:07.475697152,1726343047.4756973,2024-09-14 19:44:07.475697021,24,"[-0.14459872  0.09031928 -0.23948313 -0.5347329  -0.13375147 -0.08809055
  0.          0.         -0.4         0.25540128 -3.1927605 ]",0.0,-2.6757344753063563,[0.53402769 0.26731998 0.10369357 0.09495876],[0.53402769 0.26731998 0.10369357 0.09495876],30,395,489,0.2730556011941937,0,0
877,980,2024-09-14 19:44:08.057168896,TASK_BEGIN,3,-0.3244419431722173,0.1805367760446687,0.9015462106347816,0.0493703640436414,-0.3269736315400126,0.129554695696083,0.7871966641359142,0.5023408416535488,0,2024-09-14 19:44:08.134944256,1726343048.1349442,2024-09-14 19:44:08.134943848,24,"[-0.16910632 -0.16469747  0.12527794 -0.41276178 -0.2689791  -0.06401447
  0.          0.         -0.4         0.23089367 -1.1526266 ]",0.0,-2.8051145421125767,[0.49821902 0.28288212 0.14302775 0.07587111],[0.49821902 0.28288212 0.14302775 0.07587111],30,395,489,0.2593084900593271,0,0
878,981,2024-09-14 19:44:08.123256832,TASK_BEGIN,3,-0.3116003908908834,0.1769808689553152,0.8548994235557382,0.0790551336725514,-0.3207846949467042,0.1280717115032361,0.6997221063431706,0.5164660096585677,0,2024-09-14 19:44:08.134944256,1726343048.1349442,2024-09-14 19:44:08.134943848,24,"[-0.16910632 -0.16469747  0.12527794 -0.41276178 -0.2689791  -0.06401447
  0.          0.         -0.4         0.23089367 -1.1526266 ]",0.0,-2.8051145421125767,[0.49821902 0.28288212 0.14302775 0.07587111],[0.49821902 0.28288212 0.14302775 0.07587111],30,395,489,0.2593084900593271,0,0
879,982,2024-09-14 19:44:08.192814336,TASK_BEGIN,3,-0.2979198647596758,0.1730042195550145,0.802049349662499,0.1085808448853619,-0.3124749173782185,0.1253764921048042,0.6028849616775597,0.5335486868597406,0,2024-09-14 19:44:08.134944256,1726343048.1349442,2024-09-14 19:44:08.134943848,24,"[-0.16910632 -0.16469747  0.12527794 -0.41276178 -0.2689791  -0.06401447
  0.          0.         -0.4         0.23089367 -1.1526266 ]",0.0,-2.8051145421125767,[0.49821902 0.28288212 0.14302775 0.07587111],[0.49821902 0.28288212 0.14302775 0.07587111],30,395,489,0.2593084900593271,0,0
880,983,2024-09-14 19:44:08.247684096,TASK_BEGIN,3,-0.2831864243179469,0.1687282316972603,0.7425545557779202,0.1368869735097236,-0.3023724904099167,0.121521387908102,0.5014417451671203,0.5526828098118344,0,2024-09-14 19:44:08.134944256,1726343048.1349442,2024-09-14 19:44:08.134943848,24,"[-0.16910632 -0.16469747  0.12527794 -0.41276178 -0.2689791  -0.06401447
  0.          0.         -0.4         0.23089367 -1.1526266 ]",0.0,-2.8051145421125767,[0.49821902 0.28288212 0.14302775 0.07587111],[0.49821902 0.28288212 0.14302775 0.07587111],30,395,489,0.2593084900593271,0,0
881,984,2024-09-14 19:44:08.325351168,TASK_BEGIN,3,-0.2671746529634472,0.1642133615754014,0.6764763711081769,0.1631708639289311,-0.2906888008650778,0.1165898313044816,0.3989700895391304,0.5730326945892398,0,2024-09-14 19:44:08.134944256,1726343048.1349442,2024-09-14 19:44:08.134943848,24,"[-0.16910632 -0.16469747  0.12527794 -0.41276178 -0.2689791  -0.06401447
  0.          0.         -0.4         0.23089367 -1.1526266 ]",0.0,-2.8051145421125767,[0.49821902 0.28288212 0.14302775 0.07587111],[0.49821902 0.28288212 0.14302775 0.07587111],30,395,489,0.2593084900593271,0,0
882,985,2024-09-14 19:44:08.386909952,TASK_BEGIN,3,-0.2496858007240303,0.1594648754847579,0.60457675322528,0.1869188207032477,-0.2775256133223764,0.1106900915725512,0.2979297250180858,0.5938322367294074,0,2024-09-14 19:44:08.134944256,1726343048.1349442,2024-09-14 19:44:08.134943848,24,"[-0.16910632 -0.16469747  0.12527794 -0.41276178 -0.2689791  -0.06401447
  0.          0.         -0.4         0.23089367 -1.1526266 ]",0.0,-2.8051145421125767,[0.49821902 0.28288212 0.14302775 0.07587111],[0.49821902 0.28288212 0.14302775 0.07587111],30,395,489,0.2593084900593271,0,0
883,986,2024-09-14 19:44:08.448553984,TASK_BEGIN,3,-0.2305643744564413,0.1544424218275775,0.5283889626919979,0.2078979099824248,-0.2629096621345754,0.1039509092488885,0.1999368038249548,0.6143599366546392,0,2024-09-14 19:44:08.134944256,1726343048.1349442,2024-09-14 19:44:08.134943848,24,"[-0.16910632 -0.16469747  0.12527794 -0.41276178 -0.2689791  -0.06401447
  0.          0.         -0.4         0.23089367 -1.1526266 ]",0.0,-2.8051145421125767,[0.49821902 0.28288212 0.14302775 0.07587111],[0.49821902 0.28288212 0.14302775 0.07587111],30,395,489,0.2593084900593271,0,0
884,987,2024-09-14 19:44:09.394194944,TASK_BEGIN,3,-0.2097017289742462,0.1490677985277881,0.4502277272303333,0.2260928729545426,-0.2468436829729121,0.0965207779124817,0.1060213257804599,0.6339276921213417,0,2024-09-14 19:44:09.785871104,1726343049.785871,2024-09-14 19:44:09.785871094,24,"[ 1.2073239e-01 -4.8805702e-01  5.3592819e-01 -1.7149913e-01
 -4.4802523e-01 -6.2189884e-09  0.0000000e+00  0.0000000e+00
 -4.0000001e-01  5.2073240e-01  1.4342498e+00]",1.0,-0.4452766127557004,[0.10265482 0.88658586 0.00375607 0.00700325],[0.10265482 0.88658586 0.00375607 0.00700325],30,395,489,0.6637245887874672,0,0
885,988,2024-09-14 19:44:09.471838976,TASK_BEGIN,3,-0.1870232510739073,0.1432285007225539,0.3730776072385671,0.2416160998179232,-0.2293465940762266,0.088567742576545,0.0167918513045757,0.6519011853028648,0,2024-09-14 19:44:09.869871872,1726343049.8698719,2024-09-14 19:44:09.869871094,24,"[ 1.3551848e-01 -4.9870312e-01  5.3053957e-01 -1.6977476e-01
 -4.4802523e-01  2.0419122e-08  0.0000000e+00  0.0000000e+00
 -4.0000001e-01  5.3551847e-01  1.5194186e+00]",1.0,-0.14264540084088595,[0.09208987 0.89853422 0.00330943 0.00606648],[0.09208987 0.89853422 0.00330943 0.00606648],30,395,489,0.6982980768511218,0,0
886,989,2024-09-14 19:44:09.533904128,TASK_BEGIN,3,-0.1624545114228307,0.1367800212502477,0.3002405587304601,0.2546412154635422,-0.2104730718950964,0.0802759363832583,-0.0674107322965017,0.6677368290083612,0,2024-09-14 19:44:09.932870912,1726343049.9328709,2024-09-14 19:44:09.932869873,24,"[ 1.4642660e-01 -5.0655699e-01  5.2052522e-01 -1.6656977e-01
 -4.4802523e-01 -2.4035279e-08  0.0000000e+00  0.0000000e+00
 -4.0000001e-01  5.4642659e-01  1.5822498e+00]",1.0,0.002030132902708601,[0.08593282 0.90556726 0.00297894 0.00552098],[0.08593282 0.90556726 0.00297894 0.00552098],30,395,489,0.7164570804051846,0,0
887,990,2024-09-14 19:44:09.595936000,TASK_BEGIN,3,-0.135872390769297,0.1295509252481767,0.2347834529799129,0.2653738176660187,-0.1903190497075391,0.0718368508654198,-0.1462810097351472,0.6810030898082325,0,2024-09-14 19:44:09.995869952,1726343049.9958699,2024-09-14 19:44:09.995870117,24,"[ 0.1571749  -0.5147364   0.51377034 -0.17848098 -0.45110923 -0.03076096
  0.          0.         -0.4         0.5571749   1.6476847 ]",1.0,-0.17534751308097385,[0.07214973 0.92125851 0.00280032 0.00379143],[0.07214973 0.92125851 0.00280032 0.00379143],30,395,489,0.7484587935763681,0,0
888,991,2024-09-14 19:44:09.678476032,TASK_BEGIN,3,-0.1070632712177365,0.1213523323086197,0.1790104138362601,0.2740371343430138,-0.1690143603922861,0.063435576685578,-0.2192856184387519,0.6913794160703698,0,2024-09-14 19:44:10.058870528,1726343050.0588706,2024-09-14 19:44:10.058870117,24,"[ 0.16770895 -0.5229739   0.5056703  -0.17571859 -0.45566794 -0.03027391
  0.          0.         -0.4         0.56770897  1.7135848 ]",1.0,-0.3087642112641993,[0.06664935 0.92745184 0.00248292 0.00341589],[0.06664935 0.92745184 0.00248292 0.00341589],30,395,489,0.7706811451307342,0,0
889,992,2024-09-14 19:44:09.735181824,TASK_BEGIN,3,-0.0757162559542169,0.1119920420485669,0.1341722676012716,0.2808626747303001,-0.1466990180178143,0.0552341370673181,-0.2854889830620753,0.6986598870710453,0,2024-09-14 19:44:10.121873408,1726343050.1218734,2024-09-14 19:44:10.121873047,24,"[ 0.17813444 -0.5311285   0.50168914 -0.17438556 -0.46017945 -0.03003409
  0.          0.         -0.4         0.5781344   1.7788218 ]",1.0,-0.4440160339259569,[0.06096375 0.93380538 0.00220178 0.0030291 ],[0.06096375 0.93380538 0.00220178 0.0030291 ],30,395,489,0.7939434072216585,0,0
890,993,2024-09-14 19:44:09.814062080,TASK_BEGIN,3,-0.0414646650609443,0.1012923524997852,0.1004962518615399,0.2860913977655211,-0.1234923376453428,0.0473565884391489,-0.3435093437454685,0.7027782149739847,0,2024-09-14 19:44:10.205907200,1726343050.205907,2024-09-14 19:44:10.205906982,24,"[ 0.19204593 -0.542013    0.5023716  -0.17468955 -0.46619916 -0.03007401
  0.          0.         -0.4         0.5920459   1.8658975 ]",1.0,-0.43547002453559913,[0.05291999 0.94273581 0.0018604  0.0024838 ],[0.05291999 0.94273581 0.0018604  0.0024838 ],30,395,489,0.8245219967613568,0,0
891,994,2024-09-14 19:44:10.732101120,TASK_BEGIN,3,-0.0039693504549927,0.0891089192231204,0.0774822777095553,0.2899811801116542,-0.099479313493384,0.0398829890141565,-0.391566588234695,0.7038277881427661,0,2024-09-14 19:44:10.919907072,1726343050.919907,2024-09-14 19:44:10.919906982,24,"[ 3.0956063e-01 -6.3431698e-01  4.8664260e-01 -1.8355231e-01
 -5.1560205e-01  5.8812644e-09  0.0000000e+00  1.0000000e+00
 -4.0000001e-01  7.0956063e-01  2.6043296e+00]",1.0,9.891051586850088,[1.61618041e-02 9.83027542e-01 3.10257636e-04 5.00396039e-04],[1.61618041e-02 9.83027542e-01 3.10257636e-04 5.00396039e-04],30,395,489,1.2503015133833215,1,1
892,995,2024-09-14 19:44:10.792545280,TASK_BEGIN,3,0.0369804081901862,0.0753465404286144,0.0642881344305845,0.292811539733004,-0.0747332409996966,0.0328569510400731,-0.4276032875566426,0.7020389355256353,0,2024-09-14 19:44:10.919907072,1726343050.919907,2024-09-14 19:44:10.919906982,24,"[ 3.0956063e-01 -6.3431698e-01  4.8664260e-01 -1.8355231e-01
 -5.1560205e-01  5.8812644e-09  0.0000000e+00  1.0000000e+00
 -4.0000001e-01  7.0956063e-01  2.6043296e+00]",1.0,9.891051586850088,[1.61618041e-02 9.83027542e-01 3.10257636e-04 5.00396039e-04],[1.61618041e-02 9.83027542e-01 3.10257636e-04 5.00396039e-04],30,395,489,1.2503015133833215,1,1
893,996,2024-09-14 19:44:10.855030016,TASK_BEGIN,3,0.0813861727174153,0.0599680475851675,0.0600034836140255,0.2948835416559766,-0.0493707880589901,0.0263038273648169,-0.4495122287128562,0.6977152460322043,0,2024-09-14 19:44:10.919907072,1726343050.919907,2024-09-14 19:44:10.919906982,24,"[ 3.0956063e-01 -6.3431698e-01  4.8664260e-01 -1.8355231e-01
 -5.1560205e-01  5.8812644e-09  0.0000000e+00  1.0000000e+00
 -4.0000001e-01  7.0956063e-01  2.6043296e+00]",1.0,9.891051586850088,[1.61618041e-02 9.83027542e-01 3.10257636e-04 5.00396039e-04],[1.61618041e-02 9.83027542e-01 3.10257636e-04 5.00396039e-04],30,395,489,1.2503015133833215,1,1
894,997,2024-09-14 19:44:10.932713984,TASK_BEGIN,3,0.1289996456095218,0.0429979838890112,0.0637296792893732,0.2965118936144176,-0.0236177927507388,0.0202504480270308,-0.4555082858844021,0.6911701462660755,0,2024-09-14 19:44:10.919907072,1726343050.919907,2024-09-14 19:44:10.919906982,24,"[ 3.0956063e-01 -6.3431698e-01  4.8664260e-01 -1.8355231e-01
 -5.1560205e-01  5.8812644e-09  0.0000000e+00  1.0000000e+00
 -4.0000001e-01  7.0956063e-01  2.6043296e+00]",1.0,9.891051586850088,[1.61618041e-02 9.83027542e-01 3.10257636e-04 5.00396039e-04],[1.61618041e-02 9.83027542e-01 3.10257636e-04 5.00396039e-04],30,395,489,1.2503015133833215,1,1
895,998,2024-09-14 19:44:10.995201792,TASK_BEGIN,3,0.1792992699600873,0.0245295293726022,0.0745393191855534,0.2979994938586648,0.0021403091241343,0.0147380952169407,-0.444615097437099,0.6827019633602068,0,2024-09-14 19:44:10.919907072,1726343050.919907,2024-09-14 19:44:10.919906982,24,"[ 3.0956063e-01 -6.3431698e-01  4.8664260e-01 -1.8355231e-01
 -5.1560205e-01  5.8812644e-09  0.0000000e+00  1.0000000e+00
 -4.0000001e-01  7.0956063e-01  2.6043296e+00]",1.0,9.891051586850088,[1.61618041e-02 9.83027542e-01 3.10257636e-04 5.00396039e-04],[1.61618041e-02 9.83027542e-01 3.10257636e-04 5.00396039e-04],30,395,489,1.2503015133833215,1,1
896,999,2024-09-14 19:44:11.071301120,TASK_BEGIN,3,0.2314561609469043,0.0047400606214941,0.0914686497168088,0.2995884308510911,0.0273448960812375,0.0098260668078524,-0.4171146909853223,0.672608949677947,0,2024-09-14 19:44:10.919907072,1726343050.919907,2024-09-14 19:44:10.919906982,24,"[ 3.0956063e-01 -6.3431698e-01  4.8664260e-01 -1.8355231e-01
 -5.1560205e-01  5.8812644e-09  0.0000000e+00  1.0000000e+00
 -4.0000001e-01  7.0956063e-01  2.6043296e+00]",1.0,9.891051586850088,[1.61618041e-02 9.83027542e-01 3.10257636e-04 5.00396039e-04],[1.61618041e-02 9.83027542e-01 3.10257636e-04 5.00396039e-04],30,395,489,1.2503015133833215,1,1
897,1000,2024-09-14 19:44:11.139110144,TASK_BEGIN,3,0.2843072192605943,-0.0160910099266516,0.1136291037504593,0.3014002284154398,0.0512929627829581,0.0055884639760768,-0.3747064542121603,0.6612059676418143,0,2024-09-14 19:44:10.919907072,1726343050.919907,2024-09-14 19:44:10.919906982,24,"[ 3.0956063e-01 -6.3431698e-01  4.8664260e-01 -1.8355231e-01
 -5.1560205e-01  5.8812644e-09  0.0000000e+00  1.0000000e+00
 -4.0000001e-01  7.0956063e-01  2.6043296e+00]",1.0,9.891051586850088,[1.61618041e-02 9.83027542e-01 3.10257636e-04 5.00396039e-04],[1.61618041e-02 9.83027542e-01 3.10257636e-04 5.00396039e-04],30,395,489,1.2503015133833215,1,1
898,1001,2024-09-14 19:44:12.070405888,TASK_BEGIN,3,0.3363827670109792,-0.0375750514729148,0.1403628044397347,0.3033941786534918,0.0731928247311989,0.0021084537235673,-0.3201918227544464,0.6488030398916698,0,2024-09-14 19:44:11.920786176,1726343051.9207861,2024-09-14 19:44:11.920786133,24,"[ 0.46096024 -0.737161    0.37375322 -0.10341982 -0.32937968  0.09519396
  0.          0.         -0.4         0.86096025  3.4270816 ]",1.0,0.8396134710259753,[0.0535143  0.93257591 0.00150673 0.01240306],[0.0535143  0.93257591 0.00150673 0.01240306],30,395,489,1.1674372141733547,1,1
899,1002,2024-09-14 19:44:12.148110080,TASK_BEGIN,3,0.3860072817216581,-0.0592259274601054,0.1713073178818757,0.3053631149543717,0.0922322973695899,-0.0005289386991151,-0.2568019634583474,0.6356504641668753,0,2024-09-14 19:44:11.920786176,1726343051.9207861,2024-09-14 19:44:11.920786133,24,"[ 0.46096024 -0.737161    0.37375322 -0.10341982 -0.32937968  0.09519396
  0.          0.         -0.4         0.86096025  3.4270816 ]",1.0,0.8396134710259753,[0.0535143  0.93257591 0.00150673 0.01240306],[0.0535143  0.93257591 0.00150673 0.01240306],30,395,489,1.1674372141733547,1,1
900,1003,2024-09-14 19:44:12.210103040,TASK_BEGIN,3,0.4314433115378083,-0.0804890426374284,0.2063690206198853,0.3069572943689539,0.1076668361283295,-0.0022492509326373,-0.1875571446473191,0.6218907299981836,0,2024-09-14 19:44:11.920786176,1726343051.9207861,2024-09-14 19:44:11.920786133,24,"[ 0.46096024 -0.737161    0.37375322 -0.10341982 -0.32937968  0.09519396
  0.          0.         -0.4         0.86096025  3.4270816 ]",1.0,0.8396134710259753,[0.0535143  0.93257591 0.00150673 0.01240306],[0.0535143  0.93257591 0.00150673 0.01240306],30,395,489,1.1674372141733547,1,1
901,1004,2024-09-14 19:44:12.272186112,TASK_BEGIN,3,0.4710331997562699,-0.1007796239832773,0.245742901900526,0.3077116001999059,0.1189370216098137,-0.0030089568172852,-0.114980903761331,0.6075517742276074,0,2024-09-14 19:44:11.920786176,1726343051.9207861,2024-09-14 19:44:11.920786133,24,"[ 0.46096024 -0.737161    0.37375322 -0.10341982 -0.32937968  0.09519396
  0.          0.         -0.4         0.86096025  3.4270816 ]",1.0,0.8396134710259753,[0.0535143  0.93257591 0.00150673 0.01240306],[0.0535143  0.93257591 0.00150673 0.01240306],30,395,489,1.1674372141733547,1,1
902,1005,2024-09-14 19:44:12.349337088,TASK_BEGIN,3,0.5033150450168988,-0.1195219323427237,0.290060699688182,0.3070685255508547,0.1257930519246192,-0.0028181191308715,-0.0412018246301079,0.5925967914513925,0,2024-09-14 19:44:11.960783360,1726343051.9607832,2024-09-14 19:44:11.960782959,24,"[ 0.46618906 -0.74041486  0.36905372 -0.102502   -0.31994927  0.09409992
  0.          0.         -0.4         0.86618906  3.4531124 ]",1.0,0.4062806532856109,[0.05519051 0.92963882 0.00162872 0.01354195],[0.05519051 0.92963882 0.00162872 0.01354195],30,395,489,1.1660017644724097,1,1
903,1006,2024-09-14 19:44:12.420864000,TASK_BEGIN,3,0.5271150882336252,-0.1361844956898804,0.3405610556487068,0.3044201312444316,0.1283720838459789,-0.0017527232701196,0.0317214106902171,0.5770292486083327,0,2024-09-14 19:44:12.040783616,1726343052.0407836,2024-09-14 19:44:12.040782959,24,"[ 0.4763476  -0.7467666   0.3541241  -0.09907573 -0.30159757  0.09051032
  0.          0.         -0.4         0.8763476   3.5039268 ]",1.0,0.5640704931495486,[0.05900107 0.92293208 0.00197102 0.01609582],[0.05900107 0.92293208 0.00197102 0.01609582],30,395,489,1.1533885672828188,1,1
904,1007,2024-09-14 19:44:12.487590144,TASK_BEGIN,3,0.541621940348688,-0.1503095063183594,0.3990505321775559,0.2991981359788933,0.1271810965420252,5.203458476130577e-05,0.1014546342086928,0.5610254338853159,0,2024-09-14 19:44:12.100787200,1726343052.1007872,2024-09-14 19:44:12.100786865,24,"[ 0.483771   -0.7514335   0.34596375 -0.09730874 -0.2881587   0.08859946
  0.          0.         -0.4         0.883771    3.5412614 ]",1.0,0.7400447416584564,[0.062302   0.91689133 0.00232097 0.0184857 ],[0.062302   0.91689133 0.00232097 0.0184857 ],30,395,489,1.13563130814752,1,1
905,1008,2024-09-14 19:44:13.402327040,TASK_BEGIN,3,0.5464360006923716,-0.1615350295834992,0.467491727913205,0.2910086111780904,0.122986540775658,0.0024241579909094,0.1651881506607272,0.5450389131045357,0,2024-09-14 19:44:13.169886720,1726343053.1698868,2024-09-14 19:44:13.169885986,24,"[ 5.2300149e-01 -7.7101600e-01  2.1669333e-05 -3.7376635e-06
 -2.5888941e-01 -6.2814411e-06  1.0000000e+00  1.0000000e+00
 -4.0000001e-01  9.2300153e-01  3.6979218e+00]",3.0,-0.008367644018017586,[1.57921796e-01 9.84640147e-03 7.06996332e-06 8.32224732e-01],[1.57921796e-01 9.84640147e-03 7.06996332e-06 8.32224732e-01],30,395,489,0.9652239402341916,1,1
906,1009,2024-09-14 19:44:13.474780928,TASK_BEGIN,3,0.5415826026858661,-0.1696072841007286,0.5472945175924663,0.2797682824364075,0.116660871015752,0.0051814252481493,0.2196801849911926,0.5298216431024771,0,2024-09-14 19:44:13.169886720,1726343053.1698868,2024-09-14 19:44:13.169885986,24,"[ 5.2300149e-01 -7.7101600e-01  2.1669333e-05 -3.7376635e-06
 -2.5888941e-01 -6.2814411e-06  1.0000000e+00  1.0000000e+00
 -4.0000001e-01  9.2300153e-01  3.6979218e+00]",3.0,-0.008367644018017586,[1.57921796e-01 9.84640147e-03 7.06996332e-06 8.32224732e-01],[1.57921796e-01 9.84640147e-03 7.06996332e-06 8.32224732e-01],30,395,489,0.9652239402341916,1,1
907,1010,2024-09-14 19:44:13.541464064,TASK_BEGIN,3,0.5274824525395277,-0.1743807046832054,0.6385898646074706,0.2657975784973446,0.1090439699867993,0.0081518331647156,0.2616054591300268,0.5163375346905644,0,2024-09-14 19:44:13.169886720,1726343053.1698868,2024-09-14 19:44:13.169885986,24,"[ 5.2300149e-01 -7.7101600e-01  2.1669333e-05 -3.7376635e-06
 -2.5888941e-01 -6.2814411e-06  1.0000000e+00  1.0000000e+00
 -4.0000001e-01  9.2300153e-01  3.6979218e+00]",3.0,-0.008367644018017586,[1.57921796e-01 9.84640147e-03 7.06996332e-06 8.32224732e-01],[1.57921796e-01 9.84640147e-03 7.06996332e-06 8.32224732e-01],30,395,489,0.9652239402341916,1,1
908,1015,2024-09-14 19:44:14.753031936,TASK_BEGIN,3,0.3498114317281989,-0.1495892762735034,1.1457967753149063,0.1916716351853319,0.0689890121423547,0.0219717737487168,0.2425894469220812,0.5000164650355882,0,2024-09-14 19:44:14.915682560,1726343054.9156826,2024-09-14 19:44:14.915682129,25,"[-5.0652823e-03  9.5977962e-01 -7.5119466e-02 -3.9132625e-01
  1.4395402e-02  2.8436154e-02  0.0000000e+00  0.0000000e+00
  4.0000001e-01 -4.0506527e-01 -1.1861384e+01]",0.0,-2.690446624662272,[0.47915544 0.10469186 0.05256371 0.36358899],[0.47915544 0.10469186 0.05256371 0.36358899],30,415,490,0.32338739362068203,0,0
909,1016,2024-09-14 19:44:14.815054848,TASK_BEGIN,3,0.3002271193661493,-0.1358462710406837,1.2124780785631952,0.1850497473965102,0.0609871494491265,0.024244638559539,0.2094607459690764,0.5068836219024734,0,2024-09-14 19:44:14.915682560,1726343054.9156826,2024-09-14 19:44:14.915682129,25,"[-5.0652823e-03  9.5977962e-01 -7.5119466e-02 -3.9132625e-01
  1.4395402e-02  2.8436154e-02  0.0000000e+00  0.0000000e+00
  4.0000001e-01 -4.0506527e-01 -1.1861384e+01]",0.0,-2.690446624662272,[0.47915544 0.10469186 0.05256371 0.36358899],[0.47915544 0.10469186 0.05256371 0.36358899],30,415,490,0.32338739362068203,0,0
910,1017,2024-09-14 19:44:14.892268800,TASK_BEGIN,3,0.2483168810007503,-0.11964225941843,1.2504765414117804,0.1833821083315891,0.052250544205863,0.0265205972659751,0.1782713819482589,0.5154657903307948,0,2024-09-14 19:44:14.915682560,1726343054.9156826,2024-09-14 19:44:14.915682129,25,"[-5.0652823e-03  9.5977962e-01 -7.5119466e-02 -3.9132625e-01
  1.4395402e-02  2.8436154e-02  0.0000000e+00  0.0000000e+00
  4.0000001e-01 -4.0506527e-01 -1.1861384e+01]",0.0,-2.690446624662272,[0.47915544 0.10469186 0.05256371 0.36358899],[0.47915544 0.10469186 0.05256371 0.36358899],30,415,490,0.32338739362068203,0,0
911,1018,2024-09-14 19:44:14.954808064,TASK_BEGIN,3,0.1949683480410267,-0.1012218881746417,1.2543671589636376,0.1869403645008759,0.0422350363013594,0.0289865179312006,0.1545206240480352,0.5247014162191469,0,2024-09-14 19:44:14.915682560,1726343054.9156826,2024-09-14 19:44:14.915682129,25,"[-5.0652823e-03  9.5977962e-01 -7.5119466e-02 -3.9132625e-01
  1.4395402e-02  2.8436154e-02  0.0000000e+00  0.0000000e+00
  4.0000001e-01 -4.0506527e-01 -1.1861384e+01]",0.0,-2.690446624662272,[0.47915544 0.10469186 0.05256371 0.36358899],[0.47915544 0.10469186 0.05256371 0.36358899],30,415,490,0.32338739362068203,0,0
912,1019,2024-09-14 19:44:15.028270080,TASK_BEGIN,3,0.1410047339307411,-0.0808580676429105,1.2210226116672034,0.1956483186418023,0.0303937979226583,0.0318584950351239,0.1428033994942879,0.5334974216373528,0,2024-09-14 19:44:14.915682560,1726343054.9156826,2024-09-14 19:44:14.915682129,25,"[-5.0652823e-03  9.5977962e-01 -7.5119466e-02 -3.9132625e-01
  1.4395402e-02  2.8436154e-02  0.0000000e+00  0.0000000e+00
  4.0000001e-01 -4.0506527e-01 -1.1861384e+01]",0.0,-2.690446624662272,[0.47915544 0.10469186 0.05256371 0.36358899],[0.47915544 0.10469186 0.05256371 0.36358899],30,415,490,0.32338739362068203,0,0
913,1020,2024-09-14 19:44:15.093993984,TASK_BEGIN,3,0.0871836579008324,-0.0588542655882484,1.1499572122100152,0.2091256160757706,0.0162719653102925,0.0353521394217773,0.1462553611551222,0.5407796536961779,0,2024-09-14 19:44:14.915682560,1726343054.9156826,2024-09-14 19:44:14.915682129,25,"[-5.0652823e-03  9.5977962e-01 -7.5119466e-02 -3.9132625e-01
  1.4395402e-02  2.8436154e-02  0.0000000e+00  0.0000000e+00
  4.0000001e-01 -4.0506527e-01 -1.1861384e+01]",0.0,-2.690446624662272,[0.47915544 0.10469186 0.05256371 0.36358899],[0.47915544 0.10469186 0.05256371 0.36358899],30,415,490,0.32338739362068203,0,0
914,1021,2024-09-14 19:44:15.155996160,TASK_BEGIN,3,0.0341844311423524,-0.0355398159807681,1.0433115208504409,0.2267219704706767,-0.0003938280575507,0.0396532623422981,0.1660519940543113,0.5455653392034117,0,2024-09-14 19:44:14.915682560,1726343054.9156826,2024-09-14 19:44:14.915682129,25,"[-5.0652823e-03  9.5977962e-01 -7.5119466e-02 -3.9132625e-01
  1.4395402e-02  2.8436154e-02  0.0000000e+00  0.0000000e+00
  4.0000001e-01 -4.0506527e-01 -1.1861384e+01]",0.0,-2.690446624662272,[0.47915544 0.10469186 0.05256371 0.36358899],[0.47915544 0.10469186 0.05256371 0.36358899],30,415,490,0.32338739362068203,0,0
915,1022,2024-09-14 19:44:16.101170944,TASK_BEGIN,3,-0.0174074061441273,-0.0112612614894308,0.9055688219409992,0.2475305215184418,-0.0195872612991029,0.0448926066747029,0.2011066712633926,0.5470606883984895,0,2024-09-14 19:44:16.439620864,1726343056.439621,2024-09-14 19:44:16.439620850,25,"[-0.02674611  0.11354125 -0.01304545 -0.8446846  -0.01652238 -0.00893602
  0.          0.          0.4        -0.4267461  -5.0914774 ]",0.0,-2.6113186679652074,[0.49561975 0.06197921 0.1776487  0.26475234],[0.49561975 0.06197921 0.1776487  0.26475234],30,415,490,0.2778487663504391,0,0
916,1023,2024-09-14 19:44:16.174927872,TASK_BEGIN,3,-0.0670999930491774,0.0136264009586849,0.7431578629568258,0.27039659084062,-0.040963615795347,0.0511284605311073,0.2481070100238628,0.5447688718005352,0,2024-09-14 19:44:16.439620864,1726343056.439621,2024-09-14 19:44:16.439620850,25,"[-0.02674611  0.11354125 -0.01304545 -0.8446846  -0.01652238 -0.00893602
  0.          0.          0.4        -0.4267461  -5.0914774 ]",0.0,-2.6113186679652074,[0.49561975 0.06197921 0.1776487  0.26475234],[0.49561975 0.06197921 0.1776487  0.26475234],30,415,490,0.2778487663504391,0,0
917,1024,2024-09-14 19:44:16.242774016,TASK_BEGIN,3,-0.1144689167229663,0.0387672393315307,0.564078094645637,0.2939469188502944,-0.0638681477849019,0.0583394730561545,0.3019529784588253,0.5385764135599901,0,2024-09-14 19:44:16.439620864,1726343056.439621,2024-09-14 19:44:16.439620850,25,"[-0.02674611  0.11354125 -0.01304545 -0.8446846  -0.01652238 -0.00893602
  0.          0.          0.4        -0.4267461  -5.0914774 ]",0.0,-2.6113186679652074,[0.49561975 0.06197921 0.1776487  0.26475234],[0.49561975 0.06197921 0.1776487  0.26475234],30,415,490,0.2778487663504391,0,0
918,1025,2024-09-14 19:44:16.306102016,TASK_BEGIN,3,-0.1591058854689047,0.0638105425105746,0.3775563946992839,0.3166563674671143,-0.0874201494945407,0.0664258523039351,0.3565737628104375,0.5287735521712886,0,2024-09-14 19:44:16.439620864,1726343056.439621,2024-09-14 19:44:16.439620850,25,"[-0.02674611  0.11354125 -0.01304545 -0.8446846  -0.01652238 -0.00893602
  0.          0.          0.4        -0.4267461  -5.0914774 ]",0.0,-2.6113186679652074,[0.49561975 0.06197921 0.1776487  0.26475234],[0.49561975 0.06197921 0.1776487  0.26475234],30,415,490,0.2778487663504391,0,0
919,1026,2024-09-14 19:44:16.363158016,TASK_BEGIN,3,-0.2005538387770731,0.0884149304888379,0.1936318478391391,0.336953902184513,-0.1106332996694013,0.0752162773578136,0.4059853177374826,0.5159843115320775,0,2024-09-14 19:44:16.439620864,1726343056.439621,2024-09-14 19:44:16.439620850,25,"[-0.02674611  0.11354125 -0.01304545 -0.8446846  -0.01652238 -0.00893602
  0.          0.          0.4        -0.4267461  -5.0914774 ]",0.0,-2.6113186679652074,[0.49561975 0.06197921 0.1776487  0.26475234],[0.49561975 0.06197921 0.1776487  0.26475234],30,415,490,0.2778487663504391,0,0
920,1027,2024-09-14 19:44:16.446205952,TASK_BEGIN,3,-0.2382539947277035,0.1122507320300261,0.0226075135791898,0.3533510445880524,-0.1325368231832587,0.0844788387615028,0.4453340283815102,0.5010276593696043,0,2024-09-14 19:44:16.775621120,1726343056.7756212,2024-09-14 19:44:16.775620850,25,"[-0.03057893 -0.08804834 -0.01846071 -0.6936803  -0.03233923 -0.01891792
  0.          0.          0.4        -0.43057892 -3.478761  ]",0.0,-2.6637797042074283,[0.43131224 0.04764746 0.16932492 0.35171538],[0.43131224 0.04764746 0.16932492 0.35171538],30,415,490,0.2807962448493295,0,0
921,1028,2024-09-14 19:44:16.503248128,TASK_BEGIN,3,-0.271533174192988,0.1350023019912108,-0.1255794633375192,0.3645705804367435,-0.1522719327527592,0.0939343720565939,0.4716359198234462,0.4847677404677127,0,2024-09-14 19:44:16.775621120,1726343056.7756212,2024-09-14 19:44:16.775620850,25,"[-0.03057893 -0.08804834 -0.01846071 -0.6936803  -0.03233923 -0.01891792
  0.          0.          0.4        -0.43057892 -3.478761  ]",0.0,-2.6637797042074283,[0.43131224 0.04764746 0.16932492 0.35171538],[0.43131224 0.04764746 0.16932492 0.35171538],30,415,490,0.2807962448493295,0,0
922,1029,2024-09-14 19:44:17.451309056,TASK_BEGIN,3,-0.2996470501790564,0.1563711821001506,-0.2419992853335267,0.369669608979123,-0.1691572417234298,0.1032724828092592,0.4840120624137813,0.4680183495020405,0,2024-09-14 19:44:17.342618112,1726343057.342618,2024-09-14 19:44:17.342617920,25,"[-0.02148962 -0.33268845  0.17713702 -0.4130838  -0.10333402 -0.13362944
  0.          0.          0.4        -0.42148963 -1.52164   ]",3.0,-3.5060074397095295,[0.36175739 0.05908501 0.13907038 0.44008722],[0.36175739 0.05908501 0.13907038 0.44008722],30,415,490,0.28952043363355695,0,0
923,1030,2024-09-14 19:44:17.513794048,TASK_BEGIN,3,-0.3218852330366104,0.1760815508352367,-0.3193760368612678,0.3681559268379656,-0.1827293242056861,0.1121719373726994,0.483388636230422,0.4515369735024969,0,2024-09-14 19:44:17.342618112,1726343057.342618,2024-09-14 19:44:17.342617920,25,"[-0.02148962 -0.33268845  0.17713702 -0.4130838  -0.10333402 -0.13362944
  0.          0.          0.4        -0.42148963 -1.52164   ]",3.0,-3.5060074397095295,[0.36175739 0.05908501 0.13907038 0.44008722],[0.36175739 0.05908501 0.13907038 0.44008722],30,415,490,0.28952043363355695,0,0
924,1031,2024-09-14 19:44:17.590524928,TASK_BEGIN,3,-0.3377248452297269,0.1938908919522826,-0.352771735348075,0.3600743457028503,-0.1927633457945774,0.1203239436420988,0.4718065474155966,0.4360901668366532,0,2024-09-14 19:44:17.342618112,1726343057.342618,2024-09-14 19:44:17.342617920,25,"[-0.02148962 -0.33268845  0.17713702 -0.4130838  -0.10333402 -0.13362944
  0.          0.          0.4        -0.42148963 -1.52164   ]",3.0,-3.5060074397095295,[0.36175739 0.05908501 0.13907038 0.44008722],[0.36175739 0.05908501 0.13907038 0.44008722],30,415,490,0.28952043363355695,0,0
925,1032,2024-09-14 19:44:17.660130816,TASK_BEGIN,3,-0.3469765127621827,0.2096049461561211,-0.3403012458424107,0.3460351367012706,-0.1992777443154366,0.1274542103183233,0.4515837132154671,0.422539842023697,0,2024-09-14 19:44:18.032707584,1726343058.0327077,2024-09-14 19:44:18.032707031,25,"[ 0.03959942 -0.4903913   0.43259925 -0.22096    -0.35262257 -0.16598186
  0.          0.          0.4        -0.3604006  -0.26001707]",2.0,-3.52421609696363,[0.27972331 0.14987596 0.52521402 0.0451867 ],[0.27972331 0.14987596 0.52521402 0.0451867 ],30,415,490,0.31784409479497283,0,0
926,1033,2024-09-14 19:44:17.713200128,TASK_BEGIN,3,-0.3498536881454308,0.2230906165651995,-0.2837363203317468,0.327180232648781,-0.2025247875427259,0.1333406821183669,0.4245333383072636,0.411908388353358,0,2024-09-14 19:44:18.032707584,1726343058.0327077,2024-09-14 19:44:18.032707031,25,"[ 0.03959942 -0.4903913   0.43259925 -0.22096    -0.35262257 -0.16598186
  0.          0.          0.4        -0.3604006  -0.26001707]",2.0,-3.52421609696363,[0.27972331 0.14987596 0.52521402 0.0451867 ],[0.27972331 0.14987596 0.52521402 0.0451867 ],30,415,490,0.31784409479497283,0,0
927,1034,2024-09-14 19:44:17.791261952,TASK_BEGIN,3,-0.3469440616370224,0.2342818690949777,-0.1887280810754857,0.30508842595409,-0.2029631308670945,0.1378246605626734,0.3913781044267089,0.4053925325968266,0,2024-09-14 19:44:18.114683648,1726343058.1146836,2024-09-14 19:44:18.114682861,25,"[ 0.05149118 -0.50271547  0.3744042  -0.05701343 -0.35622898  0.4298138
  1.          0.          0.4        -0.3485088  -0.16142383]",0.0,17.336785620612474,[0.66494657 0.12567589 0.13106567 0.07831186],[0.66494657 0.12567589 0.13106567 0.07831186],30,415,490,0.5122103693764559,0,0
928,1035,2024-09-14 19:44:17.853338880,TASK_BEGIN,3,-0.3391085140980369,0.2431780840304251,-0.0644187824585382,0.2816117859384909,-0.2012150654103891,0.1408146366674693,0.3514912710268834,0.4042978042444224,0,2024-09-14 19:44:18.114683648,1726343058.1146836,2024-09-14 19:44:18.114682861,25,"[ 0.05149118 -0.50271547  0.3744042  -0.05701343 -0.35622898  0.4298138
  1.          0.          0.4        -0.3485088  -0.16142383]",0.0,17.336785620612474,[0.66494657 0.12567589 0.13106567 0.07831186],[0.66494657 0.12567589 0.13106567 0.07831186],30,415,490,0.5122103693764559,0,0
929,1036,2024-09-14 19:44:18.806860032,TASK_BEGIN,3,-0.3273407381369594,0.2498367561534005,0.0775870773051691,0.2586531212012642,-0.1980241215330035,0.1422869856036129,0.3030430991254259,0.4098867059118655,0,2024-09-14 19:44:18.507687680,1726343058.5076876,2024-09-14 19:44:18.507687012,25,"[ 0.10961739 -0.54266787  0.47299516 -0.24185312  0.20782837  0.45779425
  0.          1.          0.4        -0.2903826   0.15819511]",3.0,5.648876189093235,[0.10252012 0.01928002 0.09211745 0.78608241],[0.10252012 0.01928002 0.09211745 0.78608241],30,415,490,0.7947129997610121,1,1
930,1037,2024-09-14 19:44:18.874705152,TASK_BEGIN,3,-0.3126222187570809,0.254364649222303,0.2246633648057306,0.2379344635085037,-0.1942238729486226,0.1422890150386413,0.2435034743205822,0.42317641948987,0,2024-09-14 19:44:18.507687680,1726343058.5076876,2024-09-14 19:44:18.507687012,25,"[ 0.10961739 -0.54266787  0.47299516 -0.24185312  0.20782837  0.45779425
  0.          1.          0.4        -0.2903826   0.15819511]",3.0,5.648876189093235,[0.10252012 0.01928002 0.09211745 0.78608241],[0.10252012 0.01928002 0.09211745 0.78608241],30,415,490,0.7947129997610121,1,1
931,1038,2024-09-14 19:44:18.942505984,TASK_BEGIN,3,-0.2958162999763405,0.2569124735232245,0.3646023348075481,0.2208219592840723,-0.1907076831746565,0.1409427686984206,0.1703462604734821,0.4447502897659729,0,2024-09-14 19:44:18.816691200,1726343058.8166912,2024-09-14 19:44:18.816690918,25,"[ 0.13739522 -0.5398693   0.16951339  0.01086589  0.14704578 -0.02372352
  1.          1.          0.4        -0.26260477  0.13580665]",1.0,2.735136958548898,[0.22055655 0.63980061 0.0474251  0.09221774],[0.22055655 0.63980061 0.0474251  0.09221774],30,415,490,0.409724157736217,1,1
932,1039,2024-09-14 19:44:19.010307072,TASK_BEGIN,3,-0.277642435033133,0.2576763184401107,0.4867171785885144,0.2082396964557209,-0.1883818181211036,0.1384420205619033,0.0817957172455263,0.4746321586249491,0,2024-09-14 19:44:18.816691200,1726343058.8166912,2024-09-14 19:44:18.816690918,25,"[ 0.13739522 -0.5398693   0.16951339  0.01086589  0.14704578 -0.02372352
  1.          1.          0.4        -0.26260477  0.13580665]",1.0,2.735136958548898,[0.22055655 0.63980061 0.0474251  0.09221774],[0.22055655 0.63980061 0.0474251  0.09221774],30,415,490,0.409724157736217,1,1
933,1040,2024-09-14 19:44:19.068698112,TASK_BEGIN,3,-0.2587390205327901,0.2569050356573472,0.5825220412732682,0.2006598767260306,-0.1881028315410135,0.1350394183513732,-0.0225088113151719,0.5122341849722549,0,2024-09-14 19:44:18.816691200,1726343058.8166912,2024-09-14 19:44:18.816690918,25,"[ 0.13739522 -0.5398693   0.16951339  0.01086589  0.14704578 -0.02372352
  1.          1.          0.4        -0.26260477  0.13580665]",1.0,2.735136958548898,[0.22055655 0.63980061 0.0474251  0.09221774],[0.22055655 0.63980061 0.0474251  0.09221774],30,415,490,0.409724157736217,1,1
934,1041,2024-09-14 19:44:19.131182848,TASK_BEGIN,3,-0.2397674639494355,0.254906695712815,0.6460615724955804,0.1981402882847849,-0.1906125965102521,0.1310278245389289,-0.1410752726177583,0.5563761275291009,0,2024-09-14 19:44:18.816691200,1726343058.8166912,2024-09-14 19:44:18.816690918,25,"[ 0.13739522 -0.5398693   0.16951339  0.01086589  0.14704578 -0.02372352
  1.          1.          0.4        -0.26260477  0.13580665]",1.0,2.735136958548898,[0.22055655 0.63980061 0.0474251  0.09221774],[0.22055655 0.63980061 0.0474251  0.09221774],30,415,490,0.409724157736217,1,1
935,1042,2024-09-14 19:44:19.208397056,TASK_BEGIN,3,-0.2214872037395876,0.2520452426530368,0.6739709421291435,0.2003923226579499,-0.1964762014766784,0.1267200399123106,-0.2705068487119359,0.6053873700673197,0,2024-09-14 19:44:18.816691200,1726343058.8166912,2024-09-14 19:44:18.816690918,25,"[ 0.13739522 -0.5398693   0.16951339  0.01086589  0.14704578 -0.02372352
  1.          1.          0.4        -0.26260477  0.13580665]",1.0,2.735136958548898,[0.22055655 0.63980061 0.0474251  0.09221774],[0.22055655 0.63980061 0.0474251  0.09221774],30,415,490,0.409724157736217,1,1
936,1043,2024-09-14 19:44:20.156888832,TASK_BEGIN,3,-0.204770449004282,0.2487253071064679,0.6653101738377913,0.206884601431573,-0.2060291440808844,0.1224293684425802,-0.4059082434782698,0.6572989212024342,0,2024-09-14 19:44:20.005133824,1726343060.0051339,2024-09-14 19:44:20.005132812,25,"[ 0.10312828 -0.5446006  -0.15625034 -0.01026036  0.18373652  0.0218929
  1.          1.          0.4        -0.29687172  0.17365727]",1.0,-1.426889406634695,[0.37995258 0.38376906 0.03573178 0.20054658],[0.37995258 0.38376906 0.03573178 0.20054658],30,415,490,0.2778795319322021,1,1
937,1044,2024-09-14 19:44:20.224462848,TASK_BEGIN,3,-0.1905685315201512,0.2453694387439385,0.6212037024467935,0.2169903627889407,-0.2193523583720279,0.118454152446617,-0.5416662491928576,0.7100922412999366,0,2024-09-14 19:44:20.614223360,1726343060.6142232,2024-09-14 19:44:20.614222900,25,"[ 0.06638917 -0.5517036  -0.23175919  0.01685901  0.1929905   0.06616628
  0.          0.          0.4        -0.33361083  0.230481  ]",0.0,-0.10699488765615683,[0.38957399 0.36798957 0.04723113 0.19520532],[0.38957399 0.36798957 0.04723113 0.19520532],30,415,490,0.28455549066838304,1,1
938,1045,2024-09-14 19:44:20.286017792,TASK_BEGIN,3,-0.1798461022465782,0.2423913664570425,0.5443389447900008,0.2301585267615713,-0.2362855391148485,0.1150678178587849,-0.672343081573985,0.7619258404427183,0,2024-09-14 19:44:20.614223360,1726343060.6142232,2024-09-14 19:44:20.614222900,25,"[ 0.06638917 -0.5517036  -0.23175919  0.01685901  0.1929905   0.06616628
  0.          0.          0.4        -0.33361083  0.230481  ]",0.0,-0.10699488765615683,[0.38957399 0.36798957 0.04723113 0.19520532],[0.38957399 0.36798957 0.04723113 0.19520532],30,415,490,0.28455549066838304,1,1
939,1046,2024-09-14 19:44:20.348722944,TASK_BEGIN,3,-0.1734960000523603,0.2401692031962531,0.4383988056752906,0.246060707846009,-0.2564641419081855,0.112511922605349,-0.7933432071700883,0.8112618925754695,0,2024-09-14 19:44:20.614223360,1726343060.6142232,2024-09-14 19:44:20.614222900,25,"[ 0.06638917 -0.5517036  -0.23175919  0.01685901  0.1929905   0.06616628
  0.          0.          0.4        -0.33361083  0.230481  ]",0.0,-0.10699488765615683,[0.38957399 0.36798957 0.04723113 0.19520532],[0.38957399 0.36798957 0.04723113 0.19520532],30,415,490,0.28455549066838304,1,1
940,1047,2024-09-14 19:44:20.425934080,TASK_BEGIN,3,-0.1722525271095985,0.2390245097093738,0.3075155774565913,0.2646709213274366,-0.2793505500732786,0.1109875199274186,-0.9011774985208412,0.8568739170548065,0,2024-09-14 19:44:20.824219392,1726343060.8242195,2024-09-14 19:44:20.824218994,25,"[ 0.04978283 -0.56241894 -0.2690542  -0.0309192   0.2071109  -0.00710127
  1.          1.          0.4        -0.35021716  0.31620368]",0.0,-0.6227876305357682,[0.47480971 0.30214839 0.05182734 0.17121455],[0.47480971 0.30214839 0.05182734 0.17121455],30,415,490,0.31361618914867256,1,1
941,1048,2024-09-14 19:44:20.495923200,TASK_BEGIN,3,-0.1766146907459393,0.2392087933765233,0.1558444388937861,0.2862599806560492,-0.3042394766052357,0.110641573364392,-0.9934346722558952,0.8977823578022276,0,2024-09-14 19:44:20.887154176,1726343060.887154,2024-09-14 19:44:20.887154053,25,"[ 0.04409917 -0.56463027 -0.27959168 -0.04830144  0.21176438  0.03145944
  1.          1.          0.4        -0.35590082  0.33389458]",0.0,-0.7418281406367413,[0.4829239  0.29496457 0.0534562  0.16865533],[0.4829239  0.29496457 0.0534562  0.16865533],30,415,490,0.32152945246779996,1,1
942,1049,2024-09-14 19:44:20.549478144,TASK_BEGIN,3,-0.1867842059297278,0.2408937636353872,-0.0126607702904491,0.3113054555198233,-0.3302472850796002,0.1115500460043369,-1.068677560171735,0.9331814007820364,0,2024-09-14 19:44:20.929152000,1726343060.929152,2024-09-14 19:44:20.929152100,25,"[ 0.04015477 -0.566166   -0.2885904  -0.04988632  0.21498936  0.03246214
  1.          1.          0.4        -0.35984522  0.3461803 ]",0.0,-0.7522107077706011,[0.48691584 0.29268256 0.05438509 0.16601651],[0.48691584 0.29268256 0.05438509 0.16601651],30,415,490,0.32608949702872236,1,1
943,1050,2024-09-14 19:44:21.482938880,TASK_BEGIN,3,-0.2026304125369984,0.2441642537717603,-0.194231978593465,0.3403314052866478,-0.3563154164581045,0.113703790030551,-1.1263660077668642,0.962387650888793,0,2024-09-14 19:44:21.874162688,1726343061.8741627,2024-09-14 19:44:21.874161865,25,"[-0.08180181 -0.6138362  -0.4945914  -0.08724704  0.31276482  0.05577157
  1.          1.          0.4        -0.4818018   0.7275422 ]",0.0,-1.0154545237135437,[0.52282724 0.33137471 0.07104041 0.07475764],[0.52282724 0.33137471 0.07104041 0.07475764],30,415,490,0.4461517349409861,1,1
944,1051,2024-09-14 19:44:21.550775808,TASK_BEGIN,3,-0.2236950129239891,0.2490163130085811,-0.3850602326143366,0.3737142719540507,-0.3812485933656196,0.1170029075411659,-1.1667951009060822,0.9848153608386964,0,2024-09-14 19:44:21.937162752,1726343061.9371626,2024-09-14 19:44:21.937161865,25,"[-0.09221848 -0.6179677  -0.50862175 -0.08987877  0.32129207  0.05738861
  1.          1.          0.4        -0.49221846  0.7605944 ]",0.0,-1.0348532003627895,[0.53440509 0.32187085 0.06363402 0.08009004],[0.53440509 0.32187085 0.06363402 0.08009004],30,415,490,0.4535301505620509,1,1
945,1052,2024-09-14 19:44:21.618584064,TASK_BEGIN,3,-0.2492337567381988,0.2553609438488904,-0.5809829759666809,0.4115101313727697,-0.4037870455150194,0.1212615212232586,-1.1910113504481583,0.9999882996349384,0,2024-09-14 19:44:22.001163264,1726343062.0011632,2024-09-14 19:44:22.001163086,25,"[-0.10292602 -0.6222211  -0.5226965  -0.09253187  0.33006322  0.05901804
  1.          1.          0.4        -0.502926    0.7946213 ]",0.0,-1.0545034008885068,[0.54532026 0.3121159  0.05690475 0.08565909],[0.54532026 0.3121159  0.05690475 0.08565909],30,415,490,0.4609942743376993,1,1
946,1053,2024-09-14 19:44:21.686393088,TASK_BEGIN,3,-0.2782785982587878,0.2630314482435802,-0.7772977020753147,0.4533551505059103,-0.4226981572367311,0.1262220002958818,-1.2006625680403895,1.00759608456301,0,2024-09-14 19:44:22.021188608,1726343062.0211887,2024-09-14 19:44:22.021187988,25,"[-0.1065526  -0.62396187 -0.5232907  -0.1116521   0.33083645  0.0154643
  0.          1.          0.4        -0.5065526   0.8085473 ]",0.0,-10.7861322780293,[0.54890168 0.30887059 0.05470306 0.08752468],[0.54890168 0.30887059 0.05470306 0.08752468],30,415,490,0.5066491980171219,1,1
947,1054,2024-09-14 19:44:21.747598848,TASK_BEGIN,3,-0.3097020021555756,0.2717917753850661,-0.9688540937507008,0.4984598263859573,-0.4368694976050192,0.1315765166959918,-1.1977659060973904,1.0075788822229106,0,2024-09-14 19:44:22.021188608,1726343062.0211887,2024-09-14 19:44:22.021187988,25,"[-0.1065526  -0.62396187 -0.5232907  -0.1116521   0.33083645  0.0154643
  0.          1.          0.4        -0.5065526   0.8085473 ]",0.0,-10.7861322780293,[0.54890168 0.30887059 0.05470306 0.08752468],[0.54890168 0.30887059 0.05470306 0.08752468],30,415,490,0.5066491980171219,1,1
948,1055,2024-09-14 19:44:21.821957120,TASK_BEGIN,3,-0.3422661511334787,0.2813421749623849,-1.1503501139864896,0.5456731556665698,-0.4453943861111881,0.1369934841662728,-1.1844370665091275,1.000209415047911,0,2024-09-14 19:44:22.189162240,1726343062.1891623,2024-09-14 19:44:22.189162109,25,"[-0.13176823 -0.63288987 -0.19508098  0.09773632  0.3531156   0.28391975
  0.          1.          0.4        -0.5317682   0.8799713 ]",1.0,-9.845258156830122,[0.16985235 0.74838953 0.00176637 0.07999175],[0.16985235 0.74838953 0.00176637 0.07999175],30,415,490,0.7730043751179767,1,1
949,1056,2024-09-14 19:44:21.889771008,TASK_BEGIN,3,-0.374643453148927,0.2913199551249501,-1.3166408899902735,0.5935820450924754,-0.4476514150407946,0.1421461860367257,-1.1626300720877814,0.986139219931702,0,2024-09-14 19:44:22.189162240,1726343062.1891623,2024-09-14 19:44:22.189162109,25,"[-0.13176823 -0.63288987 -0.19508098  0.09773632  0.3531156   0.28391975
  0.          1.          0.4        -0.5317682   0.8799713 ]",1.0,-9.845258156830122,[0.16985235 0.74838953 0.00176637 0.07999175],[0.16985235 0.74838953 0.00176637 0.07999175],30,415,490,0.7730043751179767,1,1
950,1057,2024-09-14 19:44:22.833277952,TASK_BEGIN,3,-0.4054138626783291,0.3012994765649995,-1.462987870388632,0.6406328819172109,-0.4433727220959739,0.146740365677781,-1.1339272507120937,0.9663816188061718,0,2024-09-14 19:44:22.630160896,1726343062.6301608,2024-09-14 19:44:22.630160156,25,"[-0.13283388 -0.6314002   0.0872146  -0.03930976  0.37174422 -0.14187303
  0.          1.          0.4        -0.5328339   0.86805445]",1.0,10.36583711875584,[0.35670422 0.54725141 0.05699179 0.03905258],[0.35670422 0.54725141 0.05699179 0.03905258],30,415,490,0.5024332953442797,1,1
951,1058,2024-09-14 19:44:22.901122048,TASK_BEGIN,3,-0.4330738555298256,0.3108006464541235,-1.5852455501612248,0.6852511495795357,-0.4326837237718831,0.1505373075791726,-1.0994513341027854,0.9422347864855404,0,2024-09-14 19:44:22.630160896,1726343062.6301608,2024-09-14 19:44:22.630160156,25,"[-0.13283388 -0.6314002   0.0872146  -0.03930976  0.37174422 -0.14187303
  0.          1.          0.4        -0.5328339   0.86805445]",1.0,10.36583711875584,[0.35670422 0.54725141 0.05699179 0.03905258],[0.35670422 0.54725141 0.05699179 0.03905258],30,415,490,0.5024332953442797,1,1
952,1059,2024-09-14 19:44:22.962258176,TASK_BEGIN,3,-0.4560983698732075,0.3193132933457048,-1.6799070423642022,0.7259084689156433,-0.4161004934228626,0.1533697601163338,-1.0599396082283148,0.9151811819452796,0,2024-09-14 19:44:22.630160896,1726343062.6301608,2024-09-14 19:44:22.630160156,25,"[-0.13283388 -0.6314002   0.0872146  -0.03930976  0.37174422 -0.14187303
  0.          1.          0.4        -0.5328339   0.86805445]",1.0,10.36583711875584,[0.35670422 0.54725141 0.05699179 0.03905258],[0.35670422 0.54725141 0.05699179 0.03905258],30,415,490,0.5024332953442797,1,1
953,1060,2024-09-14 19:44:23.024259072,TASK_BEGIN,3,-0.4730597322732952,0.3263359798322273,-1.7439643477840256,0.7611197781965211,-0.3944819698757916,0.15514972396345,-1.0158893213891007,0.886790504745041,0,2024-09-14 19:44:22.630160896,1726343062.6301608,2024-09-14 19:44:22.630160156,25,"[-0.13283388 -0.6314002   0.0872146  -0.03930976  0.37174422 -0.14187303
  0.          1.          0.4        -0.5328339   0.86805445]",1.0,10.36583711875584,[0.35670422 0.54725141 0.05699179 0.03905258],[0.35670422 0.54725141 0.05699179 0.03905258],30,415,490,0.5024332953442797,1,1
954,1061,2024-09-14 19:44:23.104525056,TASK_BEGIN,3,-0.4827592933187063,0.3314177050479222,-1.7746987999906672,0.7894158139631142,-0.3689411677577904,0.1558686365765142,-0.967631029184694,0.8586272042309059,0,2024-09-14 19:44:22.777164288,1726343062.7771642,2024-09-14 19:44:22.777164062,25,"[-1.2875588e-01 -6.3570637e-01  2.4674295e-02  5.5814721e-03
  3.2393941e-01  4.5235992e-11  1.0000000e+00  0.0000000e+00
  4.0000001e-01 -5.2875590e-01  9.0250331e-01]",1.0,-7.143827173457206,[0.23965986 0.6309477  0.02478462 0.10460782],[0.23965986 0.6309477  0.02478462 0.10460782],30,415,490,0.47214831565881876,1,1
955,1062,2024-09-14 19:44:23.163496192,TASK_BEGIN,3,-0.4843198766512447,0.33418904488556,-1.7695752121379509,0.8093499101500277,-0.3407307981130448,0.155591398850887,-0.9152879047264072,0.8321568448539136,0,2024-09-14 19:44:22.777164288,1726343062.7771642,2024-09-14 19:44:22.777164062,25,"[-1.2875588e-01 -6.3570637e-01  2.4674295e-02  5.5814721e-03
  3.2393941e-01  4.5235992e-11  1.0000000e+00  0.0000000e+00
  4.0000001e-01 -5.2875590e-01  9.0250331e-01]",1.0,-7.143827173457206,[0.23965986 0.6309477  0.02478462 0.10460782],[0.23965986 0.6309477  0.02478462 0.10460782],30,415,490,0.47214831565881876,1,1
956,1063,2024-09-14 19:44:23.225494016,TASK_BEGIN,3,-0.4772170367647543,0.3343774326109357,-1.7263344618023635,0.8195634303290145,-0.3111315552268778,0.1544468000271516,-0.8586837120024953,0.8086485756752028,0,2024-09-14 19:44:22.882161152,1726343062.8821611,2024-09-14 19:44:22.882161133,25,"[-1.2918687e-01 -6.3585424e-01  3.5425421e-04  6.0917257e-05
  3.2446846e-01 -6.5937289e-05  1.0000000e+00  1.0000000e+00
  4.0000001e-01 -5.2918684e-01  9.0368611e-01]",1.0,0.6873505443896073,[0.26665296 0.59642193 0.0261004  0.1108247 ],[0.26665296 0.59642193 0.0261004  0.1108247 ],30,415,490,0.4389542705677248,1,1
957,1070,2024-09-14 19:44:24.563858944,TASK_BEGIN,3,-0.2020422323442684,0.2601509406104038,-0.3924918338531251,0.5854158067734114,-0.1478979632309875,0.1404491232428297,-0.2749192681431505,0.7602314969286251,0,2024-09-14 19:44:24.952010752,1726343064.9520106,2024-09-14 19:44:24.952010010,26,"[ 2.6394527e-03  1.0071032e+00  1.3023342e-01  6.3714065e-02
 -7.5161671e-03 -4.9480896e-02  0.0000000e+00  0.0000000e+00
  0.0000000e+00  2.6394527e-03 -1.2457273e+01]",0.0,0.9529444491119126,[0.36208318 0.33929683 0.1175512  0.18106879],[0.36208318 0.33929683 0.1175512  0.18106879],30,338,491,0.061855814446318005,0,0
958,1071,2024-09-14 19:44:25.494242048,TASK_BEGIN,3,-0.1405215661628252,0.2408948074821184,-0.1131348178040809,0.5223128095076908,-0.1365546704578473,0.1400255306401175,-0.1610481200543426,0.7646327531084971,0,2024-09-14 19:44:25.685996800,1726343065.6859968,2024-09-14 19:44:25.685996094,26,"[  0.03622277   0.8207736    0.1490023   -0.51175886  -0.08982788
  -0.02237706   0.           0.           0.           0.03622277
 -10.966636  ]",1.0,-2.262213068573077,[0.33185858 0.37304747 0.24291336 0.05218058],[0.33185858 0.37304747 0.24291336 0.05218058],30,338,491,0.11665907351505818,0,0
959,1072,2024-09-14 19:44:25.573733120,TASK_BEGIN,3,-0.0774478589976311,0.2205540353039569,0.1615628161879841,0.4593052303166586,-0.1277430371324129,0.1402036234584789,-0.0422998630464412,0.7690887682458593,0,2024-09-14 19:44:25.916996608,1726343065.9169967,2024-09-14 19:44:25.916996094,26,"[  0.04875207   0.7151358    0.17394675  -0.5801623   -0.10026889
  -0.0249518    0.           0.           0.           0.04875207
 -10.121533  ]",2.0,9.604898704595382,[0.30111579 0.2827297  0.3558448  0.06030971],[0.30111579 0.2827297  0.3558448  0.06030971],30,338,491,0.1258882669975518,0,0
960,1073,2024-09-14 19:44:25.633142016,TASK_BEGIN,3,-0.0142667537787586,0.1995566826577094,0.4219377307281828,0.3990413620604716,-0.1207754860129342,0.1408500271049929,0.0796470220523161,0.772636055233384,0,2024-09-14 19:44:25.916996608,1726343065.9169967,2024-09-14 19:44:25.916996094,26,"[  0.04875207   0.7151358    0.17394675  -0.5801623   -0.10026889
  -0.0249518    0.           0.           0.           0.04875207
 -10.121533  ]",2.0,9.604898704595382,[0.30111579 0.2827297  0.3558448  0.06030971],[0.30111579 0.2827297  0.3558448  0.06030971],30,338,491,0.1258882669975518,0,0
961,1074,2024-09-14 19:44:25.709929984,TASK_BEGIN,3,0.0477355593318968,0.1782963051413242,0.6598666148182241,0.3437162663479193,-0.1148712385073229,0.1417562017264921,0.202306074570944,0.7745602647556108,0,2024-09-14 19:44:25.916996608,1726343065.9169967,2024-09-14 19:44:25.916996094,26,"[  0.04875207   0.7151358    0.17394675  -0.5801623   -0.10026889
  -0.0249518    0.           0.           0.           0.04875207
 -10.121533  ]",2.0,9.604898704595382,[0.30111579 0.2827297  0.3558448  0.06030971],[0.30111579 0.2827297  0.3558448  0.06030971],30,338,491,0.1258882669975518,0,0
962,1075,2024-09-14 19:44:25.771502848,TASK_BEGIN,3,0.1074782765308098,0.1571172739193815,0.8691553963390444,0.2950030421901261,-0.1092313367997333,0.142655757096814,0.3219567556321742,0.7744557468219981,0,2024-09-14 19:44:25.916996608,1726343065.9169967,2024-09-14 19:44:25.916996094,26,"[  0.04875207   0.7151358    0.17394675  -0.5801623   -0.10026889
  -0.0249518    0.           0.           0.           0.04875207
 -10.121533  ]",2.0,9.604898704595382,[0.30111579 0.2827297  0.3558448  0.06030971],[0.30111579 0.2827297  0.3558448  0.06030971],30,338,491,0.1258882669975518,0,0
963,1076,2024-09-14 19:44:25.835994880,TASK_BEGIN,3,0.164105347608187,0.1363072438338499,1.045643795159647,0.2540426656750741,-0.1031152548782394,0.1432465836813022,0.4337408098572178,0.7721791376771838,0,2024-09-14 19:44:25.916996608,1726343065.9169967,2024-09-14 19:44:25.916996094,26,"[  0.04875207   0.7151358    0.17394675  -0.5801623   -0.10026889
  -0.0249518    0.           0.           0.           0.04875207
 -10.121533  ]",2.0,9.604898704595382,[0.30111579 0.2827297  0.3558448  0.06030971],[0.30111579 0.2827297  0.3558448  0.06030971],30,338,491,0.1258882669975518,0,0
964,1077,2024-09-14 19:44:25.913599232,TASK_BEGIN,3,0.2169874001620551,0.1160946906484165,1.187101791922906,0.2214536431688122,-0.0958933068630111,0.1432132250339254,0.5323603098499932,0.7677342229165013,0,2024-09-14 19:44:25.916996608,1726343065.9169967,2024-09-14 19:44:25.916996094,26,"[  0.04875207   0.7151358    0.17394675  -0.5801623   -0.10026889
  -0.0249518    0.           0.           0.           0.04875207
 -10.121533  ]",2.0,9.604898704595382,[0.30111579 0.2827297  0.3558448  0.06030971],[0.30111579 0.2827297  0.3558448  0.06030971],30,338,491,0.1258882669975518,0,0
965,1078,2024-09-14 19:44:26.854001920,TASK_BEGIN,3,0.2657143605181701,0.0966511890834895,1.2930049664669645,0.1973533027144224,-0.0870489756118856,0.1422467233976502,0.6131138847302248,0.7611551942593718,0,2024-09-14 19:44:27.239311616,1726343067.2393117,2024-09-14 19:44:27.239311035,26,"[ 0.13684161  0.10772264  0.28148097 -0.83157384  0.05366009  0.08167443
  0.          0.          0.          0.13684161 -5.262228  ]",2.0,2.071073640988357,[0.29149271 0.07095213 0.38414342 0.25341174],[0.29149271 0.07095213 0.38414342 0.25341174],30,338,491,0.16648272559497404,0,0
966,1079,2024-09-14 19:44:26.915575808,TASK_BEGIN,3,0.3100778816883501,0.0780981167242532,1.3642995720898023,0.1813963931015925,-0.0761427784231025,0.1400633809593569,0.6727864177555243,0.7524532576819047,0,2024-09-14 19:44:27.239311616,1726343067.2393117,2024-09-14 19:44:27.239311035,26,"[ 0.13684161  0.10772264  0.28148097 -0.83157384  0.05366009  0.08167443
  0.          0.          0.          0.13684161 -5.262228  ]",2.0,2.071073640988357,[0.29149271 0.07095213 0.38414342 0.25341174],[0.29149271 0.07095213 0.38414342 0.25341174],30,338,491,0.16648272559497404,0,0
967,1080,2024-09-14 19:44:26.978326272,TASK_BEGIN,3,0.3500281816649366,0.060519780899807,1.4032114586811044,0.1728363401176835,-0.062788859070252,0.1364276044456999,0.7100056980848098,0.7416482253130733,0,2024-09-14 19:44:27.239311616,1726343067.2393117,2024-09-14 19:44:27.239311035,26,"[ 0.13684161  0.10772264  0.28148097 -0.83157384  0.05366009  0.08167443
  0.          0.          0.          0.13684161 -5.262228  ]",2.0,2.071073640988357,[0.29149271 0.07095213 0.38414342 0.25341174],[0.29149271 0.07095213 0.38414342 0.25341174],30,338,491,0.16648272559497404,0,0
968,1081,2024-09-14 19:44:27.060698112,TASK_BEGIN,3,0.3856058157163545,0.043983398306989,1.413078684920488,0.1706092353743566,-0.0466794388395323,0.1311810742216141,0.7250499192050069,0.7288498289575852,0,2024-09-14 19:44:27.239311616,1726343067.2393117,2024-09-14 19:44:27.239311035,26,"[ 0.13684161  0.10772264  0.28148097 -0.83157384  0.05366009  0.08167443
  0.          0.          0.          0.13684161 -5.262228  ]",2.0,2.071073640988357,[0.29149271 0.07095213 0.38414342 0.25341174],[0.29149271 0.07095213 0.38414342 0.25341174],30,338,491,0.16648272559497404,0,0
969,1082,2024-09-14 19:44:27.128519168,TASK_BEGIN,3,0.4168833578586367,0.0285577263695737,1.3981821900805809,0.1734302468251125,-0.0276475196995899,0.1242718605413586,0.7193869423363107,0.7143330805871748,0,2024-09-14 19:44:27.511034368,1726343067.5110345,2024-09-14 19:44:27.511033936,26,"[ 0.15840729 -0.0472942   0.21199778 -0.64728874  0.10116281  0.07819252
  0.          0.          0.          0.15840729 -4.0220933 ]",2.0,9.268653680765095,[0.27952331 0.05956664 0.44190437 0.21900568],[0.27952331 0.05956664 0.44190437 0.21900568],30,338,491,0.1770768676100148,0,0
970,1083,2024-09-14 19:44:27.196386048,TASK_BEGIN,3,0.4439505273447663,0.0143199257729315,1.3635316550041798,0.1798942494793389,-0.0057480518795231,0.1157742952897671,0.6952118439560762,0.6985775445974652,0,2024-09-14 19:44:27.532121344,1726343067.5321214,2024-09-14 19:44:27.532120850,26,"[ 0.15991886 -0.05780208  0.21199867 -0.67289436  0.10507242  0.07819236
  0.          0.          0.          0.15991886 -3.93803   ]",0.0,-2.980022148621103,[0.4113183  0.07688979 0.18170165 0.33009027],[0.4113183  0.07688979 0.18170165 0.33009027],30,338,491,0.21443329143917894,0,0
971,1084,2024-09-14 19:44:27.263683072,TASK_BEGIN,3,0.4669393064244254,0.0013505411414934,1.3145206431126322,0.1885882568776412,0.0186536762344915,0.10589560391193,0.6550602636774712,0.6822731653527259,0,2024-09-14 19:44:27.532121344,1726343067.5321214,2024-09-14 19:44:27.532120850,26,"[ 0.15991886 -0.05780208  0.21199867 -0.67289436  0.10507242  0.07819236
  0.          0.          0.          0.15991886 -3.93803   ]",0.0,-2.980022148621103,[0.4113183  0.07688979 0.18170165 0.33009027],[0.4113183  0.07688979 0.18170165 0.33009027],30,338,491,0.21443329143917894,0,0
972,1085,2024-09-14 19:44:28.202173184,TASK_BEGIN,3,0.4860560984922399,-0.0102737732930018,1.2564446126080309,0.1982124769399497,0.0448134418599136,0.0949690139808294,0.6014851029899065,0.6663014897074337,0,2024-09-14 19:44:27.826679040,1726343067.826679,2024-09-14 19:44:27.826677979,26,"[ 0.17122507 -0.19379616  0.08322075 -0.5472586   0.13197662 -0.02772287
  0.          0.          0.          0.17122507 -2.8500774 ]",3.0,-2.578001967563461,[0.35854039 0.05277518 0.2064461  0.38223833],[0.35854039 0.05277518 0.2064461  0.38223833],30,338,491,0.21887848247264802,0,0
973,1086,2024-09-14 19:44:28.264192000,TASK_BEGIN,3,0.501583617359096,-0.0204800781112175,1.1940324928810004,0.2076735002658096,0.0716002655217305,0.0834337467942658,0.5368548296154575,0.651686803585086,0,2024-09-14 19:44:28.367228160,1726343068.3672283,2024-09-14 19:44:28.367228027,26,"[ 0.17089605 -0.37626427 -0.01179128 -0.1947907   0.01937365 -0.12426249
  0.          0.          0.          0.17089605 -1.3903325 ]",2.0,6.665935067984475,[0.23061744 0.08324292 0.38674523 0.29939442],[0.23061744 0.08324292 0.38674523 0.29939442],30,338,491,0.2064995983403593,0,0
974,1087,2024-09-14 19:44:28.341936128,TASK_BEGIN,3,0.5138326036517376,-0.0291872045290218,1.1311504657571911,0.2161183333222722,0.0975625706573282,0.0718052054525536,0.4633845971359189,0.6395039170066126,0,2024-09-14 19:44:28.682242560,1726343068.6822426,2024-09-14 19:44:28.682241943,26,"[ 0.16568725 -0.3981222   0.02940216 -0.06398811 -0.10037428 -0.16309892
  0.          0.          0.          0.16568725 -1.2154691 ]",2.0,6.230132080933285,[0.28521169 0.08590437 0.33203226 0.29685168],[0.28521169 0.08590437 0.33203226 0.29685168],30,338,491,0.22078961049565526,0,0
975,1088,2024-09-14 19:44:28.404117248,TASK_BEGIN,3,0.5230556493271896,-0.0362851277949605,1.0707034914762106,0.2229248927745624,0.1210443196522887,0.0606412938689676,0.3834008398861234,0.6307470649426075,0,2024-09-14 19:44:28.787374336,1726343068.7873743,2024-09-14 19:44:28.787374023,26,"[ 0.16666055 -0.40692306  0.0809759  -0.05570948 -0.14069279 -0.15399092
  0.          0.          0.          0.16666055 -1.1450622 ]",2.0,5.958828923187444,[0.30061373 0.08250236 0.31476419 0.30211973],[0.30061373 0.08250236 0.31476419 0.30211973],30,338,491,0.24692862255736317,0,0
976,1089,2024-09-14 19:44:28.478555904,TASK_BEGIN,3,0.5293631113801232,-0.0416172674174956,1.014675569086977,0.2276881063997363,0.1403278918492416,0.0505076714932105,0.2996992728504012,0.6261914685576543,0,2024-09-14 19:44:28.787374336,1726343068.7873743,2024-09-14 19:44:28.787374023,26,"[ 0.16666055 -0.40692306  0.0809759  -0.05570948 -0.14069279 -0.15399092
  0.          0.          0.          0.16666055 -1.1450622 ]",2.0,5.958828923187444,[0.30061373 0.08250236 0.31476419 0.30211973],[0.30061373 0.08250236 0.31476419 0.30211973],30,338,491,0.24692862255736317,0,0
977,1090,2024-09-14 19:44:28.546384896,TASK_BEGIN,3,0.5326770586308696,-0.0449785792272956,0.9642449467785458,0.2302168638636606,0.1537953448370996,0.041940462191125,0.2158491766324748,0.6262826783517437,0,2024-09-14 19:44:28.787374336,1726343068.7873743,2024-09-14 19:44:28.787374023,26,"[ 0.16666055 -0.40692306  0.0809759  -0.05570948 -0.14069279 -0.15399092
  0.          0.          0.          0.16666055 -1.1450622 ]",2.0,5.958828923187444,[0.30061373 0.08250236 0.31476419 0.30211973],[0.30061373 0.08250236 0.31476419 0.30211973],30,338,491,0.24692862255736317,0,0
978,1091,2024-09-14 19:44:28.614163968,TASK_BEGIN,3,0.5327257114253574,-0.0461311950561571,0.9198999611500812,0.2305314189047441,0.160089012707434,0.0354079004535187,0.1363059612815655,0.631079483968679,0,2024-09-14 19:44:28.787374336,1726343068.7873743,2024-09-14 19:44:28.787374023,26,"[ 0.16666055 -0.40692306  0.0809759  -0.05570948 -0.14069279 -0.15399092
  0.          0.          0.          0.16666055 -1.1450622 ]",2.0,5.958828923187444,[0.30061373 0.08250236 0.31476419 0.30211973],[0.30061373 0.08250236 0.31476419 0.30211973],30,338,491,0.24692862255736317,0,0
979,1092,2024-09-14 19:44:29.550305024,TASK_BEGIN,3,0.5290631977969242,-0.0448291044521656,0.88146558310876,0.2288570787938729,0.1582372445894611,0.0312788054954007,0.0661646537949426,0.640273607656596,0,2024-09-14 19:44:29.740692992,1726343069.740693,2024-09-14 19:44:29.740693115,26,"[ 0.15376663 -0.5005721  -0.16842684 -0.08734931  0.0801902   0.32145062
  1.          0.          0.          0.15376663 -0.39587024]",2.0,-1.1086363579639908,[0.05743672 0.06814798 0.85378664 0.02062867],[0.05743672 0.06814798 0.85378664 0.02062867],30,338,491,0.9827190804911698,0,0
980,1093,2024-09-14 19:44:29.625289984,TASK_BEGIN,3,0.5211149165865016,-0.0408454598990936,0.8480046520015899,0.2256220627711931,0.1477210066813285,0.0298055230268608,0.0104825963423046,0.6532953228928838,0,2024-09-14 19:44:29.740692992,1726343069.740693,2024-09-14 19:44:29.740693115,26,"[ 0.15376663 -0.5005721  -0.16842684 -0.08734931  0.0801902   0.32145062
  1.          0.          0.          0.15376663 -0.39587024]",2.0,-1.1086363579639908,[0.05743672 0.06814798 0.85378664 0.02062867],[0.05743672 0.06814798 0.85378664 0.02062867],30,338,491,0.9827190804911698,0,0
981,1094,2024-09-14 19:44:29.689081856,TASK_BEGIN,3,0.5082527819162429,-0.034000692132169,0.8176996899175527,0.2214536336880062,0.1284816411516551,0.0311224248831005,-0.0267028968146731,0.669486269897225,0,2024-09-14 19:44:29.740692992,1726343069.740693,2024-09-14 19:44:29.740693115,26,"[ 0.15376663 -0.5005721  -0.16842684 -0.08734931  0.0801902   0.32145062
  1.          0.          0.          0.15376663 -0.39587024]",2.0,-1.1086363579639908,[0.05743672 0.06814798 0.85378664 0.02062867],[0.05743672 0.06814798 0.85378664 0.02062867],30,338,491,0.9827190804911698,0,0
982,1095,2024-09-14 19:44:29.751111936,TASK_BEGIN,3,0.4898830409937189,-0.0241873532205753,0.7879123903734363,0.2171476488334608,0.1008946076202221,0.0352548874053869,-0.0433636865016832,0.688291449249254,0,2024-09-14 19:44:29.740692992,1726343069.740693,2024-09-14 19:44:29.740693115,26,"[ 0.15376663 -0.5005721  -0.16842684 -0.08734931  0.0801902   0.32145062
  1.          0.          0.          0.15376663 -0.39587024]",2.0,-1.1086363579639908,[0.05743672 0.06814798 0.85378664 0.02062867],[0.05743672 0.06814798 0.85378664 0.02062867],30,338,491,0.9827190804911698,0,0
983,1096,2024-09-14 19:44:29.813160960,TASK_BEGIN,3,0.4655278190260511,-0.0113868431605146,0.7554995517046464,0.2135975244536908,0.0657422419206777,0.0421312413233331,-0.0400757947871305,0.7093962884873403,0,2024-09-14 19:44:29.740692992,1726343069.740693,2024-09-14 19:44:29.740693115,26,"[ 0.15376663 -0.5005721  -0.16842684 -0.08734931  0.0801902   0.32145062
  1.          0.          0.          0.15376663 -0.39587024]",2.0,-1.1086363579639908,[0.05743672 0.06814798 0.85378664 0.02062867],[0.05743672 0.06814798 0.85378664 0.02062867],30,338,491,0.9827190804911698,0,0
984,1097,2024-09-14 19:44:29.891267072,TASK_BEGIN,3,0.4349012006952045,0.0043210556752701,0.717250779007381,0.2116952974817816,0.024192092038825,0.0515928265818015,-0.0199494255783991,0.7327473122699137,0,2024-09-14 19:44:29.740692992,1726343069.740693,2024-09-14 19:44:29.740693115,26,"[ 0.15376663 -0.5005721  -0.16842684 -0.08734931  0.0801902   0.32145062
  1.          0.          0.          0.15376663 -0.39587024]",2.0,-1.1086363579639908,[0.05743672 0.06814798 0.85378664 0.02062867],[0.05743672 0.06814798 0.85378664 0.02062867],30,338,491,0.9827190804911698,0,0
985,1098,2024-09-14 19:44:29.964382720,TASK_BEGIN,3,0.3979791155893152,0.022751750356725,0.6702634153459053,0.2122317426614363,-0.0222451415887272,0.0634024090619051,0.0120175642747727,0.7584602482845224,0,2024-09-14 19:44:29.740692992,1726343069.740693,2024-09-14 19:44:29.740693115,26,"[ 0.15376663 -0.5005721  -0.16842684 -0.08734931  0.0801902   0.32145062
  1.          0.          0.          0.15376663 -0.39587024]",2.0,-1.1086363579639908,[0.05743672 0.06814798 0.85378664 0.02062867],[0.05743672 0.06814798 0.85378664 0.02062867],30,338,491,0.9827190804911698,0,0
986,1099,2024-09-14 19:44:30.900976896,TASK_BEGIN,3,0.3550521841880785,0.0436117538135961,0.6121951008308055,0.2158259502465501,-0.0717978525522549,0.0772529078905426,0.0498610980799919,0.7866769129216872,0,2024-09-14 19:44:30.871718144,1726343070.8717182,2024-09-14 19:44:30.871718018,26,"[ 1.0584569e-01 -5.4638577e-01 -1.4433722e-01 -3.0604600e-08
  8.5794914e-04  1.5740145e-09  1.0000000e+00  1.0000000e+00
  0.0000000e+00  1.0584569e-01 -2.9360322e-02]",0.0,2.1542851039862505,[0.54640896 0.08531694 0.05522236 0.31305174],[0.54640896 0.08531694 0.05522236 0.31305174],30,338,491,0.21060794707475958,0,0
987,1100,2024-09-14 19:44:30.975380736,TASK_BEGIN,3,0.3067564344292578,0.0665000699750437,0.541460586334124,0.2229005387730199,-0.1225462635840742,0.0927758807707017,0.0876204652480975,0.8174329915216548,0,2024-09-14 19:44:30.871718144,1726343070.8717182,2024-09-14 19:44:30.871718018,26,"[ 1.0584569e-01 -5.4638577e-01 -1.4433722e-01 -3.0604600e-08
  8.5794914e-04  1.5740145e-09  1.0000000e+00  1.0000000e+00
  0.0000000e+00  1.0584569e-01 -2.9360322e-02]",0.0,2.1542851039862505,[0.54640896 0.08531694 0.05522236 0.31305174],[0.54640896 0.08531694 0.05522236 0.31305174],30,338,491,0.21060794707475958,0,0
988,1101,2024-09-14 19:44:31.038657024,TASK_BEGIN,3,0.2540743732282013,0.090918966158421,0.457478289108446,0.2336864847152064,-0.1725420050125365,0.1095478968432092,0.12022903721279,0.8505615856359444,0,2024-09-14 19:44:30.871718144,1726343070.8717182,2024-09-14 19:44:30.871718018,26,"[ 1.0584569e-01 -5.4638577e-01 -1.4433722e-01 -3.0604600e-08
  8.5794914e-04  1.5740145e-09  1.0000000e+00  1.0000000e+00
  0.0000000e+00  1.0584569e-01 -2.9360322e-02]",0.0,2.1542851039862505,[0.54640896 0.08531694 0.05522236 0.31305174],[0.54640896 0.08531694 0.05522236 0.31305174],30,338,491,0.21060794707475958,0,0
989,1102,2024-09-14 19:44:31.100229888,TASK_BEGIN,3,0.1982887572446922,0.1162954243223555,0.3609682305712054,0.2482364444533574,-0.2199148512508031,0.1270969763883261,0.1441972676730844,0.88562733761103,0,2024-09-14 19:44:30.871718144,1726343070.8717182,2024-09-14 19:44:30.871718018,26,"[ 1.0584569e-01 -5.4638577e-01 -1.4433722e-01 -3.0604600e-08
  8.5794914e-04  1.5740145e-09  1.0000000e+00  1.0000000e+00
  0.0000000e+00  1.0584569e-01 -2.9360322e-02]",0.0,2.1542851039862505,[0.54640896 0.08531694 0.05522236 0.31305174],[0.54640896 0.08531694 0.05522236 0.31305174],30,338,491,0.21060794707475958,0,0
990,1103,2024-09-14 19:44:31.178733056,TASK_BEGIN,3,0.1408862192046828,0.1420099703436738,0.2540808283492969,0.2664535402436062,-0.2629584021897485,0.1449163830183875,0.1579842928238055,0.9218865035910973,0,2024-09-14 19:44:30.871718144,1726343070.8717182,2024-09-14 19:44:30.871718018,26,"[ 1.0584569e-01 -5.4638577e-01 -1.4433722e-01 -3.0604600e-08
  8.5794914e-04  1.5740145e-09  1.0000000e+00  1.0000000e+00
  0.0000000e+00  1.0584569e-01 -2.9360322e-02]",0.0,2.1542851039862505,[0.54640896 0.08531694 0.05522236 0.31305174],[0.54640896 0.08531694 0.05522236 0.31305174],30,338,491,0.21060794707475958,0,0
991,1104,2024-09-14 19:44:31.238686976,TASK_BEGIN,3,0.0834349370375924,0.1674271683052923,0.1400885928017331,0.2881464541797001,-0.3002010657149879,0.162490216188394,0.1620522536377582,0.9582792474128192,0,2024-09-14 19:44:30.871718144,1726343070.8717182,2024-09-14 19:44:30.871718018,26,"[ 1.0584569e-01 -5.4638577e-01 -1.4433722e-01 -3.0604600e-08
  8.5794914e-04  1.5740145e-09  1.0000000e+00  1.0000000e+00
  0.0000000e+00  1.0584569e-01 -2.9360322e-02]",0.0,2.1542851039862505,[0.54640896 0.08531694 0.05522236 0.31305174],[0.54640896 0.08531694 0.05522236 0.31305174],30,338,491,0.21060794707475958,0,0
992,1105,2024-09-14 19:44:31.314380800,TASK_BEGIN,3,0.0274632538288276,0.1919244718119954,0.0226705429753593,0.313094385133692,-0.3304728621618446,0.1793256980009923,0.1586614423110467,0.993456860462988,0,2024-09-14 19:44:31.091734528,1726343071.0917346,2024-09-14 19:44:31.091733887,26,"[ 9.7308874e-02 -5.4638577e-01 -8.4600747e-02 -2.3087439e-10
  8.5782493e-04 -7.4573248e-10  0.0000000e+00  1.0000000e+00
  0.0000000e+00  9.7308874e-02 -2.9360322e-02]",0.0,0.6018133096707423,[0.37458737 0.30730079 0.05229095 0.26582089],[0.37458737 0.30730079 0.05229095 0.26582089],30,338,491,0.10894113694180119,0,0
993,1106,2024-09-14 19:44:32.258148864,TASK_BEGIN,3,-0.0256458292961288,0.2149191608713969,-0.0948506172579045,0.3410862535460002,-0.3529637653426957,0.1949814264701731,0.15146865801018,1.025843118008898,0,2024-09-14 19:44:31.892736768,1726343071.8927367,2024-09-14 19:44:31.892735840,26,"[ 9.3022905e-02 -5.4638577e-01  0.0000000e+00  0.0000000e+00
  8.5578382e-04  0.0000000e+00  0.0000000e+00  1.0000000e+00
  0.0000000e+00  9.3022905e-02 -2.9360322e-02]",0.0,120.00000044949385,[0.40358983 0.34015502 0.06000338 0.19625178],[0.40358983 0.34015502 0.06000338 0.19625178],30,338,491,0.10691309616613989,0,0
994,1113,2024-09-14 19:44:33.579032832,TASK_BEGIN,3,-0.2494355717561598,0.3017728763848212,-0.7613820504717954,0.5863960262891844,-0.3069278198526091,0.2501557295286271,0.364822589983438,1.0601761914140104,0,2024-09-14 19:44:33.678089216,1726343073.6780891,2024-09-14 19:44:33.678089111,27,"[  0.01563311   0.9572638    0.17495577  -0.37837258  -0.02573932
  -0.03654362   0.           0.           0.6         -0.5843669
 -10.347236  ]",0.0,-2.4100418155159105,[0.48152672 0.26585737 0.10830648 0.14430944],[0.48152672 0.26585737 0.10830648 0.14430944],30,273,492,0.20363315126350856,0,0
995,1114,2024-09-14 19:44:33.640633088,TASK_BEGIN,3,-0.2574195053187061,0.3020875335002499,-0.8137183913812539,0.6181024568785901,-0.2822619372809934,0.2494548939310736,0.4632005099329191,1.0349567926207766,0,2024-09-14 19:44:33.678089216,1726343073.6780891,2024-09-14 19:44:33.678089111,27,"[  0.01563311   0.9572638    0.17495577  -0.37837258  -0.02573932
  -0.03654362   0.           0.           0.6         -0.5843669
 -10.347236  ]",0.0,-2.4100418155159105,[0.48152672 0.26585737 0.10830648 0.14430944],[0.48152672 0.26585737 0.10830648 0.14430944],30,273,492,0.20363315126350856,0,0
996,1115,2024-09-14 19:44:33.718223104,TASK_BEGIN,3,-0.2602489051171915,0.2997568526601237,-0.8473927530563381,0.6451122687633912,-0.2564021140770808,0.2468322808564678,0.573943403504347,1.0059660411287283,0,2024-09-14 19:44:33.678089216,1726343073.6780891,2024-09-14 19:44:33.678089111,27,"[  0.01563311   0.9572638    0.17495577  -0.37837258  -0.02573932
  -0.03654362   0.           0.           0.6         -0.5843669
 -10.347236  ]",0.0,-2.4100418155159105,[0.48152672 0.26585737 0.10830648 0.14430944],[0.48152672 0.26585737 0.10830648 0.14430944],30,273,492,0.20363315126350856,0,0
997,1116,2024-09-14 19:44:33.786006016,TASK_BEGIN,3,-0.2585577096747139,0.2950843997929809,-0.8584055891537258,0.6659398284868081,-0.2302169128822008,0.2424531511560384,0.6908879653004516,0.9753673305978772,0,2024-09-14 19:44:33.678089216,1726343073.6780891,2024-09-14 19:44:33.678089111,27,"[  0.01563311   0.9572638    0.17495577  -0.37837258  -0.02573932
  -0.03654362   0.           0.           0.6         -0.5843669
 -10.347236  ]",0.0,-2.4100418155159105,[0.48152672 0.26585737 0.10830648 0.14430944],[0.48152672 0.26585737 0.10830648 0.14430944],30,273,492,0.20363315126350856,0,0
998,1117,2024-09-14 19:44:33.841094912,TASK_BEGIN,3,-0.2529885096364634,0.2883912119346498,-0.8425232095640878,0.6791903901185471,-0.2044598466840739,0.2365131204538117,0.806833804377319,0.9452850003114912,0,2024-09-14 19:44:33.678089216,1726343073.6780891,2024-09-14 19:44:33.678089111,27,"[  0.01563311   0.9572638    0.17495577  -0.37837258  -0.02573932
  -0.03654362   0.           0.           0.6         -0.5843669
 -10.347236  ]",0.0,-2.4100418155159105,[0.48152672 0.26585737 0.10830648 0.14430944],[0.48152672 0.26585737 0.10830648 0.14430944],30,273,492,0.20363315126350856,0,0
999,1118,2024-09-14 19:44:33.918782976,TASK_BEGIN,3,-0.2441170678281971,0.2799871135220758,-0.7957628832355597,0.683705156647158,-0.1797705644217033,0.2292380329385123,0.9143591906146672,0.9176115664032316,0,2024-09-14 19:44:33.678089216,1726343073.6780891,2024-09-14 19:44:33.678089111,27,"[  0.01563311   0.9572638    0.17495577  -0.37837258  -0.02573932
  -0.03654362   0.           0.           0.6         -0.5843669
 -10.347236  ]",0.0,-2.4100418155159105,[0.48152672 0.26585737 0.10830648 0.14430944],[0.48152672 0.26585737 0.10830648 0.14430944],30,273,492,0.20363315126350856,0,0
1000,1119,2024-09-14 19:44:33.980376832,TASK_BEGIN,3,-0.2323757685867426,0.2701447878906254,-0.7150589554624822,0.6787372084018201,-0.1566534367790586,0.220874566048034,1.0066624494104055,0.893822248410331,0,2024-09-14 19:44:33.678089216,1726343073.6780891,2024-09-14 19:44:33.678089111,27,"[  0.01563311   0.9572638    0.17495577  -0.37837258  -0.02573932
  -0.03654362   0.           0.           0.6         -0.5843669
 -10.347236  ]",0.0,-2.4100418155159105,[0.48152672 0.26585737 0.10830648 0.14430944],[0.48152672 0.26585737 0.10830648 0.14430944],30,273,492,0.20363315126350856,0,0
1001,1120,2024-09-14 19:44:34.901870848,TASK_BEGIN,3,-0.2179996939311095,0.2590817792394179,-0.5990122122179509,0.664121827120617,-0.135450161404956,0.2116706019498158,1.0783105547965453,0.8748332625124644,0,2024-09-14 19:44:35.167195136,1726343075.167195,2024-09-14 19:44:35.167195068,27,"[ 0.12359992  0.23312736  0.23972373 -0.82501215 -0.05486592  0.01057546
  0.          0.          0.6        -0.47640008 -4.554144  ]",0.0,-2.2984273683390484,[0.54898115 0.08868281 0.15855079 0.20378526],[0.54898115 0.08868281 0.15855079 0.20378526],30,273,492,0.3150022260359676,0,0
1002,1121,2024-09-14 19:44:34.963870976,TASK_BEGIN,3,-0.2010117149353821,0.2469542432562268,-0.4484865497066391,0.6403755055771306,-0.1163277089350125,0.2018532573136624,1.125718616069778,0.8609601832468723,0,2024-09-14 19:44:35.167195136,1726343075.167195,2024-09-14 19:44:35.167195068,27,"[ 0.12359992  0.23312736  0.23972373 -0.82501215 -0.05486592  0.01057546
  0.          0.          0.6        -0.47640008 -4.554144  ]",0.0,-2.2984273683390484,[0.54898115 0.08868281 0.15855079 0.20378526],[0.54898115 0.08868281 0.15855079 0.20378526],30,273,492,0.3150022260359676,0,0
1003,1122,2024-09-14 19:44:35.041977856,TASK_BEGIN,3,-0.1812451872618372,0.2338621092034543,-0.2668368154676672,0.6086732846668236,-0.0992921513229348,0.1916132285838047,1.1471853094737674,0.8520012452687521,0,2024-09-14 19:44:35.167195136,1726343075.167195,2024-09-14 19:44:35.167195068,27,"[ 0.12359992  0.23312736  0.23972373 -0.82501215 -0.05486592  0.01057546
  0.          0.          0.6        -0.47640008 -4.554144  ]",0.0,-2.2984273683390484,[0.54898115 0.08868281 0.15855079 0.20378526],[0.54898115 0.08868281 0.15855079 0.20378526],30,273,492,0.3150022260359676,0,0
1004,1123,2024-09-14 19:44:35.111156992,TASK_BEGIN,3,-0.1583960126454372,0.2198621077896465,-0.0597566600807431,0.570720776072138,-0.0842148885457579,0.1810979949857032,1.1425546674977969,0.8474024799578157,0,2024-09-14 19:44:35.167195136,1726343075.167195,2024-09-14 19:44:35.167195068,27,"[ 0.12359992  0.23312736  0.23972373 -0.82501215 -0.05486592  0.01057546
  0.          0.          0.6        -0.47640008 -4.554144  ]",0.0,-2.2984273683390484,[0.54898115 0.08868281 0.15855079 0.20378526],[0.54898115 0.08868281 0.15855079 0.20378526],30,273,492,0.3150022260359676,0,0
1005,1124,2024-09-14 19:44:35.166458112,TASK_BEGIN,3,-0.1320915085684966,0.2049835529375938,0.1651214451421729,0.5285874783601813,-0.0708470932469082,0.170410865517122,1.1128179110173306,0.8464262773524749,0,2024-09-14 19:44:35.167195136,1726343075.167195,2024-09-14 19:44:35.167195068,27,"[ 0.12359992  0.23312736  0.23972373 -0.82501215 -0.05486592  0.01057546
  0.          0.          0.6        -0.47640008 -4.554144  ]",0.0,-2.2984273683390484,[0.54898115 0.08868281 0.15855079 0.20378526],[0.54898115 0.08868281 0.15855079 0.20378526],30,273,492,0.3150022260359676,0,0
1006,1125,2024-09-14 19:44:35.243654144,TASK_BEGIN,3,-0.1019650576095754,0.1892435573770865,0.3987658574172805,0.4845543363212499,-0.0588232788162014,0.1596129253100479,1.059882870488376,0.8482732233402918,0,2024-09-14 19:44:35.167195136,1726343075.167195,2024-09-14 19:44:35.167195068,27,"[ 0.12359992  0.23312736  0.23972373 -0.82501215 -0.05486592  0.01057546
  0.          0.          0.6        -0.47640008 -4.554144  ]",0.0,-2.2984273683390484,[0.54898115 0.08868281 0.15855079 0.20378526],[0.54898115 0.08868281 0.15855079 0.20378526],30,273,492,0.3150022260359676,0,0
1007,1126,2024-09-14 19:44:35.314558208,TASK_BEGIN,3,-0.067733700802501,0.1726624386598842,0.6313891113093107,0.4409784998360697,-0.04768270286235,0.1487291167409257,0.9864586030794602,0.8521541854063787,0,2024-09-14 19:44:35.167195136,1726343075.167195,2024-09-14 19:44:35.167195068,27,"[ 0.12359992  0.23312736  0.23972373 -0.82501215 -0.05486592  0.01057546
  0.          0.          0.6        -0.47640008 -4.554144  ]",0.0,-2.2984273683390484,[0.54898115 0.08868281 0.15855079 0.20378526],[0.54898115 0.08868281 0.15855079 0.20378526],30,273,492,0.3150022260359676,0,0
1008,1127,2024-09-14 19:44:36.257747712,TASK_BEGIN,3,-0.0292696550629298,0.1552800177280935,0.853182216351415,0.4001490786919594,-0.0369253333461557,0.1377616848399858,0.8958796102413662,0.8573347028367989,0,2024-09-14 19:44:36.070195200,1726343076.0701952,2024-09-14 19:44:36.070194824,27,"[ 0.20301954 -0.18457782  0.39160705 -0.23027053 -0.16177942 -0.7382293
  0.          1.          0.6        -0.39698046 -1.2125027 ]",2.0,1.0188750768020725,[1.18655329e-03 5.49067057e-03 9.93315600e-01 7.17646040e-06],[1.18655329e-03 5.49067057e-03 9.93315600e-01 7.17646040e-06],30,273,492,1.3394697569597909,0,0
1009,1128,2024-09-14 19:44:36.325618944,TASK_BEGIN,3,0.0133586381085304,0.1371686044763729,1.0551301972442857,0.3641167652832469,-0.0260911079409002,0.1267116342638022,0.7918165815892476,0.8631717467054935,0,2024-09-14 19:44:36.070195200,1726343076.0701952,2024-09-14 19:44:36.070194824,27,"[ 0.20301954 -0.18457782  0.39160705 -0.23027053 -0.16177942 -0.7382293
  0.          1.          0.6        -0.39698046 -1.2125027 ]",2.0,1.0188750768020725,[1.18655329e-03 5.49067057e-03 9.93315600e-01 7.17646040e-06],[1.18655329e-03 5.49067057e-03 9.93315600e-01 7.17646040e-06],30,273,492,1.3394697569597909,0,0
1010,1129,2024-09-14 19:44:36.393441024,TASK_BEGIN,3,0.0598949912302826,0.1184368004311491,1.229905900118874,0.3345003325842173,-0.014846117724668,0.1156054492816097,0.6779644605630059,0.86914693071522,0,2024-09-14 19:44:36.070195200,1726343076.0701952,2024-09-14 19:44:36.070194824,27,"[ 0.20301954 -0.18457782  0.39160705 -0.23027053 -0.16177942 -0.7382293
  0.          1.          0.6        -0.39698046 -1.2125027 ]",2.0,1.0188750768020725,[1.18655329e-03 5.49067057e-03 9.93315600e-01 7.17646040e-06],[1.18655329e-03 5.49067057e-03 9.93315600e-01 7.17646040e-06],30,273,492,1.3394697569597909,0,0
1011,1130,2024-09-14 19:44:36.452549120,TASK_BEGIN,3,0.1099495553851777,0.0992234896431038,1.3727534490301367,0.3122922222136355,-0.0030617408243285,0.1045218716296701,0.5577998318792919,0.8748919045460694,0,2024-09-14 19:44:36.070195200,1726343076.0701952,2024-09-14 19:44:36.070194824,27,"[ 0.20301954 -0.18457782  0.39160705 -0.23027053 -0.16177942 -0.7382293
  0.          1.          0.6        -0.39698046 -1.2125027 ]",2.0,1.0188750768020725,[1.18655329e-03 5.49067057e-03 9.93315600e-01 7.17646040e-06],[1.18655329e-03 5.49067057e-03 9.93315600e-01 7.17646040e-06],30,273,492,1.3394697569597909,0,0
1012,1131,2024-09-14 19:44:36.528999936,TASK_BEGIN,3,0.1630721222558009,0.0796877955118227,1.482089163008181,0.2977128348989898,0.0091365093358389,0.0936099408258509,0.43448306599392,0.8801972747175563,0,2024-09-14 19:44:36.700192256,1726343076.7001922,2024-09-14 19:44:36.700191895,27,"[ 0.30409718 -0.27265757  0.64806944 -0.16797009 -0.3592252   0.01494263
  1.          1.          0.6        -0.29590282 -0.50786465]",0.0,-0.5712343995171238,[0.661803   0.25188488 0.01120067 0.07511145],[0.661803   0.25188488 0.01120067 0.07511145],30,273,492,0.5888235486124639,0,0
1013,1132,2024-09-14 19:44:36.590377984,TASK_BEGIN,3,0.2187984035688503,0.0600027993321932,1.5595129991596577,0.2901767041261056,0.0213705655442119,0.0830886103984099,0.3109751491339095,0.8849932069571124,0,2024-09-14 19:44:36.700192256,1726343076.7001922,2024-09-14 19:44:36.700191895,27,"[ 0.30409718 -0.27265757  0.64806944 -0.16797009 -0.3592252   0.01494263
  1.          1.          0.6        -0.29590282 -0.50786465]",0.0,-0.5712343995171238,[0.661803   0.25188488 0.01120067 0.07511145],[0.661803   0.25188488 0.01120067 0.07511145],30,273,492,0.5888235486124639,0,0
1014,1133,2024-09-14 19:44:36.664624128,TASK_BEGIN,3,0.2766271323845443,0.0403578238797604,1.609147757658156,0.2884078171613721,0.0330542098445092,0.0732270137062585,0.1902994573434902,0.88931004757081,0,2024-09-14 19:44:36.700192256,1726343076.7001922,2024-09-14 19:44:36.700191895,27,"[ 0.30409718 -0.27265757  0.64806944 -0.16797009 -0.3592252   0.01494263
  1.          1.          0.6        -0.29590282 -0.50786465]",0.0,-0.5712343995171238,[0.661803   0.25188488 0.01120067 0.07511145],[0.661803   0.25188488 0.01120067 0.07511145],30,273,492,0.5888235486124639,0,0
1015,1134,2024-09-14 19:44:37.601691904,TASK_BEGIN,3,0.3359345358021676,0.0209679492719033,1.6365045980065167,0.2906857565666693,0.0434557452155187,0.0643169416418284,0.0757190034863079,0.8932523418911513,0,2024-09-14 19:44:37.730194688,1726343077.7301946,2024-09-14 19:44:37.730194092,27,"[ 0.47903314 -0.32556707  0.29647943  0.0067968  -0.00680023  0.18749043
  0.          0.          0.6        -0.12096684 -0.08458872]",1.0,2.553456124808525,[0.39495413 0.52257495 0.02627901 0.0561919 ],[0.39495413 0.52257495 0.02627901 0.0561919 ],30,273,492,0.35210219718392444,0,0
1016,1135,2024-09-14 19:44:37.675623680,TASK_BEGIN,3,0.3958829275673586,0.002083819830801,1.6472506769953907,0.2951447816449578,0.0517698082949964,0.0566506816698499,-0.0293676977262297,0.8970091475505718,0,2024-09-14 19:44:37.730194688,1726343077.7301946,2024-09-14 19:44:37.730194092,27,"[ 0.47903314 -0.32556707  0.29647943  0.0067968  -0.00680023  0.18749043
  0.          0.          0.6        -0.12096684 -0.08458872]",1.0,2.553456124808525,[0.39495413 0.52257495 0.02627901 0.0561919 ],[0.39495413 0.52257495 0.02627901 0.0561919 ],30,273,492,0.35210219718392444,0,0
1017,1136,2024-09-14 19:44:37.741080064,TASK_BEGIN,3,0.455376006825713,-0.0160059143505043,1.646253667927294,0.3000332188857192,0.0572046265527352,0.0505069139667828,-0.1218228291336487,0.9008912036661588,0,2024-09-14 19:44:37.730194688,1726343077.7301946,2024-09-14 19:44:37.730194092,27,"[ 0.47903314 -0.32556707  0.29647943  0.0067968  -0.00680023  0.18749043
  0.          0.          0.6        -0.12096684 -0.08458872]",1.0,2.553456124808525,[0.39495413 0.52257495 0.02627901 0.0561919 ],[0.39495413 0.52257495 0.02627901 0.0561919 ],30,273,492,0.35210219718392444,0,0
1018,1137,2024-09-14 19:44:37.811209984,TASK_BEGIN,3,0.5130747698025927,-0.0329826753077987,1.637085870910554,0.3038892458044724,0.059077601296459,0.0461390797735582,-0.1992671479818395,0.905366135055752,0,2024-09-14 19:44:37.730194688,1726343077.7301946,2024-09-14 19:44:37.730194092,27,"[ 0.47903314 -0.32556707  0.29647943  0.0067968  -0.00680023  0.18749043
  0.          0.          0.6        -0.12096684 -0.08458872]",1.0,2.553456124808525,[0.39495413 0.52257495 0.02627901 0.0561919 ],[0.39495413 0.52257495 0.02627901 0.0561919 ],30,273,492,0.35210219718392444,0,0
1019,1138,2024-09-14 19:44:37.878992128,TASK_BEGIN,3,0.5674651217482355,-0.0485150230044655,1.6219644703218636,0.3056343806693469,0.0568920746883445,0.0437616438800864,-0.2604110339757224,0.9110643922730884,0,2024-09-14 19:44:37.730194688,1726343077.7301946,2024-09-14 19:44:37.730194092,27,"[ 0.47903314 -0.32556707  0.29647943  0.0067968  -0.00680023  0.18749043
  0.          0.          0.6        -0.12096684 -0.08458872]",1.0,2.553456124808525,[0.39495413 0.52257495 0.02627901 0.0561919 ],[0.39495413 0.52257495 0.02627901 0.0561919 ],30,273,492,0.35210219718392444,0,0
1020,1139,2024-09-14 19:44:37.946806016,TASK_BEGIN,3,0.6169630561095423,-0.0622817168043328,1.602028267040783,0.3045881999562862,0.0503743473203434,0.0435336435185301,-0.305076563863237,0.9187385820411744,0,2024-09-14 19:44:37.730194688,1726343077.7301946,2024-09-14 19:44:37.730194092,27,"[ 0.47903314 -0.32556707  0.29647943  0.0067968  -0.00680023  0.18749043
  0.          0.          0.6        -0.12096684 -0.08458872]",1.0,2.553456124808525,[0.39495413 0.52257495 0.02627901 0.0561919 ],[0.39495413 0.52257495 0.02627901 0.0561919 ],30,273,492,0.35210219718392444,0,0
1021,1140,2024-09-14 19:44:38.001624064,TASK_BEGIN,3,0.6600417929048968,-0.0739980494912081,1.5778472641975532,0.3004098961196515,0.0394742308425075,0.0455422255015754,-0.3339675581476687,0.929166913119894,0,2024-09-14 19:44:37.730194688,1726343077.7301946,2024-09-14 19:44:37.730194092,27,"[ 0.47903314 -0.32556707  0.29647943  0.0067968  -0.00680023  0.18749043
  0.          0.          0.6        -0.12096684 -0.08458872]",1.0,2.553456124808525,[0.39495413 0.52257495 0.02627901 0.0561919 ],[0.39495413 0.52257495 0.02627901 0.0561919 ],30,273,492,0.35210219718392444,0,0
1022,1141,2024-09-14 19:44:38.958503936,TASK_BEGIN,3,0.6953686111240972,-0.0834423891268078,1.550024752636391,0.292998633974168,0.0243467817813747,0.0497914677752231,-0.348329486980279,0.9430121242354152,0,2024-09-14 19:44:38.566249728,1726343078.5662496,2024-09-14 19:44:38.566249023,27,"[ 5.1636440e-01 -3.3195430e-01  1.5653428e-02  8.0711295e-09
  4.1949386e-03  5.0629528e-10  0.0000000e+00  0.0000000e+00
  6.0000002e-01 -8.3635584e-02 -3.3490852e-02]",0.0,0.5445592585057923,[0.44304417 0.34435413 0.08680503 0.12579666],[0.44304417 0.34435413 0.08680503 0.12579666],30,273,492,0.1558460242825217,0,0
1023,1142,2024-09-14 19:44:39.026371072,TASK_BEGIN,3,0.7219336256008482,-0.0904772590794743,1.5196804047572456,0.2824064956536462,0.005330558317403,0.0561999776688203,-0.349623532037326,0.9606844887366036,0,2024-09-14 19:44:38.629250048,1726343078.62925,2024-09-14 19:44:38.629250000,27,"[ 5.1646852e-01 -3.3195430e-01 -1.8347297e-05 -7.4852736e-08
  4.1951300e-03  3.7108687e-06  0.0000000e+00  0.0000000e+00
  6.0000002e-01 -8.3531477e-02 -3.3490852e-02]",0.0,0.4773690946028921,[0.44608035 0.32685024 0.09271219 0.13435723],[0.44608035 0.32685024 0.09271219 0.13435723],30,273,492,0.14625080620236022,0,0
1024,1143,2024-09-14 19:44:39.094121728,TASK_BEGIN,3,0.7391360922066722,-0.095056451338389,1.488634517245516,0.2688033024458441,-0.0170746622249151,0.0646058808878881,-0.3393019485433655,0.9822647452743606,0,2024-09-14 19:44:38.860250112,1726343078.8602502,2024-09-14 19:44:38.860250000,27,"[ 5.1646757e-01 -3.3195430e-01  1.3828139e-09 -3.2555796e-09
  4.1967868e-03 -5.1839306e-09  0.0000000e+00  0.0000000e+00
  6.0000002e-01 -8.3532430e-02 -3.3490852e-02]",0.0,2.9768831666387996e-07,[0.44694615 0.32164337 0.09448464 0.13692584],[0.44694615 0.32164337 0.09448464 0.13692584],30,273,492,0.1414417840100132,0,0
1025,1144,2024-09-14 19:44:39.161905920,TASK_BEGIN,3,0.7467966430869958,-0.0972129306857746,1.4592908986859454,0.2524906959611795,-0.0422387756767556,0.0747763555306064,-0.318655643841912,1.0074897735381323,0,2024-09-14 19:44:38.860250112,1726343078.8602502,2024-09-14 19:44:38.860250000,27,"[ 5.1646757e-01 -3.3195430e-01  1.3828139e-09 -3.2555796e-09
  4.1967868e-03 -5.1839306e-09  0.0000000e+00  0.0000000e+00
  6.0000002e-01 -8.3532430e-02 -3.3490852e-02]",0.0,2.9768831666387996e-07,[0.44694615 0.32164337 0.09448464 0.13692584],[0.44694615 0.32164337 0.09448464 0.13692584],30,273,492,0.1414417840100132,0,0
1026,1145,2024-09-14 19:44:39.229709056,TASK_BEGIN,3,0.7450967504578816,-0.0970321546841627,1.4343484081013276,0.2339303168828957,-0.069443854226142,0.0864208436761848,-0.288552029581594,1.035752503905068,0,2024-09-14 19:44:38.860250112,1726343078.8602502,2024-09-14 19:44:38.860250000,27,"[ 5.1646757e-01 -3.3195430e-01  1.3828139e-09 -3.2555796e-09
  4.1967868e-03 -5.1839306e-09  0.0000000e+00  0.0000000e+00
  6.0000002e-01 -8.3532430e-02 -3.3490852e-02]",0.0,2.9768831666387996e-07,[0.44694615 0.32164337 0.09448464 0.13692584],[0.44694615 0.32164337 0.09448464 0.13692584],30,273,492,0.1414417840100132,0,0
1027,1146,2024-09-14 19:44:39.297502976,TASK_BEGIN,3,0.7344837463703089,-0.0946232215594796,1.4164642386745,0.2137432577257777,-0.0979284733294086,0.0992077839312841,-0.2490203332559309,1.0660991863293323,0,2024-09-14 19:44:38.902292224,1726343078.9022923,2024-09-14 19:44:38.902291992,27,"[ 5.1646757e-01 -3.3195430e-01 -1.4976063e-08 -4.5857576e-09
  4.1967924e-03  2.6232488e-08  0.0000000e+00  0.0000000e+00
  6.0000002e-01 -8.3532430e-02 -3.3490852e-02]",0.0,-1.004614304633833e-06,[0.44694615 0.32164337 0.09448464 0.13692584],[0.44694615 0.32164337 0.09448464 0.13692584],30,273,492,0.14144176638156064,0,0
1028,1147,2024-09-14 19:44:39.365172992,TASK_BEGIN,3,0.7155914335727722,-0.0900986795229974,1.407967691898891,0.1926567824778203,-0.1269257246655857,0.112783180992785,-0.1990589438605423,1.097281700524536,0,2024-09-14 19:44:39.091329280,1726343079.0913293,2024-09-14 19:44:39.091329102,27,"[ 5.1646757e-01 -3.3195430e-01  1.6335905e-08  1.3300526e-09
  4.1968552e-03 -2.8824791e-08  0.0000000e+00  0.0000000e+00
  6.0000002e-01 -8.3532430e-02 -3.3490852e-02]",0.0,-4.049961702889959e-06,[0.44694615 0.32164337 0.09448464 0.13692584],[0.44694615 0.32164337 0.09448464 0.13692584],30,273,492,0.1414417422799608,0,0
1029,1148,2024-09-14 19:44:40.295589888,TASK_BEGIN,3,0.689204525847545,-0.083565882689863,1.410707427949104,0.171414214349368,-0.1556956689981352,0.1267880362972618,-0.1371115533199938,1.127919402104971,0,2024-09-14 19:44:40.693394176,1726343080.6933942,2024-09-14 19:44:40.693394043,28,"[-5.3350133e-04  1.0054083e+00 -3.9614741e-02  6.6920035e-02
  1.6250311e-03  1.5067050e-02  0.0000000e+00  0.0000000e+00
 -2.0000000e-01  1.9946650e-01 -1.0863025e+01]",0.0,1.8412170648340052,[0.40426683 0.24058608 0.07702099 0.27812609],[0.40426683 0.24058608 0.07702099 0.27812609],30,224,493,0.10249817031262032,0,0
1030,1149,2024-09-14 19:44:40.352656896,TASK_BEGIN,3,0.6562616820289645,-0.0751275908605836,1.4260435491913583,0.150684539607759,-0.1835461913972646,0.1408707666310959,-0.0621649867427731,1.156738508180194,0,2024-09-14 19:44:40.752339712,1726343080.7523398,2024-09-14 19:44:40.752339111,28,"[-1.3362566e-03  1.0061467e+00 -3.9644819e-02 -9.8663084e-03
  3.8823483e-03  1.5049627e-02  0.0000000e+00  0.0000000e+00
 -2.0000000e-01  1.9866374e-01 -1.0868932e+01]",0.0,0.1228699148133856,[0.42152329 0.22494967 0.08822372 0.26530332],[0.42152329 0.22494967 0.08822372 0.26530332],30,224,493,0.11151401042491478,0,0
1031,1150,2024-09-14 19:44:40.429897984,TASK_BEGIN,3,0.6178694957696639,-0.0648890060262678,1.4549275684230227,0.1309878365380079,-0.209826214992894,0.1546903077684755,0.0250377836551904,1.1828039985710013,0,2024-09-14 19:44:40.794338048,1726343080.794338,2024-09-14 19:44:40.794336914,28,"[-1.8718243e-03  1.0046380e+00 -3.9664667e-02 -6.1081611e-02
  5.3861295e-03  1.5040514e-02  0.0000000e+00  0.0000000e+00
 -2.0000000e-01  1.9812818e-01 -1.0856862e+01]",0.0,-2.018729409904928,[0.42747697 0.224057   0.08553274 0.26293329],[0.42747697 0.224057   0.08553274 0.26293329],30,224,493,0.12558647403830897,0,0
1032,1151,2024-09-14 19:44:40.491902976,TASK_BEGIN,3,0.5752931681298109,-0.0529675012796381,1.497994930980458,0.1126389070104117,-0.2338923884931662,0.1679099513118763,0.1211996559341253,1.205677856609071,0,2024-09-14 19:44:40.794338048,1726343080.794338,2024-09-14 19:44:40.794336914,28,"[-1.8718243e-03  1.0046380e+00 -3.9664667e-02 -6.1081611e-02
  5.3861295e-03  1.5040514e-02  0.0000000e+00  0.0000000e+00
 -2.0000000e-01  1.9812818e-01 -1.0856862e+01]",0.0,-2.018729409904928,[0.42747697 0.224057   0.08553274 0.26293329],[0.42747697 0.224057   0.08553274 0.26293329],30,224,493,0.12558647403830897,0,0
1033,1152,2024-09-14 19:44:40.566369024,TASK_BEGIN,3,0.5299039635382553,-0.0395004390378442,1.555572786937688,0.0957340773926826,-0.2550787015595266,0.180189592105268,0.2203863149079158,1.2254631993778424,0,2024-09-14 19:44:40.794338048,1726343080.794338,2024-09-14 19:44:40.794336914,28,"[-1.8718243e-03  1.0046380e+00 -3.9664667e-02 -6.1081611e-02
  5.3861295e-03  1.5040514e-02  0.0000000e+00  0.0000000e+00
 -2.0000000e-01  1.9812818e-01 -1.0856862e+01]",0.0,-2.018729409904928,[0.42747697 0.224057   0.08553274 0.26293329],[0.42747697 0.224057   0.08553274 0.26293329],30,224,493,0.12558647403830897,0,0
1034,1153,2024-09-14 19:44:40.634131712,TASK_BEGIN,3,0.4830964724321607,-0.0246493798794966,1.6275088364673902,0.0802160245898617,-0.2726960292115152,0.1911854487566024,0.3146403677005768,1.2427189810922532,0,2024-09-14 19:44:40.794338048,1726343080.794338,2024-09-14 19:44:40.794336914,28,"[-1.8718243e-03  1.0046380e+00 -3.9664667e-02 -6.1081611e-02
  5.3861295e-03  1.5040514e-02  0.0000000e+00  0.0000000e+00
 -2.0000000e-01  1.9812818e-01 -1.0856862e+01]",0.0,-2.018729409904928,[0.42747697 0.224057   0.08553274 0.26293329],[0.42747697 0.224057   0.08553274 0.26293329],30,224,493,0.12558647403830897,0,0
1035,1154,2024-09-14 19:44:40.694129920,TASK_BEGIN,3,0.4362177260433236,-0.0086036115859719,1.7128422898720377,0.0660084384470417,-0.2860593258610379,0.2005606168879653,0.3949976712538925,1.2582860956904836,0,2024-09-14 19:44:40.794338048,1726343080.794338,2024-09-14 19:44:40.794336914,28,"[-1.8718243e-03  1.0046380e+00 -3.9664667e-02 -6.1081611e-02
  5.3861295e-03  1.5040514e-02  0.0000000e+00  0.0000000e+00
 -2.0000000e-01  1.9812818e-01 -1.0856862e+01]",0.0,-2.018729409904928,[0.42747697 0.224057   0.08553274 0.26293329],[0.42747697 0.224057   0.08553274 0.26293329],30,224,493,0.12558647403830897,0,0
1036,1155,2024-09-14 19:44:41.645633024,TASK_BEGIN,3,0.3905480051627322,0.0084126951040252,1.809490845316524,0.0531571768766282,-0.2945236150151037,0.2080050766753998,0.4525817397119347,1.2731013758253282,0,2024-09-14 19:44:41.466336256,1726343081.4663363,2024-09-14 19:44:41.466335938,28,"[-8.7509947e-03  8.0631125e-01 -4.4540307e-03 -4.7844410e-01
  3.5736430e-02  3.4485735e-02  0.0000000e+00  0.0000000e+00
 -2.0000000e-01  1.9124900e-01 -9.2702484e+00]",2.0,5.619796744175798,[0.27688889 0.11858343 0.32984385 0.27468383],[0.27688889 0.11858343 0.32984385 0.27468383],30,224,493,0.08431084890543619,0,0
1037,1156,2024-09-14 19:44:41.724929280,TASK_BEGIN,3,0.3473270957478962,0.0261306175082891,1.9141202899753824,0.0419102876872679,-0.2975211573288918,0.2132619564531007,0.4796026255553853,1.288040728479939,0,2024-09-14 19:44:41.466336256,1726343081.4663363,2024-09-14 19:44:41.466335938,28,"[-8.7509947e-03  8.0631125e-01 -4.4540307e-03 -4.7844410e-01
  3.5736430e-02  3.4485735e-02  0.0000000e+00  0.0000000e+00
 -2.0000000e-01  1.9124900e-01 -9.2702484e+00]",2.0,5.619796744175798,[0.27688889 0.11858343 0.32984385 0.27468383],[0.27688889 0.11858343 0.32984385 0.27468383],30,224,493,0.08431084890543619,0,0
1038,1157,2024-09-14 19:44:41.785296896,TASK_BEGIN,3,0.3077663937400247,0.0442334708804107,2.0221947458944007,0.0327133379705594,-0.2946086214525143,0.2161553121305877,0.4701384887715628,1.3037873093474528,0,2024-09-14 19:44:41.466336256,1726343081.4663363,2024-09-14 19:44:41.466335938,28,"[-8.7509947e-03  8.0631125e-01 -4.4540307e-03 -4.7844410e-01
  3.5736430e-02  3.4485735e-02  0.0000000e+00  0.0000000e+00
 -2.0000000e-01  1.9124900e-01 -9.2702484e+00]",2.0,5.619796744175798,[0.27688889 0.11858343 0.32984385 0.27468383],[0.27688889 0.11858343 0.32984385 0.27468383],30,224,493,0.08431084890543619,0,0
1039,1158,2024-09-14 19:44:41.852972032,TASK_BEGIN,3,0.2729946491447739,0.0623712094042271,2.128127710469842,0.0261373382807448,-0.2855291356193418,0.2166139558413275,0.4205244929073796,1.3207333090864286,0,2024-09-14 19:44:41.466336256,1726343081.4663363,2024-09-14 19:44:41.466335938,28,"[-8.7509947e-03  8.0631125e-01 -4.4540307e-03 -4.7844410e-01
  3.5736430e-02  3.4485735e-02  0.0000000e+00  0.0000000e+00
 -2.0000000e-01  1.9124900e-01 -9.2702484e+00]",2.0,5.619796744175798,[0.27688889 0.11858343 0.32984385 0.27468383],[0.27688889 0.11858343 0.32984385 0.27468383],30,224,493,0.08431084890543619,0,0
1040,1159,2024-09-14 19:44:41.928272896,TASK_BEGIN,3,0.2439477613024823,0.0801920901245768,2.2255522592075065,0.0227715260065617,-0.2702741763597303,0.2146865683938228,0.329271832818707,1.338955651697896,0,2024-09-14 19:44:41.571337984,1726343081.571338,2024-09-14 19:44:41.571336914,28,"[-8.3218412e-03  7.6665640e-01  1.4299049e-02 -4.8183984e-01
  4.5948446e-02  4.4587918e-02  0.0000000e+00  0.0000000e+00
 -2.0000000e-01  1.9167815e-01 -8.9530096e+00]",2.0,3.724045643681447,[0.27466467 0.11810296 0.32135816 0.28587421],[0.27466467 0.11810296 0.32135816 0.28587421],30,224,493,0.08338646674808481,0,0
1041,1160,2024-09-14 19:44:41.988803072,TASK_BEGIN,3,0.2212477051591301,0.0973806328287052,2.3077806138760306,0.023116307193657,-0.2491247926087315,0.2105454311056115,0.1967314901597718,1.3582811393201712,0,2024-09-14 19:44:41.613337856,1726343081.6133378,2024-09-14 19:44:41.613336914,28,"[-8.3605452e-03  7.5190139e-01 -2.5467239e-02 -4.3705672e-01
  4.9783885e-02  3.2120857e-02  0.0000000e+00  0.0000000e+00
 -2.0000000e-01  1.9163945e-01 -8.8349695e+00]",2.0,6.535016910347662,[0.28477851 0.12331057 0.29669494 0.29521598],[0.28477851 0.12331057 0.29669494 0.29521598],30,224,493,0.07264340809502169,0,0
1042,1161,2024-09-14 19:44:42.063832064,TASK_BEGIN,3,0.205100196288318,0.1136892285515612,2.3684310207426096,0.0275042456397469,-0.222670637608275,0.2044801408573106,0.0248794198682518,1.3783892417193635,0,2024-09-14 19:44:41.676364544,1726343081.6763644,2024-09-14 19:44:41.676364014,28,"[-8.7656183e-03  7.2903204e-01 -1.2180680e-02 -5.1288819e-01
  5.3062279e-02  1.3265284e-03  0.0000000e+00  0.0000000e+00
 -2.0000000e-01  1.9123438e-01 -8.6520147e+00]",3.0,-2.4218667832440506,[0.30395833 0.13508357 0.25669584 0.30426227],[0.30395833 0.13508357 0.25669584 0.30426227],30,224,493,0.07213462249301017,0,0
1043,1162,2024-09-14 19:44:42.998716928,TASK_BEGIN,3,0.1952324248450189,0.128954423214464,2.402104329033418,0.0360532586324524,-0.1918115997697245,0.1968831423482581,-0.1825816332191504,1.3988774559866648,0,2024-09-14 19:44:43.291917312,1726343083.2919173,2024-09-14 19:44:43.291916992,28,"[-0.0680302   0.02171636 -0.1510757  -0.5303663  -0.00541262 -0.0223666
  0.          0.         -0.2         0.1319698  -2.9934888 ]",2.0,7.62194156111681,[0.31311817 0.09216435 0.4643218  0.13039569],[0.31311817 0.09216435 0.4643218  0.13039569],30,224,493,0.22208175118197535,0,0
1044,1163,2024-09-14 19:44:43.075043840,TASK_BEGIN,3,0.1909002511834059,0.1430941732678691,2.404959287186986,0.0486398887974785,-0.1577238667744865,0.188221888595703,-0.4199380861572972,1.4192641408200086,0,2024-09-14 19:44:43.460491264,1726343083.4604912,2024-09-14 19:44:43.460490967,28,"[-0.07665928 -0.0443663  -0.12508215 -0.49135754 -0.01496079 -0.01391907
  0.          0.         -0.2         0.12334072 -2.4648275 ]",2.0,8.3095127768167,[0.29580547 0.08873969 0.48672688 0.12872796],[0.29580547 0.08873969 0.48672688 0.12872796],30,224,493,0.23447323447654372,0,0
1045,1164,2024-09-14 19:44:43.142826240,TASK_BEGIN,3,0.1909748342880401,0.1560905019308105,2.3750374887409618,0.0648952081968492,-0.1217673469638504,0.1789908311784999,-0.6793292530587629,1.4389642176328736,0,2024-09-14 19:44:43.460491264,1726343083.4604912,2024-09-14 19:44:43.460490967,28,"[-0.07665928 -0.0443663  -0.12508215 -0.49135754 -0.01496079 -0.01391907
  0.          0.         -0.2         0.12334072 -2.4648275 ]",2.0,8.3095127768167,[0.29580547 0.08873969 0.48672688 0.12872796],[0.29580547 0.08873969 0.48672688 0.12872796],30,224,493,0.23447323447654372,0,0
1046,1165,2024-09-14 19:44:43.210580992,TASK_BEGIN,3,0.1940801541773602,0.1679682858036288,2.3122325712360787,0.0842476246306402,-0.0853485549658012,0.1696503798577098,-0.9510300496971132,1.4572829189272636,0,2024-09-14 19:44:43.460491264,1726343083.4604912,2024-09-14 19:44:43.460490967,28,"[-0.07665928 -0.0443663  -0.12508215 -0.49135754 -0.01496079 -0.01391907
  0.          0.         -0.2         0.12334072 -2.4648275 ]",2.0,8.3095127768167,[0.29580547 0.08873969 0.48672688 0.12872796],[0.29580547 0.08873969 0.48672688 0.12872796],30,224,493,0.23447323447654372,0,0
1047,1166,2024-09-14 19:44:43.277470208,TASK_BEGIN,3,0.1987429764648136,0.1787777884951169,2.217905075107089,0.1060254470555851,-0.0497852719772712,0.1605732152310344,-1.2241474613464258,1.4734381807071435,0,2024-09-14 19:44:43.460491264,1726343083.4604912,2024-09-14 19:44:43.460490967,28,"[-0.07665928 -0.0443663  -0.12508215 -0.49135754 -0.01496079 -0.01391907
  0.          0.         -0.2         0.12334072 -2.4648275 ]",2.0,8.3095127768167,[0.29580547 0.08873969 0.48672688 0.12872796],[0.29580547 0.08873969 0.48672688 0.12872796],30,224,493,0.23447323447654372,0,0
1048,1167,2024-09-14 19:44:43.339468032,TASK_BEGIN,3,0.2035333234679945,0.1885807976282797,2.094293762183812,0.129590947294771,-0.0162083975365897,0.1520130565153652,-1.4874672387903811,1.4865946329402764,0,2024-09-14 19:44:43.460491264,1726343083.4604912,2024-09-14 19:44:43.460490967,28,"[-0.07665928 -0.0443663  -0.12508215 -0.49135754 -0.01496079 -0.01391907
  0.          0.         -0.2         0.12334072 -2.4648275 ]",2.0,8.3095127768167,[0.29580547 0.08873969 0.48672688 0.12872796],[0.29580547 0.08873969 0.48672688 0.12872796],30,224,493,0.23447323447654372,0,0
1049,1168,2024-09-14 19:44:43.401954048,TASK_BEGIN,3,0.2071780777861107,0.1974387693882368,1.9439383886036463,0.1544531460242797,0.0144946438717317,0.1440960219935306,-1.7301850379594497,1.4959015274376852,0,2024-09-14 19:44:43.460491264,1726343083.4604912,2024-09-14 19:44:43.460490967,28,"[-0.07665928 -0.0443663  -0.12508215 -0.49135754 -0.01496079 -0.01391907
  0.          0.         -0.2         0.12334072 -2.4648275 ]",2.0,8.3095127768167,[0.29580547 0.08873969 0.48672688 0.12872796],[0.29580547 0.08873969 0.48672688 0.12872796],30,224,493,0.23447323447654372,0,0
1050,1169,2024-09-14 19:44:44.332364032,TASK_BEGIN,3,0.2086281364790742,0.2054041552639701,1.7692546278415615,0.1803231237435223,0.0417041226913572,0.1368277426918866,-1.942461450989097,1.5005479775743398,0,2024-09-14 19:44:44.486759424,1726343084.4867594,2024-09-14 19:44:44.486759033,28,"[-0.12666972 -0.33890164 -0.08048279 -0.12191643 -0.0893191   0.32666993
  1.          0.         -0.2         0.07333028 -0.10854487]",2.0,13.352664024536065,[0.25256126 0.02872162 0.49110342 0.2276137 ],[0.25256126 0.02872162 0.49110342 0.2276137 ],30,224,493,0.32022672651118694,0,0
1051,1170,2024-09-14 19:44:44.400111872,TASK_BEGIN,3,0.207086304942151,0.2125137959123082,1.572344709745389,0.2071038933577719,0.0650620079732284,0.1301115016228852,-2.11590328376082,1.4998436939740385,0,2024-09-14 19:44:44.486759424,1726343084.4867594,2024-09-14 19:44:44.486759033,28,"[-0.12666972 -0.33890164 -0.08048279 -0.12191643 -0.0893191   0.32666993
  1.          0.         -0.2         0.07333028 -0.10854487]",2.0,13.352664024536065,[0.25256126 0.02872162 0.49110342 0.2276137 ],[0.25256126 0.02872162 0.49110342 0.2276137 ],30,224,493,0.32022672651118694,0,0
1052,1171,2024-09-14 19:44:44.466510080,TASK_BEGIN,3,0.2020387496134137,0.2187791289206522,1.355102453124005,0.2348279756076238,0.0844331312419129,0.1237743629064138,-2.244036519244894,1.4933085491277427,0,2024-09-14 19:44:44.486759424,1726343084.4867594,2024-09-14 19:44:44.486759033,28,"[-0.12666972 -0.33890164 -0.08048279 -0.12191643 -0.0893191   0.32666993
  1.          0.         -0.2         0.07333028 -0.10854487]",2.0,13.352664024536065,[0.25256126 0.02872162 0.49110342 0.2276137 ],[0.25256126 0.02872162 0.49110342 0.2276137 ],30,224,493,0.32022672651118694,0,0
1053,1172,2024-09-14 19:44:44.535672832,TASK_BEGIN,3,0.1933193530222248,0.2241711963497688,1.119534167932676,0.2635795647293431,0.0998440507580479,0.1175958860548626,-2.322704630095183,1.4807481067721813,0,2024-09-14 19:44:44.486759424,1726343084.4867594,2024-09-14 19:44:44.486759033,28,"[-0.12666972 -0.33890164 -0.08048279 -0.12191643 -0.0893191   0.32666993
  1.          0.         -0.2         0.07333028 -0.10854487]",2.0,13.352664024536065,[0.25256126 0.02872162 0.49110342 0.2276137 ],[0.25256126 0.02872162 0.49110342 0.2276137 ],30,224,493,0.32022672651118694,0,0
1054,1173,2024-09-14 19:44:44.589255168,TASK_BEGIN,3,0.181181070164033,0.2286064731423372,0.8681024289436929,0.2934371235616879,0.1114286620242456,0.1113321138738836,-2.350309489044597,1.462311002798509,0,2024-09-14 19:44:44.486759424,1726343084.4867594,2024-09-14 19:44:44.486759033,28,"[-0.12666972 -0.33890164 -0.08048279 -0.12191643 -0.0893191   0.32666993
  1.          0.         -0.2         0.07333028 -0.10854487]",2.0,13.352664024536065,[0.25256126 0.02872162 0.49110342 0.2276137 ],[0.25256126 0.02872162 0.49110342 0.2276137 ],30,224,493,0.32022672651118694,0,0
1055,1174,2024-09-14 19:44:44.665987072,TASK_BEGIN,3,0.1663179094241769,0.2319435461300865,0.6040203188143752,0.3244291753717485,0.1194077543768554,0.1047305675388604,-2.3279122389425844,1.4385341382422434,0,2024-09-14 19:44:44.486759424,1726343084.4867594,2024-09-14 19:44:44.486759033,28,"[-0.12666972 -0.33890164 -0.08048279 -0.12191643 -0.0893191   0.32666993
  1.          0.         -0.2         0.07333028 -0.10854487]",2.0,13.352664024536065,[0.25256126 0.02872162 0.49110342 0.2276137 ],[0.25256126 0.02872162 0.49110342 0.2276137 ],30,224,493,0.32022672651118694,0,0
1056,1175,2024-09-14 19:44:44.739048192,TASK_BEGIN,3,0.1498025126668115,0.2339980943917008,0.3315855885905538,0.3564752807922401,0.1241052922965326,0.097538689513022,-2.259263968436149,1.410373592397486,0,2024-09-14 19:44:44.486759424,1726343084.4867594,2024-09-14 19:44:44.486759033,28,"[-0.12666972 -0.33890164 -0.08048279 -0.12191643 -0.0893191   0.32666993
  1.          0.         -0.2         0.07333028 -0.10854487]",2.0,13.352664024536065,[0.25256126 0.02872162 0.49110342 0.2276137 ],[0.25256126 0.02872162 0.49110342 0.2276137 ],30,224,493,0.32022672651118694,0,0
1057,1176,2024-09-14 19:44:45.646047232,TASK_BEGIN,3,0.1329434744271065,0.234576511946555,0.0565601650532967,0.3893201947858176,0.1259787202544942,0.0895125405148668,-2.150773287543868,1.3792093792151212,0,2024-09-14 19:44:45.324152832,1726343085.324153,2024-09-14 19:44:45.324151855,28,"[-1.3050818e-01 -3.4875077e-01 -2.0112001e-08  5.3696569e-10
 -3.0978108e-03  3.6150809e-08  1.0000000e+00  1.0000000e+00
 -2.0000000e-01  6.9491819e-02 -2.9751826e-02]",0.0,-2.89676064824107e-06,[0.45431962 0.24269231 0.03071652 0.27227155],[0.45431962 0.24269231 0.03071652 0.27227155],30,224,493,0.12280335614389479,0,0
1058,1177,2024-09-14 19:44:45.702608128,TASK_BEGIN,3,0.1170922142660485,0.2335199999873343,-0.2136140948426348,0.4224994615730582,0.1256356719829886,0.080429597297405,-2.011275413774625,1.3467950592743068,0,2024-09-14 19:44:45.324152832,1726343085.324153,2024-09-14 19:44:45.324151855,28,"[-1.3050818e-01 -3.4875077e-01 -2.0112001e-08  5.3696569e-10
 -3.0978108e-03  3.6150809e-08  1.0000000e+00  1.0000000e+00
 -2.0000000e-01  6.9491819e-02 -2.9751826e-02]",0.0,-2.89676064824107e-06,[0.45431962 0.24269231 0.03071652 0.27227155],[0.45431962 0.24269231 0.03071652 0.27227155],30,224,493,0.12280335614389479,0,0
1059,1183,2024-09-14 19:44:46.998857984,TASK_BEGIN,3,0.0815107233569016,0.1964500893672552,-1.2185910175815668,0.5870163781752304,0.121408645458129,-0.0018573826107947,-1.1081868814362166,1.221684816608343,0,2024-09-14 19:44:47.148802048,1726343087.148802,2024-09-14 19:44:47.148802002,29,"[-9.8742647e-03  9.5114255e-01 -1.0461725e-01 -4.0316722e-01
  2.7905898e-02  3.9516769e-02  0.0000000e+00  0.0000000e+00
  4.0000001e-01 -4.0987426e-01 -1.1469744e+01]",0.0,-2.722415527086767,[0.46534396 0.09886677 0.04826807 0.38752119],[0.46534396 0.09886677 0.04826807 0.38752119],30,285,494,0.3246504420319866,0,0
1060,1184,2024-09-14 19:44:47.060450816,TASK_BEGIN,3,0.0835011706868542,0.1879845075674168,-1.21229427822539,0.6016436408312493,0.1258883572868029,-0.0192241501633958,-1.021528396253841,1.2192336275869429,0,2024-09-14 19:44:47.148802048,1726343087.148802,2024-09-14 19:44:47.148802002,29,"[-9.8742647e-03  9.5114255e-01 -1.0461725e-01 -4.0316722e-01
  2.7905898e-02  3.9516769e-02  0.0000000e+00  0.0000000e+00
  4.0000001e-01 -4.0987426e-01 -1.1469744e+01]",0.0,-2.722415527086767,[0.46534396 0.09886677 0.04826807 0.38752119],[0.46534396 0.09886677 0.04826807 0.38752119],30,285,494,0.3246504420319866,0,0
1061,1185,2024-09-14 19:44:47.142526976,TASK_BEGIN,3,0.0858267144792245,0.1799588893523689,-1.1475731443595425,0.6111424490274432,0.1320492564360735,-0.0367527037191633,-0.9619020807791228,1.2203553358973962,0,2024-09-14 19:44:47.148802048,1726343087.148802,2024-09-14 19:44:47.148802002,29,"[-9.8742647e-03  9.5114255e-01 -1.0461725e-01 -4.0316722e-01
  2.7905898e-02  3.9516769e-02  0.0000000e+00  0.0000000e+00
  4.0000001e-01 -4.0987426e-01 -1.1469744e+01]",0.0,-2.722415527086767,[0.46534396 0.09886677 0.04826807 0.38752119],[0.46534396 0.09886677 0.04826807 0.38752119],30,285,494,0.3246504420319866,0,0
1062,1186,2024-09-14 19:44:47.199825920,TASK_BEGIN,3,0.0878839195051414,0.1726767388222111,-1.026852127647429,0.6152999264952405,0.1395883273694979,-0.0540056481925403,-0.926617192069088,1.2231491327774615,0,2024-09-14 19:44:47.148802048,1726343087.148802,2024-09-14 19:44:47.148802002,29,"[-9.8742647e-03  9.5114255e-01 -1.0461725e-01 -4.0316722e-01
  2.7905898e-02  3.9516769e-02  0.0000000e+00  0.0000000e+00
  4.0000001e-01 -4.0987426e-01 -1.1469744e+01]",0.0,-2.722415527086767,[0.46534396 0.09886677 0.04826807 0.38752119],[0.46534396 0.09886677 0.04826807 0.38752119],30,285,494,0.3246504420319866,0,0
1063,1187,2024-09-14 19:44:47.276054016,TASK_BEGIN,3,0.0893217410738336,0.1663190799761265,-0.8550283724829898,0.6140867868328631,0.1482563711984336,-0.0705875212132637,-0.9101736560026508,1.225342622995803,0,2024-09-14 19:44:47.148802048,1726343087.148802,2024-09-14 19:44:47.148802002,29,"[-9.8742647e-03  9.5114255e-01 -1.0461725e-01 -4.0316722e-01
  2.7905898e-02  3.9516769e-02  0.0000000e+00  0.0000000e+00
  4.0000001e-01 -4.0987426e-01 -1.1469744e+01]",0.0,-2.722415527086767,[0.46534396 0.09886677 0.04826807 0.38752119],[0.46534396 0.09886677 0.04826807 0.38752119],30,285,494,0.3246504420319866,0,0
1064,1188,2024-09-14 19:44:47.345936896,TASK_BEGIN,3,0.0900874087831785,0.1609356464561373,-0.6391583425997508,0.6076609233847563,0.1579464323335549,-0.0861790123616329,-0.9048664181476416,1.2245251378870747,0,2024-09-14 19:44:47.148802048,1726343087.148802,2024-09-14 19:44:47.148802002,29,"[-9.8742647e-03  9.5114255e-01 -1.0461725e-01 -4.0316722e-01
  2.7905898e-02  3.9516769e-02  0.0000000e+00  0.0000000e+00
  4.0000001e-01 -4.0987426e-01 -1.1469744e+01]",0.0,-2.722415527086767,[0.46534396 0.09886677 0.04826807 0.38752119],[0.46534396 0.09886677 0.04826807 0.38752119],30,285,494,0.3246504420319866,0,0
1065,1189,2024-09-14 19:44:47.398788864,TASK_BEGIN,3,0.0904422756526416,0.1564533707908072,-0.3879882709590858,0.5963334069867624,0.1687427811309093,-0.1005599460623986,-0.9017404952238924,1.2184307206066485,0,2024-09-14 19:44:47.148802048,1726343087.148802,2024-09-14 19:44:47.148802002,29,"[-9.8742647e-03  9.5114255e-01 -1.0461725e-01 -4.0316722e-01
  2.7905898e-02  3.9516769e-02  0.0000000e+00  0.0000000e+00
  4.0000001e-01 -4.0987426e-01 -1.1469744e+01]",0.0,-2.722415527086767,[0.46534396 0.09886677 0.04826807 0.38752119],[0.46534396 0.09886677 0.04826807 0.38752119],30,285,494,0.3246504420319866,0,0
1066,1190,2024-09-14 19:44:48.348708864,TASK_BEGIN,3,0.0909335591177202,0.1526988812386694,-0.1113950782783781,0.5804951875074864,0.1809189822387598,-0.1136188507057482,-0.8915902056706961,1.2051828275269283,0,2024-09-14 19:44:48.728889088,1726343088.728889,2024-09-14 19:44:48.728888916,29,"[-0.05400284  0.03175461 -0.01687124 -0.76638687 -0.12304506 -0.0614885
  0.          0.          0.4        -0.45400283 -4.1146398 ]",0.0,-2.878281629569898,[0.51871144 0.09409896 0.24210084 0.14508876],[0.51871144 0.09409896 0.24210084 0.14508876],30,285,494,0.2637577268264796,0,0
1067,1191,2024-09-14 19:44:48.411196160,TASK_BEGIN,3,0.0923106444449549,0.1494293874779974,0.1801322629018009,0.5605519584611901,0.1948823779956377,-0.1253476145898694,-0.8658201215921271,1.183452148601276,0,2024-09-14 19:44:48.728889088,1726343088.728889,2024-09-14 19:44:48.728888916,29,"[-0.05400284  0.03175461 -0.01687124 -0.76638687 -0.12304506 -0.0614885
  0.          0.          0.4        -0.45400283 -4.1146398 ]",0.0,-2.878281629569898,[0.51871144 0.09409896 0.24210084 0.14508876],[0.51871144 0.09409896 0.24210084 0.14508876],30,285,494,0.2637577268264796,0,0
1068,1192,2024-09-14 19:44:48.488894976,TASK_BEGIN,3,0.0953964340177542,0.1463651744620539,0.4759431793509529,0.5369098215237001,0.21108481476799,-0.1358245181375901,-0.8171393194491687,1.1525408279804583,0,2024-09-14 19:44:48.728889088,1726343088.728889,2024-09-14 19:44:48.728888916,29,"[-0.05400284  0.03175461 -0.01687124 -0.76638687 -0.12304506 -0.0614885
  0.          0.          0.4        -0.45400283 -4.1146398 ]",0.0,-2.878281629569898,[0.51871144 0.09409896 0.24210084 0.14508876],[0.51871144 0.09409896 0.24210084 0.14508876],30,285,494,0.2637577268264796,0,0
1069,1193,2024-09-14 19:44:48.560425984,TASK_BEGIN,3,0.1009466207521294,0.1432193785759535,0.7657017674887341,0.5100054347705141,0.2299263005465089,-0.145190909832683,-0.7400925416658166,1.1124329542686793,0,2024-09-14 19:44:48.728889088,1726343088.728889,2024-09-14 19:44:48.728888916,29,"[-0.05400284  0.03175461 -0.01687124 -0.76638687 -0.12304506 -0.0614885
  0.          0.          0.4        -0.45400283 -4.1146398 ]",0.0,-2.878281629569898,[0.51871144 0.09409896 0.24210084 0.14508876],[0.51871144 0.09409896 0.24210084 0.14508876],30,285,494,0.2637577268264796,0,0
1070,1194,2024-09-14 19:44:48.628251904,TASK_BEGIN,3,0.1095293686090778,0.1397249704152362,1.0399473258300267,0.4803468583643115,0.2516684174376687,-0.1536247711990526,-0.6313828361507061,1.0638269502963704,0,2024-09-14 19:44:48.728889088,1726343088.728889,2024-09-14 19:44:48.728888916,29,"[-0.05400284  0.03175461 -0.01687124 -0.76638687 -0.12304506 -0.0614885
  0.          0.          0.4        -0.45400283 -4.1146398 ]",0.0,-2.878281629569898,[0.51871144 0.09409896 0.24210084 0.14508876],[0.51871144 0.09409896 0.24210084 0.14508876],30,285,494,0.2637577268264796,0,0
1071,1195,2024-09-14 19:44:48.689603072,TASK_BEGIN,3,0.1214463506954664,0.1356593112010105,1.2906926734030035,0.4485341438743372,0.2763726130375901,-0.1613151929488938,-0.4899520738567354,1.0081220536695232,0,2024-09-14 19:44:48.728889088,1726343088.728889,2024-09-14 19:44:48.728888916,29,"[-0.05400284  0.03175461 -0.01687124 -0.76638687 -0.12304506 -0.0614885
  0.          0.          0.4        -0.45400283 -4.1146398 ]",0.0,-2.878281629569898,[0.51871144 0.09409896 0.24210084 0.14508876],[0.51871144 0.09409896 0.24210084 0.14508876],30,285,494,0.2637577268264796,0,0
1072,1196,2024-09-14 19:44:48.763837184,TASK_BEGIN,3,0.1367044430911483,0.1308646363627066,1.5119393287691645,0.415247214001027,0.303884680643304,-0.1684442066013257,-0.3168920898381538,0.947325070095264,0,2024-09-14 19:44:48.728889088,1726343088.728889,2024-09-14 19:44:48.728888916,29,"[-0.05400284  0.03175461 -0.01687124 -0.76638687 -0.12304506 -0.0614885
  0.          0.          0.4        -0.45400283 -4.1146398 ]",0.0,-2.878281629569898,[0.51871144 0.09409896 0.24210084 0.14508876],[0.51871144 0.09409896 0.24210084 0.14508876],30,285,494,0.2637577268264796,0,0
1073,1197,2024-09-14 19:44:49.701669888,TASK_BEGIN,3,0.1550330535399958,0.1252623387767929,1.699955430611957,0.3812163225607015,0.3338699757480726,-0.1751772516670614,-0.1153020007682334,0.8838778088122321,0,2024-09-14 19:44:49.945239552,1726343089.9452395,2024-09-14 19:44:49.945239014,29,"[ 0.06257343 -0.41799712  0.7230895  -0.2623137  -0.26815882 -0.01521513
  0.          0.          0.4        -0.33742657 -0.5166259 ]",0.0,-0.5863293304952037,[0.50012066 0.35918605 0.06528999 0.07540331],[0.50012066 0.35918605 0.06528999 0.07540331],30,285,494,0.25175091428778307,0,0
1074,1198,2024-09-14 19:44:49.775482880,TASK_BEGIN,3,0.1759308439953382,0.118858730236117,1.853228504836942,0.3471944245731752,0.3658682628120465,-0.1816554698242035,0.1098932969717614,0.8204300008830493,0,2024-09-14 19:44:50.134241280,1726343090.1342413,2024-09-14 19:44:50.134240967,29,"[ 0.11054095 -0.45565188  0.8261817  -0.08621144 -0.20685425  0.6725842
  1.          0.          0.4        -0.28945905 -0.21538784]",2.0,-2.220062961121431,[0.04727232 0.11604002 0.81235247 0.02433519],[0.04727232 0.11604002 0.81235247 0.02433519],30,285,494,0.8034514787235036,0,0
1075,1199,2024-09-14 19:44:49.840913152,TASK_BEGIN,3,0.198719070185241,0.1117406224507412,1.972172997168669,0.3139233956261861,0.3993324098509203,-0.1879855503286464,0.3522318881228999,0.759582510227312,0,2024-09-14 19:44:50.134241280,1726343090.1342413,2024-09-14 19:44:50.134240967,29,"[ 0.11054095 -0.45565188  0.8261817  -0.08621144 -0.20685425  0.6725842
  1.          0.          0.4        -0.28945905 -0.21538784]",2.0,-2.220062961121431,[0.04727232 0.11604002 0.81235247 0.02433519],[0.04727232 0.11604002 0.81235247 0.02433519],30,285,494,0.8034514787235036,0,0
1076,1200,2024-09-14 19:44:49.911040000,TASK_BEGIN,3,0.2225828128589082,0.1040618159221171,2.05876107618947,0.2820821037565066,0.4336478670604498,-0.1942312337668461,0.604141211210227,0.7036230875115849,0,2024-09-14 19:44:50.134241280,1726343090.1342413,2024-09-14 19:44:50.134240967,29,"[ 0.11054095 -0.45565188  0.8261817  -0.08621144 -0.20685425  0.6725842
  1.          0.          0.4        -0.28945905 -0.21538784]",2.0,-2.220062961121431,[0.04727232 0.11604002 0.81235247 0.02433519],[0.04727232 0.11604002 0.81235247 0.02433519],30,285,494,0.8034514787235036,0,0
1077,1201,2024-09-14 19:44:49.964909056,TASK_BEGIN,3,0.2466046573530421,0.0960232493379175,2.116117020615937,0.2522386028286227,0.4681428410063171,-0.2004088348792986,0.8574658022633731,0.6542797613602784,0,2024-09-14 19:44:50.134241280,1726343090.1342413,2024-09-14 19:44:50.134240967,29,"[ 0.11054095 -0.45565188  0.8261817  -0.08621144 -0.20685425  0.6725842
  1.          0.          0.4        -0.28945905 -0.21538784]",2.0,-2.220062961121431,[0.04727232 0.11604002 0.81235247 0.02433519],[0.04727232 0.11604002 0.81235247 0.02433519],30,285,494,0.8034514787235036,0,0
1078,1202,2024-09-14 19:44:50.046633984,TASK_BEGIN,3,0.2698131087786445,0.0878489356444848,2.147985445440109,0.2248372904615999,0.5020803007921991,-0.2064803669989293,1.1040060998183572,0.6125313623633116,0,2024-09-14 19:44:50.134241280,1726343090.1342413,2024-09-14 19:44:50.134240967,29,"[ 0.11054095 -0.45565188  0.8261817  -0.08621144 -0.20685425  0.6725842
  1.          0.          0.4        -0.28945905 -0.21538784]",2.0,-2.220062961121431,[0.04727232 0.11604002 0.81235247 0.02433519],[0.04727232 0.11604002 0.81235247 0.02433519],30,285,494,0.8034514787235036,0,0
1079,1203,2024-09-14 19:44:50.114424064,TASK_BEGIN,3,0.2912555457857712,0.0797594566934975,2.158127261231968,0.2002085711050007,0.5346231644574856,-0.2123388607374654,1.3359365649488544,0.5785325496090763,0,2024-09-14 19:44:50.134241280,1726343090.1342413,2024-09-14 19:44:50.134240967,29,"[ 0.11054095 -0.45565188  0.8261817  -0.08621144 -0.20685425  0.6725842
  1.          0.          0.4        -0.28945905 -0.21538784]",2.0,-2.220062961121431,[0.04727232 0.11604002 0.81235247 0.02433519],[0.04727232 0.11604002 0.81235247 0.02433519],30,285,494,0.8034514787235036,0,0
1080,1204,2024-09-14 19:44:51.053884160,TASK_BEGIN,3,0.310080700152776,0.0719468068703352,2.1498854191539354,0.1785592505384592,0.5647903577234609,-0.2177917328074295,1.5460496028706738,0.5516853516687882,0,2024-09-14 19:44:50.701292032,1726343090.701292,2024-09-14 19:44:50.701291016,29,"[ 0.25462484 -0.47954965  0.5651357   0.05385953  0.01641835  0.01832204
  0.          0.          0.4        -0.14537516 -0.02420571]",1.0,-18.36868319493122,[0.14101653 0.80744284 0.04072625 0.01081438],[0.14101653 0.80744284 0.04072625 0.01081438],30,285,494,0.49853046213488,0,0
1081,1205,2024-09-14 19:44:51.116194048,TASK_BEGIN,3,0.3256031556745569,0.0645571628855266,2.1260249046052517,0.1599366566238094,0.5914358658977923,-0.2225547410106731,1.727943174272237,0.5308187797429287,0,2024-09-14 19:44:50.722242560,1726343090.7222426,2024-09-14 19:44:50.722242188,29,"[ 0.25847092 -0.47910434  0.5499606   0.02845241  0.01908198  0.05327244
  0.          0.          0.4        -0.14152907 -0.02776816]",1.0,1.553506795302004,[0.36559073 0.59259797 0.01843987 0.02337143],[0.36559073 0.59259797 0.01843987 0.02337143],30,285,494,0.38381464999600734,0,0
1082,1206,2024-09-14 19:44:51.177767168,TASK_BEGIN,3,0.3373282482693177,0.0576868716904875,2.088676255709386,0.1442107457639433,0.6132735668732462,-0.2262636858802144,1.87627635095056,0.5144014208368083,0,2024-09-14 19:44:50.869241088,1726343090.869241,2024-09-14 19:44:50.869240967,29,"[ 2.8176698e-01 -4.7831476e-01  4.2481512e-01  2.7822161e-02
  8.2786859e-04  3.2301929e-03  1.0000000e+00  1.0000000e+00
  4.0000001e-01 -1.1823303e-01 -3.4084819e-02]",1.0,1.708117318467364,[0.15171964 0.76512421 0.06609103 0.01706512],[0.15171964 0.76512421 0.06609103 0.01706512],30,285,494,0.34100744321014553,0,0
1083,1207,2024-09-14 19:44:51.260646912,TASK_BEGIN,3,0.3449342245889087,0.0513914165876675,2.039209801700749,0.1311139899311131,0.6289508994309987,-0.2285007345205921,1.9870176696294115,0.5007421516129911,0,2024-09-14 19:44:50.869241088,1726343090.869241,2024-09-14 19:44:50.869240967,29,"[ 2.8176698e-01 -4.7831476e-01  4.2481512e-01  2.7822161e-02
  8.2786859e-04  3.2301929e-03  1.0000000e+00  1.0000000e+00
  4.0000001e-01 -1.1823303e-01 -3.4084819e-02]",1.0,1.708117318467364,[0.15171964 0.76512421 0.06609103 0.01706512],[0.15171964 0.76512421 0.06609103 0.01706512],30,285,494,0.34100744321014553,0,0
1084,1208,2024-09-14 19:44:51.328422144,TASK_BEGIN,3,0.3482255884663048,0.0457023199427252,1.9781091884000543,0.1203198948044594,0.6371578299548017,-0.228828757513268,2.057539162872623,0.488163262368935,0,2024-09-14 19:44:50.932243456,1726343090.9322433,2024-09-14 19:44:50.932243164,29,"[ 2.8985849e-01 -4.7794092e-01  3.6962187e-01 -6.1872605e-09
 -2.0833719e-03  1.0491361e-09  1.0000000e+00  0.0000000e+00
  4.0000001e-01 -1.1014150e-01 -3.7075542e-02]",1.0,-8.049872662700446,[0.24592505 0.65133613 0.05167746 0.05106137],[0.24592505 0.65133613 0.05167746 0.05106137],30,285,494,0.29190534057885775,0,0
1085,1209,2024-09-14 19:44:51.395590144,TASK_BEGIN,3,0.3470795600471212,0.0406448105175571,1.905029585999252,0.1115024562963896,0.636748102529826,-0.2268303692212771,2.08658393429928,0.4751197209800585,0,2024-09-14 19:44:51.226240256,1726343091.2262402,2024-09-14 19:44:51.226239990,29,"[ 3.1889153e-01 -4.7794092e-01  2.7700976e-01 -8.4892129e-09
 -2.0834447e-03 -8.5829130e-09  0.0000000e+00  0.0000000e+00
  4.0000001e-01 -8.1108473e-02 -3.7075542e-02]",0.0,0.5817194110428971,[0.44809886 0.42031772 0.05861612 0.0729673 ],[0.44809886 0.42031772 0.05861612 0.0729673 ],30,285,494,0.20749190730193984,0,0
1086,1210,2024-09-14 19:44:51.455038976,TASK_BEGIN,3,0.3414091563217554,0.0362492088091292,1.819106534017994,0.1043466998741241,0.626851110090686,-0.2221495766009498,2.0742278642194827,0.4602510964435884,0,2024-09-14 19:44:51.226240256,1726343091.2262402,2024-09-14 19:44:51.226239990,29,"[ 3.1889153e-01 -4.7794092e-01  2.7700976e-01 -8.4892129e-09
 -2.0834447e-03 -8.5829130e-09  0.0000000e+00  0.0000000e+00
  4.0000001e-01 -8.1108473e-02 -3.7075542e-02]",0.0,0.5817194110428971,[0.44809886 0.42031772 0.05861612 0.0729673 ],[0.44809886 0.42031772 0.05861612 0.0729673 ],30,285,494,0.20749190730193984,0,0
1087,1211,2024-09-14 19:44:52.406953216,TASK_BEGIN,3,0.3311633293306604,0.032551186344236,1.71946099851258,0.0985262256262143,0.6069698451117466,-0.2145330978957574,2.021839354964259,0.4424111052695176,0,2024-09-14 19:44:52.024239360,1726343092.0242393,2024-09-14 19:44:52.024239014,29,"[ 3.6404642e-01 -4.7794092e-01  7.0647642e-02  4.1103876e-09
 -2.0838242e-03  1.1888618e-10  0.0000000e+00  0.0000000e+00
  4.0000001e-01 -3.5953585e-02 -3.7075542e-02]",0.0,0.5474788848496743,[0.43036237 0.34159725 0.10237377 0.1256666 ],[0.43036237 0.34159725 0.10237377 0.1256666 ],30,285,494,0.11076783920869966,0,0
1088,1212,2024-09-14 19:44:52.474859008,TASK_BEGIN,3,0.3163721823973429,0.029579710605332,1.6057702403212255,0.0936830701492699,0.5770683099260455,-0.2038689983856229,1.9319979163783416,0.4207323479142836,0,2024-09-14 19:44:52.087239680,1726343092.0872397,2024-09-14 19:44:52.087239014,29,"[ 3.6529192e-01 -4.7794092e-01  5.4355897e-02  1.3284850e-09
 -2.0838648e-03 -9.4206498e-10  0.0000000e+00  0.0000000e+00
  4.0000001e-01 -3.4708086e-02 -3.7075542e-02]",0.0,0.5463378179384719,[0.42899569 0.32650716 0.10933867 0.13515849],[0.42899569 0.32650716 0.10933867 0.13515849],30,285,494,0.09783863522365271,0,0
1089,1213,2024-09-14 19:44:52.542682880,TASK_BEGIN,3,0.2972207770379689,0.0273370089968259,1.4786632608066073,0.0894473525401675,0.5376350313058885,-0.190219325431087,1.808420733201436,0.3947206138290097,0,2024-09-14 19:44:52.150240000,1726343092.15024,2024-09-14 19:44:52.150239014,29,"[ 3.6619806e-01 -4.7794092e-01  3.8064163e-02 -2.5606521e-09
 -2.0839046e-03 -1.2360466e-09  0.0000000e+00  0.0000000e+00
  4.0000001e-01 -3.3801936e-02 -3.7075542e-02]",0.0,0.5452909876759051,[0.42917898 0.31040221 0.11510815 0.14531065],[0.42917898 0.31040221 0.11510815 0.14531065],30,285,494,0.08680580294458766,0,0
1090,1214,2024-09-14 19:44:52.601552896,TASK_BEGIN,3,0.2741179132704062,0.0257798876225914,1.3397817569248258,0.0855002280699976,0.4897068060848744,-0.1738411647088906,1.6559409120697095,0.3643258051109375,0,2024-09-14 19:44:52.213239552,1726343092.2132394,2024-09-14 19:44:52.213239014,29,"[ 3.6676487e-01 -4.7794092e-01  2.1772422e-02 -3.4898608e-09
 -2.0839488e-03 -4.5115317e-10  0.0000000e+00  0.0000000e+00
  4.0000001e-01 -3.3235136e-02 -3.7075542e-02]",0.0,0.5443106666735034,[0.42917018 0.29466716 0.12016321 0.15599945],[0.42917018 0.29466716 0.12016321 0.15599945],30,285,494,0.07774904351551275,0,0
1091,1215,2024-09-14 19:44:52.678353152,TASK_BEGIN,3,0.2477339881605118,0.0248105906133311,1.1916743185920615,0.0816211347515506,0.4348530749539564,-0.1551905652325935,1.4805029897840825,0.3299490216629907,0,2024-09-14 19:44:52.297239552,1726343092.2972395,2024-09-14 19:44:52.297239014,29,"[ 3.6699247e-01 -4.7794092e-01  5.0100374e-05 -1.0111056e-09
 -2.0839593e-03 -1.9488732e-08  0.0000000e+00  0.0000000e+00
  4.0000001e-01 -3.3007525e-02 -3.7075542e-02]",0.0,0.5430632907558461,[0.42934343 0.27185162 0.12650186 0.1723031 ],[0.42934343 0.27185162 0.12650186 0.1723031 ],30,285,494,0.06904661933960113,0,0
1092,1216,2024-09-14 19:44:52.739993088,TASK_BEGIN,3,0.2189960340335041,0.0242794502887531,1.0377726045825264,0.0776678622311212,0.3751158530571779,-0.1349049689215687,1.2891181347673708,0.2923799087541072,0,2024-09-14 19:44:52.654240768,1726343092.6542408,2024-09-14 19:44:52.654239990,29,"[ 3.6699137e-01 -4.7794092e-01  2.4800597e-09 -7.9154070e-09
 -2.0823451e-03 -7.4128215e-09  0.0000000e+00  0.0000000e+00
  4.0000001e-01 -3.3008639e-02 -3.7075542e-02]",0.0,-2.2804832937595165e-06,[0.42899596 0.2662518  0.12805346 0.17669878],[0.42899596 0.2662518  0.12805346 0.17669878],30,285,494,0.06561575422649937,0,0
1093,1217,2024-09-14 19:44:52.801243904,TASK_BEGIN,3,0.1890325978115163,0.0239981506077061,0.8823660022926234,0.0735253379755403,0.3128888250088518,-0.1137611120916115,1.089668075972224,0.2526914056599922,0,2024-09-14 19:44:52.654240768,1726343092.6542408,2024-09-14 19:44:52.654239990,29,"[ 3.6699137e-01 -4.7794092e-01  2.4800597e-09 -7.9154070e-09
 -2.0823451e-03 -7.4128215e-09  0.0000000e+00  0.0000000e+00
  4.0000001e-01 -3.3008639e-02 -3.7075542e-02]",0.0,-2.2804832937595165e-06,[0.42899596 0.2662518  0.12805346 0.17669878],[0.42899596 0.2662518  0.12805346 0.17669878],30,285,494,0.06561575422649937,0,0
