Classifier,Macro F1,Macro Recall,Macro Precision,Class0 Recall,Class1 Recall,Class2 Recall,Class0 Precision,Class1 Precision,Class2 Precision,Class0 F1,Class1 F1,Class2 F1,TrainParticipants,TestParticipants,TrainConditions,TestConditions,Experiment,RandomState,WindowDuration,WindowStepSize,BatchSize,LearningRate,HiddenDim,Epochs
CNN,0.38932146829810904,0.4971287940935193,0.48205128205128206,0.9565217391304348,0.03773584905660377,,0.5641025641025641,0.4,,0.7096774193548387,0.06896551724137931,,"[2, 5, 7, 8, 9, 11, 13, 14, 15, 18, 19, 20, 21, 23]",02,FW,FW,1,42,6.5,8,64,0.001,,20
CNN,0.4055299539170507,0.49444444444444446,0.4767561983471074,0.9333333333333333,0.05555555555555555,,0.5785123966942148,0.375,,0.7142857142857143,0.0967741935483871,,"[2, 5, 7, 8, 9, 11, 13, 14, 15, 18, 19, 20, 21, 23]",05,FW,FW,1,42,6.5,8,64,0.001,,20
CNN,0.3673469387755102,0.5,0.2903225806451613,1.0,0.0,,0.5806451612903226,0.0,,0.7346938775510204,0.0,,"[2, 5, 7, 8, 9, 11, 13, 14, 15, 18, 19, 20, 21, 23]",07,FW,FW,1,42,6.5,8,64,0.001,,20
CNN,0.38559639909977494,0.4880952380952381,0.45355504587155965,0.9206349206349206,0.05555555555555555,,0.5321100917431193,0.375,,0.6744186046511628,0.0967741935483871,,"[2, 5, 7, 8, 9, 11, 13, 14, 15, 18, 19, 20, 21, 23]",08,FW,FW,1,42,6.5,8,64,0.001,,20
CNN,0.48177299088649544,0.5021394950791613,0.5021786492374727,0.3902439024390244,0.6140350877192983,,0.5925925925925926,0.4117647058823529,,0.47058823529411764,0.49295774647887325,,"[2, 5, 7, 8, 9, 11, 13, 14, 15, 18, 19, 20, 21, 23]",09,FW,FW,1,42,6.5,8,64,0.001,,20
CNN,0.3764705882352941,0.5,0.3018867924528302,1.0,0.0,,0.6037735849056604,0.0,,0.7529411764705882,0.0,,"[2, 5, 7, 8, 9, 11, 13, 14, 15, 18, 19, 20, 21, 23]",11,FW,FW,1,42,6.5,8,64,0.001,,20
CNN,0.0873015873015873,0.5,0.04782608695652174,0.0,1.0,,0.0,0.09565217391304348,,0.0,0.1746031746031746,,"[2, 5, 7, 8, 9, 11, 13, 14, 15, 18, 19, 20, 21, 23]",13,FW,FW,1,42,6.5,8,64,0.001,,20
CNN,0.3314285714285714,0.4566895368782161,0.4842777085927771,0.36792452830188677,0.5454545454545454,,0.8863636363636364,0.0821917808219178,,0.52,0.14285714285714285,,"[2, 5, 7, 8, 9, 11, 13, 14, 15, 18, 19, 20, 21, 23]",14,FW,FW,1,42,6.5,8,64,0.001,,20
CNN,0.48732852824924433,0.5025252525252525,0.5010026737967914,0.8383838383838383,0.16666666666666666,,0.9431818181818182,0.058823529411764705,,0.8877005347593583,0.08695652173913043,,"[2, 5, 7, 8, 9, 11, 13, 14, 15, 18, 19, 20, 21, 23]",15,FW,FW,1,42,6.5,8,64,0.001,,20
CNN,0.2701058201058201,0.316017316017316,0.40545050055617354,0.2987012987012987,0.3333333333333333,,0.7419354838709677,0.06896551724137931,,0.42592592592592593,0.11428571428571428,,"[2, 5, 7, 8, 9, 11, 13, 14, 15, 18, 19, 20, 21, 23]",18,FW,FW,1,42,6.5,8,64,0.001,,20
CNN,0.457286432160804,0.4789473684210526,0.4375,0.9578947368421052,0.0,,0.875,0.0,,0.914572864321608,0.0,,"[2, 5, 7, 8, 9, 11, 13, 14, 15, 18, 19, 20, 21, 23]",19,FW,FW,1,42,6.5,8,64,0.001,,20
CNN,0.5642795513373597,0.5552434456928839,0.5896656534954408,0.9438202247191011,0.16666666666666666,,0.8936170212765957,0.2857142857142857,,0.9180327868852459,0.21052631578947367,,"[2, 5, 7, 8, 9, 11, 13, 14, 15, 18, 19, 20, 21, 23]",20,FW,FW,1,42,6.5,8,64,0.001,,20
CNN,0.27374209964704915,0.47745098039215683,0.4904445367677607,0.2549019607843137,0.7,,0.896551724137931,0.08433734939759036,,0.3969465648854962,0.15053763440860216,,"[2, 5, 7, 8, 9, 11, 13, 14, 15, 18, 19, 20, 21, 23]",21,FW,FW,1,42,6.5,8,64,0.001,,20
CNN,0.4631578947368421,0.5,0.43137254901960786,1.0,0.0,,0.8627450980392157,0.0,,0.9263157894736842,0.0,,"[2, 5, 7, 8, 9, 11, 13, 14, 15, 18, 19, 20, 21, 23]",23,FW,FW,1,42,6.5,8,64,0.001,,20
CNN,0.3188834154351396,0.5072463768115942,0.71900826446281,0.014492753623188406,1.0,,1.0,0.4380165289256198,,0.02857142857142857,0.6091954022988506,,"[2, 5, 7, 8, 9, 11, 13, 14, 15, 18, 19, 20, 21, 23]",02,FW,FW,1,12,6.5,8,64,0.001,,20
CNN,0.5442251461988303,0.5459259259259259,0.5449275362318841,0.5733333333333334,0.5185185185185185,,0.6231884057971014,0.4666666666666667,,0.5972222222222222,0.49122807017543857,,"[2, 5, 7, 8, 9, 11, 13, 14, 15, 18, 19, 20, 21, 23]",05,FW,FW,1,12,6.5,8,64,0.001,,20
CNN,0.5021200051394064,0.5021367521367521,0.5021462912087913,0.5888888888888889,0.4153846153846154,,0.5824175824175825,0.421875,,0.585635359116022,0.4186046511627907,,"[2, 5, 7, 8, 9, 11, 13, 14, 15, 18, 19, 20, 21, 23]",07,FW,FW,1,12,6.5,8,64,0.001,,20
CNN,0.3157894736842105,0.5,0.23076923076923078,0.0,1.0,,0.0,0.46153846153846156,,0.0,0.631578947368421,,"[2, 5, 7, 8, 9, 11, 13, 14, 15, 18, 19, 20, 21, 23]",08,FW,FW,1,12,6.5,8,64,0.001,,20
CNN,0.37104072398190047,0.5,0.2949640287769784,1.0,0.0,,0.5899280575539568,0.0,,0.7420814479638009,0.0,,"[2, 5, 7, 8, 9, 11, 13, 14, 15, 18, 19, 20, 21, 23]",09,FW,FW,1,12,6.5,8,64,0.001,,20
CNN,0.35007299270072995,0.48735119047619047,0.46746411483253586,0.09375,0.8809523809523809,,0.5454545454545454,0.3894736842105263,,0.16,0.5401459854014599,,"[2, 5, 7, 8, 9, 11, 13, 14, 15, 18, 19, 20, 21, 23]",11,FW,FW,1,12,6.5,8,64,0.001,,20
CNN,0.17366311171620907,0.4619755244755245,0.4671945701357466,0.10576923076923077,0.8181818181818182,,0.8461538461538461,0.08823529411764706,,0.18803418803418803,0.1592920353982301,,"[2, 5, 7, 8, 9, 11, 13, 14, 15, 18, 19, 20, 21, 23]",13,FW,FW,1,12,6.5,8,64,0.001,,20
CNN,0.47533632286995514,0.5,0.452991452991453,1.0,0.0,,0.905982905982906,0.0,,0.9506726457399103,0.0,,"[2, 5, 7, 8, 9, 11, 13, 14, 15, 18, 19, 20, 21, 23]",14,FW,FW,1,12,6.5,8,64,0.001,,20
CNN,0.44321124676285606,0.6262626262626263,0.5277777777777778,0.5858585858585859,0.6666666666666666,,0.9666666666666667,0.08888888888888889,,0.7295597484276729,0.1568627450980392,,"[2, 5, 7, 8, 9, 11, 13, 14, 15, 18, 19, 20, 21, 23]",15,FW,FW,1,12,6.5,8,64,0.001,,20
CNN,0.4539877300613497,0.4805194805194805,0.43023255813953487,0.961038961038961,0.0,,0.8604651162790697,0.0,,0.9079754601226994,0.0,,"[2, 5, 7, 8, 9, 11, 13, 14, 15, 18, 19, 20, 21, 23]",18,FW,FW,1,12,6.5,8,64,0.001,,20
CNN,0.4862579281183932,0.5117408906882591,0.5060745705906996,0.7157894736842105,0.3076923076923077,,0.8831168831168831,0.12903225806451613,,0.7906976744186046,0.18181818181818182,,"[2, 5, 7, 8, 9, 11, 13, 14, 15, 18, 19, 20, 21, 23]",19,FW,FW,1,12,6.5,8,64,0.001,,20
CNN,0.10619469026548672,0.5,0.0594059405940594,0.0,1.0,,0.0,0.1188118811881188,,0.0,0.21238938053097345,,"[2, 5, 7, 8, 9, 11, 13, 14, 15, 18, 19, 20, 21, 23]",20,FW,FW,1,12,6.5,8,64,0.001,,20
CNN,0.4766355140186916,0.5,0.45535714285714285,1.0,0.0,,0.9107142857142857,0.0,,0.9532710280373832,0.0,,"[2, 5, 7, 8, 9, 11, 13, 14, 15, 18, 19, 20, 21, 23]",21,FW,FW,1,12,6.5,8,64,0.001,,20
CNN,0.13297508549096237,0.5056818181818182,0.5693069306930694,0.011363636363636364,1.0,,1.0,0.13861386138613863,,0.02247191011235955,0.24347826086956523,,"[2, 5, 7, 8, 9, 11, 13, 14, 15, 18, 19, 20, 21, 23]",23,FW,FW,1,12,6.5,8,64,0.001,,20
CNN,0.46783909160146786,0.46910035548263607,0.4681869369369369,0.5797101449275363,0.3584905660377358,,0.5405405405405406,0.3958333333333333,,0.5594405594405595,0.37623762376237624,,"[2, 5, 7, 8, 9, 11, 13, 14, 15, 18, 19, 20, 21, 23]",02,FW,FW,1,22,6.5,8,64,0.001,,20
CNN,0.5170289855072464,0.5451851851851852,0.5484126984126985,0.38666666666666666,0.7037037037037037,,0.6444444444444445,0.4523809523809524,,0.48333333333333334,0.5507246376811594,,"[2, 5, 7, 8, 9, 11, 13, 14, 15, 18, 19, 20, 21, 23]",05,FW,FW,1,22,6.5,8,64,0.001,,20
CNN,0.44972514887769127,0.5294871794871795,0.6312785388127854,0.9666666666666667,0.09230769230769231,,0.5958904109589042,0.6666666666666666,,0.7372881355932204,0.16216216216216217,,"[2, 5, 7, 8, 9, 11, 13, 14, 15, 18, 19, 20, 21, 23]",07,FW,FW,1,22,6.5,8,64,0.001,,20
CNN,0.4877717391304348,0.4933862433862434,0.4928571428571429,0.6349206349206349,0.35185185185185186,,0.5333333333333333,0.4523809523809524,,0.5797101449275363,0.3958333333333333,,"[2, 5, 7, 8, 9, 11, 13, 14, 15, 18, 19, 20, 21, 23]",08,FW,FW,1,22,6.5,8,64,0.001,,20
CNN,0.37104072398190047,0.5,0.2949640287769784,1.0,0.0,,0.5899280575539568,0.0,,0.7420814479638009,0.0,,"[2, 5, 7, 8, 9, 11, 13, 14, 15, 18, 19, 20, 21, 23]",09,FW,FW,1,22,6.5,8,64,0.001,,20
CNN,0.3727810650887574,0.4921875,0.3,0.984375,0.0,,0.6,0.0,,0.7455621301775148,0.0,,"[2, 5, 7, 8, 9, 11, 13, 14, 15, 18, 19, 20, 21, 23]",11,FW,FW,1,22,6.5,8,64,0.001,,20
CNN,0.0873015873015873,0.5,0.04782608695652174,0.0,1.0,,0.0,0.09565217391304348,,0.0,0.1746031746031746,,"[2, 5, 7, 8, 9, 11, 13, 14, 15, 18, 19, 20, 21, 23]",13,FW,FW,1,22,6.5,8,64,0.001,,20
CNN,0.31082062454611475,0.3704974271012007,0.4541033434650456,0.37735849056603776,0.36363636363636365,,0.851063829787234,0.05714285714285714,,0.5228758169934641,0.09876543209876543,,"[2, 5, 7, 8, 9, 11, 13, 14, 15, 18, 19, 20, 21, 23]",14,FW,FW,1,22,6.5,8,64,0.001,,20
CNN,0.08563134978229318,0.4368686868686869,0.42500000000000004,0.04040404040404041,0.8333333333333334,,0.8,0.05,,0.07692307692307693,0.09433962264150944,,"[2, 5, 7, 8, 9, 11, 13, 14, 15, 18, 19, 20, 21, 23]",15,FW,FW,1,22,6.5,8,64,0.001,,20
CNN,0.46060606060606063,0.4935064935064935,0.4318181818181818,0.987012987012987,0.0,,0.8636363636363636,0.0,,0.9212121212121213,0.0,,"[2, 5, 7, 8, 9, 11, 13, 14, 15, 18, 19, 20, 21, 23]",18,FW,FW,1,22,6.5,8,64,0.001,,20
CNN,0.12986225418002253,0.5105263157894737,0.5613207547169812,0.021052631578947368,1.0,,1.0,0.12264150943396226,,0.041237113402061855,0.2184873949579832,,"[2, 5, 7, 8, 9, 11, 13, 14, 15, 18, 19, 20, 21, 23]",19,FW,FW,1,22,6.5,8,64,0.001,,20
CNN,0.43575418994413406,0.43820224719101125,0.43333333333333335,0.8764044943820225,0.0,,0.8666666666666667,0.0,,0.8715083798882681,0.0,,"[2, 5, 7, 8, 9, 11, 13, 14, 15, 18, 19, 20, 21, 23]",20,FW,FW,1,22,6.5,8,64,0.001,,20
CNN,0.08196721311475409,0.5,0.044642857142857144,0.0,1.0,,0.0,0.08928571428571429,,0.0,0.16393442622950818,,"[2, 5, 7, 8, 9, 11, 13, 14, 15, 18, 19, 20, 21, 23]",21,FW,FW,1,22,6.5,8,64,0.001,,20
CNN,0.43080357142857145,0.5056818181818181,0.5026923076923078,0.5113636363636364,0.5,,0.8653846153846154,0.14,,0.6428571428571429,0.21875,,"[2, 5, 7, 8, 9, 11, 13, 14, 15, 18, 19, 20, 21, 23]",23,FW,FW,1,22,6.5,8,64,0.001,,20
CNN,0.3612565445026178,0.5,0.2827868852459016,1.0,0.0,,0.5655737704918032,0.0,,0.7225130890052356,0.0,,"[2, 5, 7, 8, 9, 11, 13, 14, 15, 18, 19, 20, 21, 23]",02,FW,FW,1,32,6.5,8,64,0.001,,20
CNN,0.29508196721311475,0.5,0.20930232558139536,0.0,1.0,,0.0,0.4186046511627907,,0.0,0.5901639344262295,,"[2, 5, 7, 8, 9, 11, 13, 14, 15, 18, 19, 20, 21, 23]",05,FW,FW,1,32,6.5,8,64,0.001,,20
CNN,0.452020202020202,0.4935897435897436,0.48846153846153845,0.8333333333333334,0.15384615384615385,,0.5769230769230769,0.4,,0.6818181818181818,0.2222222222222222,,"[2, 5, 7, 8, 9, 11, 13, 14, 15, 18, 19, 20, 21, 23]",07,FW,FW,1,32,6.5,8,64,0.001,,20
CNN,0.3157894736842105,0.5,0.23076923076923078,0.0,1.0,,0.0,0.46153846153846156,,0.0,0.631578947368421,,"[2, 5, 7, 8, 9, 11, 13, 14, 15, 18, 19, 20, 21, 23]",08,FW,FW,1,32,6.5,8,64,0.001,,20
CNN,0.37104072398190047,0.5,0.2949640287769784,1.0,0.0,,0.5899280575539568,0.0,,0.7420814479638009,0.0,,"[2, 5, 7, 8, 9, 11, 13, 14, 15, 18, 19, 20, 21, 23]",09,FW,FW,1,32,6.5,8,64,0.001,,20
CNN,0.3727810650887574,0.4921875,0.3,0.984375,0.0,,0.6,0.0,,0.7455621301775148,0.0,,"[2, 5, 7, 8, 9, 11, 13, 14, 15, 18, 19, 20, 21, 23]",11,FW,FW,1,32,6.5,8,64,0.001,,20
CNN,0.48390243902439023,0.48295454545454547,0.4862093352192362,0.875,0.09090909090909091,,0.900990099009901,0.07142857142857142,,0.8878048780487805,0.08,,"[2, 5, 7, 8, 9, 11, 13, 14, 15, 18, 19, 20, 21, 23]",13,FW,FW,1,32,6.5,8,64,0.001,,20
CNN,0.3162337662337662,0.3752144082332762,0.45606884057971014,0.3867924528301887,0.36363636363636365,,0.8541666666666666,0.057971014492753624,,0.5324675324675324,0.1,,"[2, 5, 7, 8, 9, 11, 13, 14, 15, 18, 19, 20, 21, 23]",14,FW,FW,1,32,6.5,8,64,0.001,,20
CNN,0.4852941176470588,0.5,0.4714285714285714,1.0,0.0,,0.9428571428571428,0.0,,0.9705882352941176,0.0,,"[2, 5, 7, 8, 9, 11, 13, 14, 15, 18, 19, 20, 21, 23]",15,FW,FW,1,32,6.5,8,64,0.001,,20
CNN,0.463855421686747,0.5,0.43258426966292135,1.0,0.0,,0.8651685393258427,0.0,,0.927710843373494,0.0,,"[2, 5, 7, 8, 9, 11, 13, 14, 15, 18, 19, 20, 21, 23]",18,FW,FW,1,32,6.5,8,64,0.001,,20
CNN,0.46798029556650245,0.5,0.4398148148148148,1.0,0.0,,0.8796296296296297,0.0,,0.9359605911330049,0.0,,"[2, 5, 7, 8, 9, 11, 13, 14, 15, 18, 19, 20, 21, 23]",19,FW,FW,1,32,6.5,8,64,0.001,,20
CNN,0.4651616499442586,0.49812734082397003,0.4991220368744513,0.6629213483146067,0.3333333333333333,,0.8805970149253731,0.11764705882352941,,0.7564102564102564,0.17391304347826086,,"[2, 5, 7, 8, 9, 11, 13, 14, 15, 18, 19, 20, 21, 23]",20,FW,FW,1,32,6.5,8,64,0.001,,20
CNN,0.4766355140186916,0.5,0.45535714285714285,1.0,0.0,,0.9107142857142857,0.0,,0.9532710280373832,0.0,,"[2, 5, 7, 8, 9, 11, 13, 14, 15, 18, 19, 20, 21, 23]",21,FW,FW,1,32,6.5,8,64,0.001,,20
CNN,0.14502923976608187,0.5113636363636364,0.5700000000000001,0.022727272727272728,1.0,,1.0,0.14,,0.044444444444444446,0.24561403508771928,,"[2, 5, 7, 8, 9, 11, 13, 14, 15, 18, 19, 20, 21, 23]",23,FW,FW,1,32,6.5,8,64,0.001,,20
CNN,0.4426229508196721,0.5254306808859721,0.6019736842105263,0.9565217391304348,0.09433962264150944,,0.5789473684210527,0.625,,0.7213114754098361,0.16393442622950818,,"[2, 5, 7, 8, 9, 11, 13, 14, 15, 18, 19, 20, 21, 23]",02,FW,FW,1,100,6.5,8,64,0.001,,20
CNN,0.33855321507760533,0.4988888888888889,0.49473067915690866,0.05333333333333334,0.9444444444444444,,0.5714285714285714,0.4180327868852459,,0.0975609756097561,0.5795454545454546,,"[2, 5, 7, 8, 9, 11, 13, 14, 15, 18, 19, 20, 21, 23]",05,FW,FW,1,100,6.5,8,64,0.001,,20
CNN,0.3673469387755102,0.5,0.2903225806451613,1.0,0.0,,0.5806451612903226,0.0,,0.7346938775510204,0.0,,"[2, 5, 7, 8, 9, 11, 13, 14, 15, 18, 19, 20, 21, 23]",07,FW,FW,1,100,6.5,8,64,0.001,,20
CNN,0.3157894736842105,0.5,0.23076923076923078,0.0,1.0,,0.0,0.46153846153846156,,0.0,0.631578947368421,,"[2, 5, 7, 8, 9, 11, 13, 14, 15, 18, 19, 20, 21, 23]",08,FW,FW,1,100,6.5,8,64,0.001,,20
CNN,0.3910630841121495,0.487056054771074,0.43452380952380953,0.9390243902439024,0.03508771929824561,,0.5833333333333334,0.2857142857142857,,0.719626168224299,0.0625,,"[2, 5, 7, 8, 9, 11, 13, 14, 15, 18, 19, 20, 21, 23]",09,FW,FW,1,100,6.5,8,64,0.001,,20
CNN,0.40195403880555935,0.5119047619047619,0.8047619047619048,1.0,0.023809523809523808,,0.6095238095238096,1.0,,0.757396449704142,0.046511627906976744,,"[2, 5, 7, 8, 9, 11, 13, 14, 15, 18, 19, 20, 21, 23]",11,FW,FW,1,100,6.5,8,64,0.001,,20
CNN,0.42121564072783585,0.40603146853146854,0.45784313725490194,0.7211538461538461,0.09090909090909091,,0.8823529411764706,0.03333333333333333,,0.7936507936507936,0.04878048780487805,,"[2, 5, 7, 8, 9, 11, 13, 14, 15, 18, 19, 20, 21, 23]",13,FW,FW,1,100,6.5,8,64,0.001,,20
CNN,0.0859375,0.5,0.04700854700854701,0.0,1.0,,0.0,0.09401709401709402,,0.0,0.171875,,"[2, 5, 7, 8, 9, 11, 13, 14, 15, 18, 19, 20, 21, 23]",14,FW,FW,1,100,6.5,8,64,0.001,,20
CNN,0.3592171717171717,0.5505050505050505,0.5111111111111112,0.43434343434343436,0.6666666666666666,,0.9555555555555556,0.06666666666666667,,0.5972222222222222,0.12121212121212122,,"[2, 5, 7, 8, 9, 11, 13, 14, 15, 18, 19, 20, 21, 23]",15,FW,FW,1,100,6.5,8,64,0.001,,20
CNN,0.463855421686747,0.5,0.43258426966292135,1.0,0.0,,0.8651685393258427,0.0,,0.927710843373494,0.0,,"[2, 5, 7, 8, 9, 11, 13, 14, 15, 18, 19, 20, 21, 23]",18,FW,FW,1,100,6.5,8,64,0.001,,20
CNN,0.24048027444253858,0.5352226720647774,0.5311827956989248,0.14736842105263157,0.9230769230769231,,0.9333333333333333,0.12903225806451613,,0.2545454545454545,0.22641509433962265,,"[2, 5, 7, 8, 9, 11, 13, 14, 15, 18, 19, 20, 21, 23]",19,FW,FW,1,100,6.5,8,64,0.001,,20
CNN,0.46842105263157896,0.5,0.4405940594059406,1.0,0.0,,0.8811881188118812,0.0,,0.9368421052631579,0.0,,"[2, 5, 7, 8, 9, 11, 13, 14, 15, 18, 19, 20, 21, 23]",20,FW,FW,1,100,6.5,8,64,0.001,,20
CNN,0.45365853658536587,0.45588235294117646,0.45145631067961167,0.9117647058823529,0.0,,0.9029126213592233,0.0,,0.9073170731707317,0.0,,"[2, 5, 7, 8, 9, 11, 13, 14, 15, 18, 19, 20, 21, 23]",21,FW,FW,1,100,6.5,8,64,0.001,,20
CNN,0.30409356725146197,0.48214285714285715,0.4888663967611336,0.25,0.7142857142857143,,0.8461538461538461,0.13157894736842105,,0.38596491228070173,0.2222222222222222,,"[2, 5, 7, 8, 9, 11, 13, 14, 15, 18, 19, 20, 21, 23]",23,FW,FW,1,100,6.5,8,64,0.001,,20
CNN,0.3028571428571429,0.5,0.21721311475409835,0.0,1.0,,0.0,0.4344262295081967,,0.0,0.6057142857142858,,"[2, 5, 7, 8, 9, 11, 13, 14, 15, 18, 19, 20, 21, 23]",02,FW,FW,1,52,6.5,8,64,0.001,,20
CNN,0.36764705882352944,0.5,0.29069767441860467,1.0,0.0,,0.5813953488372093,0.0,,0.7352941176470589,0.0,,"[2, 5, 7, 8, 9, 11, 13, 14, 15, 18, 19, 20, 21, 23]",05,FW,FW,1,52,6.5,8,64,0.001,,20
CNN,0.3895452918009309,0.48760683760683765,0.47694020356234096,0.14444444444444443,0.8307692307692308,,0.5416666666666666,0.4122137404580153,,0.22807017543859648,0.5510204081632653,,"[2, 5, 7, 8, 9, 11, 13, 14, 15, 18, 19, 20, 21, 23]",07,FW,FW,1,52,6.5,8,64,0.001,,20
CNN,0.3246753246753247,0.4894179894179894,0.39473684210526316,0.015873015873015872,0.9629629629629629,,0.3333333333333333,0.45614035087719296,,0.030303030303030304,0.6190476190476191,,"[2, 5, 7, 8, 9, 11, 13, 14, 15, 18, 19, 20, 21, 23]",08,FW,FW,1,52,6.5,8,64,0.001,,20
CNN,0.5463869463869464,0.5596919127086007,0.5586380832282472,0.4878048780487805,0.631578947368421,,0.6557377049180327,0.46153846153846156,,0.5594405594405595,0.5333333333333333,,"[2, 5, 7, 8, 9, 11, 13, 14, 15, 18, 19, 20, 21, 23]",09,FW,FW,1,52,6.5,8,64,0.001,,20
CNN,0.3692751532636134,0.36979166666666663,0.37535612535612534,0.40625,0.3333333333333333,,0.48148148148148145,0.2692307692307692,,0.4406779661016949,0.2978723404255319,,"[2, 5, 7, 8, 9, 11, 13, 14, 15, 18, 19, 20, 21, 23]",11,FW,FW,1,52,6.5,8,64,0.001,,20
CNN,0.3792172739541161,0.5297202797202797,0.5105721393034826,0.4230769230769231,0.6363636363636364,,0.9166666666666666,0.1044776119402985,,0.5789473684210527,0.1794871794871795,,"[2, 5, 7, 8, 9, 11, 13, 14, 15, 18, 19, 20, 21, 23]",13,FW,FW,1,52,6.5,8,64,0.001,,20
CNN,0.5745454545454545,0.5844768439108061,0.5683079056865464,0.8962264150943396,0.2727272727272727,,0.9223300970873787,0.21428571428571427,,0.9090909090909091,0.24,,"[2, 5, 7, 8, 9, 11, 13, 14, 15, 18, 19, 20, 21, 23]",14,FW,FW,1,52,6.5,8,64,0.001,,20
CNN,0.17729591836734693,0.5656565656565656,0.532608695652174,0.13131313131313133,1.0,,1.0,0.06521739130434782,,0.23214285714285715,0.12244897959183673,,"[2, 5, 7, 8, 9, 11, 13, 14, 15, 18, 19, 20, 21, 23]",15,FW,FW,1,52,6.5,8,64,0.001,,20
CNN,0.3243616287094548,0.3614718614718615,0.43395252837977294,0.38961038961038963,0.3333333333333333,,0.7894736842105263,0.0784313725490196,,0.5217391304347826,0.12698412698412698,,"[2, 5, 7, 8, 9, 11, 13, 14, 15, 18, 19, 20, 21, 23]",18,FW,FW,1,52,6.5,8,64,0.001,,20
CNN,0.10743801652892562,0.5,0.06018518518518518,0.0,1.0,,0.0,0.12037037037037036,,0.0,0.21487603305785125,,"[2, 5, 7, 8, 9, 11, 13, 14, 15, 18, 19, 20, 21, 23]",19,FW,FW,1,52,6.5,8,64,0.001,,20
CNN,0.10619469026548672,0.5,0.0594059405940594,0.0,1.0,,0.0,0.1188118811881188,,0.0,0.21238938053097345,,"[2, 5, 7, 8, 9, 11, 13, 14, 15, 18, 19, 20, 21, 23]",20,FW,FW,1,52,6.5,8,64,0.001,,20
CNN,0.4766355140186916,0.5,0.45535714285714285,1.0,0.0,,0.9107142857142857,0.0,,0.9532710280373832,0.0,,"[2, 5, 7, 8, 9, 11, 13, 14, 15, 18, 19, 20, 21, 23]",21,FW,FW,1,52,6.5,8,64,0.001,,20
CNN,0.45454545454545453,0.48295454545454547,0.4292929292929293,0.9659090909090909,0.0,,0.8585858585858586,0.0,,0.9090909090909091,0.0,,"[2, 5, 7, 8, 9, 11, 13, 14, 15, 18, 19, 20, 21, 23]",23,FW,FW,1,52,6.5,8,64,0.001,,20
CNN,0.20149253731343283,0.5,0.1261682242990654,0.0,1.0,,0.0,0.2523364485981308,,0.0,0.40298507462686567,,"[3, 5, 6, 7, 8, 10, 12, 20, 23, 24, 25]",03,LW,LW,3,12,6.0,10,64,0.001,,10
CNN,0.5521235521235521,0.569583931133429,0.5587878787878788,0.6097560975609756,0.5294117647058824,,0.7575757575757576,0.36,,0.6756756756756757,0.42857142857142855,,"[3, 5, 6, 7, 8, 10, 12, 20, 23, 24, 25]",05,LW,LW,3,12,6.0,10,64,0.001,,10
CNN,0.45440454662877805,0.48452950558213714,0.48815628815628814,0.4842105263157895,0.48484848484848486,,0.7301587301587301,0.24615384615384617,,0.5822784810126582,0.32653061224489793,,"[3, 5, 6, 7, 8, 10, 12, 20, 23, 24, 25]",06,LW,LW,3,12,6.0,10,64,0.001,,10
CNN,0.2727272727272727,0.5,0.1875,0.0,1.0,,0.0,0.375,,0.0,0.5454545454545454,,"[3, 5, 6, 7, 8, 10, 12, 20, 23, 24, 25]",07,LW,LW,3,12,6.0,10,64,0.001,,10
CNN,0.45454545454545453,0.5,0.4166666666666667,1.0,0.0,,0.8333333333333334,0.0,,0.9090909090909091,0.0,,"[3, 5, 6, 7, 8, 10, 12, 20, 23, 24, 25]",08,LW,LW,3,12,6.0,10,64,0.001,,10
CNN,0.30213464696223313,0.49612152553329025,0.4922779922779923,0.10989010989010989,0.8823529411764706,,0.7142857142857143,0.2702702702702703,,0.19047619047619047,0.41379310344827586,,"[3, 5, 6, 7, 8, 10, 12, 20, 23, 24, 25]",10,LW,LW,3,12,6.0,10,64,0.001,,10
CNN,0.2749625187406297,0.450640424867229,0.4216269841269842,0.1134020618556701,0.7878787878787878,,0.6111111111111112,0.23214285714285715,,0.19130434782608696,0.3586206896551724,,"[3, 5, 6, 7, 8, 10, 12, 20, 23, 24, 25]",12,LW,LW,3,12,6.0,10,64,0.001,,10
CNN,0.4603960396039604,0.5,0.42660550458715596,1.0,0.0,,0.8532110091743119,0.0,,0.9207920792079208,0.0,,"[3, 5, 6, 7, 8, 10, 12, 20, 23, 24, 25]",20,LW,LW,3,12,6.0,10,64,0.001,,10
CNN,0.5297805642633229,0.5901262916188289,0.5516787360105332,0.6417910447761194,0.5384615384615384,,0.8775510204081632,0.22580645161290322,,0.7413793103448276,0.3181818181818182,,"[3, 5, 6, 7, 8, 10, 12, 20, 23, 24, 25]",23,LW,LW,3,12,6.0,10,64,0.001,,10
CNN,0.48547652692730414,0.5059090909090909,0.5154761904761904,0.9318181818181818,0.08,,0.780952380952381,0.25,,0.8497409326424871,0.12121212121212122,,"[3, 5, 6, 7, 8, 10, 12, 20, 23, 24, 25]",24,LW,LW,3,12,6.0,10,64,0.001,,10
CNN,0.5087719298245614,0.577788191190253,0.5329888712241654,0.7010309278350515,0.45454545454545453,,0.918918918918919,0.14705882352941177,,0.7953216374269005,0.2222222222222222,,"[3, 5, 6, 7, 8, 10, 12, 20, 23, 24, 25]",25,LW,LW,3,12,6.0,10,64,0.001,,10
CNN,0.42780748663101603,0.5,0.37383177570093457,1.0,0.0,,0.7476635514018691,0.0,,0.8556149732620321,0.0,,"[3, 5, 6, 7, 8, 10, 12, 20, 23, 24, 25]",03,LW,LW,3,42,6.0,10,64,0.001,,10
CNN,0.4390715667311412,0.4806312769010043,0.4490566037735849,0.9024390243902439,0.058823529411764705,,0.6981132075471698,0.2,,0.7872340425531915,0.09090909090909091,,"[3, 5, 6, 7, 8, 10, 12, 20, 23, 24, 25]",05,LW,LW,3,42,6.0,10,64,0.001,,10
CNN,0.4437469821342347,0.49409888357256776,0.4699186991869919,0.9578947368421052,0.030303030303030304,,0.7398373983739838,0.2,,0.8348623853211009,0.05263157894736842,,"[3, 5, 6, 7, 8, 10, 12, 20, 23, 24, 25]",06,LW,LW,3,42,6.0,10,64,0.001,,10
CNN,0.5081081081081081,0.5230769230769231,0.5335628227194492,0.8153846153846154,0.23076923076923078,,0.6385542168674698,0.42857142857142855,,0.7162162162162162,0.3,,"[3, 5, 6, 7, 8, 10, 12, 20, 23, 24, 25]",07,LW,LW,3,42,6.0,10,64,0.001,,10
CNN,0.3887415266725612,0.5470588235294117,0.5303571428571429,0.32941176470588235,0.7647058823529411,,0.875,0.18571428571428572,,0.47863247863247865,0.2988505747126437,,"[3, 5, 6, 7, 8, 10, 12, 20, 23, 24, 25]",08,LW,LW,3,42,6.0,10,64,0.001,,10
CNN,0.4212962962962963,0.5,0.364,1.0,0.0,,0.728,0.0,,0.8425925925925926,0.0,,"[3, 5, 6, 7, 8, 10, 12, 20, 23, 24, 25]",10,LW,LW,3,42,6.0,10,64,0.001,,10
CNN,0.20885877407616538,0.4900031240237426,0.375,0.010309278350515464,0.9696969696969697,,0.5,0.25,,0.020202020202020204,0.39751552795031053,,"[3, 5, 6, 7, 8, 10, 12, 20, 23, 24, 25]",12,LW,LW,3,42,6.0,10,64,0.001,,10
CNN,0.4443137254901961,0.5134408602150538,0.5067476383265856,0.5268817204301075,0.5,,0.8596491228070176,0.15384615384615385,,0.6533333333333333,0.23529411764705882,,"[3, 5, 6, 7, 8, 10, 12, 20, 23, 24, 25]",20,LW,LW,3,42,6.0,10,64,0.001,,10
CNN,0.4921875,0.49598163030998854,0.4969801553062986,0.7611940298507462,0.23076923076923078,,0.8360655737704918,0.15789473684210525,,0.796875,0.1875,,"[3, 5, 6, 7, 8, 10, 12, 20, 23, 24, 25]",23,LW,LW,3,42,6.0,10,64,0.001,,10
CNN,0.26548672566371684,0.3852272727272727,0.3852272727272727,0.17045454545454544,0.6,,0.6,0.17045454545454544,,0.26548672566371684,0.26548672566371684,,"[3, 5, 6, 7, 8, 10, 12, 20, 23, 24, 25]",24,LW,LW,3,42,6.0,10,64,0.001,,10
CNN,0.4626865671641791,0.4793814432989691,0.44711538461538464,0.9587628865979382,0.0,,0.8942307692307693,0.0,,0.9253731343283582,0.0,,"[3, 5, 6, 7, 8, 10, 12, 20, 23, 24, 25]",25,LW,LW,3,42,6.0,10,64,0.001,,10
CNN,0.42162162162162165,0.4875,0.37142857142857144,0.975,0.0,,0.7428571428571429,0.0,,0.8432432432432433,0.0,,"[3, 5, 6, 7, 8, 10, 12, 20, 23, 24, 25]",03,LW,LW,3,100,6.0,10,64,0.001,,10
CNN,0.22666666666666666,0.5,0.14655172413793102,0.0,1.0,,0.0,0.29310344827586204,,0.0,0.4533333333333333,,"[3, 5, 6, 7, 8, 10, 12, 20, 23, 24, 25]",05,LW,LW,3,100,6.0,10,64,0.001,,10
CNN,0.4260089686098655,0.5,0.37109375,1.0,0.0,,0.7421875,0.0,,0.852017937219731,0.0,,"[3, 5, 6, 7, 8, 10, 12, 20, 23, 24, 25]",06,LW,LW,3,100,6.0,10,64,0.001,,10
CNN,0.2727272727272727,0.5,0.1875,0.0,1.0,,0.0,0.375,,0.0,0.5454545454545454,,"[3, 5, 6, 7, 8, 10, 12, 20, 23, 24, 25]",07,LW,LW,3,100,6.0,10,64,0.001,,10
CNN,0.45161290322580644,0.49411764705882355,0.4158415841584158,0.9882352941176471,0.0,,0.8316831683168316,0.0,,0.9032258064516129,0.0,,"[3, 5, 6, 7, 8, 10, 12, 20, 23, 24, 25]",08,LW,LW,3,100,6.0,10,64,0.001,,10
CNN,0.4212962962962963,0.5,0.364,1.0,0.0,,0.728,0.0,,0.8425925925925926,0.0,,"[3, 5, 6, 7, 8, 10, 12, 20, 23, 24, 25]",10,LW,LW,3,100,6.0,10,64,0.001,,10
CNN,0.47940503432494275,0.4814120587316464,0.48409516172146483,0.6597938144329897,0.30303030303030304,,0.735632183908046,0.23255813953488372,,0.6956521739130435,0.2631578947368421,,"[3, 5, 6, 7, 8, 10, 12, 20, 23, 24, 25]",12,LW,LW,3,100,6.0,10,64,0.001,,10
CNN,0.128,0.5,0.07339449541284404,0.0,1.0,,0.0,0.14678899082568808,,0.0,0.256,,"[3, 5, 6, 7, 8, 10, 12, 20, 23, 24, 25]",20,LW,LW,3,100,6.0,10,64,0.001,,10
CNN,0.42161876212308236,0.4770378874856487,0.4875,0.4925373134328358,0.46153846153846156,,0.825,0.15,,0.616822429906542,0.22641509433962265,,"[3, 5, 6, 7, 8, 10, 12, 20, 23, 24, 25]",23,LW,LW,3,100,6.0,10,64,0.001,,10
CNN,0.43781094527363185,0.5,0.3893805309734513,1.0,0.0,,0.7787610619469026,0.0,,0.8756218905472637,0.0,,"[3, 5, 6, 7, 8, 10, 12, 20, 23, 24, 25]",24,LW,LW,3,100,6.0,10,64,0.001,,10
CNN,0.1849056603773585,0.4657919400187442,0.47044534412955463,0.1134020618556701,0.8181818181818182,,0.8461538461538461,0.09473684210526316,,0.2,0.16981132075471697,,"[3, 5, 6, 7, 8, 10, 12, 20, 23, 24, 25]",25,LW,LW,3,100,6.0,10,64,0.001,,10
CNN,0.20149253731343283,0.5,0.1261682242990654,0.0,1.0,,0.0,0.2523364485981308,,0.0,0.40298507462686567,,"[3, 5, 6, 7, 8, 10, 12, 20, 23, 24, 25]",03,LW,LW,3,12,6.0,10,64,0.001,,10
CNN,0.5521235521235521,0.569583931133429,0.5587878787878788,0.6097560975609756,0.5294117647058824,,0.7575757575757576,0.36,,0.6756756756756757,0.42857142857142855,,"[3, 5, 6, 7, 8, 10, 12, 20, 23, 24, 25]",05,LW,LW,3,12,6.0,10,64,0.001,,10
CNN,0.45440454662877805,0.48452950558213714,0.48815628815628814,0.4842105263157895,0.48484848484848486,,0.7301587301587301,0.24615384615384617,,0.5822784810126582,0.32653061224489793,,"[3, 5, 6, 7, 8, 10, 12, 20, 23, 24, 25]",06,LW,LW,3,12,6.0,10,64,0.001,,10
CNN,0.2727272727272727,0.5,0.1875,0.0,1.0,,0.0,0.375,,0.0,0.5454545454545454,,"[3, 5, 6, 7, 8, 10, 12, 20, 23, 24, 25]",07,LW,LW,3,12,6.0,10,64,0.001,,10
CNN,0.45454545454545453,0.5,0.4166666666666667,1.0,0.0,,0.8333333333333334,0.0,,0.9090909090909091,0.0,,"[3, 5, 6, 7, 8, 10, 12, 20, 23, 24, 25]",08,LW,LW,3,12,6.0,10,64,0.001,,10
CNN,0.30213464696223313,0.49612152553329025,0.4922779922779923,0.10989010989010989,0.8823529411764706,,0.7142857142857143,0.2702702702702703,,0.19047619047619047,0.41379310344827586,,"[3, 5, 6, 7, 8, 10, 12, 20, 23, 24, 25]",10,LW,LW,3,12,6.0,10,64,0.001,,10
CNN,0.2749625187406297,0.450640424867229,0.4216269841269842,0.1134020618556701,0.7878787878787878,,0.6111111111111112,0.23214285714285715,,0.19130434782608696,0.3586206896551724,,"[3, 5, 6, 7, 8, 10, 12, 20, 23, 24, 25]",12,LW,LW,3,12,6.0,10,64,0.001,,10
CNN,0.4603960396039604,0.5,0.42660550458715596,1.0,0.0,,0.8532110091743119,0.0,,0.9207920792079208,0.0,,"[3, 5, 6, 7, 8, 10, 12, 20, 23, 24, 25]",20,LW,LW,3,12,6.0,10,64,0.001,,10
CNN,0.5297805642633229,0.5901262916188289,0.5516787360105332,0.6417910447761194,0.5384615384615384,,0.8775510204081632,0.22580645161290322,,0.7413793103448276,0.3181818181818182,,"[3, 5, 6, 7, 8, 10, 12, 20, 23, 24, 25]",23,LW,LW,3,12,6.0,10,64,0.001,,10
CNN,0.48547652692730414,0.5059090909090909,0.5154761904761904,0.9318181818181818,0.08,,0.780952380952381,0.25,,0.8497409326424871,0.12121212121212122,,"[3, 5, 6, 7, 8, 10, 12, 20, 23, 24, 25]",24,LW,LW,3,12,6.0,10,64,0.001,,10
CNN,0.5087719298245614,0.577788191190253,0.5329888712241654,0.7010309278350515,0.45454545454545453,,0.918918918918919,0.14705882352941177,,0.7953216374269005,0.2222222222222222,,"[3, 5, 6, 7, 8, 10, 12, 20, 23, 24, 25]",25,LW,LW,3,12,6.0,10,64,0.001,,10
CNN,0.4615097856477167,0.5122685185185185,0.6261904761904762,0.9875,0.037037037037037035,,0.7523809523809524,0.5,,0.8540540540540541,0.06896551724137931,,"[3, 5, 6, 7, 8, 10, 12, 20, 23, 24, 25]",03,LW,LW,3,32,6.0,10,64,0.001,,10
CNN,0.22666666666666666,0.5,0.14655172413793102,0.0,1.0,,0.0,0.29310344827586204,,0.0,0.4533333333333333,,"[3, 5, 6, 7, 8, 10, 12, 20, 23, 24, 25]",05,LW,LW,3,32,6.0,10,64,0.001,,10
CNN,0.5071507150715071,0.5119617224880383,0.5166889185580774,0.8421052631578947,0.18181818181818182,,0.7476635514018691,0.2857142857142857,,0.7920792079207921,0.2222222222222222,,"[3, 5, 6, 7, 8, 10, 12, 20, 23, 24, 25]",06,LW,LW,3,32,6.0,10,64,0.001,,10
CNN,0.2727272727272727,0.5,0.1875,0.0,1.0,,0.0,0.375,,0.0,0.5454545454545454,,"[3, 5, 6, 7, 8, 10, 12, 20, 23, 24, 25]",07,LW,LW,3,32,6.0,10,64,0.001,,10
CNN,0.45454545454545453,0.5,0.4166666666666667,1.0,0.0,,0.8333333333333334,0.0,,0.9090909090909091,0.0,,"[3, 5, 6, 7, 8, 10, 12, 20, 23, 24, 25]",08,LW,LW,3,32,6.0,10,64,0.001,,10
CNN,0.4158878504672897,0.489010989010989,0.3617886178861789,0.978021978021978,0.0,,0.7235772357723578,0.0,,0.8317757009345794,0.0,,"[3, 5, 6, 7, 8, 10, 12, 20, 23, 24, 25]",10,LW,LW,3,32,6.0,10,64,0.001,,10
CNN,0.465796470872613,0.46719775070290537,0.46499999999999997,0.7525773195876289,0.18181818181818182,,0.73,0.2,,0.7411167512690355,0.19047619047619047,,"[3, 5, 6, 7, 8, 10, 12, 20, 23, 24, 25]",12,LW,LW,3,32,6.0,10,64,0.001,,10
CNN,0.4365177832919769,0.4724462365591398,0.4858523119392685,0.5698924731182796,0.375,,0.8412698412698413,0.13043478260869565,,0.6794871794871795,0.1935483870967742,,"[3, 5, 6, 7, 8, 10, 12, 20, 23, 24, 25]",20,LW,LW,3,32,6.0,10,64,0.001,,10
CNN,0.4520547945205479,0.4925373134328358,0.4177215189873418,0.9850746268656716,0.0,,0.8354430379746836,0.0,,0.9041095890410958,0.0,,"[3, 5, 6, 7, 8, 10, 12, 20, 23, 24, 25]",23,LW,LW,3,32,6.0,10,64,0.001,,10
CNN,0.43781094527363185,0.5,0.3893805309734513,1.0,0.0,,0.7787610619469026,0.0,,0.8756218905472637,0.0,,"[3, 5, 6, 7, 8, 10, 12, 20, 23, 24, 25]",24,LW,LW,3,32,6.0,10,64,0.001,,10
CNN,0.47317073170731705,0.5,0.44907407407407407,1.0,0.0,,0.8981481481481481,0.0,,0.9463414634146341,0.0,,"[3, 5, 6, 7, 8, 10, 12, 20, 23, 24, 25]",25,LW,LW,3,32,6.0,10,64,0.001,,10
CNN,0.2553113553113553,0.525,0.6310679611650485,0.05,1.0,,1.0,0.2621359223300971,,0.09523809523809523,0.4153846153846154,,"[3, 5, 6, 7, 8, 10, 12, 20, 23, 24, 25]",03,LW,LW,3,2,6.0,10,64,0.001,,10
CNN,0.43626168224299067,0.5692252510760402,0.5848351648351648,0.25609756097560976,0.8823529411764706,,0.84,0.32967032967032966,,0.3925233644859813,0.48,,"[3, 5, 6, 7, 8, 10, 12, 20, 23, 24, 25]",05,LW,LW,3,2,6.0,10,64,0.001,,10
CNN,0.48919188560026605,0.4902711323763955,0.4893765238592825,0.7684210526315789,0.21212121212121213,,0.7373737373737373,0.2413793103448276,,0.7525773195876289,0.22580645161290322,,"[3, 5, 6, 7, 8, 10, 12, 20, 23, 24, 25]",06,LW,LW,3,2,6.0,10,64,0.001,,10
CNN,0.46299483648881234,0.5384615384615384,0.8217821782178218,1.0,0.07692307692307693,,0.6435643564356436,1.0,,0.7831325301204819,0.14285714285714285,,"[3, 5, 6, 7, 8, 10, 12, 20, 23, 24, 25]",07,LW,LW,3,2,6.0,10,64,0.001,,10
CNN,0.14285714285714285,0.5,0.08333333333333333,0.0,1.0,,0.0,0.16666666666666666,,0.0,0.2857142857142857,,"[3, 5, 6, 7, 8, 10, 12, 20, 23, 24, 25]",08,LW,LW,3,2,6.0,10,64,0.001,,10
CNN,0.2138364779874214,0.5,0.136,0.0,1.0,,0.0,0.272,,0.0,0.4276729559748428,,"[3, 5, 6, 7, 8, 10, 12, 20, 23, 24, 25]",10,LW,LW,3,2,6.0,10,64,0.001,,10
CNN,0.29704397981254504,0.48609809434551704,0.4768349817803228,0.12371134020618557,0.8484848484848485,,0.7058823529411765,0.24778761061946902,,0.21052631578947367,0.3835616438356164,,"[3, 5, 6, 7, 8, 10, 12, 20, 23, 24, 25]",12,LW,LW,3,2,6.0,10,64,0.001,,10
CNN,0.5130216846463986,0.5725806451612903,0.5387374461979914,0.6451612903225806,0.5,,0.8823529411764706,0.1951219512195122,,0.7453416149068323,0.2807017543859649,,"[3, 5, 6, 7, 8, 10, 12, 20, 23, 24, 25]",20,LW,LW,3,2,6.0,10,64,0.001,,10
CNN,0.4557823129251701,0.5,0.41875,1.0,0.0,,0.8375,0.0,,0.9115646258503401,0.0,,"[3, 5, 6, 7, 8, 10, 12, 20, 23, 24, 25]",23,LW,LW,3,2,6.0,10,64,0.001,,10
CNN,0.18115942028985507,0.5,0.11061946902654868,0.0,1.0,,0.0,0.22123893805309736,,0.0,0.36231884057971014,,"[3, 5, 6, 7, 8, 10, 12, 20, 23, 24, 25]",24,LW,LW,3,2,6.0,10,64,0.001,,10
CNN,0.10342442061570391,0.5051546391752577,0.5514018691588785,0.010309278350515464,1.0,,1.0,0.102803738317757,,0.02040816326530612,0.1864406779661017,,"[3, 5, 6, 7, 8, 10, 12, 20, 23, 24, 25]",25,LW,LW,3,2,6.0,10,64,0.001,,10
LSTM,0.5604460093896714,0.5902777777777778,0.5698924731182795,0.625,0.5555555555555556,,0.8064516129032258,0.3333333333333333,,0.704225352112676,0.4166666666666667,,"[3, 5, 6, 7, 8, 10, 12, 20, 23, 24, 25]",03,LW,LW,3,42,6.0,10,64,0.001,,20
LSTM,0.22666666666666666,0.5,0.14655172413793102,0.0,1.0,,0.0,0.29310344827586204,,0.0,0.4533333333333333,,"[3, 5, 6, 7, 8, 10, 12, 20, 23, 24, 25]",05,LW,LW,3,42,6.0,10,64,0.001,,20
LSTM,0.43968237809223254,0.4671451355661882,0.43546365914786966,0.8736842105263158,0.06060606060606061,,0.7280701754385965,0.14285714285714285,,0.7942583732057417,0.0851063829787234,,"[3, 5, 6, 7, 8, 10, 12, 20, 23, 24, 25]",06,LW,LW,3,42,6.0,10,64,0.001,,20
LSTM,0.35045107564191535,0.4897435897435898,0.47644927536231885,0.1076923076923077,0.8717948717948718,,0.5833333333333334,0.3695652173913043,,0.18181818181818182,0.5190839694656488,,"[3, 5, 6, 7, 8, 10, 12, 20, 23, 24, 25]",07,LW,LW,3,42,6.0,10,64,0.001,,20
LSTM,0.45454545454545453,0.5,0.4166666666666667,1.0,0.0,,0.8333333333333334,0.0,,0.9090909090909091,0.0,,"[3, 5, 6, 7, 8, 10, 12, 20, 23, 24, 25]",08,LW,LW,3,42,6.0,10,64,0.001,,20
LSTM,0.2138364779874214,0.5,0.136,0.0,1.0,,0.0,0.272,,0.0,0.4276729559748428,,"[3, 5, 6, 7, 8, 10, 12, 20, 23, 24, 25]",10,LW,LW,3,42,6.0,10,64,0.001,,20
LSTM,0.2618492618492618,0.4203373945641987,0.3840909090909091,0.1134020618556701,0.7272727272727273,,0.55,0.21818181818181817,,0.18803418803418803,0.3356643356643357,,"[3, 5, 6, 7, 8, 10, 12, 20, 23, 24, 25]",12,LW,LW,3,42,6.0,10,64,0.001,,20
LSTM,0.13967055593685654,0.5053763440860215,0.5740740740740741,0.010752688172043012,1.0,,1.0,0.14814814814814814,,0.02127659574468085,0.25806451612903225,,"[3, 5, 6, 7, 8, 10, 12, 20, 23, 24, 25]",20,LW,LW,3,42,6.0,10,64,0.001,,20
LSTM,0.5303326810176126,0.5384615384615384,0.9240506329113924,1.0,0.07692307692307693,,0.8481012658227848,1.0,,0.9178082191780822,0.14285714285714285,,"[3, 5, 6, 7, 8, 10, 12, 20, 23, 24, 25]",23,LW,LW,3,42,6.0,10,64,0.001,,20
LSTM,0.4619047619047619,0.4972727272727273,0.48888888888888893,0.9545454545454546,0.04,,0.7777777777777778,0.2,,0.8571428571428571,0.06666666666666667,,"[3, 5, 6, 7, 8, 10, 12, 20, 23, 24, 25]",24,LW,LW,3,42,6.0,10,64,0.001,,20
LSTM,0.6142857142857143,0.60543580131209,0.6262626262626263,0.9381443298969072,0.2727272727272727,,0.9191919191919192,0.3333333333333333,,0.9285714285714286,0.3,,"[3, 5, 6, 7, 8, 10, 12, 20, 23, 24, 25]",25,LW,LW,3,42,6.0,10,64,0.001,,20
LSTM,0.42780748663101603,0.5,0.37383177570093457,1.0,0.0,,0.7476635514018691,0.0,,0.8556149732620321,0.0,,"[3, 5, 6, 7, 8, 10, 12, 20, 23, 24, 25]",03,LW,LW,3,12,6.0,10,64,0.001,,20
LSTM,0.4252873563218391,0.4368723098995696,0.42028985507246375,0.7560975609756098,0.11764705882352941,,0.6739130434782609,0.16666666666666666,,0.7126436781609196,0.13793103448275862,,"[3, 5, 6, 7, 8, 10, 12, 20, 23, 24, 25]",05,LW,LW,3,12,6.0,10,64,0.001,,20
LSTM,0.564625850340136,0.5620414673046252,0.5713237990465714,0.8210526315789474,0.30303030303030304,,0.7722772277227723,0.37037037037037035,,0.7959183673469388,0.3333333333333333,,"[3, 5, 6, 7, 8, 10, 12, 20, 23, 24, 25]",06,LW,LW,3,12,6.0,10,64,0.001,,20
LSTM,0.4681818181818182,0.5538461538461539,0.573268921095008,0.26153846153846155,0.8461538461538461,,0.7391304347826086,0.4074074074074074,,0.38636363636363635,0.55,,"[3, 5, 6, 7, 8, 10, 12, 20, 23, 24, 25]",07,LW,LW,3,12,6.0,10,64,0.001,,20
LSTM,0.4207178555202181,0.44705882352941173,0.4701754385964912,0.5411764705882353,0.35294117647058826,,0.8070175438596491,0.13333333333333333,,0.647887323943662,0.1935483870967742,,"[3, 5, 6, 7, 8, 10, 12, 20, 23, 24, 25]",08,LW,LW,3,12,6.0,10,64,0.001,,20
LSTM,0.42887602802314956,0.4579831932773109,0.4212121212121212,0.8571428571428571,0.058823529411764705,,0.7090909090909091,0.13333333333333333,,0.7761194029850746,0.08163265306122448,,"[3, 5, 6, 7, 8, 10, 12, 20, 23, 24, 25]",10,LW,LW,3,12,6.0,10,64,0.001,,20
LSTM,0.3189571150097466,0.5567010309278351,0.6386554621848739,0.1134020618556701,1.0,,1.0,0.2773109243697479,,0.2037037037037037,0.4342105263157895,,"[3, 5, 6, 7, 8, 10, 12, 20, 23, 24, 25]",12,LW,LW,3,12,6.0,10,64,0.001,,20
LSTM,0.13967055593685654,0.5053763440860215,0.5740740740740741,0.010752688172043012,1.0,,1.0,0.14814814814814814,,0.02127659574468085,0.25806451612903225,,"[3, 5, 6, 7, 8, 10, 12, 20, 23, 24, 25]",20,LW,LW,3,12,6.0,10,64,0.001,,20
LSTM,0.411647783740807,0.41389207807118256,0.45,0.5970149253731343,0.23076923076923078,,0.8,0.1,,0.6837606837606838,0.13953488372093023,,"[3, 5, 6, 7, 8, 10, 12, 20, 23, 24, 25]",23,LW,LW,3,12,6.0,10,64,0.001,,20
LSTM,0.42486441385064666,0.4672727272727273,0.47735849056603774,0.45454545454545453,0.48,,0.7547169811320755,0.2,,0.5673758865248227,0.2823529411764706,,"[3, 5, 6, 7, 8, 10, 12, 20, 23, 24, 25]",24,LW,LW,3,12,6.0,10,64,0.001,,20
LSTM,0.2642661240378661,0.401593252108716,0.4551282051282052,0.25773195876288657,0.5454545454545454,,0.8333333333333334,0.07692307692307693,,0.3937007874015748,0.1348314606741573,,"[3, 5, 6, 7, 8, 10, 12, 20, 23, 24, 25]",25,LW,LW,3,12,6.0,10,64,0.001,,20
LSTM,0.2543216580686035,0.49421296296296297,0.48214285714285715,0.0625,0.9259259259259259,,0.7142857142857143,0.25,,0.11494252873563218,0.3937007874015748,,"[3, 5, 6, 7, 8, 10, 12, 20, 23, 24, 25]",03,LW,LW,3,52,6.0,10,64,0.001,,20
LSTM,0.48263778273335456,0.4949784791965567,0.4957932692307692,0.5487804878048781,0.4411764705882353,,0.703125,0.28846153846153844,,0.6164383561643836,0.3488372093023256,,"[3, 5, 6, 7, 8, 10, 12, 20, 23, 24, 25]",05,LW,LW,3,52,6.0,10,64,0.001,,20
LSTM,0.5008862105636299,0.529665071770335,0.6270491803278688,0.968421052631579,0.09090909090909091,,0.7540983606557377,0.5,,0.847926267281106,0.15384615384615385,,"[3, 5, 6, 7, 8, 10, 12, 20, 23, 24, 25]",06,LW,LW,3,52,6.0,10,64,0.001,,20
LSTM,0.42554131683605834,0.4461538461538462,0.42673107890499196,0.7384615384615385,0.15384615384615385,,0.5925925925925926,0.2608695652173913,,0.6575342465753424,0.1935483870967742,,"[3, 5, 6, 7, 8, 10, 12, 20, 23, 24, 25]",07,LW,LW,3,52,6.0,10,64,0.001,,20
LSTM,0.48546721114580826,0.5,0.5,0.9411764705882353,0.058823529411764705,,0.8333333333333334,0.16666666666666666,,0.8839779005524862,0.08695652173913043,,"[3, 5, 6, 7, 8, 10, 12, 20, 23, 24, 25]",08,LW,LW,3,52,6.0,10,64,0.001,,20
LSTM,0.5100174216027875,0.5190691661279896,0.5159632034632035,0.6263736263736264,0.4117647058823529,,0.7402597402597403,0.2916666666666667,,0.6785714285714286,0.34146341463414637,,"[3, 5, 6, 7, 8, 10, 12, 20, 23, 24, 25]",10,LW,LW,3,52,6.0,10,64,0.001,,20
LSTM,0.36119827126872295,0.4921899406435489,0.49166666666666664,0.2268041237113402,0.7575757575757576,,0.7333333333333333,0.25,,0.3464566929133858,0.37593984962406013,,"[3, 5, 6, 7, 8, 10, 12, 20, 23, 24, 25]",12,LW,LW,3,52,6.0,10,64,0.001,,20
LSTM,0.26301555104800545,0.4405241935483871,0.45525783619818,0.1935483870967742,0.6875,,0.782608695652174,0.12790697674418605,,0.3103448275862069,0.21568627450980393,,"[3, 5, 6, 7, 8, 10, 12, 20, 23, 24, 25]",20,LW,LW,3,52,6.0,10,64,0.001,,20
LSTM,0.5138888888888888,0.5235361653272101,0.5887445887445887,0.9701492537313433,0.07692307692307693,,0.8441558441558441,0.3333333333333333,,0.9027777777777778,0.125,,"[3, 5, 6, 7, 8, 10, 12, 20, 23, 24, 25]",23,LW,LW,3,52,6.0,10,64,0.001,,20
LSTM,0.21679561573178596,0.4827272727272727,0.440809968847352,0.045454545454545456,0.92,,0.6666666666666666,0.21495327102803738,,0.0851063829787234,0.3484848484848485,,"[3, 5, 6, 7, 8, 10, 12, 20, 23, 24, 25]",24,LW,LW,3,52,6.0,10,64,0.001,,20
LSTM,0.5588235294117647,0.5454545454545454,0.9532710280373832,1.0,0.09090909090909091,,0.9065420560747663,1.0,,0.9509803921568627,0.16666666666666666,,"[3, 5, 6, 7, 8, 10, 12, 20, 23, 24, 25]",25,LW,LW,3,52,6.0,10,64,0.001,,20
LSTM,0.42780748663101603,0.5,0.37383177570093457,1.0,0.0,,0.7476635514018691,0.0,,0.8556149732620321,0.0,,"[3, 5, 6, 7, 8, 10, 12, 20, 23, 24, 25]",03,LW,LW,3,32,6.0,10,64,0.001,,20
LSTM,0.2214765100671141,0.4852941176470588,0.14347826086956522,0.0,0.9705882352941176,,0.0,0.28695652173913044,,0.0,0.4429530201342282,,"[3, 5, 6, 7, 8, 10, 12, 20, 23, 24, 25]",05,LW,LW,3,32,6.0,10,64,0.001,,20
LSTM,0.42081447963800905,0.48947368421052634,0.36904761904761907,0.9789473684210527,0.0,,0.7380952380952381,0.0,,0.8416289592760181,0.0,,"[3, 5, 6, 7, 8, 10, 12, 20, 23, 24, 25]",06,LW,LW,3,32,6.0,10,64,0.001,,20
LSTM,0.2777777777777778,0.4512820512820513,0.3181148748159057,0.03076923076923077,0.8717948717948718,,0.2857142857142857,0.35051546391752575,,0.05555555555555555,0.5,,"[3, 5, 6, 7, 8, 10, 12, 20, 23, 24, 25]",07,LW,LW,3,32,6.0,10,64,0.001,,20
LSTM,0.43529411764705883,0.43529411764705883,0.43529411764705883,0.8117647058823529,0.058823529411764705,,0.8117647058823529,0.058823529411764705,,0.8117647058823529,0.058823529411764705,,"[3, 5, 6, 7, 8, 10, 12, 20, 23, 24, 25]",08,LW,LW,3,32,6.0,10,64,0.001,,20
LSTM,0.4282744282744283,0.43067226890756305,0.4263898421413864,0.7142857142857143,0.14705882352941177,,0.6914893617021277,0.16129032258064516,,0.7027027027027027,0.15384615384615385,,"[3, 5, 6, 7, 8, 10, 12, 20, 23, 24, 25]",10,LW,LW,3,32,6.0,10,64,0.001,,20
LSTM,0.5243456234168309,0.5290534208059982,0.5461309523809523,0.8762886597938144,0.18181818181818182,,0.7589285714285714,0.3333333333333333,,0.8133971291866029,0.23529411764705882,,"[3, 5, 6, 7, 8, 10, 12, 20, 23, 24, 25]",12,LW,LW,3,32,6.0,10,64,0.001,,20
LSTM,0.45905707196029777,0.5090725806451613,0.5046583850931676,0.5806451612903226,0.4375,,0.8571428571428571,0.15217391304347827,,0.6923076923076923,0.22580645161290322,,"[3, 5, 6, 7, 8, 10, 12, 20, 23, 24, 25]",20,LW,LW,3,32,6.0,10,64,0.001,,20
LSTM,0.5783926218708828,0.5706084959816303,0.596244131455399,0.9104477611940298,0.23076923076923078,,0.8591549295774648,0.3333333333333333,,0.8840579710144928,0.2727272727272727,,"[3, 5, 6, 7, 8, 10, 12, 20, 23, 24, 25]",23,LW,LW,3,32,6.0,10,64,0.001,,20
LSTM,0.47134502923976607,0.48886363636363633,0.4781639928698752,0.8977272727272727,0.08,,0.7745098039215687,0.18181818181818182,,0.8315789473684211,0.1111111111111111,,"[3, 5, 6, 7, 8, 10, 12, 20, 23, 24, 25]",24,LW,LW,3,32,6.0,10,64,0.001,,20
LSTM,0.5056037884767166,0.528116213683224,0.5148809523809523,0.7835051546391752,0.2727272727272727,,0.9047619047619048,0.125,,0.8397790055248618,0.17142857142857143,,"[3, 5, 6, 7, 8, 10, 12, 20, 23, 24, 25]",25,LW,LW,3,32,6.0,10,64,0.001,,20
LSTM,0.42162162162162165,0.4875,0.37142857142857144,0.975,0.0,,0.7428571428571429,0.0,,0.8432432432432433,0.0,,"[3, 5, 6, 7, 8, 10, 12, 20, 23, 24, 25]",03,LW,LW,3,82,6.0,10,64,0.001,,20
LSTM,0.41414141414141414,0.5,0.35344827586206895,1.0,0.0,,0.7068965517241379,0.0,,0.8282828282828283,0.0,,"[3, 5, 6, 7, 8, 10, 12, 20, 23, 24, 25]",05,LW,LW,3,82,6.0,10,64,0.001,,20
LSTM,0.4260089686098655,0.5,0.37109375,1.0,0.0,,0.7421875,0.0,,0.852017937219731,0.0,,"[3, 5, 6, 7, 8, 10, 12, 20, 23, 24, 25]",06,LW,LW,3,82,6.0,10,64,0.001,,20
LSTM,0.43332990644597513,0.43846153846153846,0.4322916666666667,0.6461538461538462,0.23076923076923078,,0.5833333333333334,0.28125,,0.6131386861313869,0.2535211267605634,,"[3, 5, 6, 7, 8, 10, 12, 20, 23, 24, 25]",07,LW,LW,3,82,6.0,10,64,0.001,,20
LSTM,0.15569570358691368,0.5058823529411764,0.5841584158415841,0.011764705882352941,1.0,,1.0,0.16831683168316833,,0.023255813953488372,0.288135593220339,,"[3, 5, 6, 7, 8, 10, 12, 20, 23, 24, 25]",08,LW,LW,3,82,6.0,10,64,0.001,,20
LSTM,0.5281400137268359,0.5279573367808662,0.5318483063328424,0.7912087912087912,0.2647058823529412,,0.7422680412371134,0.32142857142857145,,0.7659574468085106,0.2903225806451613,,"[3, 5, 6, 7, 8, 10, 12, 20, 23, 24, 25]",10,LW,LW,3,82,6.0,10,64,0.001,,20
LSTM,0.20245398773006135,0.5,0.12692307692307692,0.0,1.0,,0.0,0.25384615384615383,,0.0,0.4049079754601227,,"[3, 5, 6, 7, 8, 10, 12, 20, 23, 24, 25]",12,LW,LW,3,82,6.0,10,64,0.001,,20
LSTM,0.5458333333333334,0.5843413978494624,0.5509334415584415,0.7311827956989247,0.4375,,0.8831168831168831,0.21875,,0.8,0.2916666666666667,,"[3, 5, 6, 7, 8, 10, 12, 20, 23, 24, 25]",20,LW,LW,3,82,6.0,10,64,0.001,,20
LSTM,0.23642622437803162,0.3897818599311137,0.40625,0.16417910447761194,0.6153846153846154,,0.6875,0.125,,0.26506024096385544,0.2077922077922078,,"[3, 5, 6, 7, 8, 10, 12, 20, 23, 24, 25]",23,LW,LW,3,82,6.0,10,64,0.001,,20
LSTM,0.48636363636363633,0.48636363636363633,0.48636363636363633,0.7727272727272727,0.2,,0.7727272727272727,0.2,,0.7727272727272727,0.2,,"[3, 5, 6, 7, 8, 10, 12, 20, 23, 24, 25]",24,LW,LW,3,82,6.0,10,64,0.001,,20
LSTM,0.1826625386996904,0.3851921274601687,0.420814479638009,0.13402061855670103,0.6363636363636364,,0.7647058823529411,0.07692307692307693,,0.22807017543859648,0.13725490196078433,,"[3, 5, 6, 7, 8, 10, 12, 20, 23, 24, 25]",25,LW,LW,3,82,6.0,10,64,0.001,,20
LSTM,0.5535353535353535,0.5925925925925926,0.5793650793650793,0.5185185185185185,0.6666666666666666,,0.7777777777777778,0.38095238095238093,,0.6222222222222222,0.48484848484848486,,"[2, 5, 6, 9, 10, 11, 13, 15, 16, 17, 18, 19, 20, 24]",02,RW,RW,5,42,7.25,13,64,0.001,,30
LSTM,0.23894348894348896,0.48249299719887956,0.39035087719298245,0.023809523809523808,0.9411764705882353,,0.5,0.2807017543859649,,0.045454545454545456,0.43243243243243246,,"[2, 5, 6, 9, 10, 11, 13, 15, 16, 17, 18, 19, 20, 24]",05,RW,RW,5,42,7.25,13,64,0.001,,30
LSTM,0.48580020046775807,0.521551724137931,0.5305944055944056,0.7931034482758621,0.25,,0.5227272727272727,0.5384615384615384,,0.6301369863013698,0.34146341463414637,,"[2, 5, 6, 9, 10, 11, 13, 15, 16, 17, 18, 19, 20, 24]",06,RW,RW,5,42,7.25,13,64,0.001,,30
LSTM,0.5224149895905621,0.5372807017543859,0.5544096728307254,0.25,0.8245614035087719,,0.47368421052631576,0.6351351351351351,,0.32727272727272727,0.7175572519083969,,"[2, 5, 6, 9, 10, 11, 13, 15, 16, 17, 18, 19, 20, 24]",09,RW,RW,5,42,7.25,13,64,0.001,,30
LSTM,0.3221476510067114,0.5,0.2376237623762376,1.0,0.0,,0.4752475247524752,0.0,,0.6442953020134228,0.0,,"[2, 5, 6, 9, 10, 11, 13, 15, 16, 17, 18, 19, 20, 24]",10,RW,RW,5,42,7.25,13,64,0.001,,30
LSTM,0.33518241945807553,0.5119047619047619,0.7266666666666667,0.023809523809523808,1.0,,1.0,0.4533333333333333,,0.046511627906976744,0.6238532110091743,,"[2, 5, 6, 9, 10, 11, 13, 15, 16, 17, 18, 19, 20, 24]",11,RW,RW,5,42,7.25,13,64,0.001,,30
LSTM,0.4774305555555556,0.5116279069767442,0.5157509157509157,0.2558139534883721,0.7674418604651163,,0.5238095238095238,0.5076923076923077,,0.34375,0.6111111111111112,,"[2, 5, 6, 9, 10, 11, 13, 15, 16, 17, 18, 19, 20, 24]",13,RW,RW,5,42,7.25,13,64,0.001,,30
LSTM,0.3333333333333333,0.4696969696969697,0.25833333333333336,0.0,0.9393939393939394,,0.0,0.5166666666666667,,0.0,0.6666666666666666,,"[2, 5, 6, 9, 10, 11, 13, 15, 16, 17, 18, 19, 20, 24]",15,RW,RW,5,42,7.25,13,64,0.001,,30
LSTM,0.42613861386138613,0.5208333333333334,0.814516129032258,1.0,0.041666666666666664,,0.6290322580645161,1.0,,0.7722772277227723,0.08,,"[2, 5, 6, 9, 10, 11, 13, 15, 16, 17, 18, 19, 20, 24]",16,RW,RW,5,42,7.25,13,64,0.001,,30
LSTM,0.2770335857115123,0.4916855631141345,0.42567567567567566,0.9629629629629629,0.02040816326530612,,0.35135135135135137,0.5,,0.5148514851485149,0.0392156862745098,,"[2, 5, 6, 9, 10, 11, 13, 15, 16, 17, 18, 19, 20, 24]",17,RW,RW,5,42,7.25,13,64,0.001,,30
LSTM,0.27586206896551724,0.5,0.19047619047619047,1.0,0.0,,0.38095238095238093,0.0,,0.5517241379310345,0.0,,"[2, 5, 6, 9, 10, 11, 13, 15, 16, 17, 18, 19, 20, 24]",18,RW,RW,5,42,7.25,13,64,0.001,,30
LSTM,0.32786885245901637,0.5,0.24390243902439024,0.0,1.0,,0.0,0.4878048780487805,,0.0,0.6557377049180327,,"[2, 5, 6, 9, 10, 11, 13, 15, 16, 17, 18, 19, 20, 24]",19,RW,RW,5,42,7.25,13,64,0.001,,30
LSTM,0.36284584980237156,0.39206349206349206,0.37857142857142856,0.5555555555555556,0.22857142857142856,,0.35714285714285715,0.4,,0.43478260869565216,0.2909090909090909,,"[2, 5, 6, 9, 10, 11, 13, 15, 16, 17, 18, 19, 20, 24]",20,RW,RW,5,42,7.25,13,64,0.001,,30
LSTM,0.4007155635062612,0.49464285714285716,0.4872881355932204,0.11428571428571428,0.875,,0.5,0.4745762711864407,,0.18604651162790697,0.6153846153846154,,"[2, 5, 6, 9, 10, 11, 13, 15, 16, 17, 18, 19, 20, 24]",24,RW,RW,5,42,7.25,13,64,0.001,,30
LSTM,0.5128205128205128,0.6018518518518519,0.6018518518518519,0.37037037037037035,0.8333333333333334,,0.8333333333333334,0.37037037037037035,,0.5128205128205128,0.5128205128205128,,"[2, 5, 6, 9, 10, 11, 13, 15, 16, 17, 18, 19, 20, 24]",02,RW,RW,5,100,7.25,13,64,0.001,,30
LSTM,0.34058823529411764,0.5126050420168067,0.5220588235294118,0.14285714285714285,0.8823529411764706,,0.75,0.29411764705882354,,0.24,0.4411764705882353,,"[2, 5, 6, 9, 10, 11, 13, 15, 16, 17, 18, 19, 20, 24]",05,RW,RW,5,100,7.25,13,64,0.001,,30
LSTM,0.3372093023255814,0.5,0.2543859649122807,1.0,0.0,,0.5087719298245614,0.0,,0.6744186046511628,0.0,,"[2, 5, 6, 9, 10, 11, 13, 15, 16, 17, 18, 19, 20, 24]",06,RW,RW,5,100,7.25,13,64,0.001,,30
LSTM,0.4908561444379732,0.5007309941520468,0.5006957328385899,0.5277777777777778,0.47368421052631576,,0.3877551020408163,0.6136363636363636,,0.4470588235294118,0.5346534653465347,,"[2, 5, 6, 9, 10, 11, 13, 15, 16, 17, 18, 19, 20, 24]",09,RW,RW,5,100,7.25,13,64,0.001,,30
LSTM,0.42937853107344637,0.4549921383647799,0.44723502304147467,0.6458333333333334,0.2641509433962264,,0.44285714285714284,0.45161290322580644,,0.5254237288135594,0.3333333333333333,,"[2, 5, 6, 9, 10, 11, 13, 15, 16, 17, 18, 19, 20, 24]",10,RW,RW,5,100,7.25,13,64,0.001,,30
LSTM,0.3090909090909091,0.5,0.2236842105263158,0.0,1.0,,0.0,0.4473684210526316,,0.0,0.6181818181818182,,"[2, 5, 6, 9, 10, 11, 13, 15, 16, 17, 18, 19, 20, 24]",11,RW,RW,5,100,7.25,13,64,0.001,,30
LSTM,0.3333333333333333,0.5,0.25,0.0,1.0,,0.0,0.5,,0.0,0.6666666666666666,,"[2, 5, 6, 9, 10, 11, 13, 15, 16, 17, 18, 19, 20, 24]",13,RW,RW,5,100,7.25,13,64,0.001,,30
LSTM,0.47159090909090906,0.5370950888192267,0.5632798573975044,0.8620689655172413,0.21212121212121213,,0.49019607843137253,0.6363636363636364,,0.625,0.3181818181818182,,"[2, 5, 6, 9, 10, 11, 13, 15, 16, 17, 18, 19, 20, 24]",15,RW,RW,5,100,7.25,13,64,0.001,,30
LSTM,0.37623762376237624,0.48717948717948717,0.3064516129032258,0.9743589743589743,0.0,,0.6129032258064516,0.0,,0.7524752475247525,0.0,,"[2, 5, 6, 9, 10, 11, 13, 15, 16, 17, 18, 19, 20, 24]",16,RW,RW,5,100,7.25,13,64,0.001,,30
LSTM,0.4774637127578304,0.5249433106575964,0.5785714285714285,0.1111111111111111,0.9387755102040817,,0.5,0.6571428571428571,,0.18181818181818182,0.773109243697479,,"[2, 5, 6, 9, 10, 11, 13, 15, 16, 17, 18, 19, 20, 24]",17,RW,RW,5,100,7.25,13,64,0.001,,30
LSTM,0.27586206896551724,0.5,0.19047619047619047,1.0,0.0,,0.38095238095238093,0.0,,0.5517241379310345,0.0,,"[2, 5, 6, 9, 10, 11, 13, 15, 16, 17, 18, 19, 20, 24]",18,RW,RW,5,100,7.25,13,64,0.001,,30
LSTM,0.32786885245901637,0.5,0.24390243902439024,0.0,1.0,,0.0,0.4878048780487805,,0.0,0.6557377049180327,,"[2, 5, 6, 9, 10, 11, 13, 15, 16, 17, 18, 19, 20, 24]",19,RW,RW,5,100,7.25,13,64,0.001,,30
LSTM,0.30337078651685395,0.5,0.21774193548387097,1.0,0.0,,0.43548387096774194,0.0,,0.6067415730337079,0.0,,"[2, 5, 6, 9, 10, 11, 13, 15, 16, 17, 18, 19, 20, 24]",20,RW,RW,5,100,7.25,13,64,0.001,,30
LSTM,0.5836593785960874,0.60625,0.626595744680851,0.4,0.8125,,0.7,0.5531914893617021,,0.509090909090909,0.6582278481012658,,"[2, 5, 6, 9, 10, 11, 13, 15, 16, 17, 18, 19, 20, 24]",24,RW,RW,5,100,7.25,13,64,0.001,,30
LSTM,0.3641304347826087,0.37037037037037035,0.3894736842105263,0.4074074074074074,0.3333333333333333,,0.5789473684210527,0.2,,0.4782608695652174,0.25,,"[2, 5, 6, 9, 10, 11, 13, 15, 16, 17, 18, 19, 20, 24]",02,RW,RW,5,22,7.25,13,64,0.001,,50
LSTM,0.4412878787878788,0.48179271708683474,0.45185185185185184,0.9047619047619048,0.058823529411764705,,0.7037037037037037,0.2,,0.7916666666666666,0.09090909090909091,,"[2, 5, 6, 9, 10, 11, 13, 15, 16, 17, 18, 19, 20, 24]",05,RW,RW,5,22,7.25,13,64,0.001,,50
LSTM,0.40962245238890743,0.46120689655172414,0.44166666666666665,0.1724137931034483,0.75,,0.4166666666666667,0.4666666666666667,,0.24390243902439024,0.5753424657534246,,"[2, 5, 6, 9, 10, 11, 13, 15, 16, 17, 18, 19, 20, 24]",06,RW,RW,5,22,7.25,13,64,0.001,,50
LSTM,0.5025581395348837,0.5146198830409356,0.5139534883720931,0.5555555555555556,0.47368421052631576,,0.4,0.627906976744186,,0.46511627906976744,0.54,,"[2, 5, 6, 9, 10, 11, 13, 15, 16, 17, 18, 19, 20, 24]",09,RW,RW,5,22,7.25,13,64,0.001,,50
LSTM,0.4677339166749528,0.48231132075471694,0.4807692307692308,0.625,0.33962264150943394,,0.46153846153846156,0.5,,0.5309734513274337,0.4044943820224719,,"[2, 5, 6, 9, 10, 11, 13, 15, 16, 17, 18, 19, 20, 24]",10,RW,RW,5,22,7.25,13,64,0.001,,50
LSTM,0.4385964912280702,0.5322128851540616,0.6597222222222222,0.9761904761904762,0.08823529411764706,,0.5694444444444444,0.75,,0.7192982456140351,0.15789473684210525,,"[2, 5, 6, 9, 10, 11, 13, 15, 16, 17, 18, 19, 20, 24]",11,RW,RW,5,22,7.25,13,64,0.001,,50
LSTM,0.4070634585619811,0.43023255813953487,0.4173076923076923,0.23255813953488372,0.627906976744186,,0.38461538461538464,0.45,,0.2898550724637681,0.5242718446601942,,"[2, 5, 6, 9, 10, 11, 13, 15, 16, 17, 18, 19, 20, 24]",13,RW,RW,5,22,7.25,13,64,0.001,,50
LSTM,0.41287878787878785,0.49111807732497387,0.47792207792207786,0.10344827586206896,0.8787878787878788,,0.42857142857142855,0.5272727272727272,,0.16666666666666666,0.6590909090909091,,"[2, 5, 6, 9, 10, 11, 13, 15, 16, 17, 18, 19, 20, 24]",15,RW,RW,5,22,7.25,13,64,0.001,,50
LSTM,0.5507640067911714,0.578525641025641,0.6875,0.9487179487179487,0.20833333333333334,,0.6607142857142857,0.7142857142857143,,0.7789473684210526,0.3225806451612903,,"[2, 5, 6, 9, 10, 11, 13, 15, 16, 17, 18, 19, 20, 24]",16,RW,RW,5,22,7.25,13,64,0.001,,50
LSTM,0.392,0.5,0.3223684210526316,0.0,1.0,,0.0,0.6447368421052632,,0.0,0.784,,"[2, 5, 6, 9, 10, 11, 13, 15, 16, 17, 18, 19, 20, 24]",17,RW,RW,5,22,7.25,13,64,0.001,,50
LSTM,0.40344332855093257,0.41666666666666663,0.4002557544757033,0.16666666666666666,0.6666666666666666,,0.23529411764705882,0.5652173913043478,,0.1951219512195122,0.611764705882353,,"[2, 5, 6, 9, 10, 11, 13, 15, 16, 17, 18, 19, 20, 24]",18,RW,RW,5,22,7.25,13,64,0.001,,50
LSTM,0.4386904761904762,0.4398809523809524,0.4395933014354067,0.40476190476190477,0.475,,0.4473684210526316,0.4318181818181818,,0.425,0.4523809523809524,,"[2, 5, 6, 9, 10, 11, 13, 15, 16, 17, 18, 19, 20, 24]",19,RW,RW,5,22,7.25,13,64,0.001,,50
LSTM,0.36082474226804123,0.5,0.28225806451612906,0.0,1.0,,0.0,0.5645161290322581,,0.0,0.7216494845360825,,"[2, 5, 6, 9, 10, 11, 13, 15, 16, 17, 18, 19, 20, 24]",20,RW,RW,5,22,7.25,13,64,0.001,,50
LSTM,0.5365612648221344,0.5691964285714286,0.6044474393530997,0.8571428571428571,0.28125,,0.5660377358490566,0.6428571428571429,,0.6818181818181818,0.391304347826087,,"[2, 5, 6, 9, 10, 11, 13, 15, 16, 17, 18, 19, 20, 24]",24,RW,RW,5,22,7.25,13,64,0.001,,50
LSTM,0.5568181818181819,0.5555555555555556,0.5620689655172414,0.7777777777777778,0.3333333333333333,,0.7241379310344828,0.4,,0.75,0.36363636363636365,,"[2, 5, 6, 9, 10, 11, 13, 15, 16, 17, 18, 19, 20, 24]",02,RW,RW,5,52,7.25,13,64,0.001,,50
LSTM,0.669467787114846,0.669467787114846,0.669467787114846,0.8095238095238095,0.5294117647058824,,0.8095238095238095,0.5294117647058824,,0.8095238095238095,0.5294117647058824,,"[2, 5, 6, 9, 10, 11, 13, 15, 16, 17, 18, 19, 20, 24]",05,RW,RW,5,52,7.25,13,64,0.001,,50
LSTM,0.36666666666666664,0.500615763546798,0.5045454545454545,0.9655172413793104,0.03571428571428571,,0.509090909090909,0.5,,0.6666666666666666,0.06666666666666667,,"[2, 5, 6, 9, 10, 11, 13, 15, 16, 17, 18, 19, 20, 24]",06,RW,RW,5,52,7.25,13,64,0.001,,50
LSTM,0.4572829131652661,0.4641812865497076,0.46597222222222223,0.4722222222222222,0.45614035087719296,,0.3541666666666667,0.5777777777777777,,0.40476190476190477,0.5098039215686274,,"[2, 5, 6, 9, 10, 11, 13, 15, 16, 17, 18, 19, 20, 24]",09,RW,RW,5,52,7.25,13,64,0.001,,50
LSTM,0.3628942486085343,0.5188679245283019,0.7424242424242424,1.0,0.03773584905660377,,0.48484848484848486,1.0,,0.6530612244897959,0.07272727272727272,,"[2, 5, 6, 9, 10, 11, 13, 15, 16, 17, 18, 19, 20, 24]",10,RW,RW,5,52,7.25,13,64,0.001,,50
LSTM,0.5476190476190477,0.5476190476190477,0.5476190476190477,0.5952380952380952,0.5,,0.5952380952380952,0.5,,0.5952380952380952,0.5,,"[2, 5, 6, 9, 10, 11, 13, 15, 16, 17, 18, 19, 20, 24]",11,RW,RW,5,52,7.25,13,64,0.001,,50
LSTM,0.5135746606334841,0.5348837209302326,0.5422950819672132,0.32558139534883723,0.7441860465116279,,0.56,0.5245901639344263,,0.4117647058823529,0.6153846153846154,,"[2, 5, 6, 9, 10, 11, 13, 15, 16, 17, 18, 19, 20, 24]",13,RW,RW,5,52,7.25,13,64,0.001,,50
LSTM,0.4789915966386554,0.4796238244514106,0.4793650793650793,0.41379310344827586,0.5454545454545454,,0.4444444444444444,0.5142857142857142,,0.42857142857142855,0.5294117647058824,,"[2, 5, 6, 9, 10, 11, 13, 15, 16, 17, 18, 19, 20, 24]",15,RW,RW,5,52,7.25,13,64,0.001,,50
LSTM,0.4107744107744108,0.49519230769230765,0.475,0.9487179487179487,0.041666666666666664,,0.6166666666666667,0.3333333333333333,,0.7474747474747475,0.07407407407407407,,"[2, 5, 6, 9, 10, 11, 13, 15, 16, 17, 18, 19, 20, 24]",16,RW,RW,5,52,7.25,13,64,0.001,,50
LSTM,0.4462984723854289,0.4841269841269841,0.46818181818181814,0.1111111111111111,0.8571428571428571,,0.3,0.6363636363636364,,0.16216216216216217,0.7304347826086957,,"[2, 5, 6, 9, 10, 11, 13, 15, 16, 17, 18, 19, 20, 24]",17,RW,RW,5,52,7.25,13,64,0.001,,50
LSTM,0.26744186046511625,0.4791666666666667,0.18548387096774194,0.9583333333333334,0.0,,0.3709677419354839,0.0,,0.5348837209302325,0.0,,"[2, 5, 6, 9, 10, 11, 13, 15, 16, 17, 18, 19, 20, 24]",18,RW,RW,5,52,7.25,13,64,0.001,,50
LSTM,0.49083749810692107,0.49702380952380953,0.49683744465528146,0.6190476190476191,0.375,,0.5098039215686274,0.4838709677419355,,0.5591397849462365,0.4225352112676056,,"[2, 5, 6, 9, 10, 11, 13, 15, 16, 17, 18, 19, 20, 24]",19,RW,RW,5,52,7.25,13,64,0.001,,50
LSTM,0.36232735821334117,0.4873015873015873,0.4642857142857143,0.8888888888888888,0.08571428571428572,,0.42857142857142855,0.5,,0.5783132530120482,0.14634146341463414,,"[2, 5, 6, 9, 10, 11, 13, 15, 16, 17, 18, 19, 20, 24]",20,RW,RW,5,52,7.25,13,64,0.001,,50
LSTM,0.3431372549019608,0.5,0.26119402985074625,1.0,0.0,,0.5223880597014925,0.0,,0.6862745098039216,0.0,,"[2, 5, 6, 9, 10, 11, 13, 15, 16, 17, 18, 19, 20, 24]",24,RW,RW,5,52,7.25,13,64,0.001,,50
LSTM,0.23529411764705882,0.5,0.15384615384615385,0.0,1.0,,0.0,0.3076923076923077,,0.0,0.47058823529411764,,"[2, 5, 6, 9, 10, 11, 13, 15, 16, 17, 18, 19, 20, 24]",02,RW,RW,5,72,7.25,13,64,0.001,,40
LSTM,0.4496809032891507,0.49369747899159666,0.47954545454545455,0.9285714285714286,0.058823529411764705,,0.7090909090909091,0.25,,0.8041237113402062,0.09523809523809523,,"[2, 5, 6, 9, 10, 11, 13, 15, 16, 17, 18, 19, 20, 24]",05,RW,RW,5,72,7.25,13,64,0.001,,40
LSTM,0.4242424242424242,0.44150246305418717,0.4342105263157895,0.27586206896551724,0.6071428571428571,,0.42105263157894735,0.4473684210526316,,0.3333333333333333,0.5151515151515151,,"[2, 5, 6, 9, 10, 11, 13, 15, 16, 17, 18, 19, 20, 24]",06,RW,RW,5,72,7.25,13,64,0.001,,40
LSTM,0.46466625842008574,0.4649122807017544,0.4645320197044335,0.3333333333333333,0.5964912280701754,,0.34285714285714286,0.5862068965517241,,0.3380281690140845,0.591304347826087,,"[2, 5, 6, 9, 10, 11, 13, 15, 16, 17, 18, 19, 20, 24]",09,RW,RW,5,72,7.25,13,64,0.001,,40
LSTM,0.4081813156440022,0.4931210691823899,0.48563218390804597,0.8541666666666666,0.1320754716981132,,0.47126436781609193,0.5,,0.6074074074074074,0.208955223880597,,"[2, 5, 6, 9, 10, 11, 13, 15, 16, 17, 18, 19, 20, 24]",10,RW,RW,5,72,7.25,13,64,0.001,,40
LSTM,0.47038327526132406,0.47058823529411764,0.4708333333333333,0.5,0.4411764705882353,,0.525,0.4166666666666667,,0.5121951219512195,0.42857142857142855,,"[2, 5, 6, 9, 10, 11, 13, 15, 16, 17, 18, 19, 20, 24]",11,RW,RW,5,72,7.25,13,64,0.001,,40
LSTM,0.43585049580472923,0.5,0.5,0.16279069767441862,0.8372093023255814,,0.5,0.5,,0.24561403508771928,0.6260869565217392,,"[2, 5, 6, 9, 10, 11, 13, 15, 16, 17, 18, 19, 20, 24]",13,RW,RW,5,72,7.25,13,64,0.001,,40
LSTM,0.4352042315603879,0.48014629049111807,0.4683333333333334,0.1724137931034483,0.7878787878787878,,0.4166666666666667,0.52,,0.24390243902439024,0.6265060240963856,,"[2, 5, 6, 9, 10, 11, 13, 15, 16, 17, 18, 19, 20, 24]",15,RW,RW,5,72,7.25,13,64,0.001,,40
LSTM,0.5157699443413729,0.5160256410256411,0.5157894736842106,0.6153846153846154,0.4166666666666667,,0.631578947368421,0.4,,0.6233766233766234,0.40816326530612246,,"[2, 5, 6, 9, 10, 11, 13, 15, 16, 17, 18, 19, 20, 24]",16,RW,RW,5,72,7.25,13,64,0.001,,40
LSTM,0.2621359223300971,0.5,0.17763157894736842,1.0,0.0,,0.35526315789473684,0.0,,0.5242718446601942,0.0,,"[2, 5, 6, 9, 10, 11, 13, 15, 16, 17, 18, 19, 20, 24]",17,RW,RW,5,72,7.25,13,64,0.001,,40
LSTM,0.44518675979350136,0.46794871794871795,0.45384615384615384,0.16666666666666666,0.7692307692307693,,0.3076923076923077,0.6,,0.21621621621621623,0.6741573033707865,,"[2, 5, 6, 9, 10, 11, 13, 15, 16, 17, 18, 19, 20, 24]",18,RW,RW,5,72,7.25,13,64,0.001,,40
LSTM,0.3658536585365854,0.5125,0.7592592592592593,1.0,0.025,,0.5185185185185185,1.0,,0.6829268292682927,0.04878048780487805,,"[2, 5, 6, 9, 10, 11, 13, 15, 16, 17, 18, 19, 20, 24]",19,RW,RW,5,72,7.25,13,64,0.001,,40
LSTM,0.29880952380952386,0.4402116402116402,0.3017543859649123,0.8518518518518519,0.02857142857142857,,0.40350877192982454,0.2,,0.5476190476190477,0.05,,"[2, 5, 6, 9, 10, 11, 13, 15, 16, 17, 18, 19, 20, 24]",20,RW,RW,5,72,7.25,13,64,0.001,,40
LSTM,0.4585858585858586,0.5388392857142857,0.5833333333333333,0.17142857142857143,0.90625,,0.6666666666666666,0.5,,0.2727272727272727,0.6444444444444445,,"[2, 5, 6, 9, 10, 11, 13, 15, 16, 17, 18, 19, 20, 24]",24,RW,RW,5,72,7.25,13,64,0.001,,40
LSTM,0.2757142857142857,0.5185185185185185,0.6578947368421053,0.037037037037037035,1.0,,1.0,0.3157894736842105,,0.07142857142857142,0.48,,"[2, 5, 6, 9, 10, 11, 13, 15, 16, 17, 18, 19, 20, 24]",02,RW,RW,5,92,7.25,13,64,0.001,,40
LSTM,0.2751842751842752,0.5238095238095238,0.6491228070175439,0.047619047619047616,1.0,,1.0,0.2982456140350877,,0.09090909090909091,0.4594594594594595,,"[2, 5, 6, 9, 10, 11, 13, 15, 16, 17, 18, 19, 20, 24]",05,RW,RW,5,92,7.25,13,64,0.001,,40
LSTM,0.39176829268292684,0.5166256157635468,0.5833333333333333,0.06896551724137931,0.9642857142857143,,0.6666666666666666,0.5,,0.125,0.6585365853658537,,"[2, 5, 6, 9, 10, 11, 13, 15, 16, 17, 18, 19, 20, 24]",06,RW,RW,5,92,7.25,13,64,0.001,,40
LSTM,0.4936870149426619,0.5314327485380117,0.5330430327868853,0.6944444444444444,0.3684210526315789,,0.4098360655737705,0.65625,,0.5154639175257731,0.47191011235955055,,"[2, 5, 6, 9, 10, 11, 13, 15, 16, 17, 18, 19, 20, 24]",09,RW,RW,5,92,7.25,13,64,0.001,,40
LSTM,0.3628942486085343,0.5188679245283019,0.7424242424242424,1.0,0.03773584905660377,,0.48484848484848486,1.0,,0.6530612244897959,0.07272727272727272,,"[2, 5, 6, 9, 10, 11, 13, 15, 16, 17, 18, 19, 20, 24]",10,RW,RW,5,92,7.25,13,64,0.001,,40
LSTM,0.3090909090909091,0.5,0.2236842105263158,0.0,1.0,,0.0,0.4473684210526316,,0.0,0.6181818181818182,,"[2, 5, 6, 9, 10, 11, 13, 15, 16, 17, 18, 19, 20, 24]",11,RW,RW,5,92,7.25,13,64,0.001,,40
LSTM,0.5179767600820232,0.5232558139534884,0.5243212669683258,0.627906976744186,0.4186046511627907,,0.5192307692307693,0.5294117647058824,,0.5684210526315789,0.4675324675324675,,"[2, 5, 6, 9, 10, 11, 13, 15, 16, 17, 18, 19, 20, 24]",13,RW,RW,5,92,7.25,13,64,0.001,,40
LSTM,0.4626003210272873,0.5386624869383491,0.6101190476190477,0.13793103448275862,0.9393939393939394,,0.6666666666666666,0.5535714285714286,,0.22857142857142856,0.6966292134831461,,"[2, 5, 6, 9, 10, 11, 13, 15, 16, 17, 18, 19, 20, 24]",15,RW,RW,5,92,7.25,13,64,0.001,,40
LSTM,0.4740703263344296,0.48878205128205127,0.48928571428571427,0.4358974358974359,0.5416666666666666,,0.6071428571428571,0.37142857142857144,,0.5074626865671642,0.4406779661016949,,"[2, 5, 6, 9, 10, 11, 13, 15, 16, 17, 18, 19, 20, 24]",16,RW,RW,5,92,7.25,13,64,0.001,,40
LSTM,0.2621359223300971,0.5,0.17763157894736842,1.0,0.0,,0.35526315789473684,0.0,,0.5242718446601942,0.0,,"[2, 5, 6, 9, 10, 11, 13, 15, 16, 17, 18, 19, 20, 24]",17,RW,RW,5,92,7.25,13,64,0.001,,40
LSTM,0.4848915748311411,0.5368589743589743,0.6189655172413793,0.125,0.9487179487179487,,0.6,0.6379310344827587,,0.20689655172413793,0.7628865979381443,,"[2, 5, 6, 9, 10, 11, 13, 15, 16, 17, 18, 19, 20, 24]",18,RW,RW,5,92,7.25,13,64,0.001,,40
LSTM,0.32786885245901637,0.5,0.24390243902439024,0.0,1.0,,0.0,0.4878048780487805,,0.0,0.6557377049180327,,"[2, 5, 6, 9, 10, 11, 13, 15, 16, 17, 18, 19, 20, 24]",19,RW,RW,5,92,7.25,13,64,0.001,,40
LSTM,0.5802083333333333,0.5947089947089947,0.5967567567567568,0.7037037037037037,0.4857142857142857,,0.5135135135135135,0.68,,0.59375,0.5666666666666667,,"[2, 5, 6, 9, 10, 11, 13, 15, 16, 17, 18, 19, 20, 24]",20,RW,RW,5,92,7.25,13,64,0.001,,40
LSTM,0.4920518464172169,0.5517857142857143,0.5878787878787879,0.22857142857142856,0.875,,0.6666666666666666,0.509090909090909,,0.3404255319148936,0.6436781609195402,,"[2, 5, 6, 9, 10, 11, 13, 15, 16, 17, 18, 19, 20, 24]",24,RW,RW,5,92,7.25,13,64,0.001,,40
LSTM,0.17272727272727273,0.475,0.10555555555555556,0.0,0.95,,0.0,0.2111111111111111,,0.0,0.34545454545454546,,"[3, 5, 6, 7, 8, 10, 12, 20, 23, 24, 25]",03,LW,LW,3,92,2.0,12,64,0.001,,40
LSTM,0.24444444444444444,0.47520462205103514,0.3192982456140351,0.014925373134328358,0.9354838709677419,,0.3333333333333333,0.30526315789473685,,0.02857142857142857,0.4603174603174603,,"[3, 5, 6, 7, 8, 10, 12, 20, 23, 24, 25]",05,LW,LW,3,92,2.0,12,64,0.001,,40
LSTM,0.3044722719141324,0.49917763157894735,0.49795918367346936,0.09210526315789473,0.90625,,0.7,0.29591836734693877,,0.16279069767441862,0.4461538461538462,,"[3, 5, 6, 7, 8, 10, 12, 20, 23, 24, 25]",06,LW,LW,3,92,2.0,12,64,0.001,,40
LSTM,0.5679586563307493,0.6151669496321448,0.6121212121212121,0.45614035087719296,0.7741935483870968,,0.7878787878787878,0.43636363636363634,,0.5777777777777777,0.5581395348837209,,"[3, 5, 6, 7, 8, 10, 12, 20, 23, 24, 25]",07,LW,LW,3,92,2.0,12,64,0.001,,40
LSTM,0.44936708860759494,0.4797297297297297,0.4226190476190476,0.9594594594594594,0.0,,0.8452380952380952,0.0,,0.8987341772151899,0.0,,"[3, 5, 6, 7, 8, 10, 12, 20, 23, 24, 25]",08,LW,LW,3,92,2.0,12,64,0.001,,40
LSTM,0.19696969696969696,0.5,0.12264150943396226,0.0,1.0,,0.0,0.24528301886792453,,0.0,0.3939393939393939,,"[3, 5, 6, 7, 8, 10, 12, 20, 23, 24, 25]",10,LW,LW,3,92,2.0,12,64,0.001,,40
LSTM,0.48004201680672265,0.5247657295850067,0.5183714001986097,0.4939759036144578,0.5555555555555556,,0.7735849056603774,0.2631578947368421,,0.6029411764705882,0.35714285714285715,,"[3, 5, 6, 7, 8, 10, 12, 20, 23, 24, 25]",12,LW,LW,3,92,2.0,12,64,0.001,,40
LSTM,0.29024051803885287,0.4744582043343653,0.47555555555555556,0.18421052631578946,0.7647058823529411,,0.7777777777777778,0.17333333333333334,,0.2978723404255319,0.2826086956521739,,"[3, 5, 6, 7, 8, 10, 12, 20, 23, 24, 25]",20,LW,LW,3,92,2.0,12,64,0.001,,40
LSTM,0.31104356636271535,0.2827586206896552,0.390625,0.46551724137931033,0.1,,0.75,0.03125,,0.574468085106383,0.047619047619047616,,"[3, 5, 6, 7, 8, 10, 12, 20, 23, 24, 25]",23,LW,LW,3,92,2.0,12,64,0.001,,40
LSTM,0.42857142857142855,0.48,0.3870967741935484,0.96,0.0,,0.7741935483870968,0.0,,0.8571428571428571,0.0,,"[3, 5, 6, 7, 8, 10, 12, 20, 23, 24, 25]",24,LW,LW,3,92,2.0,12,64,0.001,,40
LSTM,0.19741452216986832,0.5602409638554217,0.5493827160493827,0.12048192771084337,1.0,,1.0,0.09876543209876543,,0.21505376344086022,0.1797752808988764,,"[3, 5, 6, 7, 8, 10, 12, 20, 23, 24, 25]",25,LW,LW,3,92,2.0,12,64,0.001,,40
LSTM,0.26339285714285715,0.48095238095238096,0.40476190476190477,0.03333333333333333,0.9285714285714286,,0.5,0.30952380952380953,,0.0625,0.4642857142857143,,"[2, 5, 6, 9, 10, 11, 13, 15, 16, 17, 18, 19, 20, 24]",02,RW,RW,5,92,2.0,12,64,0.001,,40
LSTM,0.1951219512195122,0.47058823529411764,0.12307692307692308,0.0,0.9411764705882353,,0.0,0.24615384615384617,,0.0,0.3902439024390244,,"[2, 5, 6, 9, 10, 11, 13, 15, 16, 17, 18, 19, 20, 24]",05,RW,RW,5,92,2.0,12,64,0.001,,40
LSTM,0.36599732262382867,0.4662698412698413,0.4313131313131313,0.1111111111111111,0.8214285714285714,,0.4444444444444444,0.41818181818181815,,0.17777777777777778,0.5542168674698795,,"[2, 5, 6, 9, 10, 11, 13, 15, 16, 17, 18, 19, 20, 24]",06,RW,RW,5,92,2.0,12,64,0.001,,40
LSTM,0.4757514645155095,0.5284933645589383,0.5347619047619048,0.7619047619047619,0.29508196721311475,,0.4266666666666667,0.6428571428571429,,0.5470085470085471,0.4044943820224719,,"[2, 5, 6, 9, 10, 11, 13, 15, 16, 17, 18, 19, 20, 24]",09,RW,RW,5,92,2.0,12,64,0.001,,40
LSTM,0.3718321562110511,0.5094098883572568,0.5902140672782874,0.9824561403508771,0.03636363636363636,,0.5137614678899083,0.6666666666666666,,0.6746987951807228,0.06896551724137931,,"[2, 5, 6, 9, 10, 11, 13, 15, 16, 17, 18, 19, 20, 24]",10,RW,RW,5,92,2.0,12,64,0.001,,40
LSTM,0.3114754098360656,0.5,0.2261904761904762,0.0,1.0,,0.0,0.4523809523809524,,0.0,0.6229508196721312,,"[2, 5, 6, 9, 10, 11, 13, 15, 16, 17, 18, 19, 20, 24]",11,RW,RW,5,92,2.0,12,64,0.001,,40
LSTM,0.565018315018315,0.5711111111111111,0.5782013685239492,0.72,0.4222222222222222,,0.5806451612903226,0.5757575757575758,,0.6428571428571429,0.48717948717948717,,"[2, 5, 6, 9, 10, 11, 13, 15, 16, 17, 18, 19, 20, 24]",13,RW,RW,5,92,2.0,12,64,0.001,,40
LSTM,0.46969696969696967,0.5326797385620915,0.5666666666666667,0.17647058823529413,0.8888888888888888,,0.6,0.5333333333333333,,0.2727272727272727,0.6666666666666666,,"[2, 5, 6, 9, 10, 11, 13, 15, 16, 17, 18, 19, 20, 24]",15,RW,RW,5,92,2.0,12,64,0.001,,40
LSTM,0.48467741935483877,0.4991304347826087,0.4992050874403816,0.4782608695652174,0.52,,0.6470588235294118,0.35135135135135137,,0.55,0.41935483870967744,,"[2, 5, 6, 9, 10, 11, 13, 15, 16, 17, 18, 19, 20, 24]",16,RW,RW,5,92,2.0,12,64,0.001,,40
LSTM,0.288135593220339,0.5,0.20238095238095238,1.0,0.0,,0.40476190476190477,0.0,,0.576271186440678,0.0,,"[2, 5, 6, 9, 10, 11, 13, 15, 16, 17, 18, 19, 20, 24]",17,RW,RW,5,92,2.0,12,64,0.001,,40
LSTM,0.4199346405228758,0.49876847290640397,0.4954545454545455,0.06896551724137931,0.9285714285714286,,0.4,0.5909090909090909,,0.11764705882352941,0.7222222222222222,,"[2, 5, 6, 9, 10, 11, 13, 15, 16, 17, 18, 19, 20, 24]",18,RW,RW,5,92,2.0,12,64,0.001,,40
LSTM,0.34057971014492755,0.5,0.25824175824175827,0.0,1.0,,0.0,0.5164835164835165,,0.0,0.6811594202898551,,"[2, 5, 6, 9, 10, 11, 13, 15, 16, 17, 18, 19, 20, 24]",19,RW,RW,5,92,2.0,12,64,0.001,,40
LSTM,0.4858420268256334,0.4858974358974359,0.4859932088285229,0.43333333333333335,0.5384615384615384,,0.41935483870967744,0.5526315789473685,,0.4262295081967213,0.5454545454545454,,"[2, 5, 6, 9, 10, 11, 13, 15, 16, 17, 18, 19, 20, 24]",20,RW,RW,5,92,2.0,12,64,0.001,,40
LSTM,0.41666666666666663,0.5,0.5,0.2,0.8,,0.6,0.4,,0.3,0.5333333333333333,,"[2, 5, 6, 9, 10, 11, 13, 15, 16, 17, 18, 19, 20, 24]",24,RW,RW,5,92,2.0,12,64,0.001,,40
LSTM,0.2966101694915254,0.5,0.21084337349397592,0.0,1.0,,0.0,0.42168674698795183,,0.0,0.5932203389830508,,"[2, 5, 7, 8, 9, 11, 13, 14, 15, 18, 19, 20, 21, 23]",02,FW,FW,1,92,2.0,12,64,0.001,,40
LSTM,0.2799532437171245,0.49330357142857145,0.43023255813953487,0.017857142857142856,0.96875,,0.5,0.36046511627906974,,0.034482758620689655,0.5254237288135594,,"[2, 5, 7, 8, 9, 11, 13, 14, 15, 18, 19, 20, 21, 23]",05,FW,FW,1,92,2.0,12,64,0.001,,40
LSTM,0.3111750292958347,0.48659420289855077,0.3802588996763754,0.016666666666666666,0.9565217391304348,,0.3333333333333333,0.42718446601941745,,0.031746031746031744,0.5906040268456376,,"[2, 5, 7, 8, 9, 11, 13, 14, 15, 18, 19, 20, 21, 23]",07,FW,FW,1,92,2.0,12,64,0.001,,40
LSTM,0.45561006488368416,0.4558080808080808,0.45555555555555555,0.5227272727272727,0.3888888888888889,,0.5111111111111111,0.4,,0.5168539325842697,0.39436619718309857,,"[2, 5, 7, 8, 9, 11, 13, 14, 15, 18, 19, 20, 21, 23]",08,FW,FW,1,92,2.0,12,64,0.001,,40
LSTM,0.3987341772151899,0.4921875,0.3351063829787234,0.984375,0.0,,0.6702127659574468,0.0,,0.7974683544303798,0.0,,"[2, 5, 7, 8, 9, 11, 13, 14, 15, 18, 19, 20, 21, 23]",09,FW,FW,1,92,2.0,12,64,0.001,,40
LSTM,0.27722772277227725,0.5,0.1917808219178082,0.0,1.0,,0.0,0.3835616438356164,,0.0,0.5544554455445545,,"[2, 5, 7, 8, 9, 11, 13, 14, 15, 18, 19, 20, 21, 23]",11,FW,FW,1,92,2.0,12,64,0.001,,40
LSTM,0.45298190752736206,0.5044014084507042,0.5017241379310345,0.6338028169014085,0.375,,0.9,0.10344827586206896,,0.743801652892562,0.16216216216216217,,"[2, 5, 7, 8, 9, 11, 13, 14, 15, 18, 19, 20, 21, 23]",13,FW,FW,1,92,2.0,12,64,0.001,,40
LSTM,0.3323113609265883,0.47064579256360073,0.49,0.3698630136986301,0.5714285714285714,,0.9,0.08,,0.5242718446601942,0.14035087719298245,,"[2, 5, 7, 8, 9, 11, 13, 14, 15, 18, 19, 20, 21, 23]",14,FW,FW,1,92,2.0,12,64,0.001,,40
LSTM,0.41494102228047186,0.491044776119403,0.4976190476190476,0.582089552238806,0.4,,0.9285714285714286,0.06666666666666667,,0.7155963302752294,0.11428571428571428,,"[2, 5, 7, 8, 9, 11, 13, 14, 15, 18, 19, 20, 21, 23]",15,FW,FW,1,92,2.0,12,64,0.001,,40
LSTM,0.4700854700854701,0.5,0.4435483870967742,1.0,0.0,,0.8870967741935484,0.0,,0.9401709401709402,0.0,,"[2, 5, 7, 8, 9, 11, 13, 14, 15, 18, 19, 20, 21, 23]",18,FW,FW,1,92,2.0,12,64,0.001,,40
LSTM,0.19904604659695468,0.5390625,0.572463768115942,0.078125,1.0,,1.0,0.14492753623188406,,0.14492753623188406,0.25316455696202533,,"[2, 5, 7, 8, 9, 11, 13, 14, 15, 18, 19, 20, 21, 23]",19,FW,FW,1,92,2.0,12,64,0.001,,40
LSTM,0.09210526315789473,0.5,0.050724637681159424,0.0,1.0,,0.0,0.10144927536231885,,0.0,0.18421052631578946,,"[2, 5, 7, 8, 9, 11, 13, 14, 15, 18, 19, 20, 21, 23]",20,FW,FW,1,92,2.0,12,64,0.001,,40
LSTM,0.36386494252873564,0.5561594202898551,0.522962962962963,0.36231884057971014,0.75,,0.9259259259259259,0.12,,0.5208333333333334,0.20689655172413793,,"[2, 5, 7, 8, 9, 11, 13, 14, 15, 18, 19, 20, 21, 23]",21,FW,FW,1,92,2.0,12,64,0.001,,40
LSTM,0.2571428571428571,0.5737704918032787,0.5737704918032787,0.14754098360655737,1.0,,1.0,0.14754098360655737,,0.2571428571428571,0.2571428571428571,,"[2, 5, 7, 8, 9, 11, 13, 14, 15, 18, 19, 20, 21, 23]",23,FW,FW,1,92,2.0,12,64,0.001,,40
LSTM,0.32388188781813687,0.5089285714285714,0.7208121827411167,0.017857142857142856,1.0,,1.0,0.4416243654822335,,0.03508771929824561,0.6126760563380281,,"[2, 5, 7, 8, 9, 11, 13, 14, 15, 18, 19, 20, 21, 23]",02,FW,FW,1,92,2.0,5,64,0.001,,40
LSTM,0.2866004016574726,0.48020038167938933,0.37222906403940886,0.022900763358778626,0.9375,,0.375,0.3694581280788177,,0.04316546762589928,0.5300353356890459,,"[2, 5, 7, 8, 9, 11, 13, 14, 15, 18, 19, 20, 21, 23]",05,FW,FW,1,92,2.0,5,64,0.001,,40
LSTM,0.32809359747344247,0.5081748306409588,0.5516460905349794,0.046052631578947366,0.9702970297029703,,0.7,0.40329218106995884,,0.08641975308641975,0.5697674418604651,,"[2, 5, 7, 8, 9, 11, 13, 14, 15, 18, 19, 20, 21, 23]",07,FW,FW,1,92,2.0,5,64,0.001,,40
LSTM,0.47801242236024843,0.47852692478860703,0.47879120879120884,0.5046728971962616,0.4523809523809524,,0.54,0.4175824175824176,,0.5217391304347826,0.4342857142857143,,"[2, 5, 7, 8, 9, 11, 13, 14, 15, 18, 19, 20, 21, 23]",08,FW,FW,1,92,2.0,5,64,0.001,,40
LSTM,0.39929858122110634,0.5059523809523809,0.8163716814159292,1.0,0.011904761904761904,,0.6327433628318584,1.0,,0.7750677506775068,0.023529411764705882,,"[2, 5, 7, 8, 9, 11, 13, 14, 15, 18, 19, 20, 21, 23]",09,FW,FW,1,92,2.0,5,64,0.001,,40
LSTM,0.2689075630252101,0.5,0.1839080459770115,0.0,1.0,,0.0,0.367816091954023,,0.0,0.5378151260504201,,"[2, 5, 7, 8, 9, 11, 13, 14, 15, 18, 19, 20, 21, 23]",11,FW,FW,1,92,2.0,5,64,0.001,,40
LSTM,0.398769987699877,0.44285714285714284,0.47806967447173043,0.5357142857142857,0.35,,0.8737864077669902,0.08235294117647059,,0.6642066420664207,0.13333333333333333,,"[2, 5, 7, 8, 9, 11, 13, 14, 15, 18, 19, 20, 21, 23]",13,FW,FW,1,92,2.0,5,64,0.001,,40
LSTM,0.3503998529276588,0.4687288708586883,0.4895456600361664,0.40804597701149425,0.5294117647058824,,0.8987341772151899,0.08035714285714286,,0.5612648221343873,0.13953488372093023,,"[2, 5, 7, 8, 9, 11, 13, 14, 15, 18, 19, 20, 21, 23]",14,FW,FW,1,92,2.0,5,64,0.001,,40
LSTM,0.41269372693726936,0.4386645962732919,0.48290043290043294,0.6273291925465838,0.25,,0.9181818181818182,0.047619047619047616,,0.7453874538745388,0.08,,"[2, 5, 7, 8, 9, 11, 13, 14, 15, 18, 19, 20, 21, 23]",15,FW,FW,1,92,2.0,5,64,0.001,,40
LSTM,0.4635036496350365,0.5,0.43197278911564624,1.0,0.0,,0.8639455782312925,0.0,,0.927007299270073,0.0,,"[2, 5, 7, 8, 9, 11, 13, 14, 15, 18, 19, 20, 21, 23]",18,FW,FW,1,92,2.0,5,64,0.001,,40
LSTM,0.20083896378366262,0.5216503267973857,0.5348378615249781,0.08496732026143791,0.9583333333333334,,0.9285714285714286,0.1411042944785276,,0.15568862275449102,0.24598930481283424,,"[2, 5, 7, 8, 9, 11, 13, 14, 15, 18, 19, 20, 21, 23]",19,FW,FW,1,92,2.0,5,64,0.001,,40
LSTM,0.10326086956521739,0.5,0.05757575757575758,0.0,1.0,,0.0,0.11515151515151516,,0.0,0.20652173913043478,,"[2, 5, 7, 8, 9, 11, 13, 14, 15, 18, 19, 20, 21, 23]",20,FW,FW,1,92,2.0,5,64,0.001,,40
LSTM,0.3427733129225667,0.48929049531459173,0.4959432048681542,0.3674698795180723,0.6111111111111112,,0.8970588235294118,0.09482758620689655,,0.5213675213675214,0.16417910447761194,,"[2, 5, 7, 8, 9, 11, 13, 14, 15, 18, 19, 20, 21, 23]",21,FW,FW,1,92,2.0,5,64,0.001,,40
LSTM,0.2572453371592539,0.5304225352112676,0.5338557993730407,0.14084507042253522,0.92,,0.9090909090909091,0.15862068965517243,,0.24390243902439024,0.27058823529411763,,"[2, 5, 7, 8, 9, 11, 13, 14, 15, 18, 19, 20, 21, 23]",23,FW,FW,1,92,2.0,5,64,0.001,,40
LSTM,0.3055555555555556,0.5,0.22,0.0,1.0,,0.0,0.44,,0.0,0.6111111111111112,,"[2, 5, 7, 8, 9, 11, 13, 14, 15, 18, 19, 20, 21, 23]",02,FW,FW,1,92,2.0,10,64,0.001,,40
LSTM,0.2689655172413793,0.47560975609756095,0.1875,0.0,0.9512195121951219,,0.0,0.375,,0.0,0.5379310344827586,,"[2, 5, 7, 8, 9, 11, 13, 14, 15, 18, 19, 20, 21, 23]",05,FW,FW,1,92,2.0,10,64,0.001,,40
LSTM,0.32027403125669024,0.5094805194805194,0.5741869918699187,0.03896103896103896,0.98,,0.75,0.3983739837398374,,0.07407407407407407,0.5664739884393064,,"[2, 5, 7, 8, 9, 11, 13, 14, 15, 18, 19, 20, 21, 23]",07,FW,FW,1,92,2.0,10,64,0.001,,40
LSTM,0.4771241830065359,0.48026607538802657,0.4806773773339123,0.4727272727272727,0.4878048780487805,,0.5531914893617021,0.40816326530612246,,0.5098039215686274,0.4444444444444444,,"[2, 5, 7, 8, 9, 11, 13, 14, 15, 18, 19, 20, 21, 23]",08,FW,FW,1,92,2.0,10,64,0.001,,40
LSTM,0.40473588342440797,0.5113636363636364,0.8097345132743363,1.0,0.022727272727272728,,0.6194690265486725,1.0,,0.7650273224043715,0.044444444444444446,,"[2, 5, 7, 8, 9, 11, 13, 14, 15, 18, 19, 20, 21, 23]",09,FW,FW,1,92,2.0,10,64,0.001,,40
LSTM,0.2564102564102564,0.5,0.1724137931034483,0.0,1.0,,0.0,0.3448275862068966,,0.0,0.5128205128205128,,"[2, 5, 7, 8, 9, 11, 13, 14, 15, 18, 19, 20, 21, 23]",11,FW,FW,1,92,2.0,10,64,0.001,,40
LSTM,0.4284134881149807,0.5178571428571428,0.5068181818181818,0.5357142857142857,0.5,,0.9,0.11363636363636363,,0.6716417910447762,0.18518518518518517,,"[2, 5, 7, 8, 9, 11, 13, 14, 15, 18, 19, 20, 21, 23]",13,FW,FW,1,92,2.0,10,64,0.001,,40
LSTM,0.3696969696969697,0.5104333868378812,0.5028521281263713,0.449438202247191,0.5714285714285714,,0.9302325581395349,0.07547169811320754,,0.6060606060606061,0.13333333333333333,,"[2, 5, 7, 8, 9, 11, 13, 14, 15, 18, 19, 20, 21, 23]",14,FW,FW,1,92,2.0,10,64,0.001,,40
LSTM,0.40968274344397576,0.44285714285714284,0.48224195338512765,0.6,0.2857142857142857,,0.9056603773584906,0.058823529411764705,,0.7218045112781954,0.0975609756097561,,"[2, 5, 7, 8, 9, 11, 13, 14, 15, 18, 19, 20, 21, 23]",15,FW,FW,1,92,2.0,10,64,0.001,,40
LSTM,0.463768115942029,0.5,0.43243243243243246,1.0,0.0,,0.8648648648648649,0.0,,0.927536231884058,0.0,,"[2, 5, 7, 8, 9, 11, 13, 14, 15, 18, 19, 20, 21, 23]",18,FW,FW,1,92,2.0,10,64,0.001,,40
LSTM,0.2006325110689437,0.5448717948717948,0.5670731707317074,0.08974358974358974,1.0,,1.0,0.13414634146341464,,0.16470588235294117,0.23655913978494625,,"[2, 5, 7, 8, 9, 11, 13, 14, 15, 18, 19, 20, 21, 23]",19,FW,FW,1,92,2.0,10,64,0.001,,40
LSTM,0.102046783625731,0.5066666666666667,0.5487804878048781,0.013333333333333334,1.0,,1.0,0.0975609756097561,,0.02631578947368421,0.17777777777777778,,"[2, 5, 7, 8, 9, 11, 13, 14, 15, 18, 19, 20, 21, 23]",20,FW,FW,1,92,2.0,10,64,0.001,,40
LSTM,0.3391304347826087,0.43125,0.46691729323308273,0.3625,0.5,,0.8285714285714286,0.10526315789473684,,0.5043478260869565,0.17391304347826086,,"[2, 5, 7, 8, 9, 11, 13, 14, 15, 18, 19, 20, 21, 23]",21,FW,FW,1,92,2.0,10,64,0.001,,40
LSTM,0.2857142857142857,0.5833333333333334,0.5833333333333334,0.16666666666666666,1.0,,1.0,0.16666666666666666,,0.2857142857142857,0.2857142857142857,,"[2, 5, 7, 8, 9, 11, 13, 14, 15, 18, 19, 20, 21, 23]",23,FW,FW,1,92,2.0,10,64,0.001,,40
LSTM,0.32265446224256294,0.5088495575221239,0.7196969696969697,0.017699115044247787,1.0,,1.0,0.4393939393939394,,0.034782608695652174,0.6105263157894737,,"[2, 5, 7, 8, 9, 11, 13, 14, 15, 18, 19, 20, 21, 23]",02,FW,FW,1,92,1.0,5,64,0.001,,40
LSTM,0.3252637646292259,0.5140151515151515,0.5810071154898742,0.05303030303030303,0.975,,0.7777777777777778,0.3842364532019704,,0.09929078014184398,0.5512367491166078,,"[2, 5, 7, 8, 9, 11, 13, 14, 15, 18, 19, 20, 21, 23]",05,FW,FW,1,92,1.0,5,64,0.001,,40
LSTM,0.31796923624077533,0.49980586293923507,0.4987704918032787,0.0392156862745098,0.9603960396039604,,0.6,0.3975409836065574,,0.0736196319018405,0.5623188405797102,,"[2, 5, 7, 8, 9, 11, 13, 14, 15, 18, 19, 20, 21, 23]",07,FW,FW,1,92,1.0,5,64,0.001,,40
LSTM,0.5108347259129387,0.5112433862433863,0.5111268681138867,0.5462962962962963,0.47619047619047616,,0.5728155339805825,0.449438202247191,,0.5592417061611374,0.4624277456647399,,"[2, 5, 7, 8, 9, 11, 13, 14, 15, 18, 19, 20, 21, 23]",08,FW,FW,1,92,1.0,5,64,0.001,,40
LSTM,0.38544474393531,0.4965277777777778,0.31497797356828194,0.9930555555555556,0.0,,0.6299559471365639,0.0,,0.77088948787062,0.0,,"[2, 5, 7, 8, 9, 11, 13, 14, 15, 18, 19, 20, 21, 23]",09,FW,FW,1,92,1.0,5,64,0.001,,40
LSTM,0.26778242677824265,0.5,0.18285714285714286,0.0,1.0,,0.0,0.3657142857142857,,0.0,0.5355648535564853,,"[2, 5, 7, 8, 9, 11, 13, 14, 15, 18, 19, 20, 21, 23]",11,FW,FW,1,92,1.0,5,64,0.001,,40
LSTM,0.4154382732297973,0.5235207100591717,0.5089045698924731,0.4970414201183432,0.55,,0.9032258064516129,0.11458333333333333,,0.6412213740458015,0.1896551724137931,,"[2, 5, 7, 8, 9, 11, 13, 14, 15, 18, 19, 20, 21, 23]",13,FW,FW,1,92,1.0,5,64,0.001,,40
LSTM,0.3185398932332997,0.4892436974789916,0.49609375,0.3314285714285714,0.6470588235294118,,0.90625,0.0859375,,0.48535564853556484,0.15172413793103448,,"[2, 5, 7, 8, 9, 11, 13, 14, 15, 18, 19, 20, 21, 23]",14,FW,FW,1,92,1.0,5,64,0.001,,40
LSTM,0.36697761194029854,0.3348765432098766,0.4554661487236404,0.5864197530864198,0.08333333333333333,,0.8962264150943396,0.014705882352941176,,0.7089552238805971,0.025,,"[2, 5, 7, 8, 9, 11, 13, 14, 15, 18, 19, 20, 21, 23]",15,FW,FW,1,92,1.0,5,64,0.001,,40
LSTM,0.463768115942029,0.5,0.43243243243243246,1.0,0.0,,0.8648648648648649,0.0,,0.927536231884058,0.0,,"[2, 5, 7, 8, 9, 11, 13, 14, 15, 18, 19, 20, 21, 23]",18,FW,FW,1,92,1.0,5,64,0.001,,40
LSTM,0.1884498480243161,0.4972943722943723,0.49564459930313587,0.07792207792207792,0.9166666666666666,,0.8571428571428571,0.13414634146341464,,0.14285714285714285,0.23404255319148937,,"[2, 5, 7, 8, 9, 11, 13, 14, 15, 18, 19, 20, 21, 23]",19,FW,FW,1,92,1.0,5,64,0.001,,40
LSTM,0.10270270270270271,0.5,0.0572289156626506,0.0,1.0,,0.0,0.1144578313253012,,0.0,0.20540540540540542,,"[2, 5, 7, 8, 9, 11, 13, 14, 15, 18, 19, 20, 21, 23]",20,FW,FW,1,92,1.0,5,64,0.001,,40
LSTM,0.3250531391770566,0.43263473053892215,0.4748447204968944,0.3652694610778443,0.5,,0.8714285714285714,0.0782608695652174,,0.5147679324894515,0.13533834586466165,,"[2, 5, 7, 8, 9, 11, 13, 14, 15, 18, 19, 20, 21, 23]",21,FW,FW,1,92,1.0,5,64,0.001,,40
LSTM,0.21888198757763977,0.49244755244755245,0.49,0.1048951048951049,0.88,,0.8333333333333334,0.14666666666666667,,0.18633540372670807,0.25142857142857145,,"[2, 5, 7, 8, 9, 11, 13, 14, 15, 18, 19, 20, 21, 23]",23,FW,FW,1,92,1.0,5,64,0.001,,40
LSTM,0.19548872180451127,0.5,0.12149532710280374,0.0,1.0,,0.0,0.24299065420560748,,0.0,0.39097744360902253,,"[3, 5, 6, 7, 8, 10, 12, 20, 23, 24, 25]",03,LW,LW,3,92,5.0,10,64,0.001,,40
LSTM,0.2214765100671141,0.5,0.14224137931034483,0.0,1.0,,0.0,0.28448275862068967,,0.0,0.4429530201342282,,"[3, 5, 6, 7, 8, 10, 12, 20, 23, 24, 25]",05,LW,LW,3,92,5.0,10,64,0.001,,40
LSTM,0.2693972276234084,0.5089790488859328,0.5228813559322034,0.08247422680412371,0.9354838709677419,,0.8,0.2457627118644068,,0.14953271028037382,0.38926174496644295,,"[3, 5, 6, 7, 8, 10, 12, 20, 23, 24, 25]",06,LW,LW,3,92,5.0,10,64,0.001,,40
LSTM,0.5095700416088765,0.541025641025641,0.540625,0.4153846153846154,0.6666666666666666,,0.675,0.40625,,0.5142857142857142,0.5048543689320388,,"[3, 5, 6, 7, 8, 10, 12, 20, 23, 24, 25]",07,LW,LW,3,92,5.0,10,64,0.001,,40
LSTM,0.4521276595744681,0.4885057471264368,0.4207920792079208,0.9770114942528736,0.0,,0.8415841584158416,0.0,,0.9042553191489362,0.0,,"[3, 5, 6, 7, 8, 10, 12, 20, 23, 24, 25]",08,LW,LW,3,92,5.0,10,64,0.001,,40
LSTM,0.17105263157894737,0.5,0.10317460317460317,0.0,1.0,,0.0,0.20634920634920634,,0.0,0.34210526315789475,,"[3, 5, 6, 7, 8, 10, 12, 20, 23, 24, 25]",10,LW,LW,3,92,5.0,10,64,0.001,,40
LSTM,0.4503171247357294,0.4789915966386554,0.48571428571428577,0.5294117647058824,0.42857142857142855,,0.7714285714285715,0.2,,0.627906976744186,0.2727272727272727,,"[3, 5, 6, 7, 8, 10, 12, 20, 23, 24, 25]",12,LW,LW,3,92,5.0,10,64,0.001,,40
LSTM,0.24833333333333332,0.525,0.545,0.1,0.95,,0.9,0.19,,0.18,0.31666666666666665,,"[3, 5, 6, 7, 8, 10, 12, 20, 23, 24, 25]",20,LW,LW,3,92,5.0,10,64,0.001,,40
LSTM,0.4434506062413039,0.4598163030998852,0.4766666666666666,0.6119402985074627,0.3076923076923077,,0.82,0.13333333333333333,,0.7008547008547008,0.18604651162790697,,"[3, 5, 6, 7, 8, 10, 12, 20, 23, 24, 25]",23,LW,LW,3,92,5.0,10,64,0.001,,40
LSTM,0.43564356435643564,0.4943820224719101,0.3893805309734513,0.9887640449438202,0.0,,0.7787610619469026,0.0,,0.8712871287128713,0.0,,"[3, 5, 6, 7, 8, 10, 12, 20, 23, 24, 25]",24,LW,LW,3,92,5.0,10,64,0.001,,40
LSTM,0.24838903685883668,0.5824742268041238,0.5597826086956522,0.16494845360824742,1.0,,1.0,0.11956521739130435,,0.2831858407079646,0.21359223300970873,,"[3, 5, 6, 7, 8, 10, 12, 20, 23, 24, 25]",25,LW,LW,3,92,5.0,10,64,0.001,,40
LSTM,0.19696969696969696,0.5,0.12264150943396226,0.0,1.0,,0.0,0.24528301886792453,,0.0,0.3939393939393939,,"[3, 5, 6, 7, 8, 10, 12, 20, 23, 24, 25]",03,LW,LW,3,92,7.0,10,64,0.001,,40
LSTM,0.24983692106979777,0.5121951219512195,0.6460176991150443,0.024390243902439025,1.0,,1.0,0.2920353982300885,,0.047619047619047616,0.4520547945205479,,"[3, 5, 6, 7, 8, 10, 12, 20, 23, 24, 25]",05,LW,LW,3,92,7.0,10,64,0.001,,40
LSTM,0.2775327580696708,0.5412371134020618,0.6260504201680672,0.08247422680412371,1.0,,1.0,0.25210084033613445,,0.1523809523809524,0.40268456375838924,,"[3, 5, 6, 7, 8, 10, 12, 20, 23, 24, 25]",06,LW,LW,3,92,7.0,10,64,0.001,,40
LSTM,0.5123106060606061,0.5334008097165992,0.5316091954022988,0.46153846153846156,0.6052631578947368,,0.6666666666666666,0.39655172413793105,,0.5454545454545454,0.4791666666666667,,"[3, 5, 6, 7, 8, 10, 12, 20, 23, 24, 25]",07,LW,LW,3,92,7.0,10,64,0.001,,40
LSTM,0.4486486486486487,0.48255813953488375,0.41919191919191917,0.9651162790697675,0.0,,0.8383838383838383,0.0,,0.8972972972972973,0.0,,"[3, 5, 6, 7, 8, 10, 12, 20, 23, 24, 25]",08,LW,LW,3,92,7.0,10,64,0.001,,40
LSTM,0.17218543046357615,0.5,0.104,0.0,1.0,,0.0,0.208,,0.0,0.3443708609271523,,"[3, 5, 6, 7, 8, 10, 12, 20, 23, 24, 25]",10,LW,LW,3,92,7.0,10,64,0.001,,40
LSTM,0.5057471264367815,0.5420792079207921,0.529109589041096,0.5841584158415841,0.5,,0.8082191780821918,0.25,,0.6781609195402298,0.3333333333333333,,"[3, 5, 6, 7, 8, 10, 12, 20, 23, 24, 25]",12,LW,LW,3,92,7.0,10,64,0.001,,40
LSTM,0.2182377049180328,0.5087078651685393,0.5217086834733893,0.06741573033707865,0.95,,0.8571428571428571,0.18627450980392157,,0.125,0.3114754098360656,,"[3, 5, 6, 7, 8, 10, 12, 20, 23, 24, 25]",20,LW,LW,3,92,7.0,10,64,0.001,,40
LSTM,0.48026315789473684,0.5024875621890548,0.5014513788098693,0.6716417910447762,0.3333333333333333,,0.8490566037735849,0.15384615384615385,,0.75,0.21052631578947367,,"[3, 5, 6, 7, 8, 10, 12, 20, 23, 24, 25]",23,LW,LW,3,92,7.0,10,64,0.001,,40
LSTM,0.435,0.4943181818181818,0.38839285714285715,0.9886363636363636,0.0,,0.7767857142857143,0.0,,0.87,0.0,,"[3, 5, 6, 7, 8, 10, 12, 20, 23, 24, 25]",24,LW,LW,3,92,7.0,10,64,0.001,,40
LSTM,0.2740329544453256,0.5587121212121212,0.5343300110741971,0.20833333333333334,0.9090909090909091,,0.9523809523809523,0.11627906976744186,,0.3418803418803419,0.20618556701030927,,"[3, 5, 6, 7, 8, 10, 12, 20, 23, 24, 25]",25,LW,LW,3,92,7.0,10,64,0.001,,40
CNN,0.19696969696969696,0.5,0.12264150943396226,0.0,1.0,,0.0,0.24528301886792453,,0.0,0.3939393939393939,,"[3, 5, 6, 7, 8, 10, 12, 20, 23, 24, 25]",03,LW,LW,3,92,7.0,10,64,0.001,,40
CNN,0.22297297297297297,0.5,0.14347826086956522,0.0,1.0,,0.0,0.28695652173913044,,0.0,0.44594594594594594,,"[3, 5, 6, 7, 8, 10, 12, 20, 23, 24, 25]",05,LW,LW,3,92,7.0,10,64,0.001,,40
CNN,0.4378815628815629,0.43625429553264605,0.4480392156862745,0.6391752577319587,0.23333333333333334,,0.7294117647058823,0.16666666666666666,,0.6813186813186813,0.19444444444444445,,"[3, 5, 6, 7, 8, 10, 12, 20, 23, 24, 25]",06,LW,LW,3,92,7.0,10,64,0.001,,40
CNN,0.28658008658008655,0.5076923076923077,0.6862745098039216,0.015384615384615385,1.0,,1.0,0.37254901960784315,,0.030303030303030304,0.5428571428571428,,"[3, 5, 6, 7, 8, 10, 12, 20, 23, 24, 25]",07,LW,LW,3,92,7.0,10,64,0.001,,40
CNN,0.13559322033898305,0.5,0.0784313725490196,0.0,1.0,,0.0,0.1568627450980392,,0.0,0.2711864406779661,,"[3, 5, 6, 7, 8, 10, 12, 20, 23, 24, 25]",08,LW,LW,3,92,7.0,10,64,0.001,,40
CNN,0.43946188340807174,0.494949494949495,0.3951612903225806,0.98989898989899,0.0,,0.7903225806451613,0.0,,0.8789237668161435,0.0,,"[3, 5, 6, 7, 8, 10, 12, 20, 23, 24, 25]",10,LW,LW,3,92,7.0,10,64,0.001,,40
CNN,0.2050420168067227,0.496994342291372,0.483,0.0297029702970297,0.9642857142857143,,0.75,0.216,,0.05714285714285714,0.35294117647058826,,"[3, 5, 6, 7, 8, 10, 12, 20, 23, 24, 25]",12,LW,LW,3,92,7.0,10,64,0.001,,40
CNN,0.4381443298969072,0.47752808988764045,0.40476190476190477,0.9550561797752809,0.0,,0.8095238095238095,0.0,,0.8762886597938144,0.0,,"[3, 5, 6, 7, 8, 10, 12, 20, 23, 24, 25]",20,LW,LW,3,92,7.0,10,64,0.001,,40
CNN,0.13186813186813187,0.5,0.0759493670886076,0.0,1.0,,0.0,0.1518987341772152,,0.0,0.26373626373626374,,"[3, 5, 6, 7, 8, 10, 12, 20, 23, 24, 25]",23,LW,LW,3,92,7.0,10,64,0.001,,40
CNN,0.22820409803133787,0.4884090909090909,0.465633423180593,0.056818181818181816,0.92,,0.7142857142857143,0.2169811320754717,,0.10526315789473684,0.3511450381679389,,"[3, 5, 6, 7, 8, 10, 12, 20, 23, 24, 25]",24,LW,LW,3,92,7.0,10,64,0.001,,40
CNN,0.4729064039408867,0.5,0.4485981308411215,1.0,0.0,,0.897196261682243,0.0,,0.9458128078817734,0.0,,"[3, 5, 6, 7, 8, 10, 12, 20, 23, 24, 25]",25,LW,LW,3,92,7.0,10,64,0.001,,40
CNN,0.19696969696969696,0.5,0.12264150943396226,0.0,1.0,,0.0,0.24528301886792453,,0.0,0.3939393939393939,,"[3, 5, 6, 7, 8, 10, 12, 20, 23, 24, 25]",03,LW,LW,3,92,7.0,10,64,0.001,,20
CNN,0.22297297297297297,0.5,0.14347826086956522,0.0,1.0,,0.0,0.28695652173913044,,0.0,0.44594594594594594,,"[3, 5, 6, 7, 8, 10, 12, 20, 23, 24, 25]",05,LW,LW,3,92,7.0,10,64,0.001,,20
CNN,0.4378815628815629,0.43625429553264605,0.4480392156862745,0.6391752577319587,0.23333333333333334,,0.7294117647058823,0.16666666666666666,,0.6813186813186813,0.19444444444444445,,"[3, 5, 6, 7, 8, 10, 12, 20, 23, 24, 25]",06,LW,LW,3,92,7.0,10,64,0.001,,20
CNN,0.28658008658008655,0.5076923076923077,0.6862745098039216,0.015384615384615385,1.0,,1.0,0.37254901960784315,,0.030303030303030304,0.5428571428571428,,"[3, 5, 6, 7, 8, 10, 12, 20, 23, 24, 25]",07,LW,LW,3,92,7.0,10,64,0.001,,20
CNN,0.13559322033898305,0.5,0.0784313725490196,0.0,1.0,,0.0,0.1568627450980392,,0.0,0.2711864406779661,,"[3, 5, 6, 7, 8, 10, 12, 20, 23, 24, 25]",08,LW,LW,3,92,7.0,10,64,0.001,,20
CNN,0.43946188340807174,0.494949494949495,0.3951612903225806,0.98989898989899,0.0,,0.7903225806451613,0.0,,0.8789237668161435,0.0,,"[3, 5, 6, 7, 8, 10, 12, 20, 23, 24, 25]",10,LW,LW,3,92,7.0,10,64,0.001,,20
CNN,0.2050420168067227,0.496994342291372,0.483,0.0297029702970297,0.9642857142857143,,0.75,0.216,,0.05714285714285714,0.35294117647058826,,"[3, 5, 6, 7, 8, 10, 12, 20, 23, 24, 25]",12,LW,LW,3,92,7.0,10,64,0.001,,20
CNN,0.4381443298969072,0.47752808988764045,0.40476190476190477,0.9550561797752809,0.0,,0.8095238095238095,0.0,,0.8762886597938144,0.0,,"[3, 5, 6, 7, 8, 10, 12, 20, 23, 24, 25]",20,LW,LW,3,92,7.0,10,64,0.001,,20
CNN,0.13186813186813187,0.5,0.0759493670886076,0.0,1.0,,0.0,0.1518987341772152,,0.0,0.26373626373626374,,"[3, 5, 6, 7, 8, 10, 12, 20, 23, 24, 25]",23,LW,LW,3,92,7.0,10,64,0.001,,20
CNN,0.22820409803133787,0.4884090909090909,0.465633423180593,0.056818181818181816,0.92,,0.7142857142857143,0.2169811320754717,,0.10526315789473684,0.3511450381679389,,"[3, 5, 6, 7, 8, 10, 12, 20, 23, 24, 25]",24,LW,LW,3,92,7.0,10,64,0.001,,20
CNN,0.4729064039408867,0.5,0.4485981308411215,1.0,0.0,,0.897196261682243,0.0,,0.9458128078817734,0.0,,"[3, 5, 6, 7, 8, 10, 12, 20, 23, 24, 25]",25,LW,LW,3,92,7.0,10,64,0.001,,20
CNN,0.19696969696969696,0.5,0.12264150943396226,0.0,1.0,,0.0,0.24528301886792453,,0.0,0.3939393939393939,,"[3, 5, 6, 7, 8, 10, 12, 20, 23, 24, 25]",03,LW,LW,3,92,7.0,10,64,0.001,,20
CNN,0.22297297297297297,0.5,0.14347826086956522,0.0,1.0,,0.0,0.28695652173913044,,0.0,0.44594594594594594,,"[3, 5, 6, 7, 8, 10, 12, 20, 23, 24, 25]",05,LW,LW,3,92,7.0,10,64,0.001,,20
CNN,0.4378815628815629,0.43625429553264605,0.4480392156862745,0.6391752577319587,0.23333333333333334,,0.7294117647058823,0.16666666666666666,,0.6813186813186813,0.19444444444444445,,"[3, 5, 6, 7, 8, 10, 12, 20, 23, 24, 25]",06,LW,LW,3,92,7.0,10,64,0.001,,20
CNN,0.28658008658008655,0.5076923076923077,0.6862745098039216,0.015384615384615385,1.0,,1.0,0.37254901960784315,,0.030303030303030304,0.5428571428571428,,"[3, 5, 6, 7, 8, 10, 12, 20, 23, 24, 25]",07,LW,LW,3,92,7.0,10,64,0.001,,20
CNN,0.13559322033898305,0.5,0.0784313725490196,0.0,1.0,,0.0,0.1568627450980392,,0.0,0.2711864406779661,,"[3, 5, 6, 7, 8, 10, 12, 20, 23, 24, 25]",08,LW,LW,3,92,7.0,10,64,0.001,,20
CNN,0.43946188340807174,0.494949494949495,0.3951612903225806,0.98989898989899,0.0,,0.7903225806451613,0.0,,0.8789237668161435,0.0,,"[3, 5, 6, 7, 8, 10, 12, 20, 23, 24, 25]",10,LW,LW,3,92,7.0,10,64,0.001,,20
CNN,0.2050420168067227,0.496994342291372,0.483,0.0297029702970297,0.9642857142857143,,0.75,0.216,,0.05714285714285714,0.35294117647058826,,"[3, 5, 6, 7, 8, 10, 12, 20, 23, 24, 25]",12,LW,LW,3,92,7.0,10,64,0.001,,20
CNN,0.4381443298969072,0.47752808988764045,0.40476190476190477,0.9550561797752809,0.0,,0.8095238095238095,0.0,,0.8762886597938144,0.0,,"[3, 5, 6, 7, 8, 10, 12, 20, 23, 24, 25]",20,LW,LW,3,92,7.0,10,64,0.001,,20
CNN,0.13186813186813187,0.5,0.0759493670886076,0.0,1.0,,0.0,0.1518987341772152,,0.0,0.26373626373626374,,"[3, 5, 6, 7, 8, 10, 12, 20, 23, 24, 25]",23,LW,LW,3,92,7.0,10,64,0.001,,20
CNN,0.22820409803133787,0.4884090909090909,0.465633423180593,0.056818181818181816,0.92,,0.7142857142857143,0.2169811320754717,,0.10526315789473684,0.3511450381679389,,"[3, 5, 6, 7, 8, 10, 12, 20, 23, 24, 25]",24,LW,LW,3,92,7.0,10,64,0.001,,20
CNN,0.4729064039408867,0.5,0.4485981308411215,1.0,0.0,,0.897196261682243,0.0,,0.9458128078817734,0.0,,"[3, 5, 6, 7, 8, 10, 12, 20, 23, 24, 25]",25,LW,LW,3,92,7.0,10,64,0.001,,20
LSTM,0.19696969696969696,0.5,0.12264150943396226,0.0,1.0,,0.0,0.24528301886792453,,0.0,0.3939393939393939,,"[3, 5, 6, 7, 8, 10, 12, 20, 23, 24, 25]",03,LW,LW,3,92,7.0,10,64,0.001,,40
LSTM,0.24983692106979777,0.5121951219512195,0.6460176991150443,0.024390243902439025,1.0,,1.0,0.2920353982300885,,0.047619047619047616,0.4520547945205479,,"[3, 5, 6, 7, 8, 10, 12, 20, 23, 24, 25]",05,LW,LW,3,92,7.0,10,64,0.001,,40
LSTM,0.2775327580696708,0.5412371134020618,0.6260504201680672,0.08247422680412371,1.0,,1.0,0.25210084033613445,,0.1523809523809524,0.40268456375838924,,"[3, 5, 6, 7, 8, 10, 12, 20, 23, 24, 25]",06,LW,LW,3,92,7.0,10,64,0.001,,40
LSTM,0.5123106060606061,0.5334008097165992,0.5316091954022988,0.46153846153846156,0.6052631578947368,,0.6666666666666666,0.39655172413793105,,0.5454545454545454,0.4791666666666667,,"[3, 5, 6, 7, 8, 10, 12, 20, 23, 24, 25]",07,LW,LW,3,92,7.0,10,64,0.001,,40
LSTM,0.4486486486486487,0.48255813953488375,0.41919191919191917,0.9651162790697675,0.0,,0.8383838383838383,0.0,,0.8972972972972973,0.0,,"[3, 5, 6, 7, 8, 10, 12, 20, 23, 24, 25]",08,LW,LW,3,92,7.0,10,64,0.001,,40
LSTM,0.17218543046357615,0.5,0.104,0.0,1.0,,0.0,0.208,,0.0,0.3443708609271523,,"[3, 5, 6, 7, 8, 10, 12, 20, 23, 24, 25]",10,LW,LW,3,92,7.0,10,64,0.001,,40
LSTM,0.5057471264367815,0.5420792079207921,0.529109589041096,0.5841584158415841,0.5,,0.8082191780821918,0.25,,0.6781609195402298,0.3333333333333333,,"[3, 5, 6, 7, 8, 10, 12, 20, 23, 24, 25]",12,LW,LW,3,92,7.0,10,64,0.001,,40
LSTM,0.2182377049180328,0.5087078651685393,0.5217086834733893,0.06741573033707865,0.95,,0.8571428571428571,0.18627450980392157,,0.125,0.3114754098360656,,"[3, 5, 6, 7, 8, 10, 12, 20, 23, 24, 25]",20,LW,LW,3,92,7.0,10,64,0.001,,40
LSTM,0.48026315789473684,0.5024875621890548,0.5014513788098693,0.6716417910447762,0.3333333333333333,,0.8490566037735849,0.15384615384615385,,0.75,0.21052631578947367,,"[3, 5, 6, 7, 8, 10, 12, 20, 23, 24, 25]",23,LW,LW,3,92,7.0,10,64,0.001,,40
LSTM,0.435,0.4943181818181818,0.38839285714285715,0.9886363636363636,0.0,,0.7767857142857143,0.0,,0.87,0.0,,"[3, 5, 6, 7, 8, 10, 12, 20, 23, 24, 25]",24,LW,LW,3,92,7.0,10,64,0.001,,40
LSTM,0.2740329544453256,0.5587121212121212,0.5343300110741971,0.20833333333333334,0.9090909090909091,,0.9523809523809523,0.11627906976744186,,0.3418803418803419,0.20618556701030927,,"[3, 5, 6, 7, 8, 10, 12, 20, 23, 24, 25]",25,LW,LW,3,92,7.0,10,64,0.001,,40
CNN,0.19696969696969696,0.5,0.12264150943396226,0.0,1.0,,0.0,0.24528301886792453,,0.0,0.3939393939393939,,"[3, 5, 6, 7, 8, 10, 12, 20, 23, 24, 25]",03,LW,LW,3,92,7.0,10,64,0.001,,20
CNN,0.22297297297297297,0.5,0.14347826086956522,0.0,1.0,,0.0,0.28695652173913044,,0.0,0.44594594594594594,,"[3, 5, 6, 7, 8, 10, 12, 20, 23, 24, 25]",05,LW,LW,3,92,7.0,10,64,0.001,,20
CNN,0.4378815628815629,0.43625429553264605,0.4480392156862745,0.6391752577319587,0.23333333333333334,,0.7294117647058823,0.16666666666666666,,0.6813186813186813,0.19444444444444445,,"[3, 5, 6, 7, 8, 10, 12, 20, 23, 24, 25]",06,LW,LW,3,92,7.0,10,64,0.001,,20
CNN,0.28658008658008655,0.5076923076923077,0.6862745098039216,0.015384615384615385,1.0,,1.0,0.37254901960784315,,0.030303030303030304,0.5428571428571428,,"[3, 5, 6, 7, 8, 10, 12, 20, 23, 24, 25]",07,LW,LW,3,92,7.0,10,64,0.001,,20
CNN,0.13559322033898305,0.5,0.0784313725490196,0.0,1.0,,0.0,0.1568627450980392,,0.0,0.2711864406779661,,"[3, 5, 6, 7, 8, 10, 12, 20, 23, 24, 25]",08,LW,LW,3,92,7.0,10,64,0.001,,20
CNN,0.43946188340807174,0.494949494949495,0.3951612903225806,0.98989898989899,0.0,,0.7903225806451613,0.0,,0.8789237668161435,0.0,,"[3, 5, 6, 7, 8, 10, 12, 20, 23, 24, 25]",10,LW,LW,3,92,7.0,10,64,0.001,,20
CNN,0.2050420168067227,0.496994342291372,0.483,0.0297029702970297,0.9642857142857143,,0.75,0.216,,0.05714285714285714,0.35294117647058826,,"[3, 5, 6, 7, 8, 10, 12, 20, 23, 24, 25]",12,LW,LW,3,92,7.0,10,64,0.001,,20
CNN,0.4381443298969072,0.47752808988764045,0.40476190476190477,0.9550561797752809,0.0,,0.8095238095238095,0.0,,0.8762886597938144,0.0,,"[3, 5, 6, 7, 8, 10, 12, 20, 23, 24, 25]",20,LW,LW,3,92,7.0,10,64,0.001,,20
CNN,0.13186813186813187,0.5,0.0759493670886076,0.0,1.0,,0.0,0.1518987341772152,,0.0,0.26373626373626374,,"[3, 5, 6, 7, 8, 10, 12, 20, 23, 24, 25]",23,LW,LW,3,92,7.0,10,64,0.001,,20
CNN,0.22820409803133787,0.4884090909090909,0.465633423180593,0.056818181818181816,0.92,,0.7142857142857143,0.2169811320754717,,0.10526315789473684,0.3511450381679389,,"[3, 5, 6, 7, 8, 10, 12, 20, 23, 24, 25]",24,LW,LW,3,92,7.0,10,64,0.001,,20
CNN,0.4729064039408867,0.5,0.4485981308411215,1.0,0.0,,0.897196261682243,0.0,,0.9458128078817734,0.0,,"[3, 5, 6, 7, 8, 10, 12, 20, 23, 24, 25]",25,LW,LW,3,92,7.0,10,64,0.001,,20
LSTM,0.19548872180451127,0.5,0.12149532710280374,0.0,1.0,,0.0,0.24299065420560748,,0.0,0.39097744360902253,,"[3, 5, 6, 7, 8, 10, 12, 20, 23, 24, 25]",03,LW,LW,3,92,5.0,10,64,0.001,,40
LSTM,0.2214765100671141,0.5,0.14224137931034483,0.0,1.0,,0.0,0.28448275862068967,,0.0,0.4429530201342282,,"[3, 5, 6, 7, 8, 10, 12, 20, 23, 24, 25]",05,LW,LW,3,92,5.0,10,64,0.001,,40
LSTM,0.2693972276234084,0.5089790488859328,0.5228813559322034,0.08247422680412371,0.9354838709677419,,0.8,0.2457627118644068,,0.14953271028037382,0.38926174496644295,,"[3, 5, 6, 7, 8, 10, 12, 20, 23, 24, 25]",06,LW,LW,3,92,5.0,10,64,0.001,,40
LSTM,0.5095700416088765,0.541025641025641,0.540625,0.4153846153846154,0.6666666666666666,,0.675,0.40625,,0.5142857142857142,0.5048543689320388,,"[3, 5, 6, 7, 8, 10, 12, 20, 23, 24, 25]",07,LW,LW,3,92,5.0,10,64,0.001,,40
LSTM,0.4521276595744681,0.4885057471264368,0.4207920792079208,0.9770114942528736,0.0,,0.8415841584158416,0.0,,0.9042553191489362,0.0,,"[3, 5, 6, 7, 8, 10, 12, 20, 23, 24, 25]",08,LW,LW,3,92,5.0,10,64,0.001,,40
LSTM,0.17105263157894737,0.5,0.10317460317460317,0.0,1.0,,0.0,0.20634920634920634,,0.0,0.34210526315789475,,"[3, 5, 6, 7, 8, 10, 12, 20, 23, 24, 25]",10,LW,LW,3,92,5.0,10,64,0.001,,40
LSTM,0.4503171247357294,0.4789915966386554,0.48571428571428577,0.5294117647058824,0.42857142857142855,,0.7714285714285715,0.2,,0.627906976744186,0.2727272727272727,,"[3, 5, 6, 7, 8, 10, 12, 20, 23, 24, 25]",12,LW,LW,3,92,5.0,10,64,0.001,,40
LSTM,0.24833333333333332,0.525,0.545,0.1,0.95,,0.9,0.19,,0.18,0.31666666666666665,,"[3, 5, 6, 7, 8, 10, 12, 20, 23, 24, 25]",20,LW,LW,3,92,5.0,10,64,0.001,,40
LSTM,0.4434506062413039,0.4598163030998852,0.4766666666666666,0.6119402985074627,0.3076923076923077,,0.82,0.13333333333333333,,0.7008547008547008,0.18604651162790697,,"[3, 5, 6, 7, 8, 10, 12, 20, 23, 24, 25]",23,LW,LW,3,92,5.0,10,64,0.001,,40
LSTM,0.43564356435643564,0.4943820224719101,0.3893805309734513,0.9887640449438202,0.0,,0.7787610619469026,0.0,,0.8712871287128713,0.0,,"[3, 5, 6, 7, 8, 10, 12, 20, 23, 24, 25]",24,LW,LW,3,92,5.0,10,64,0.001,,40
LSTM,0.24838903685883668,0.5824742268041238,0.5597826086956522,0.16494845360824742,1.0,,1.0,0.11956521739130435,,0.2831858407079646,0.21359223300970873,,"[3, 5, 6, 7, 8, 10, 12, 20, 23, 24, 25]",25,LW,LW,3,92,5.0,10,64,0.001,,40
LSTM,0.20149253731343283,0.5,0.1261682242990654,0.0,1.0,,0.0,0.2523364485981308,,0.0,0.40298507462686567,,"[3, 5, 6, 7, 8, 10, 12, 20, 23, 24, 25]",03,LW,LW,3,92,6.0,10,64,0.001,,40
LSTM,0.22666666666666666,0.5,0.14655172413793102,0.0,1.0,,0.0,0.29310344827586204,,0.0,0.4533333333333333,,"[3, 5, 6, 7, 8, 10, 12, 20, 23, 24, 25]",05,LW,LW,3,92,6.0,10,64,0.001,,40
LSTM,0.29157232704402514,0.5170653907496013,0.5415695415695416,0.09473684210526316,0.9393939393939394,,0.8181818181818182,0.26495726495726496,,0.16981132075471697,0.41333333333333333,,"[3, 5, 6, 7, 8, 10, 12, 20, 23, 24, 25]",06,LW,LW,3,92,6.0,10,64,0.001,,40
LSTM,0.4807692307692308,0.5128205128205129,0.5128205128205129,0.38461538461538464,0.6410256410256411,,0.6410256410256411,0.38461538461538464,,0.4807692307692308,0.4807692307692308,,"[3, 5, 6, 7, 8, 10, 12, 20, 23, 24, 25]",07,LW,LW,3,92,6.0,10,64,0.001,,40
LSTM,0.4486486486486487,0.48823529411764705,0.415,0.9764705882352941,0.0,,0.83,0.0,,0.8972972972972973,0.0,,"[3, 5, 6, 7, 8, 10, 12, 20, 23, 24, 25]",08,LW,LW,3,92,6.0,10,64,0.001,,40
LSTM,0.2138364779874214,0.5,0.136,0.0,1.0,,0.0,0.272,,0.0,0.4276729559748428,,"[3, 5, 6, 7, 8, 10, 12, 20, 23, 24, 25]",10,LW,LW,3,92,6.0,10,64,0.001,,40
LSTM,0.47593852355757116,0.5101530771633864,0.5076923076923077,0.5051546391752577,0.5151515151515151,,0.7538461538461538,0.26153846153846155,,0.6049382716049383,0.3469387755102041,,"[3, 5, 6, 7, 8, 10, 12, 20, 23, 24, 25]",12,LW,LW,3,92,6.0,10,64,0.001,,40
LSTM,0.20774171737660582,0.511760752688172,0.5194444444444444,0.08602150537634409,0.9375,,0.8888888888888888,0.15,,0.1568627450980392,0.25862068965517243,,"[3, 5, 6, 7, 8, 10, 12, 20, 23, 24, 25]",20,LW,LW,3,92,6.0,10,64,0.001,,40
LSTM,0.43333333333333335,0.43628013777267505,0.46121593291404617,0.6417910447761194,0.23076923076923078,,0.8113207547169812,0.1111111111111111,,0.7166666666666667,0.15,,"[3, 5, 6, 7, 8, 10, 12, 20, 23, 24, 25]",23,LW,LW,3,92,6.0,10,64,0.001,,40
LSTM,0.435,0.4943181818181818,0.38839285714285715,0.9886363636363636,0.0,,0.7767857142857143,0.0,,0.87,0.0,,"[3, 5, 6, 7, 8, 10, 12, 20, 23, 24, 25]",24,LW,LW,3,92,6.0,10,64,0.001,,40
LSTM,0.2902109996540989,0.6082474226804124,0.5632183908045977,0.21649484536082475,1.0,,1.0,0.12643678160919541,,0.3559322033898305,0.22448979591836735,,"[3, 5, 6, 7, 8, 10, 12, 20, 23, 24, 25]",25,LW,LW,3,92,6.0,10,64,0.001,,40
LSTM,0.18787878787878787,0.5,0.11567164179104478,0.0,1.0,,0.0,0.23134328358208955,,0.0,0.37575757575757573,,"[3, 5, 6, 7, 8, 10, 12, 20, 23, 24, 25]",03,LW,LW,3,92,5.0,8,64,0.001,,40
LSTM,0.2438464747601168,0.504950495049505,0.6527777777777778,0.009900990099009901,1.0,,1.0,0.3055555555555556,,0.0196078431372549,0.46808510638297873,,"[3, 5, 6, 7, 8, 10, 12, 20, 23, 24, 25]",05,LW,LW,3,92,5.0,8,64,0.001,,40
LSTM,0.22724136531515077,0.4708333333333333,0.3969830757910228,0.041666666666666664,0.9,,0.5555555555555556,0.23841059602649006,,0.07751937984496124,0.3769633507853403,,"[3, 5, 6, 7, 8, 10, 12, 20, 23, 24, 25]",06,LW,LW,3,92,5.0,8,64,0.001,,40
LSTM,0.4999704124504408,0.5345528455284553,0.5342655580750819,0.4024390243902439,0.6666666666666666,,0.673469387755102,0.3950617283950617,,0.5038167938931297,0.49612403100775193,,"[3, 5, 6, 7, 8, 10, 12, 20, 23, 24, 25]",07,LW,LW,3,92,5.0,8,64,0.001,,40
LSTM,0.4576271186440678,0.4909090909090909,0.42857142857142855,0.9818181818181818,0.0,,0.8571428571428571,0.0,,0.9152542372881356,0.0,,"[3, 5, 6, 7, 8, 10, 12, 20, 23, 24, 25]",08,LW,LW,3,92,5.0,8,64,0.001,,40
LSTM,0.20304568527918782,0.5,0.12738853503184713,0.0,1.0,,0.0,0.25477707006369427,,0.0,0.40609137055837563,,"[3, 5, 6, 7, 8, 10, 12, 20, 23, 24, 25]",10,LW,LW,3,92,5.0,8,64,0.001,,40
LSTM,0.464011691633175,0.502,0.5014302920806986,0.504,0.5,,0.7682926829268293,0.2345679012345679,,0.6086956521739131,0.31932773109243695,,"[3, 5, 6, 7, 8, 10, 12, 20, 23, 24, 25]",12,LW,LW,3,92,5.0,8,64,0.001,,40
LSTM,0.25707382550335567,0.5335714285714286,0.5583126550868487,0.10714285714285714,0.96,,0.9230769230769231,0.1935483870967742,,0.192,0.3221476510067114,,"[3, 5, 6, 7, 8, 10, 12, 20, 23, 24, 25]",20,LW,LW,3,92,5.0,8,64,0.001,,40
LSTM,0.4224104736234116,0.42007797270955166,0.4451871657754011,0.6296296296296297,0.21052631578947367,,0.7727272727272727,0.11764705882352941,,0.6938775510204082,0.1509433962264151,,"[3, 5, 6, 7, 8, 10, 12, 20, 23, 24, 25]",23,LW,LW,3,92,5.0,8,64,0.001,,40
LSTM,0.4409448818897638,0.49557522123893805,0.3971631205673759,0.9911504424778761,0.0,,0.7943262411347518,0.0,,0.8818897637795275,0.0,,"[3, 5, 6, 7, 8, 10, 12, 20, 23, 24, 25]",24,LW,LW,3,92,5.0,8,64,0.001,,40
LSTM,0.26082628173220507,0.5598991172761665,0.5345454545454545,0.19672131147540983,0.9230769230769231,,0.96,0.10909090909090909,,0.32653061224489793,0.1951219512195122,,"[3, 5, 6, 7, 8, 10, 12, 20, 23, 24, 25]",25,LW,LW,3,92,5.0,8,64,0.001,,40
LSTM,0.16981132075471697,0.5,0.10227272727272728,0.0,1.0,,0.0,0.20454545454545456,,0.0,0.33962264150943394,,"[3, 5, 6, 7, 8, 10, 12, 20, 23, 24, 25]",03,LW,LW,3,92,8.0,12,64,0.001,,40
LSTM,0.23559718969555035,0.4894957983193277,0.39361702127659576,0.014705882352941176,0.9642857142857143,,0.5,0.2872340425531915,,0.02857142857142857,0.4426229508196721,,"[3, 5, 6, 7, 8, 10, 12, 20, 23, 24, 25]",05,LW,LW,3,92,8.0,12,64,0.001,,40
LSTM,0.27377363661277065,0.5052884615384615,0.5126002290950744,0.0875,0.9230769230769231,,0.7777777777777778,0.24742268041237114,,0.15730337078651685,0.3902439024390244,,"[3, 5, 6, 7, 8, 10, 12, 20, 23, 24, 25]",06,LW,LW,3,92,8.0,12,64,0.001,,40
LSTM,0.4418604651162791,0.49425287356321834,0.49425287356321834,0.3333333333333333,0.6551724137931034,,0.6551724137931034,0.3333333333333333,,0.4418604651162791,0.4418604651162791,,"[3, 5, 6, 7, 8, 10, 12, 20, 23, 24, 25]",07,LW,LW,3,92,8.0,12,64,0.001,,40
LSTM,0.45806451612903226,0.4930555555555556,0.42771084337349397,0.9861111111111112,0.0,,0.8554216867469879,0.0,,0.9161290322580645,0.0,,"[3, 5, 6, 7, 8, 10, 12, 20, 23, 24, 25]",08,LW,LW,3,92,8.0,12,64,0.001,,40
LSTM,0.1937984496124031,0.5,0.1201923076923077,0.0,1.0,,0.0,0.2403846153846154,,0.0,0.3875968992248062,,"[3, 5, 6, 7, 8, 10, 12, 20, 23, 24, 25]",10,LW,LW,3,92,8.0,12,64,0.001,,40
LSTM,0.4481950304735115,0.48390243902439023,0.48846960167714887,0.4878048780487805,0.48,,0.7547169811320755,0.2222222222222222,,0.5925925925925926,0.3037974683544304,,"[3, 5, 6, 7, 8, 10, 12, 20, 23, 24, 25]",12,LW,LW,3,92,8.0,12,64,0.001,,40
LSTM,0.20630977518320703,0.5037593984962406,0.5068846815834768,0.07894736842105263,0.9285714285714286,,0.8571428571428571,0.1566265060240964,,0.14457831325301204,0.26804123711340205,,"[3, 5, 6, 7, 8, 10, 12, 20, 23, 24, 25]",20,LW,LW,3,92,8.0,12,64,0.001,,40
LSTM,0.417923186344239,0.41483516483516486,0.4373104145601618,0.6153846153846154,0.21428571428571427,,0.7441860465116279,0.13043478260869565,,0.6736842105263158,0.16216216216216217,,"[3, 5, 6, 7, 8, 10, 12, 20, 23, 24, 25]",23,LW,LW,3,92,8.0,12,64,0.001,,40
LSTM,0.48521358159912376,0.5238095238095238,0.8924731182795699,1.0,0.047619047619047616,,0.7849462365591398,1.0,,0.8795180722891566,0.09090909090909091,,"[3, 5, 6, 7, 8, 10, 12, 20, 23, 24, 25]",24,LW,LW,3,92,8.0,12,64,0.001,,40
LSTM,0.24375396322130627,0.5864197530864197,0.5533333333333333,0.1728395061728395,1.0,,1.0,0.10666666666666667,,0.29473684210526313,0.1927710843373494,,"[3, 5, 6, 7, 8, 10, 12, 20, 23, 24, 25]",25,LW,LW,3,92,8.0,12,64,0.001,,40
LSTM,0.20224719101123595,0.5,0.1267605633802817,0.0,1.0,,0.0,0.2535211267605634,,0.0,0.4044943820224719,,"[3, 5, 6, 7, 8, 10, 12, 20, 23, 24, 25]",03,LW,LW,3,92,8.0,15,64,0.001,,40
LSTM,0.2169491525423729,0.4837719298245614,0.3766666666666667,0.017543859649122806,0.95,,0.5,0.25333333333333335,,0.03389830508474576,0.4,,"[3, 5, 6, 7, 8, 10, 12, 20, 23, 24, 25]",05,LW,LW,3,92,8.0,15,64,0.001,,40
LSTM,0.33978251659370146,0.5703125,0.6381578947368421,0.140625,1.0,,1.0,0.27631578947368424,,0.2465753424657534,0.4329896907216495,,"[3, 5, 6, 7, 8, 10, 12, 20, 23, 24, 25]",06,LW,LW,3,92,8.0,15,64,0.001,,40
LSTM,0.4491596638655462,0.4748677248677249,0.4745080500894454,0.35714285714285715,0.5925925925925926,,0.5769230769230769,0.37209302325581395,,0.4411764705882353,0.45714285714285713,,"[3, 5, 6, 7, 8, 10, 12, 20, 23, 24, 25]",07,LW,LW,3,92,8.0,15,64,0.001,,40
LSTM,0.4603174603174603,0.4915254237288136,0.43283582089552236,0.9830508474576272,0.0,,0.8656716417910447,0.0,,0.9206349206349206,0.0,,"[3, 5, 6, 7, 8, 10, 12, 20, 23, 24, 25]",08,LW,LW,3,92,8.0,15,64,0.001,,40
LSTM,0.20192307692307693,0.5,0.12650602409638553,0.0,1.0,,0.0,0.25301204819277107,,0.0,0.40384615384615385,,"[3, 5, 6, 7, 8, 10, 12, 20, 23, 24, 25]",10,LW,LW,3,92,8.0,15,64,0.001,,40
LSTM,0.4253302253302253,0.4517857142857143,0.4705400981996727,0.5285714285714286,0.375,,0.7872340425531915,0.15384615384615385,,0.6324786324786325,0.21818181818181817,,"[3, 5, 6, 7, 8, 10, 12, 20, 23, 24, 25]",12,LW,LW,3,92,8.0,15,64,0.001,,40
LSTM,0.1888111888111888,0.532258064516129,0.5735294117647058,0.06451612903225806,1.0,,1.0,0.14705882352941177,,0.12121212121212122,0.2564102564102564,,"[3, 5, 6, 7, 8, 10, 12, 20, 23, 24, 25]",20,LW,LW,3,92,8.0,15,64,0.001,,40
LSTM,0.4781997187060478,0.4962121212121212,0.4976190476190476,0.6590909090909091,0.3333333333333333,,0.8285714285714286,0.16666666666666666,,0.7341772151898734,0.2222222222222222,,"[3, 5, 6, 7, 8, 10, 12, 20, 23, 24, 25]",23,LW,LW,3,92,8.0,15,64,0.001,,40
LSTM,0.4444444444444444,0.5,0.4,1.0,0.0,,0.8,0.0,,0.8888888888888888,0.0,,"[3, 5, 6, 7, 8, 10, 12, 20, 23, 24, 25]",24,LW,LW,3,92,8.0,15,64,0.001,,40
LSTM,0.29226475279106856,0.5492831541218638,0.5344611528822055,0.20967741935483872,0.8888888888888888,,0.9285714285714286,0.14035087719298245,,0.34210526315789475,0.24242424242424243,,"[3, 5, 6, 7, 8, 10, 12, 20, 23, 24, 25]",25,LW,LW,3,92,8.0,15,64,0.001,,40
LSTM,0.17829457364341086,0.5,0.10849056603773585,0.0,1.0,,0.0,0.2169811320754717,,0.0,0.35658914728682173,,"[3, 5, 6, 7, 8, 10, 12, 20, 23, 24, 25]",03,LW,LW,3,92,6.5,10,64,0.001,,40
LSTM,0.22666666666666666,0.5,0.14655172413793102,0.0,1.0,,0.0,0.29310344827586204,,0.0,0.4533333333333333,,"[3, 5, 6, 7, 8, 10, 12, 20, 23, 24, 25]",05,LW,LW,3,92,6.5,10,64,0.001,,40
LSTM,0.2533400238349119,0.5023809523809524,0.5065359477124183,0.07142857142857142,0.9333333333333333,,0.7777777777777778,0.23529411764705882,,0.1308411214953271,0.37583892617449666,,"[3, 5, 6, 7, 8, 10, 12, 20, 23, 24, 25]",06,LW,LW,3,92,6.5,10,64,0.001,,40
LSTM,0.5185185185185186,0.554255748285599,0.5520712349980642,0.43283582089552236,0.6756756756756757,,0.7073170731707317,0.3968253968253968,,0.5370370370370371,0.5,,"[3, 5, 6, 7, 8, 10, 12, 20, 23, 24, 25]",07,LW,LW,3,92,6.5,10,64,0.001,,40
LSTM,0.4574468085106383,0.48863636363636365,0.43,0.9772727272727273,0.0,,0.86,0.0,,0.9148936170212766,0.0,,"[3, 5, 6, 7, 8, 10, 12, 20, 23, 24, 25]",08,LW,LW,3,92,6.5,10,64,0.001,,40
LSTM,0.2138364779874214,0.5,0.136,0.0,1.0,,0.0,0.272,,0.0,0.4276729559748428,,"[3, 5, 6, 7, 8, 10, 12, 20, 23, 24, 25]",10,LW,LW,3,92,6.5,10,64,0.001,,40
LSTM,0.49183080400387474,0.5232007575757576,0.5176937891189215,0.53125,0.5151515151515151,,0.7611940298507462,0.27419354838709675,,0.6257668711656442,0.35789473684210527,,"[3, 5, 6, 7, 8, 10, 12, 20, 23, 24, 25]",12,LW,LW,3,92,6.5,10,64,0.001,,40
LSTM,0.2182377049180328,0.4864718614718615,0.46905940594059403,0.06818181818181818,0.9047619047619048,,0.75,0.18811881188118812,,0.125,0.3114754098360656,,"[3, 5, 6, 7, 8, 10, 12, 20, 23, 24, 25]",20,LW,LW,3,92,6.5,10,64,0.001,,40
LSTM,0.4357366771159875,0.4375,0.4560439560439561,0.625,0.25,,0.7692307692307693,0.14285714285714285,,0.6896551724137931,0.18181818181818182,,"[3, 5, 6, 7, 8, 10, 12, 20, 23, 24, 25]",23,LW,LW,3,92,6.5,10,64,0.001,,40
LSTM,0.4321608040201005,0.48863636363636365,0.38738738738738737,0.9772727272727273,0.0,,0.7747747747747747,0.0,,0.864321608040201,0.0,,"[3, 5, 6, 7, 8, 10, 12, 20, 23, 24, 25]",24,LW,LW,3,92,6.5,10,64,0.001,,40
LSTM,0.2821327683615819,0.6082474226804124,0.5581395348837209,0.21649484536082475,1.0,,1.0,0.11627906976744186,,0.3559322033898305,0.20833333333333334,,"[3, 5, 6, 7, 8, 10, 12, 20, 23, 24, 25]",25,LW,LW,3,92,6.5,10,64,0.001,,40
LSTM,0.17829457364341086,0.5,0.10849056603773585,0.0,1.0,,0.0,0.2169811320754717,,0.0,0.35658914728682173,,"[3, 5, 6, 7, 8, 10, 12, 20, 23, 24, 25]",03,LW,LW,3,92,6.5,10,64,0.001,,30
LSTM,0.22666666666666666,0.5,0.14655172413793102,0.0,1.0,,0.0,0.29310344827586204,,0.0,0.4533333333333333,,"[3, 5, 6, 7, 8, 10, 12, 20, 23, 24, 25]",05,LW,LW,3,92,6.5,10,64,0.001,,30
LSTM,0.2533400238349119,0.5023809523809524,0.5065359477124183,0.07142857142857142,0.9333333333333333,,0.7777777777777778,0.23529411764705882,,0.1308411214953271,0.37583892617449666,,"[3, 5, 6, 7, 8, 10, 12, 20, 23, 24, 25]",06,LW,LW,3,92,6.5,10,64,0.001,,30
LSTM,0.5185185185185186,0.554255748285599,0.5520712349980642,0.43283582089552236,0.6756756756756757,,0.7073170731707317,0.3968253968253968,,0.5370370370370371,0.5,,"[3, 5, 6, 7, 8, 10, 12, 20, 23, 24, 25]",07,LW,LW,3,92,6.5,10,64,0.001,,30
LSTM,0.4574468085106383,0.48863636363636365,0.43,0.9772727272727273,0.0,,0.86,0.0,,0.9148936170212766,0.0,,"[3, 5, 6, 7, 8, 10, 12, 20, 23, 24, 25]",08,LW,LW,3,92,6.5,10,64,0.001,,30
LSTM,0.2138364779874214,0.5,0.136,0.0,1.0,,0.0,0.272,,0.0,0.4276729559748428,,"[3, 5, 6, 7, 8, 10, 12, 20, 23, 24, 25]",10,LW,LW,3,92,6.5,10,64,0.001,,30
LSTM,0.49183080400387474,0.5232007575757576,0.5176937891189215,0.53125,0.5151515151515151,,0.7611940298507462,0.27419354838709675,,0.6257668711656442,0.35789473684210527,,"[3, 5, 6, 7, 8, 10, 12, 20, 23, 24, 25]",12,LW,LW,3,92,6.5,10,64,0.001,,30
LSTM,0.2182377049180328,0.4864718614718615,0.46905940594059403,0.06818181818181818,0.9047619047619048,,0.75,0.18811881188118812,,0.125,0.3114754098360656,,"[3, 5, 6, 7, 8, 10, 12, 20, 23, 24, 25]",20,LW,LW,3,92,6.5,10,64,0.001,,30
LSTM,0.4357366771159875,0.4375,0.4560439560439561,0.625,0.25,,0.7692307692307693,0.14285714285714285,,0.6896551724137931,0.18181818181818182,,"[3, 5, 6, 7, 8, 10, 12, 20, 23, 24, 25]",23,LW,LW,3,92,6.5,10,64,0.001,,30
LSTM,0.4321608040201005,0.48863636363636365,0.38738738738738737,0.9772727272727273,0.0,,0.7747747747747747,0.0,,0.864321608040201,0.0,,"[3, 5, 6, 7, 8, 10, 12, 20, 23, 24, 25]",24,LW,LW,3,92,6.5,10,64,0.001,,30
LSTM,0.2821327683615819,0.6082474226804124,0.5581395348837209,0.21649484536082475,1.0,,1.0,0.11627906976744186,,0.3559322033898305,0.20833333333333334,,"[3, 5, 6, 7, 8, 10, 12, 20, 23, 24, 25]",25,LW,LW,3,92,6.5,10,64,0.001,,30
LSTM,0.17829457364341086,0.5,0.10849056603773585,0.0,1.0,,0.0,0.2169811320754717,,0.0,0.35658914728682173,,"[3, 5, 6, 7, 8, 10, 12, 20, 23, 24, 25]",03,LW,LW,3,92,6.5,10,64,0.001,,30
LSTM,0.22666666666666666,0.5,0.14655172413793102,0.0,1.0,,0.0,0.29310344827586204,,0.0,0.4533333333333333,,"[3, 5, 6, 7, 8, 10, 12, 20, 23, 24, 25]",05,LW,LW,3,92,6.5,10,64,0.001,,30
LSTM,0.2533400238349119,0.5023809523809524,0.5065359477124183,0.07142857142857142,0.9333333333333333,,0.7777777777777778,0.23529411764705882,,0.1308411214953271,0.37583892617449666,,"[3, 5, 6, 7, 8, 10, 12, 20, 23, 24, 25]",06,LW,LW,3,92,6.5,10,64,0.001,,30
LSTM,0.5185185185185186,0.554255748285599,0.5520712349980642,0.43283582089552236,0.6756756756756757,,0.7073170731707317,0.3968253968253968,,0.5370370370370371,0.5,,"[3, 5, 6, 7, 8, 10, 12, 20, 23, 24, 25]",07,LW,LW,3,92,6.5,10,64,0.001,,30
LSTM,0.4574468085106383,0.48863636363636365,0.43,0.9772727272727273,0.0,,0.86,0.0,,0.9148936170212766,0.0,,"[3, 5, 6, 7, 8, 10, 12, 20, 23, 24, 25]",08,LW,LW,3,92,6.5,10,64,0.001,,30
LSTM,0.2138364779874214,0.5,0.136,0.0,1.0,,0.0,0.272,,0.0,0.4276729559748428,,"[3, 5, 6, 7, 8, 10, 12, 20, 23, 24, 25]",10,LW,LW,3,92,6.5,10,64,0.001,,30
LSTM,0.49183080400387474,0.5232007575757576,0.5176937891189215,0.53125,0.5151515151515151,,0.7611940298507462,0.27419354838709675,,0.6257668711656442,0.35789473684210527,,"[3, 5, 6, 7, 8, 10, 12, 20, 23, 24, 25]",12,LW,LW,3,92,6.5,10,64,0.001,,30
LSTM,0.2182377049180328,0.4864718614718615,0.46905940594059403,0.06818181818181818,0.9047619047619048,,0.75,0.18811881188118812,,0.125,0.3114754098360656,,"[3, 5, 6, 7, 8, 10, 12, 20, 23, 24, 25]",20,LW,LW,3,92,6.5,10,64,0.001,,30
LSTM,0.4357366771159875,0.4375,0.4560439560439561,0.625,0.25,,0.7692307692307693,0.14285714285714285,,0.6896551724137931,0.18181818181818182,,"[3, 5, 6, 7, 8, 10, 12, 20, 23, 24, 25]",23,LW,LW,3,92,6.5,10,64,0.001,,30
LSTM,0.4321608040201005,0.48863636363636365,0.38738738738738737,0.9772727272727273,0.0,,0.7747747747747747,0.0,,0.864321608040201,0.0,,"[3, 5, 6, 7, 8, 10, 12, 20, 23, 24, 25]",24,LW,LW,3,92,6.5,10,64,0.001,,30
LSTM,0.2821327683615819,0.6082474226804124,0.5581395348837209,0.21649484536082475,1.0,,1.0,0.11627906976744186,,0.3559322033898305,0.20833333333333334,,"[3, 5, 6, 7, 8, 10, 12, 20, 23, 24, 25]",25,LW,LW,3,92,6.5,10,64,0.001,,30
LSTM,0.20300751879699247,0.5,0.12735849056603774,0.0,1.0,,0.0,0.25471698113207547,,0.0,0.40601503759398494,,"[3, 5, 6, 7, 8, 10, 12, 20, 23, 24, 25]",03,LW,LW,3,92,6.5,10,64,0.001,,30
LSTM,0.2214765100671141,0.5,0.14224137931034483,0.0,1.0,,0.0,0.28448275862068967,,0.0,0.4429530201342282,,"[3, 5, 6, 7, 8, 10, 12, 20, 23, 24, 25]",05,LW,LW,3,92,6.5,10,64,0.001,,30
LSTM,0.30960086299892126,0.5478723404255319,0.6428571428571428,0.09574468085106383,1.0,,1.0,0.2857142857142857,,0.17475728155339806,0.4444444444444444,,"[3, 5, 6, 7, 8, 10, 12, 20, 23, 24, 25]",06,LW,LW,3,92,6.5,10,64,0.001,,30
LSTM,0.4421013688494266,0.4666666666666667,0.46728610143244287,0.36923076923076925,0.5641025641025641,,0.5853658536585366,0.3492063492063492,,0.4528301886792453,0.43137254901960786,,"[3, 5, 6, 7, 8, 10, 12, 20, 23, 24, 25]",07,LW,LW,3,92,6.5,10,64,0.001,,30
LSTM,0.45161290322580644,0.4883720930232558,0.42,0.9767441860465116,0.0,,0.84,0.0,,0.9032258064516129,0.0,,"[3, 5, 6, 7, 8, 10, 12, 20, 23, 24, 25]",08,LW,LW,3,92,6.5,10,64,0.001,,30
LSTM,0.2138364779874214,0.5,0.136,0.0,1.0,,0.0,0.272,,0.0,0.4276729559748428,,"[3, 5, 6, 7, 8, 10, 12, 20, 23, 24, 25]",10,LW,LW,3,92,6.5,10,64,0.001,,30
LSTM,0.5084920891185017,0.543560606060606,0.533220991815118,0.5416666666666666,0.5454545454545454,,0.7761194029850746,0.2903225806451613,,0.6380368098159509,0.37894736842105264,,"[3, 5, 6, 7, 8, 10, 12, 20, 23, 24, 25]",12,LW,LW,3,92,6.5,10,64,0.001,,30
LSTM,0.1708924949290061,0.4652482269503546,0.43935643564356436,0.06382978723404255,0.8666666666666667,,0.75,0.12871287128712872,,0.11764705882352941,0.22413793103448276,,"[3, 5, 6, 7, 8, 10, 12, 20, 23, 24, 25]",20,LW,LW,3,92,6.5,10,64,0.001,,30
LSTM,0.42611190817790534,0.42881745120551096,0.4574175824175824,0.6268656716417911,0.23076923076923078,,0.8076923076923077,0.10714285714285714,,0.7058823529411765,0.14634146341463414,,"[3, 5, 6, 7, 8, 10, 12, 20, 23, 24, 25]",23,LW,LW,3,92,6.5,10,64,0.001,,30
LSTM,0.4405940594059406,0.489010989010989,0.4009009009009009,0.978021978021978,0.0,,0.8018018018018018,0.0,,0.8811881188118812,0.0,,"[3, 5, 6, 7, 8, 10, 12, 20, 23, 24, 25]",24,LW,LW,3,92,6.5,10,64,0.001,,30
LSTM,0.2740329544453256,0.5587121212121212,0.5343300110741971,0.20833333333333334,0.9090909090909091,,0.9523809523809523,0.11627906976744186,,0.3418803418803419,0.20618556701030927,,"[3, 5, 6, 7, 8, 10, 12, 20, 23, 24, 25]",25,LW,LW,3,92,6.5,10,64,0.001,,30
LSTM,0.18461538461538463,0.5,0.11320754716981132,0.0,1.0,,0.0,0.22641509433962265,,0.0,0.36923076923076925,,"[3, 5, 6, 7, 8, 10, 12, 20, 23, 24, 25]",03,LW,LW,3,92,6.5,10,64,0.001,,30
LSTM,0.23684210526315788,0.5,0.15517241379310345,0.0,1.0,,0.0,0.3103448275862069,,0.0,0.47368421052631576,,"[3, 5, 6, 7, 8, 10, 12, 20, 23, 24, 25]",05,LW,LW,3,92,6.5,10,64,0.001,,30
LSTM,0.27547169811320754,0.5251080811439973,0.5704948646125116,0.08247422680412371,0.967741935483871,,0.8888888888888888,0.25210084033613445,,0.1509433962264151,0.4,,"[3, 5, 6, 7, 8, 10, 12, 20, 23, 24, 25]",06,LW,LW,3,92,6.5,10,64,0.001,,30
LSTM,0.5092069954659018,0.5410685805422648,0.5398761130468448,0.42424242424242425,0.6578947368421053,,0.6829268292682927,0.3968253968253968,,0.5233644859813084,0.49504950495049505,,"[3, 5, 6, 7, 8, 10, 12, 20, 23, 24, 25]",07,LW,LW,3,92,6.5,10,64,0.001,,30
LSTM,0.4631578947368421,0.4888888888888889,0.44,0.9777777777777777,0.0,,0.88,0.0,,0.9263157894736842,0.0,,"[3, 5, 6, 7, 8, 10, 12, 20, 23, 24, 25]",08,LW,LW,3,92,6.5,10,64,0.001,,30
LSTM,0.1830065359477124,0.5,0.112,0.0,1.0,,0.0,0.224,,0.0,0.3660130718954248,,"[3, 5, 6, 7, 8, 10, 12, 20, 23, 24, 25]",10,LW,LW,3,92,6.5,10,64,0.001,,30
LSTM,0.4871945259042033,0.5233706385780119,0.5170919595570534,0.5306122448979592,0.5161290322580645,,0.7761194029850746,0.25806451612903225,,0.6303030303030303,0.34408602150537637,,"[3, 5, 6, 7, 8, 10, 12, 20, 23, 24, 25]",12,LW,LW,3,92,6.5,10,64,0.001,,30
LSTM,0.20774171737660582,0.5425531914893617,0.5742574257425742,0.0851063829787234,1.0,,1.0,0.1485148514851485,,0.1568627450980392,0.25862068965517243,,"[3, 5, 6, 7, 8, 10, 12, 20, 23, 24, 25]",20,LW,LW,3,92,6.5,10,64,0.001,,30
LSTM,0.41888619854721554,0.41774891774891776,0.44780219780219777,0.6212121212121212,0.21428571428571427,,0.7884615384615384,0.10714285714285714,,0.6949152542372882,0.14285714285714285,,"[3, 5, 6, 7, 8, 10, 12, 20, 23, 24, 25]",23,LW,LW,3,92,6.5,10,64,0.001,,30
LSTM,0.435,0.4887640449438202,0.3918918918918919,0.9775280898876404,0.0,,0.7837837837837838,0.0,,0.87,0.0,,"[3, 5, 6, 7, 8, 10, 12, 20, 23, 24, 25]",24,LW,LW,3,92,6.5,10,64,0.001,,30
LSTM,0.2821327683615819,0.6082474226804124,0.5581395348837209,0.21649484536082475,1.0,,1.0,0.11627906976744186,,0.3559322033898305,0.20833333333333334,,"[3, 5, 6, 7, 8, 10, 12, 20, 23, 24, 25]",25,LW,LW,3,92,6.5,10,64,0.001,,30
LSTM,0.20300751879699247,0.5,0.12735849056603774,0.0,1.0,,0.0,0.25471698113207547,,0.0,0.40601503759398494,,"[3, 5, 6, 7, 8, 10, 12, 20, 23, 24, 25]",03,LW,LW,3,92,6.5,10,64,0.001,,30
LSTM,0.2214765100671141,0.5,0.14224137931034483,0.0,1.0,,0.0,0.28448275862068967,,0.0,0.4429530201342282,,"[3, 5, 6, 7, 8, 10, 12, 20, 23, 24, 25]",05,LW,LW,3,92,6.5,10,64,0.001,,30
LSTM,0.30960086299892126,0.5478723404255319,0.6428571428571428,0.09574468085106383,1.0,,1.0,0.2857142857142857,,0.17475728155339806,0.4444444444444444,,"[3, 5, 6, 7, 8, 10, 12, 20, 23, 24, 25]",06,LW,LW,3,92,6.5,10,64,0.001,,30
LSTM,0.4421013688494266,0.4666666666666667,0.46728610143244287,0.36923076923076925,0.5641025641025641,,0.5853658536585366,0.3492063492063492,,0.4528301886792453,0.43137254901960786,,"[3, 5, 6, 7, 8, 10, 12, 20, 23, 24, 25]",07,LW,LW,3,92,6.5,10,64,0.001,,30
LSTM,0.45161290322580644,0.4883720930232558,0.42,0.9767441860465116,0.0,,0.84,0.0,,0.9032258064516129,0.0,,"[3, 5, 6, 7, 8, 10, 12, 20, 23, 24, 25]",08,LW,LW,3,92,6.5,10,64,0.001,,30
LSTM,0.2138364779874214,0.5,0.136,0.0,1.0,,0.0,0.272,,0.0,0.4276729559748428,,"[3, 5, 6, 7, 8, 10, 12, 20, 23, 24, 25]",10,LW,LW,3,92,6.5,10,64,0.001,,30
LSTM,0.5084920891185017,0.543560606060606,0.533220991815118,0.5416666666666666,0.5454545454545454,,0.7761194029850746,0.2903225806451613,,0.6380368098159509,0.37894736842105264,,"[3, 5, 6, 7, 8, 10, 12, 20, 23, 24, 25]",12,LW,LW,3,92,6.5,10,64,0.001,,30
LSTM,0.1708924949290061,0.4652482269503546,0.43935643564356436,0.06382978723404255,0.8666666666666667,,0.75,0.12871287128712872,,0.11764705882352941,0.22413793103448276,,"[3, 5, 6, 7, 8, 10, 12, 20, 23, 24, 25]",20,LW,LW,3,92,6.5,10,64,0.001,,30
LSTM,0.42611190817790534,0.42881745120551096,0.4574175824175824,0.6268656716417911,0.23076923076923078,,0.8076923076923077,0.10714285714285714,,0.7058823529411765,0.14634146341463414,,"[3, 5, 6, 7, 8, 10, 12, 20, 23, 24, 25]",23,LW,LW,3,92,6.5,10,64,0.001,,30
LSTM,0.4405940594059406,0.489010989010989,0.4009009009009009,0.978021978021978,0.0,,0.8018018018018018,0.0,,0.8811881188118812,0.0,,"[3, 5, 6, 7, 8, 10, 12, 20, 23, 24, 25]",24,LW,LW,3,92,6.5,10,64,0.001,,30
LSTM,0.2740329544453256,0.5587121212121212,0.5343300110741971,0.20833333333333334,0.9090909090909091,,0.9523809523809523,0.11627906976744186,,0.3418803418803419,0.20618556701030927,,"[3, 5, 6, 7, 8, 10, 12, 20, 23, 24, 25]",25,LW,LW,3,92,6.5,10,64,0.001,,30
LSTM,0.20149253731343283,0.5,0.1261682242990654,0.0,1.0,,0.0,0.2523364485981308,,0.0,0.40298507462686567,,"[3, 5, 6, 7, 8, 10, 12, 20, 23, 24, 25]",03,LW,LW,3,92,4.5,10,64,0.001,,30
LSTM,0.22,0.5,0.14102564102564102,0.0,1.0,,0.0,0.28205128205128205,,0.0,0.44,,"[3, 5, 6, 7, 8, 10, 12, 20, 23, 24, 25]",05,LW,LW,3,92,4.5,10,64,0.001,,30
LSTM,0.3114448857994042,0.5379256965944272,0.5943759630200308,0.10526315789473684,0.9705882352941176,,0.9090909090909091,0.2796610169491525,,0.18867924528301888,0.4342105263157895,,"[3, 5, 6, 7, 8, 10, 12, 20, 23, 24, 25]",06,LW,LW,3,92,4.5,10,64,0.001,,30
LSTM,0.42810457516339867,0.46678321678321677,0.46557971014492755,0.3181818181818182,0.6153846153846154,,0.5833333333333334,0.34782608695652173,,0.4117647058823529,0.4444444444444444,,"[3, 5, 6, 7, 8, 10, 12, 20, 23, 24, 25]",07,LW,LW,3,92,4.5,10,64,0.001,,30
LSTM,0.45789473684210524,0.5,0.4223300970873786,1.0,0.0,,0.8446601941747572,0.0,,0.9157894736842105,0.0,,"[3, 5, 6, 7, 8, 10, 12, 20, 23, 24, 25]",08,LW,LW,3,92,4.5,10,64,0.001,,30
LSTM,0.2125,0.5,0.1349206349206349,0.0,1.0,,0.0,0.2698412698412698,,0.0,0.425,,"[3, 5, 6, 7, 8, 10, 12, 20, 23, 24, 25]",10,LW,LW,3,92,4.5,10,64,0.001,,30
LSTM,0.4443381180223286,0.464698531708841,0.47319734345351044,0.5051546391752577,0.42424242424242425,,0.7205882352941176,0.22580645161290322,,0.593939393939394,0.29473684210526313,,"[3, 5, 6, 7, 8, 10, 12, 20, 23, 24, 25]",12,LW,LW,3,92,4.5,10,64,0.001,,30
LSTM,0.17101449275362318,0.4368421052631579,0.41,0.07368421052631578,0.8,,0.7,0.12,,0.13333333333333333,0.20869565217391303,,"[3, 5, 6, 7, 8, 10, 12, 20, 23, 24, 25]",20,LW,LW,3,92,4.5,10,64,0.001,,30
LSTM,0.4838830584707646,0.5322398190045249,0.5179924242424242,0.6029411764705882,0.46153846153846156,,0.8541666666666666,0.18181818181818182,,0.7068965517241379,0.2608695652173913,,"[3, 5, 6, 7, 8, 10, 12, 20, 23, 24, 25]",23,LW,LW,3,92,4.5,10,64,0.001,,30
LSTM,0.43842364532019706,0.489010989010989,0.39732142857142855,0.978021978021978,0.0,,0.7946428571428571,0.0,,0.8768472906403941,0.0,,"[3, 5, 6, 7, 8, 10, 12, 20, 23, 24, 25]",24,LW,LW,3,92,4.5,10,64,0.001,,30
LSTM,0.2654326302195437,0.5927835051546392,0.5611111111111111,0.18556701030927836,1.0,,1.0,0.12222222222222222,,0.3130434782608696,0.21782178217821782,,"[3, 5, 6, 7, 8, 10, 12, 20, 23, 24, 25]",25,LW,LW,3,92,4.5,10,64,0.001,,30
LSTM,0.17692307692307693,0.5,0.10747663551401869,0.0,1.0,,0.0,0.21495327102803738,,0.0,0.35384615384615387,,"[3, 5, 6, 7, 8, 10, 12, 20, 23, 24, 25]",03,LW,LW,3,92,4.5,10,64,0.001,,30
LSTM,0.2251655629139073,0.5,0.1452991452991453,0.0,1.0,,0.0,0.2905982905982906,,0.0,0.4503311258278146,,"[3, 5, 6, 7, 8, 10, 12, 20, 23, 24, 25]",05,LW,LW,3,92,4.5,10,64,0.001,,30
LSTM,0.2454282371775137,0.47119815668202764,0.4325885978428351,0.07142857142857142,0.8709677419354839,,0.6363636363636364,0.2288135593220339,,0.12844036697247707,0.3624161073825503,,"[3, 5, 6, 7, 8, 10, 12, 20, 23, 24, 25]",06,LW,LW,3,92,4.5,10,64,0.001,,30
LSTM,0.49505489520007256,0.5418303220738413,0.5428743961352657,0.373134328358209,0.7105263157894737,,0.6944444444444444,0.391304347826087,,0.4854368932038835,0.5046728971962616,,"[3, 5, 6, 7, 8, 10, 12, 20, 23, 24, 25]",07,LW,LW,3,92,4.5,10,64,0.001,,30
LSTM,0.4635416666666667,0.5,0.4320388349514563,1.0,0.0,,0.8640776699029126,0.0,,0.9270833333333334,0.0,,"[3, 5, 6, 7, 8, 10, 12, 20, 23, 24, 25]",08,LW,LW,3,92,4.5,10,64,0.001,,30
LSTM,0.2125,0.5,0.1349206349206349,0.0,1.0,,0.0,0.2698412698412698,,0.0,0.425,,"[3, 5, 6, 7, 8, 10, 12, 20, 23, 24, 25]",10,LW,LW,3,92,4.5,10,64,0.001,,30
LSTM,0.49409888357256776,0.5256169946891596,0.5194497153700189,0.5360824742268041,0.5151515151515151,,0.7647058823529411,0.27419354838709675,,0.6303030303030303,0.35789473684210527,,"[3, 5, 6, 7, 8, 10, 12, 20, 23, 24, 25]",12,LW,LW,3,92,4.5,10,64,0.001,,30
LSTM,0.25619834710743805,0.5267522739432852,0.55,0.10112359550561797,0.9523809523809523,,0.9,0.2,,0.18181818181818182,0.3305785123966942,,"[3, 5, 6, 7, 8, 10, 12, 20, 23, 24, 25]",20,LW,LW,3,92,4.5,10,64,0.001,,30
LSTM,0.3925,0.39108455882352944,0.4251893939393939,0.546875,0.23529411764705882,,0.7291666666666666,0.12121212121212122,,0.625,0.16,,"[3, 5, 6, 7, 8, 10, 12, 20, 23, 24, 25]",23,LW,LW,3,92,4.5,10,64,0.001,,30
LSTM,0.43283582089552236,0.4887640449438202,0.38839285714285715,0.9775280898876404,0.0,,0.7767857142857143,0.0,,0.8656716417910447,0.0,,"[3, 5, 6, 7, 8, 10, 12, 20, 23, 24, 25]",24,LW,LW,3,92,4.5,10,64,0.001,,30
LSTM,0.25517241379310346,0.5918367346938775,0.5555555555555556,0.1836734693877551,1.0,,1.0,0.1111111111111111,,0.3103448275862069,0.2,,"[3, 5, 6, 7, 8, 10, 12, 20, 23, 24, 25]",25,LW,LW,3,92,4.5,10,64,0.001,,30
